// Copyright 2026 QMK -- generated source code only, image retains original copyright
// SPDX-License-Identifier: GPL-2.0-or-later

// This file was auto-generated by `painter_convert_graphics` with arguments:
//    format | rgb565
//    output | frames_cropped
//    input  | frame_05.png

// Image's metadata
// ----------------
// Width: 134
// Height: 240
// Single frame

#include <qp.h>

const uint32_t gfx_frame_05_length = 43193;

// clang-format off
const uint8_t gfx_frame_05[43193] = {
    0x00, 0xFF, 0x12, 0x00, 0x00, 0x51, 0x47, 0x46, 0x01, 0xB9, 0xA8, 0x00, 0x00, 0x46, 0x57, 0xFF,
    0xFF, 0x86, 0x00, 0xF0, 0x00, 0x01, 0x00, 0x01, 0xFE, 0x04, 0x00, 0x00, 0x20, 0x00, 0x00, 0x00,
    0x02, 0xFD, 0x06, 0x00, 0x00, 0x08, 0x00, 0x01, 0xFF, 0xE8, 0x03, 0x05, 0xFA, 0x89, 0xA8, 0x00,
    0x7F, 0x00, 0x7F, 0x00, 0x7F, 0x00, 0x7F, 0x00, 0x7F, 0x00, 0x7F, 0x00, 0x7F, 0x00, 0x7F, 0x00,
    0x7F, 0x00, 0x7F, 0x00, 0x7F, 0x00, 0x7F, 0x00, 0x7F, 0x00, 0x7F, 0x00, 0x7F, 0x00, 0x7F, 0x00,
    0x7F, 0x00, 0x7F, 0x00, 0x7F, 0x00, 0x7F, 0x00, 0x7F, 0x00, 0x7F, 0x00, 0x7F, 0x00, 0x7F, 0x00,
    0x7F, 0x00, 0x7F, 0x00, 0x7F, 0x00, 0x7F, 0x00, 0x7F, 0x00, 0x7F, 0x00, 0x7F, 0x00, 0x7F, 0x00,
    0x7F, 0x00, 0x7F, 0x00, 0x7F, 0x00, 0x7F, 0x00, 0x7F, 0x00, 0x7F, 0x00, 0x7F, 0x00, 0x7F, 0x00,
    0x7F, 0x00, 0x7F, 0x00, 0x7F, 0x00, 0x7F, 0x00, 0x7F, 0x00, 0x7F, 0x00, 0x7F, 0x00, 0x7F, 0x00,
    0x7F, 0x00, 0x7F, 0x00, 0x7F, 0x00, 0x7F, 0x00, 0x7F, 0x00, 0x7F, 0x00, 0x7F, 0x00, 0x7F, 0x00,
    0x7F, 0x00, 0x7F, 0x00, 0x7F, 0x00, 0x7F, 0x00, 0x7F, 0x00, 0x7F, 0x00, 0x7F, 0x00, 0x7F, 0x00,
    0x7F, 0x00, 0x7F, 0x00, 0x7F, 0x00, 0x7F, 0x00, 0x7F, 0x00, 0x7F, 0x00, 0x7F, 0x00, 0x7F, 0x00,
    0x7F, 0x00, 0x7F, 0x00, 0x7F, 0x00, 0x7F, 0x00, 0x7F, 0x00, 0x7F, 0x00, 0x7F, 0x00, 0x7F, 0x00,
    0x7F, 0x00, 0x7F, 0x00, 0x7F, 0x00, 0x7F, 0x00, 0x34, 0x00, 0xFF, 0x17, 0xE4, 0x17, 0xE4, 0x17,
    0xE4, 0x17, 0xE4, 0x17, 0xE4, 0x17, 0xE4, 0x17, 0xE4, 0x17, 0xE4, 0x17, 0xE4, 0x17, 0xE4, 0x17,
    0xE4, 0x17, 0xE4, 0x17, 0xE4, 0x17, 0xE4, 0x17, 0xE4, 0x17, 0xE4, 0x17, 0xE4, 0x17, 0xE4, 0x17,
    0xE4, 0x17, 0xE4, 0x17, 0xE4, 0x17, 0xE4, 0x17, 0xE4, 0x17, 0xE4, 0x17, 0xE4, 0x17, 0xE4, 0x17,
    0xE4, 0x17, 0xE4, 0x17, 0xE4, 0x17, 0xE4, 0x17, 0xE4, 0x17, 0xE4, 0x17, 0xE4, 0x17, 0xE4, 0x17,
    0xE4, 0x17, 0xE4, 0x17, 0xE4, 0x17, 0xE4, 0x17, 0xE4, 0x17, 0xE4, 0x17, 0xE4, 0x17, 0xE4, 0x17,
    0xE4, 0x17, 0xE4, 0x17, 0xE4, 0x17, 0xE4, 0x17, 0xE4, 0x17, 0xE4, 0x17, 0xE4, 0x17, 0xE4, 0x17,
    0xE4, 0x17, 0xE4, 0x17, 0xE4, 0x17, 0xE4, 0x17, 0xE4, 0x17, 0xE4, 0x17, 0xE4, 0x17, 0xE4, 0x17,
    0xE4, 0x17, 0xE4, 0x17, 0xE4, 0x17, 0xE4, 0x17, 0xE4, 0x17, 0xE4, 0xFF, 0x17, 0xE4, 0x17, 0xE4,
    0x17, 0xE4, 0x17, 0xE4, 0x17, 0xE4, 0x17, 0xE4, 0x17, 0xE4, 0x17, 0xE4, 0x17, 0xE4, 0x17, 0xE4,
    0x17, 0xE4, 0x17, 0xE4, 0x17, 0xE4, 0x17, 0xE4, 0x17, 0xE4, 0x17, 0xE4, 0x17, 0xE4, 0x17, 0xE4,
    0x17, 0xE4, 0x17, 0xE4, 0x17, 0xE4, 0x17, 0xE4, 0x17, 0xE4, 0x17, 0xE4, 0x17, 0xE4, 0x17, 0xE4,
    0x17, 0xE4, 0x17, 0xE4, 0x17, 0xE4, 0x17, 0xE4, 0x17, 0xE4, 0x17, 0xE4, 0x17, 0xE4, 0x17, 0xE4,
    0x17, 0xE4, 0x17, 0xE4, 0x17, 0xE4, 0x17, 0xE4, 0x17, 0xE4, 0x17, 0xE4, 0x17, 0xE4, 0x17, 0xE4,
    0x17, 0xE4, 0x17, 0xE4, 0x17, 0xE4, 0x17, 0xE4, 0x17, 0xE4, 0x17, 0xE4, 0x17, 0xE4, 0x17, 0xE4,
    0x17, 0xE4, 0x17, 0xE4, 0x17, 0xE4, 0x17, 0xE4, 0x17, 0xE4, 0x17, 0xE4, 0x17, 0xE4, 0x17, 0xE4,
    0x17, 0xE4, 0x17, 0xE4, 0x17, 0xE4, 0x17, 0xE4, 0x17, 0xE4, 0x17, 0xE4, 0xFF, 0x17, 0xE4, 0x17,
    0xE4, 0x17, 0xE4, 0x17, 0xE4, 0x17, 0xE4, 0x17, 0xE4, 0x17, 0xE4, 0x17, 0xE4, 0x17, 0xE4, 0x17,
    0xE4, 0x17, 0xE4, 0x17, 0xE4, 0x17, 0xE4, 0x17, 0xE4, 0x17, 0xE4, 0x17, 0xE4, 0x17, 0xE4, 0x17,
    0xE4, 0x17, 0xE4, 0x17, 0xE4, 0x17, 0xE4, 0x17, 0xE4, 0x17, 0xE4, 0x17, 0xE4, 0x17, 0xE4, 0x17,
    0xE4, 0x17, 0xE4, 0x17, 0xE4, 0x17, 0xE4, 0x17, 0xE4, 0x17, 0xE4, 0x17, 0xE4, 0x17, 0xE4, 0x17,
    0xE4, 0x17, 0xE4, 0x17, 0xE4, 0x17, 0xE4, 0x17, 0xE4, 0x17, 0xE4, 0x17, 0xE4, 0x17, 0xE4, 0x17,
    0xE4, 0x17, 0xE4, 0x17, 0xE4, 0x17, 0xE4, 0x17, 0xE4, 0x17, 0xE4, 0x17, 0xE4, 0x17, 0xE4, 0x17,
    0xE4, 0x17, 0xE4, 0x17, 0xE4, 0x17, 0xE4, 0x17, 0xE4, 0x17, 0xE4, 0x17, 0xE4, 0x17, 0xE4, 0x17,
    0xE4, 0x17, 0xE4, 0x17, 0xE4, 0x17, 0xE4, 0x17, 0xE4, 0x17, 0xE4, 0x17, 0xE4, 0xFF, 0x17, 0xE4,
    0x17, 0xE4, 0x17, 0xE4, 0x17, 0xE4, 0x17, 0xE4, 0x17, 0xE4, 0x17, 0xE4, 0x17, 0xE4, 0x17, 0xE4,
    0x17, 0xE4, 0x17, 0xE4, 0x17, 0xE4, 0x17, 0xE4, 0x17, 0xE4, 0x17, 0xE4, 0x17, 0xE4, 0x17, 0xE4,
    0x17, 0xE4, 0x17, 0xE4, 0x17, 0xE4, 0x17, 0xE4, 0x17, 0xE4, 0x17, 0xE4, 0x17, 0xE4, 0x17, 0xE4,
    0x17, 0xE4, 0x17, 0xE4, 0x17, 0xE4, 0x17, 0xE4, 0x17, 0xE4, 0x17, 0xE4, 0x17, 0xE4, 0x17, 0xE4,
    0x17, 0xE4, 0x17, 0xE4, 0x17, 0xE4, 0x17, 0xE4, 0x17, 0xE4, 0x17, 0xE4, 0x17, 0xE4, 0x17, 0xE4,
    0x17, 0xE4, 0x17, 0xE4, 0x17, 0xE4, 0x17, 0xE4, 0x17, 0xE4, 0x17, 0xE4, 0x17, 0xE4, 0x17, 0xE4,
    0x17, 0xE4, 0x17, 0xE4, 0x17, 0xE4, 0x17, 0xE4, 0x17, 0xE4, 0x17, 0xE4, 0x17, 0xE4, 0x17, 0xE4,
    0x17, 0xE4, 0x17, 0xE4, 0x17, 0xE4, 0x17, 0xE4, 0x17, 0xE4, 0x17, 0xE4, 0x17, 0xE4, 0xFF, 0x17,
    0xE4, 0x17, 0xE4, 0x17, 0xE4, 0x17, 0xE4, 0x17, 0xE4, 0x17, 0xE4, 0x17, 0xE4, 0x17, 0xE4, 0x17,
    0xE4, 0x17, 0xE4, 0x17, 0xE4, 0x17, 0xE4, 0x17, 0xE4, 0x17, 0xE4, 0x17, 0xE4, 0x17, 0xE4, 0x17,
    0xE4, 0x17, 0xE4, 0x17, 0xE4, 0x17, 0xE4, 0x17, 0xE4, 0x17, 0xE4, 0x17, 0xE4, 0x17, 0xE4, 0x17,
    0xE4, 0x17, 0xE4, 0x17, 0xE4, 0x17, 0xE4, 0x17, 0xE4, 0x17, 0xE4, 0x17, 0xE4, 0x17, 0xE4, 0x17,
    0xE4, 0x17, 0xE4, 0x17, 0xE4, 0x17, 0xE4, 0x17, 0xE4, 0x17, 0xE4, 0x17, 0xE4, 0x17, 0xE4, 0x17,
    0xE4, 0x17, 0xE4, 0x17, 0xE4, 0x17, 0xE4, 0x17, 0xE4, 0x17, 0xE4, 0x17, 0xE4, 0x17, 0xE4, 0x17,
    0xE4, 0x17, 0xE4, 0x17, 0xE4, 0x17, 0xE4, 0x17, 0xE4, 0x17, 0xE4, 0x17, 0xE4, 0x17, 0xE4, 0x17,
    0xE4, 0x17, 0xE4, 0x17, 0xE4, 0x17, 0xE4, 0x17, 0xE4, 0x17, 0xE4, 0x17, 0xE4, 0x17, 0xE4, 0xFF,
    0x17, 0xE4, 0x17, 0xE4, 0x17, 0xE4, 0x17, 0xE4, 0x17, 0xE4, 0x17, 0xE4, 0x17, 0xE4, 0x17, 0xE4,
    0x17, 0xE4, 0x17, 0xE4, 0x17, 0xE4, 0x17, 0xE4, 0x17, 0xE4, 0x17, 0xE4, 0x17, 0xE4, 0x17, 0xE4,
    0x17, 0xE4, 0x17, 0xE4, 0x17, 0xE4, 0x17, 0xE4, 0x17, 0xE4, 0x17, 0xE4, 0x17, 0xE4, 0x17, 0xE4,
    0x17, 0xE4, 0x17, 0xE4, 0x17, 0xE4, 0x17, 0xE4, 0x17, 0xE4, 0x17, 0xE4, 0x17, 0xE4, 0x17, 0xE4,
    0x17, 0xE4, 0x17, 0xE4, 0x17, 0xE4, 0x17, 0xE4, 0x17, 0xE4, 0x17, 0xE4, 0x17, 0xE4, 0x17, 0xE4,
    0x17, 0xE4, 0x17, 0xE4, 0x17, 0xE4, 0x17, 0xE4, 0x17, 0xE4, 0x17, 0xE4, 0x17, 0xE4, 0x17, 0xE4,
    0x17, 0xE4, 0x17, 0xE4, 0x17, 0xE4, 0x17, 0xE4, 0x17, 0xE4, 0x17, 0xE4, 0x17, 0xE4, 0x17, 0xE4,
    0x17, 0xE4, 0x17, 0xE4, 0x17, 0xE4, 0x17, 0xE4, 0x17, 0xE4, 0x17, 0xE4, 0x17, 0xE4, 0x17, 0xE4,
    0xFF, 0x17, 0xE4, 0x17, 0xE4, 0x17, 0xE4, 0x17, 0xE4, 0x17, 0xE4, 0x17, 0xE4, 0x17, 0xE4, 0x17,
    0xE4, 0x17, 0xE4, 0x17, 0xE4, 0x17, 0xE4, 0x17, 0xE4, 0x17, 0xE4, 0x17, 0xE4, 0x17, 0xE4, 0x17,
    0xE4, 0x17, 0xE4, 0x17, 0xE4, 0x17, 0xE4, 0x17, 0xE4, 0x17, 0xE4, 0x17, 0xE4, 0x17, 0xE4, 0x17,
    0xE4, 0x17, 0xE4, 0x17, 0xE4, 0x17, 0xE4, 0x17, 0xE4, 0x17, 0xE4, 0x17, 0xE4, 0x17, 0xE4, 0x17,
    0xE4, 0x17, 0xE4, 0x17, 0xE4, 0x17, 0xE4, 0x17, 0xE4, 0x17, 0xE4, 0x17, 0xE4, 0x17, 0xE4, 0x17,
    0xE4, 0x17, 0xE4, 0x17, 0xE4, 0x17, 0xE4, 0x17, 0xE4, 0x17, 0xE4, 0x17, 0xE4, 0x17, 0xE4, 0x17,
    0xE4, 0x17, 0xE4, 0x17, 0xE4, 0x17, 0xE4, 0x17, 0xE4, 0x17, 0xE4, 0x17, 0xE4, 0x17, 0xE4, 0x17,
    0xE4, 0x17, 0xE4, 0x17, 0xE4, 0x17, 0xE4, 0x17, 0xE4, 0x17, 0xE4, 0x17, 0xE4, 0x17, 0xE4, 0x17,
    0xE4, 0xFF, 0x17, 0xE4, 0x17, 0xE4, 0x17, 0xE4, 0x17, 0xE4, 0x17, 0xE4, 0x17, 0xE4, 0x17, 0xE4,
    0x17, 0xE4, 0x17, 0xE4, 0x17, 0xE4, 0x17, 0xE4, 0x17, 0xE4, 0x17, 0xE4, 0x17, 0xE4, 0x17, 0xE4,
    0x17, 0xE4, 0x17, 0xE4, 0x17, 0xE4, 0x17, 0xE4, 0x17, 0xE4, 0x17, 0xE4, 0x17, 0xE4, 0x17, 0xE4,
    0x17, 0xE4, 0x17, 0xE4, 0x17, 0xE4, 0x17, 0xE4, 0x17, 0xE4, 0x17, 0xE4, 0x17, 0xE4, 0x17, 0xE4,
    0x17, 0xE4, 0x17, 0xE4, 0x17, 0xE4, 0x17, 0xE4, 0x17, 0xE4, 0x17, 0xE4, 0x17, 0xE4, 0x17, 0xE4,
    0x17, 0xE4, 0x17, 0xE4, 0x17, 0xE4, 0x17, 0xE4, 0x17, 0xE4, 0x17, 0xE4, 0x17, 0xE4, 0x17, 0xE4,
    0x17, 0xE4, 0x17, 0xE4, 0x17, 0xE4, 0x17, 0xE4, 0x17, 0xE4, 0x17, 0xE4, 0x17, 0xE4, 0x17, 0xE4,
    0x17, 0xE4, 0x17, 0xE4, 0x17, 0xE4, 0x17, 0xE4, 0x17, 0xE4, 0x17, 0xE4, 0x17, 0xE4, 0x17, 0xE4,
    0x17, 0xE4, 0xFF, 0x17, 0xE4, 0x17, 0xE4, 0x17, 0xE4, 0x17, 0xE4, 0x17, 0xE4, 0x17, 0xE4, 0x17,
    0xE4, 0x17, 0xE4, 0x17, 0xE4, 0x17, 0xE4, 0x17, 0xE4, 0x17, 0xE4, 0x17, 0xE4, 0x17, 0xE4, 0x17,
    0xE4, 0x17, 0xE4, 0x17, 0xE4, 0x17, 0xE4, 0x17, 0xE4, 0x17, 0xE4, 0x17, 0xE4, 0x17, 0xE4, 0x17,
    0xE4, 0x17, 0xE4, 0x17, 0xE4, 0x17, 0xE4, 0x17, 0xE4, 0x17, 0xE4, 0x17, 0xE4, 0x17, 0xE4, 0x17,
    0xE4, 0x17, 0xE4, 0x17, 0xE4, 0x17, 0xE4, 0x17, 0xE4, 0x17, 0xE4, 0x17, 0xE4, 0x17, 0xE4, 0x17,
    0xE4, 0x17, 0xE4, 0x17, 0xE4, 0x17, 0xE4, 0x17, 0xE4, 0x17, 0xE4, 0x17, 0xE4, 0x17, 0xE4, 0x17,
    0xE4, 0x17, 0xE4, 0x17, 0xE4, 0x17, 0xE4, 0x17, 0xE4, 0x17, 0xE4, 0x17, 0xE4, 0x17, 0xE4, 0x17,
    0xE4, 0x17, 0xE4, 0x17, 0xE4, 0x17, 0xE4, 0x17, 0xE4, 0x17, 0xE4, 0x17, 0xE4, 0x17, 0xE4, 0x17,
    0xE4, 0x17, 0xE4, 0xFF, 0x17, 0xE4, 0x17, 0xE4, 0x17, 0xE4, 0x17, 0xE4, 0x17, 0xE4, 0x17, 0xE4,
    0x17, 0xE4, 0x17, 0xE4, 0x17, 0xE4, 0x17, 0xE4, 0x17, 0xE4, 0x17, 0xE4, 0x17, 0xE4, 0x17, 0xE4,
    0x17, 0xE4, 0x17, 0xE4, 0x17, 0xE4, 0x17, 0xE4, 0x17, 0xE4, 0x17, 0xE4, 0x17, 0xE4, 0x17, 0xE4,
    0x17, 0xE4, 0x17, 0xE4, 0x17, 0xE4, 0x17, 0xE4, 0x17, 0xE4, 0x17, 0xE4, 0x17, 0xE4, 0x17, 0xE4,
    0x17, 0xE4, 0x17, 0xE4, 0x17, 0xE4, 0x17, 0xE4, 0x17, 0xE4, 0x17, 0xE4, 0x17, 0xE4, 0x17, 0xE4,
    0x17, 0xE4, 0x17, 0xE4, 0x17, 0xE4, 0x17, 0xE4, 0x17, 0xE4, 0x17, 0xE4, 0x17, 0xE4, 0x17, 0xE4,
    0x17, 0xE4, 0x17, 0xE4, 0x17, 0xE4, 0x17, 0xE4, 0x17, 0xE4, 0x17, 0xE4, 0x17, 0xE4, 0x17, 0xE4,
    0x17, 0xE4, 0x17, 0xE4, 0x17, 0xE4, 0x17, 0xE4, 0x17, 0xE4, 0x17, 0xE4, 0x17, 0xE4, 0x17, 0xE4,
    0x17, 0xE4, 0x17, 0xE4, 0xFF, 0x17, 0xE4, 0x17, 0xE4, 0x17, 0xE4, 0x17, 0xE4, 0x17, 0xE4, 0x17,
    0xE4, 0x17, 0xE4, 0x17, 0xE4, 0x17, 0xE4, 0x17, 0xE4, 0x17, 0xE4, 0x17, 0xE4, 0x17, 0xE4, 0x17,
    0xE4, 0x17, 0xE4, 0x17, 0xE4, 0x17, 0xE4, 0x17, 0xE4, 0x17, 0xE4, 0x17, 0xE4, 0x17, 0xE4, 0x17,
    0xE4, 0x17, 0xE4, 0x17, 0xE4, 0x17, 0xE4, 0x17, 0xE4, 0x17, 0xE4, 0x17, 0xE4, 0x17, 0xE4, 0x17,
    0xE4, 0x17, 0xE4, 0x17, 0xE4, 0x17, 0xE4, 0x17, 0xE4, 0x17, 0xE4, 0x17, 0xE4, 0x17, 0xE4, 0x17,
    0xE4, 0x17, 0xE4, 0x17, 0xE4, 0x17, 0xE4, 0x17, 0xE4, 0x17, 0xE4, 0x17, 0xE4, 0x17, 0xE4, 0x17,
    0xE4, 0x17, 0xE4, 0x17, 0xE4, 0x17, 0xE4, 0x17, 0xE4, 0x17, 0xE4, 0x17, 0xE4, 0x17, 0xE4, 0x17,
    0xE4, 0x17, 0xE4, 0x17, 0xE4, 0x17, 0xE4, 0x17, 0xE4, 0x17, 0xE4, 0x17, 0xE4, 0x17, 0xE4, 0x17,
    0xE4, 0x17, 0xE4, 0x17, 0xE4, 0xFF, 0x17, 0xE4, 0x17, 0xE4, 0x17, 0xE4, 0x17, 0xE4, 0x17, 0xE4,
    0x17, 0xE4, 0x17, 0xE4, 0x17, 0xE4, 0x17, 0xE4, 0x17, 0xE4, 0x17, 0xE4, 0x17, 0xE4, 0x17, 0xE4,
    0x17, 0xE4, 0x17, 0xE4, 0x17, 0xE4, 0x17, 0xE4, 0x17, 0xE4, 0x17, 0xE4, 0x17, 0xE4, 0x17, 0xE4,
    0x17, 0xE4, 0x17, 0xE4, 0x17, 0xE4, 0x17, 0xE4, 0x17, 0xE4, 0x17, 0xE4, 0x17, 0xE4, 0x17, 0xE4,
    0x17, 0xE4, 0x17, 0xE4, 0x17, 0xE4, 0x17, 0xE4, 0x17, 0xE4, 0x17, 0xE4, 0x17, 0xE4, 0x17, 0xE4,
    0x17, 0xE4, 0x17, 0xE4, 0x17, 0xE4, 0x17, 0xE4, 0x17, 0xE4, 0x17, 0xE4, 0x17, 0xE4, 0x17, 0xE4,
    0x17, 0xE4, 0x17, 0xE4, 0x17, 0xE4, 0x17, 0xE4, 0x17, 0xE4, 0x17, 0xE4, 0x17, 0xE4, 0x17, 0xE4,
    0x17, 0xE4, 0x17, 0xE4, 0x17, 0xE4, 0x17, 0xE4, 0x17, 0xE4, 0x17, 0xE4, 0x17, 0xE4, 0x17, 0xE4,
    0x17, 0xE4, 0x17, 0xE4, 0x17, 0xE4, 0xFF, 0x17, 0xE4, 0x17, 0xE4, 0x17, 0xE4, 0x17, 0xE4, 0x17,
    0xE4, 0x17, 0xE4, 0x17, 0xE4, 0x17, 0xE4, 0x17, 0xE4, 0x17, 0xE4, 0x17, 0xE4, 0x17, 0xE4, 0x17,
    0xE4, 0x17, 0xE4, 0x17, 0xE4, 0x17, 0xE4, 0x17, 0xE4, 0x17, 0xE4, 0x17, 0xE4, 0x17, 0xE4, 0x17,
    0xE4, 0x17, 0xE4, 0x17, 0xE4, 0x17, 0xE4, 0x17, 0xE4, 0x17, 0xE4, 0x17, 0xE4, 0x17, 0xE4, 0x17,
    0xE4, 0x17, 0xE4, 0x17, 0xE4, 0x17, 0xE4, 0x17, 0xE4, 0x17, 0xE4, 0x17, 0xE4, 0x17, 0xE4, 0x17,
    0xE4, 0x17, 0xE4, 0x17, 0xE4, 0x17, 0xE4, 0x17, 0xE4, 0x17, 0xE4, 0x17, 0xE4, 0x17, 0xE4, 0x17,
    0xE4, 0x17, 0xE4, 0x17, 0xE4, 0x17, 0xE4, 0x17, 0xE4, 0x17, 0xE4, 0x17, 0xE4, 0x17, 0xE4, 0x17,
    0xE4, 0x17, 0xE4, 0x17, 0xE4, 0x17, 0xE4, 0x17, 0xE4, 0x17, 0xE4, 0x17, 0xE4, 0x17, 0xE4, 0x17,
    0xE4, 0x17, 0xE4, 0x17, 0xE4, 0x17, 0xE4, 0xFF, 0x17, 0xE4, 0x17, 0xE4, 0x17, 0xE4, 0x17, 0xE4,
    0x17, 0xE4, 0x17, 0xE4, 0x17, 0xE4, 0x17, 0xE4, 0x17, 0xE4, 0x17, 0xE4, 0x17, 0xE4, 0x17, 0xE4,
    0x17, 0xE4, 0x17, 0xE4, 0x17, 0xE4, 0x17, 0xE4, 0x17, 0xE4, 0x17, 0xE4, 0x17, 0xE4, 0x17, 0xE4,
    0x17, 0xE4, 0x17, 0xE4, 0x17, 0xE4, 0x17, 0xE4, 0x17, 0xE4, 0x17, 0xE4, 0x17, 0xE4, 0x17, 0xE4,
    0x17, 0xE4, 0x17, 0xE4, 0x17, 0xE4, 0x17, 0xE4, 0x17, 0xE4, 0x17, 0xE4, 0x17, 0xE4, 0x17, 0xE4,
    0x17, 0xE4, 0x17, 0xE4, 0x17, 0xE4, 0x17, 0xE4, 0x17, 0xE4, 0x17, 0xE4, 0x17, 0xE4, 0x17, 0xE4,
    0x17, 0xE4, 0x17, 0xE4, 0x17, 0xE4, 0x17, 0xE4, 0x17, 0xE4, 0x17, 0xE4, 0x17, 0xE4, 0x17, 0xE4,
    0x17, 0xE4, 0x17, 0xE4, 0x17, 0xE4, 0x17, 0xE4, 0x17, 0xE4, 0x17, 0xE4, 0x17, 0xE4, 0x17, 0xE4,
    0x17, 0xE4, 0x17, 0xE4, 0x17, 0xE4, 0x17, 0xE4, 0xFF, 0x17, 0xE4, 0x17, 0xE4, 0x17, 0xE4, 0x17,
    0xE4, 0x17, 0xE4, 0x17, 0xE4, 0x17, 0xE4, 0x17, 0xE4, 0x17, 0xE4, 0x17, 0xE4, 0x17, 0xE4, 0x17,
    0xE4, 0x17, 0xE4, 0x17, 0xE4, 0x17, 0xE4, 0x17, 0xE4, 0x17, 0xE4, 0x17, 0xE4, 0x17, 0xE4, 0x17,
    0xE4, 0x17, 0xE4, 0x17, 0xE4, 0x17, 0xE4, 0x17, 0xE4, 0x17, 0xE4, 0x17, 0xE4, 0x17, 0xE4, 0x17,
    0xE4, 0x17, 0xE4, 0x17, 0xE4, 0x17, 0xE4, 0x17, 0xE4, 0x17, 0xE4, 0x17, 0xE4, 0x17, 0xE4, 0x17,
    0xE4, 0x17, 0xE4, 0x17, 0xE4, 0x17, 0xE4, 0x17, 0xE4, 0x17, 0xE4, 0x17, 0xE4, 0x17, 0xE4, 0x17,
    0xE4, 0x17, 0xE4, 0x17, 0xE4, 0x17, 0xE4, 0x17, 0xE4, 0x17, 0xE4, 0x17, 0xE4, 0x17, 0xE4, 0x17,
    0xE4, 0x17, 0xE4, 0x17, 0xE4, 0x17, 0xE4, 0x17, 0xE4, 0x17, 0xE4, 0x17, 0xE4, 0x17, 0xE4, 0x17,
    0xE4, 0x17, 0xE4, 0x17, 0xE4, 0x17, 0xE4, 0x17, 0xE4, 0xFF, 0x17, 0xE4, 0x17, 0xE4, 0x17, 0xE4,
    0x17, 0xE4, 0x17, 0xE4, 0x17, 0xE4, 0x17, 0xE4, 0x17, 0xE4, 0x17, 0xE4, 0x17, 0xE4, 0x17, 0xE4,
    0x17, 0xE4, 0x17, 0xE4, 0x17, 0xE4, 0x17, 0xE4, 0x17, 0xE4, 0x17, 0xE4, 0x17, 0xE4, 0x17, 0xE4,
    0x17, 0xE4, 0x17, 0xE4, 0x17, 0xE4, 0x17, 0xE4, 0x17, 0xE4, 0x17, 0xE4, 0x17, 0xE4, 0x17, 0xE4,
    0x17, 0xE4, 0x17, 0xE4, 0x17, 0xE4, 0x17, 0xE4, 0x17, 0xE4, 0x17, 0xE4, 0x17, 0xE4, 0x17, 0xE4,
    0x17, 0xE4, 0x17, 0xE4, 0x17, 0xE4, 0x17, 0xE4, 0x17, 0xE4, 0x17, 0xE4, 0x17, 0xE4, 0x17, 0xE4,
    0x17, 0xE4, 0x17, 0xE4, 0x17, 0xE4, 0x17, 0xE4, 0x17, 0xE4, 0x17, 0xE4, 0x17, 0xE4, 0x17, 0xE4,
    0x17, 0xE4, 0x17, 0xE4, 0x17, 0xE4, 0x17, 0xE4, 0x17, 0xE4, 0x17, 0xE4, 0x17, 0xE4, 0x17, 0xE4,
    0x17, 0xE4, 0x17, 0xE4, 0x17, 0xE4, 0x17, 0xE4, 0x17, 0xE4, 0xFF, 0x17, 0xE4, 0x17, 0xE4, 0x17,
    0xE4, 0x17, 0xE4, 0x17, 0xE4, 0x17, 0xE4, 0x17, 0xE4, 0x17, 0xE4, 0x17, 0xE4, 0x17, 0xE4, 0x17,
    0xE4, 0x17, 0xE4, 0x17, 0xE4, 0x17, 0xE4, 0x17, 0xE4, 0x17, 0xE4, 0x17, 0xE4, 0x17, 0xE4, 0x17,
    0xE4, 0x17, 0xE4, 0x17, 0xE4, 0x17, 0xE4, 0x17, 0xE4, 0x17, 0xE4, 0x17, 0xE4, 0x17, 0xE4, 0x17,
    0xE4, 0x17, 0xE4, 0x17, 0xE4, 0x17, 0xE4, 0x17, 0xE4, 0x17, 0xE4, 0x17, 0xE4, 0x17, 0xE4, 0x17,
    0xE4, 0x17, 0xE4, 0x17, 0xE4, 0x17, 0xE4, 0x17, 0xE4, 0x17, 0xE4, 0x17, 0xE4, 0x17, 0xE4, 0x17,
    0xE4, 0x17, 0xE4, 0x17, 0xE4, 0x17, 0xE4, 0x17, 0xE4, 0x17, 0xE4, 0x17, 0xE4, 0x17, 0xE4, 0x17,
    0xE4, 0x17, 0xE4, 0x17, 0xE4, 0x17, 0xE4, 0x17, 0xE4, 0x17, 0xE4, 0x17, 0xE4, 0x17, 0xE4, 0x17,
    0xE4, 0x17, 0xE4, 0x17, 0xE4, 0x17, 0xE4, 0x17, 0xE4, 0x17, 0xE4, 0xFF, 0x17, 0xE4, 0x17, 0xE4,
    0x17, 0xE4, 0x17, 0xE4, 0x17, 0xE4, 0x17, 0xE4, 0x17, 0xE4, 0x17, 0xE4, 0x17, 0xE4, 0x17, 0xE4,
    0x17, 0xE4, 0x17, 0xE4, 0x17, 0xE4, 0x17, 0xE4, 0x17, 0xE4, 0x17, 0xE4, 0x17, 0xE4, 0x17, 0xE4,
    0x17, 0xE4, 0x17, 0xE4, 0x17, 0xE4, 0x17, 0xE4, 0x17, 0xE4, 0x17, 0xE4, 0x17, 0xE4, 0x17, 0xE4,
    0x17, 0xE4, 0x17, 0xE4, 0x17, 0xE4, 0x17, 0xE4, 0x17, 0xE4, 0x17, 0xE4, 0x17, 0xE4, 0x17, 0xE4,
    0x17, 0xE4, 0x17, 0xE4, 0x17, 0xE4, 0x17, 0xE4, 0x17, 0xE4, 0x17, 0xE4, 0x17, 0xE4, 0x17, 0xE4,
    0x17, 0xE4, 0x17, 0xE4, 0x17, 0xE4, 0x17, 0xE4, 0x17, 0xE4, 0x17, 0xE4, 0x17, 0xE4, 0x17, 0xE4,
    0x17, 0xE4, 0x17, 0xE4, 0x17, 0xE4, 0x17, 0xE4, 0x17, 0xE4, 0x17, 0xE4, 0x17, 0xE4, 0x17, 0xE4,
    0x17, 0xE4, 0x17, 0xE4, 0x17, 0xE4, 0x17, 0xE4, 0x17, 0xE4, 0x17, 0xE4, 0xFF, 0x17, 0xE4, 0x17,
    0xE4, 0x17, 0xE4, 0x17, 0xE4, 0x17, 0xE4, 0x17, 0xE4, 0x17, 0xE4, 0x17, 0xE4, 0x17, 0xE4, 0x17,
    0xE4, 0x17, 0xE4, 0x17, 0xE4, 0x17, 0xE4, 0x17, 0xE4, 0x17, 0xE4, 0x17, 0xE4, 0x17, 0xE4, 0x17,
    0xE4, 0x17, 0xE4, 0x17, 0xE4, 0x17, 0xE4, 0x17, 0xE4, 0x17, 0xE4, 0x17, 0xE4, 0x17, 0xE4, 0x17,
    0xE4, 0x17, 0xE4, 0x17, 0xE4, 0x17, 0xE4, 0x17, 0xE4, 0x17, 0xE4, 0x17, 0xE4, 0x17, 0xE4, 0x17,
    0xE4, 0x17, 0xE4, 0x17, 0xE4, 0x17, 0xE4, 0x17, 0xE4, 0x17, 0xE4, 0x17, 0xE4, 0x17, 0xE4, 0x17,
    0xE4, 0x17, 0xE4, 0x17, 0xE4, 0x17, 0xE4, 0x17, 0xE4, 0x17, 0xE4, 0x17, 0xE4, 0x17, 0xE4, 0x17,
    0xE4, 0x17, 0xE4, 0x17, 0xE4, 0x17, 0xE4, 0x17, 0xE4, 0x17, 0xE4, 0x17, 0xE4, 0x17, 0xE4, 0x17,
    0xE4, 0x17, 0xE4, 0x17, 0xE4, 0x17, 0xE4, 0x17, 0xE4, 0x17, 0xE4, 0x17, 0xE4, 0xFF, 0x17, 0xE4,
    0x17, 0xE4, 0x17, 0xE4, 0x17, 0xE4, 0x17, 0xE4, 0x17, 0xE4, 0x17, 0xE4, 0x17, 0xE4, 0x17, 0xE4,
    0x17, 0xE4, 0x17, 0xE4, 0x17, 0xE4, 0x17, 0xE4, 0x17, 0xE4, 0x17, 0xE4, 0x17, 0xE4, 0x17, 0xE4,
    0x17, 0xE4, 0x17, 0xE4, 0x17, 0xE4, 0x17, 0xE4, 0x17, 0xE4, 0x17, 0xE4, 0x17, 0xE4, 0x17, 0xE4,
    0x17, 0xE4, 0x17, 0xE4, 0x17, 0xE4, 0x17, 0xE4, 0x17, 0xE4, 0x17, 0xE4, 0x17, 0xE4, 0x17, 0xE4,
    0x17, 0xE4, 0x17, 0xE4, 0x17, 0xE4, 0x17, 0xE4, 0x17, 0xE4, 0x17, 0xE4, 0x17, 0xE4, 0x17, 0xE4,
    0x17, 0xE4, 0x17, 0xE4, 0x17, 0xE4, 0x17, 0xE4, 0x17, 0xE4, 0x17, 0xE4, 0x17, 0xE4, 0x17, 0xE4,
    0x17, 0xE4, 0x17, 0xE4, 0x17, 0xE4, 0x17, 0xE4, 0x17, 0xE4, 0x17, 0xE4, 0x17, 0xE4, 0x17, 0xE4,
    0x17, 0xE4, 0x17, 0xE4, 0x17, 0xE4, 0x17, 0xE4, 0x17, 0xE4, 0x17, 0xE4, 0x17, 0xE4, 0xFF, 0x17,
    0xE4, 0x17, 0xE4, 0x17, 0xE4, 0x17, 0xE4, 0x17, 0xE4, 0x17, 0xE4, 0x17, 0xE4, 0x17, 0xE4, 0x17,
    0xE4, 0x17, 0xE4, 0x17, 0xE4, 0x17, 0xE4, 0x17, 0xE4, 0x17, 0xE4, 0x17, 0xE4, 0x17, 0xE4, 0x17,
    0xE4, 0x17, 0xE4, 0x17, 0xE4, 0x17, 0xE4, 0x17, 0xE4, 0x17, 0xE4, 0x17, 0xE4, 0x17, 0xE4, 0x17,
    0xE4, 0x17, 0xE4, 0x17, 0xE4, 0x17, 0xE4, 0x17, 0xE4, 0x17, 0xE4, 0x17, 0xE4, 0x17, 0xE4, 0x17,
    0xE4, 0x17, 0xE4, 0x17, 0xE4, 0x17, 0xE4, 0x17, 0xE4, 0x17, 0xE4, 0x17, 0xE4, 0x17, 0xE4, 0x17,
    0xE4, 0x17, 0xE4, 0x17, 0xE4, 0x17, 0xE4, 0x17, 0xE4, 0x17, 0xE4, 0x17, 0xE4, 0x17, 0xE4, 0x17,
    0xE4, 0x17, 0xE4, 0x17, 0xE4, 0x17, 0xE4, 0x17, 0xE4, 0x17, 0xE4, 0x17, 0xE4, 0x17, 0xE4, 0x17,
    0xE4, 0x17, 0xE4, 0x17, 0xE4, 0x17, 0xE4, 0x17, 0xE4, 0x17, 0xE4, 0x17, 0xE4, 0x17, 0xE4, 0xFF,
    0x17, 0xE4, 0x17, 0xE4, 0x17, 0xE4, 0x17, 0xE4, 0x17, 0xE4, 0x17, 0xE4, 0x17, 0xE4, 0x17, 0xE4,
    0x17, 0xE4, 0x17, 0xE4, 0x17, 0xE4, 0x17, 0xE4, 0x17, 0xE4, 0x17, 0xE4, 0x17, 0xE4, 0x17, 0xE4,
    0x17, 0xE4, 0x17, 0xE4, 0x17, 0xE4, 0x17, 0xE4, 0x17, 0xE4, 0x17, 0xE4, 0x17, 0xE4, 0x17, 0xE4,
    0x17, 0xE4, 0x17, 0xE4, 0x17, 0xE4, 0x17, 0xE4, 0x17, 0xE4, 0x17, 0xE4, 0x17, 0xE4, 0x17, 0xE4,
    0x17, 0xE4, 0x17, 0xE4, 0x17, 0xE4, 0x17, 0xE4, 0x17, 0xE4, 0x17, 0xE4, 0x17, 0xE4, 0x17, 0xE4,
    0x17, 0xE4, 0x17, 0xE4, 0x17, 0xE4, 0x17, 0xE4, 0x17, 0xE4, 0x17, 0xE4, 0x17, 0xE4, 0x17, 0xE4,
    0x17, 0xE4, 0x17, 0xE4, 0x17, 0xE4, 0x17, 0xE4, 0x17, 0xE4, 0x17, 0xE4, 0x17, 0xE4, 0x17, 0xE4,
    0x17, 0xE4, 0x17, 0xE4, 0x17, 0xE4, 0x17, 0xE4, 0x17, 0xE4, 0x17, 0xE4, 0x17, 0xE4, 0x17, 0xE4,
    0xFF, 0x17, 0xE4, 0x17, 0xE4, 0x17, 0xE4, 0x17, 0xE4, 0x17, 0xE4, 0x17, 0xE4, 0x17, 0xE4, 0x17,
    0xE4, 0x17, 0xE4, 0x17, 0xE4, 0x17, 0xE4, 0x17, 0xE4, 0x17, 0xE4, 0x17, 0xE4, 0x17, 0xE4, 0x17,
    0xE4, 0x17, 0xE4, 0x17, 0xE4, 0x17, 0xE4, 0x17, 0xE4, 0x17, 0xE4, 0x17, 0xE4, 0x17, 0xE4, 0x17,
    0xE4, 0x17, 0xE4, 0x17, 0xE4, 0x17, 0xE4, 0x17, 0xE4, 0x17, 0xE4, 0x17, 0xE4, 0x17, 0xE4, 0x17,
    0xE4, 0x17, 0xE4, 0x17, 0xE4, 0x17, 0xE4, 0x17, 0xE4, 0x17, 0xE4, 0x17, 0xE4, 0x17, 0xE4, 0x17,
    0xE4, 0x17, 0xE4, 0x17, 0xE4, 0x17, 0xE4, 0x17, 0xE4, 0x17, 0xE4, 0x17, 0xE4, 0x17, 0xE4, 0x17,
    0xE4, 0x17, 0xE4, 0x17, 0xE4, 0x17, 0xE4, 0x17, 0xE4, 0x17, 0xE4, 0x17, 0xE4, 0x17, 0xE4, 0x17,
    0xE4, 0x17, 0xE4, 0x17, 0xE4, 0x17, 0xE4, 0x17, 0xE4, 0x17, 0xE4, 0x17, 0xE4, 0x17, 0xE4, 0x17,
    0xE4, 0xFF, 0x17, 0xE4, 0x17, 0xE4, 0x17, 0xE4, 0x17, 0xE4, 0x17, 0xE4, 0x17, 0xE4, 0x17, 0xE4,
    0x17, 0xE4, 0x17, 0xE4, 0x17, 0xE4, 0x17, 0xE4, 0x17, 0xE4, 0x17, 0xE4, 0x17, 0xE4, 0x17, 0xE4,
    0x17, 0xE4, 0x17, 0xE4, 0x17, 0xE4, 0x17, 0xE4, 0x17, 0xE4, 0x17, 0xE4, 0x17, 0xE4, 0x17, 0xE4,
    0x17, 0xE4, 0x17, 0xE4, 0x17, 0xE4, 0x17, 0xE4, 0x17, 0xE4, 0x17, 0xE4, 0x17, 0xE4, 0x17, 0xE4,
    0x17, 0xE4, 0x17, 0xE4, 0x17, 0xE4, 0x17, 0xE4, 0x17, 0xE4, 0x17, 0xE4, 0x17, 0xE4, 0x17, 0xE4,
    0x17, 0xE4, 0x17, 0xE4, 0x17, 0xE4, 0x17, 0xE4, 0x17, 0xE4, 0x17, 0xE4, 0x17, 0xE4, 0x17, 0xE4,
    0x17, 0xE4, 0x17, 0xE4, 0x17, 0xE4, 0x17, 0xE4, 0x17, 0xE4, 0x17, 0xE4, 0x17, 0xE4, 0x17, 0xE4,
    0x17, 0xE4, 0x17, 0xE4, 0x17, 0xE3, 0x17, 0xE4, 0x17, 0xE4, 0x17, 0xE4, 0x17, 0xE4, 0x17, 0xE4,
    0x17, 0xE4, 0xFF, 0x17, 0xE4, 0x17, 0xE4, 0x17, 0xE4, 0x17, 0xE4, 0x17, 0xE4, 0x17, 0xE4, 0x17,
    0xE4, 0x17, 0xE4, 0x17, 0xE4, 0x17, 0xE4, 0x17, 0xE4, 0x17, 0xE4, 0x17, 0xE4, 0x17, 0xE4, 0x17,
    0xE4, 0x17, 0xE4, 0x17, 0xE4, 0x17, 0xE4, 0x17, 0xE4, 0x17, 0xE4, 0x17, 0xE4, 0x17, 0xE4, 0x17,
    0xE4, 0x17, 0xE4, 0x17, 0xE4, 0x17, 0xE4, 0x17, 0xE4, 0x17, 0xE4, 0x17, 0xE4, 0x17, 0xE4, 0x17,
    0xE4, 0x17, 0xE4, 0x17, 0xE4, 0x17, 0xE4, 0x17, 0xE4, 0x17, 0xE4, 0x17, 0xE4, 0x17, 0xE4, 0x17,
    0xE4, 0x17, 0xE4, 0x17, 0xE4, 0x17, 0xE4, 0x17, 0xE4, 0x17, 0xE4, 0x17, 0xE4, 0x17, 0xE4, 0x17,
    0xE4, 0x17, 0xE4, 0x17, 0xE4, 0x17, 0xE4, 0x17, 0xE4, 0x17, 0xE4, 0x17, 0xE4, 0x17, 0xE4, 0x17,
    0xE4, 0x17, 0xE4, 0x17, 0xE4, 0x17, 0xE4, 0x17, 0xE4, 0x17, 0xE4, 0x17, 0xE4, 0x17, 0xE4, 0x17,
    0xE4, 0x17, 0xE4, 0xFF, 0x17, 0xE4, 0x17, 0xE4, 0x17, 0xE4, 0x17, 0xE4, 0x17, 0xE4, 0x17, 0xE4,
    0x17, 0xE4, 0x17, 0xE4, 0x17, 0xE4, 0x17, 0xE4, 0x17, 0xE4, 0x17, 0xE4, 0x17, 0xE4, 0x17, 0xE4,
    0x17, 0xE4, 0x17, 0xE4, 0x17, 0xE4, 0x17, 0xE4, 0x17, 0xE4, 0x17, 0xE4, 0x17, 0xE4, 0x17, 0xE4,
    0x17, 0xE4, 0x17, 0xE4, 0x17, 0xE4, 0x17, 0xE4, 0x17, 0xE4, 0x17, 0xE4, 0x17, 0xE4, 0x17, 0xE4,
    0x17, 0xE4, 0x17, 0xE4, 0x17, 0xE4, 0x17, 0xE4, 0x17, 0xE4, 0x17, 0xE4, 0x17, 0xE4, 0x17, 0xE4,
    0x17, 0xE4, 0x17, 0xE4, 0x17, 0xE4, 0x17, 0xE4, 0x17, 0xE4, 0x17, 0xE4, 0x17, 0xE4, 0x17, 0xE4,
    0x17, 0xE4, 0x17, 0xE4, 0x17, 0xE4, 0x17, 0xE4, 0x17, 0xE4, 0x17, 0xE4, 0x17, 0xE4, 0x17, 0xE4,
    0x17, 0xE4, 0x17, 0xE4, 0x17, 0xE4, 0x17, 0xE4, 0x17, 0xE4, 0x17, 0xE4, 0x17, 0xE4, 0x17, 0xE4,
    0x17, 0xE4, 0x17, 0xE3, 0xFF, 0x17, 0xE4, 0x17, 0xE4, 0x1F, 0xE5, 0x1F, 0xE5, 0x1F, 0xE6, 0x27,
    0xE6, 0x2F, 0xE7, 0x2F, 0xE7, 0x37, 0xE7, 0x37, 0xE7, 0x37, 0xE8, 0x37, 0xE8, 0x37, 0xE7, 0x27,
    0xE6, 0x27, 0xE5, 0x1F, 0xE5, 0x17, 0xE4, 0x17, 0xE4, 0x17, 0xE4, 0x17, 0xE4, 0x17, 0xE4, 0x17,
    0xE4, 0x17, 0xE4, 0x17, 0xE4, 0x17, 0xE4, 0x17, 0xE4, 0x17, 0xE4, 0x17, 0xE4, 0x17, 0xE4, 0x17,
    0xE4, 0x17, 0xE4, 0x17, 0xE4, 0x17, 0xE4, 0x17, 0xE4, 0x17, 0xE4, 0x17, 0xE4, 0x17, 0xE4, 0x17,
    0xE4, 0x17, 0xE4, 0x17, 0xE4, 0x17, 0xE4, 0x17, 0xE4, 0x17, 0xE4, 0x17, 0xE4, 0x17, 0xE4, 0x17,
    0xE4, 0x17, 0xE4, 0x17, 0xE4, 0x17, 0xE4, 0x17, 0xE4, 0x17, 0xE4, 0x17, 0xE4, 0x17, 0xE4, 0x17,
    0xE4, 0x17, 0xE4, 0x17, 0xE4, 0x17, 0xE4, 0x17, 0xE4, 0x17, 0xE4, 0x17, 0xE4, 0x17, 0xE4, 0x17,
    0xE4, 0x17, 0xE4, 0x17, 0xE4, 0xFF, 0x17, 0xE4, 0x17, 0xE4, 0x17, 0xE4, 0x17, 0xE4, 0x17, 0xE4,
    0x17, 0xE4, 0x17, 0xE4, 0x17, 0xE4, 0x17, 0xE4, 0x17, 0xE4, 0x17, 0xE4, 0x17, 0xE4, 0x17, 0xE4,
    0x17, 0xE4, 0x17, 0xE4, 0x17, 0xE4, 0x17, 0xE4, 0x17, 0xE4, 0x17, 0xE4, 0x17, 0xE4, 0x17, 0xE4,
    0x17, 0xE4, 0x17, 0xE4, 0x17, 0xE4, 0x17, 0xE4, 0x17, 0xE4, 0x17, 0xE4, 0x17, 0xE4, 0x17, 0xE4,
    0x17, 0xE4, 0x17, 0xE4, 0x17, 0xE4, 0x17, 0xE4, 0x17, 0xE4, 0x17, 0xE4, 0x17, 0xE4, 0x17, 0xE4,
    0x17, 0xE4, 0x17, 0xE4, 0x17, 0xE4, 0x17, 0xE4, 0x17, 0xE4, 0x17, 0xE4, 0x17, 0xE4, 0x17, 0xE4,
    0x17, 0xE4, 0x17, 0xE4, 0x17, 0xE4, 0x17, 0xE4, 0x17, 0xE4, 0x17, 0xE4, 0x17, 0xE4, 0x17, 0xE4,
    0x17, 0xE4, 0x17, 0xE4, 0x17, 0xE4, 0x17, 0xE4, 0x17, 0xE4, 0x17, 0xE4, 0x17, 0xE4, 0x17, 0xE4,
    0x17, 0xE4, 0x17, 0xE4, 0x17, 0xE4, 0xFF, 0x17, 0xE4, 0x17, 0xE4, 0x17, 0xE4, 0x17, 0xE3, 0x17,
    0xE4, 0x17, 0xE4, 0x1F, 0xE5, 0x2F, 0xE6, 0x37, 0xE8, 0x3F, 0xE9, 0x4F, 0xCA, 0x5F, 0x8B, 0x5F,
    0x2B, 0x66, 0xCB, 0x6E, 0xAD, 0x6E, 0x8D, 0x6E, 0x8C, 0x6E, 0x8C, 0x6E, 0xCD, 0x67, 0x2C, 0x57,
    0x8B, 0x4F, 0xC9, 0x47, 0xE9, 0x37, 0xE8, 0x2F, 0xE6, 0x1F, 0xE5, 0x17, 0xE4, 0x17, 0xE3, 0x17,
    0xE4, 0x17, 0xE3, 0x17, 0xE4, 0x17, 0xE4, 0x17, 0xE4, 0x17, 0xE4, 0x17, 0xE4, 0x17, 0xE4, 0x17,
    0xE4, 0x17, 0xE4, 0x17, 0xE4, 0x17, 0xE4, 0x17, 0xE4, 0x17, 0xE4, 0x17, 0xE4, 0x17, 0xE4, 0x17,
    0xE4, 0x17, 0xE4, 0x17, 0xE4, 0x17, 0xE4, 0x17, 0xE4, 0x17, 0xE4, 0x17, 0xE4, 0x17, 0xE4, 0x17,
    0xE4, 0x17, 0xE4, 0x17, 0xE4, 0x17, 0xE4, 0x17, 0xE4, 0x17, 0xE4, 0x17, 0xE4, 0x17, 0xE4, 0x17,
    0xE4, 0x17, 0xE4, 0x17, 0xE4, 0x17, 0xE4, 0xFF, 0x17, 0xE4, 0x17, 0xE4, 0x17, 0xE4, 0x17, 0xE4,
    0x17, 0xE4, 0x17, 0xE4, 0x17, 0xE4, 0x17, 0xE4, 0x17, 0xE4, 0x17, 0xE4, 0x17, 0xE4, 0x17, 0xE4,
    0x17, 0xE4, 0x17, 0xE4, 0x17, 0xE4, 0x17, 0xE4, 0x17, 0xE4, 0x17, 0xE4, 0x17, 0xE4, 0x17, 0xE4,
    0x17, 0xE4, 0x17, 0xE4, 0x17, 0xE4, 0x17, 0xE4, 0x17, 0xE4, 0x17, 0xE4, 0x17, 0xE4, 0x17, 0xE4,
    0x17, 0xE4, 0x17, 0xE4, 0x17, 0xE4, 0x17, 0xE4, 0x17, 0xE4, 0x17, 0xE4, 0x17, 0xE4, 0x17, 0xE4,
    0x17, 0xE4, 0x17, 0xE4, 0x17, 0xE4, 0x17, 0xE4, 0x17, 0xE4, 0x17, 0xE4, 0x17, 0xE4, 0x17, 0xE4,
    0x17, 0xE4, 0x17, 0xE4, 0x17, 0xE4, 0x17, 0xE4, 0x17, 0xE4, 0x17, 0xE4, 0x17, 0xE4, 0x17, 0xE4,
    0x17, 0xE4, 0x17, 0xE4, 0x17, 0xE4, 0x17, 0xE4, 0x17, 0xE4, 0x17, 0xE4, 0x17, 0xE4, 0x17, 0xE4,
    0x17, 0xE4, 0x17, 0xE4, 0x17, 0xE4, 0x17, 0xE4, 0xFF, 0x17, 0xE4, 0x17, 0xE4, 0x17, 0xE4, 0x17,
    0xE4, 0x17, 0xE4, 0x17, 0xE4, 0x17, 0xE4, 0x17, 0xE3, 0x17, 0xE3, 0x17, 0xE4, 0x1F, 0xE6, 0x2F,
    0xE8, 0x3F, 0xE8, 0x57, 0x2A, 0x6E, 0xAC, 0x86, 0x6E, 0x96, 0x0F, 0xA5, 0xF1, 0xB6, 0x33, 0xC6,
    0x74, 0xD6, 0x96, 0xD6, 0x96, 0xD6, 0x76, 0xCE, 0x75, 0xCE, 0x55, 0xBE, 0x33, 0xA6, 0x11, 0x96,
    0x10, 0x86, 0x0E, 0x6E, 0x4C, 0x5F, 0x2B, 0x47, 0xE9, 0x37, 0xE7, 0x27, 0xE5, 0x17, 0xE4, 0x17,
    0xE4, 0x17, 0xE4, 0x17, 0xE4, 0x17, 0xE4, 0x17, 0xE4, 0x17, 0xE4, 0x17, 0xE4, 0x17, 0xE4, 0x17,
    0xE4, 0x17, 0xE4, 0x17, 0xE4, 0x17, 0xE4, 0x17, 0xE4, 0x17, 0xE4, 0x17, 0xE4, 0x17, 0xE4, 0x17,
    0xE4, 0x17, 0xE4, 0x17, 0xE4, 0x17, 0xE4, 0x17, 0xE4, 0x17, 0xE4, 0x17, 0xE4, 0x17, 0xE4, 0x17,
    0xE4, 0x17, 0xE4, 0x17, 0xE4, 0x17, 0xE4, 0x17, 0xE4, 0xFF, 0x17, 0xE4, 0x17, 0xE4, 0x17, 0xE4,
    0x17, 0xE4, 0x17, 0xE4, 0x17, 0xE4, 0x17, 0xE4, 0x17, 0xE4, 0x17, 0xE4, 0x17, 0xE4, 0x17, 0xE4,
    0x17, 0xE4, 0x17, 0xE4, 0x17, 0xE4, 0x17, 0xE4, 0x17, 0xE4, 0x17, 0xE4, 0x17, 0xE4, 0x17, 0xE4,
    0x17, 0xE4, 0x17, 0xE4, 0x17, 0xE4, 0x17, 0xE4, 0x17, 0xE4, 0x17, 0xE4, 0x17, 0xE4, 0x17, 0xE4,
    0x17, 0xE4, 0x17, 0xE4, 0x17, 0xE4, 0x17, 0xE4, 0x17, 0xE4, 0x17, 0xE4, 0x17, 0xE4, 0x17, 0xE4,
    0x17, 0xE4, 0x17, 0xE4, 0x17, 0xE4, 0x17, 0xE4, 0x17, 0xE4, 0x17, 0xE4, 0x17, 0xE4, 0x17, 0xE4,
    0x17, 0xE4, 0x17, 0xE4, 0x17, 0xE4, 0x17, 0xE4, 0x17, 0xE4, 0x17, 0xE4, 0x17, 0xE4, 0x17, 0xE4,
    0x17, 0xE4, 0x17, 0xE4, 0x17, 0xE4, 0x17, 0xE4, 0x17, 0xE4, 0x17, 0xE4, 0x17, 0xE4, 0x17, 0xE4,
    0x17, 0xE4, 0x17, 0xE4, 0x17, 0xE4, 0x17, 0xE4, 0x17, 0xE4, 0xFF, 0x17, 0xE4, 0x17, 0xE4, 0x17,
    0xE4, 0x17, 0xE4, 0x17, 0xE4, 0x17, 0xE4, 0x17, 0xE4, 0x17, 0xE4, 0x17, 0xE4, 0x17, 0xE4, 0x17,
    0xE4, 0x17, 0xE4, 0x17, 0xE4, 0x17, 0xE4, 0x27, 0xE5, 0x37, 0xE7, 0x47, 0xA9, 0x5F, 0x0C, 0x86,
    0x8F, 0xB6, 0xB3, 0xD6, 0x96, 0xDE, 0x76, 0xDE, 0x56, 0xE6, 0x77, 0xF6, 0xB8, 0xFE, 0xD9, 0xFE,
    0xD9, 0xFE, 0xF9, 0xFE, 0xF9, 0xFE, 0xF9, 0xFE, 0xF9, 0xFE, 0xF9, 0xFE, 0xD9, 0xF6, 0xD9, 0xE6,
    0x97, 0xC6, 0x14, 0x9D, 0xB0, 0x7E, 0x0E, 0x6E, 0xEC, 0x57, 0xCA, 0x37, 0xE8, 0x1F, 0xE6, 0x17,
    0xE4, 0x17, 0xE4, 0x17, 0xE4, 0x17, 0xE4, 0x17, 0xE4, 0x17, 0xE4, 0x17, 0xE4, 0x17, 0xE4, 0x17,
    0xE4, 0x17, 0xE4, 0x17, 0xE4, 0x17, 0xE4, 0x17, 0xE4, 0x17, 0xE4, 0x17, 0xE4, 0x17, 0xE4, 0x17,
    0xE4, 0x17, 0xE4, 0x17, 0xE4, 0x17, 0xE4, 0x17, 0xE4, 0x17, 0xE4, 0xFF, 0x17, 0xE4, 0x17, 0xE4,
    0x17, 0xE4, 0x17, 0xE4, 0x17, 0xE4, 0x17, 0xE4, 0x17, 0xE4, 0x17, 0xE4, 0x17, 0xE4, 0x17, 0xE4,
    0x17, 0xE4, 0x17, 0xE4, 0x17, 0xE4, 0x17, 0xE4, 0x17, 0xE4, 0x17, 0xE4, 0x17, 0xE4, 0x17, 0xE4,
    0x17, 0xE4, 0x17, 0xE4, 0x17, 0xE4, 0x17, 0xE4, 0x17, 0xE4, 0x17, 0xE4, 0x17, 0xE4, 0x17, 0xE4,
    0x17, 0xE4, 0x17, 0xE4, 0x17, 0xE4, 0x17, 0xE4, 0x17, 0xE4, 0x17, 0xE4, 0x17, 0xE4, 0x17, 0xE4,
    0x17, 0xE4, 0x17, 0xE4, 0x17, 0xE4, 0x17, 0xE4, 0x17, 0xE4, 0x17, 0xE4, 0x17, 0xE4, 0x17, 0xE4,
    0x17, 0xE4, 0x17, 0xE4, 0x17, 0xE4, 0x17, 0xE4, 0x17, 0xE4, 0x17, 0xE4, 0x17, 0xE4, 0x17, 0xE4,
    0x17, 0xE4, 0x17, 0xE4, 0x17, 0xE4, 0x17, 0xE4, 0x17, 0xE4, 0x17, 0xE4, 0x17, 0xE4, 0x17, 0xE4,
    0x17, 0xE4, 0x17, 0xE4, 0x17, 0xE4, 0x17, 0xE4, 0x17, 0xE4, 0x17, 0xE4, 0xFF, 0x17, 0xE4, 0x17,
    0xE4, 0x17, 0xE4, 0x17, 0xE4, 0x17, 0xE4, 0x17, 0xE4, 0x17, 0xE4, 0x17, 0xE4, 0x17, 0xE4, 0x17,
    0xE4, 0x17, 0xE4, 0x17, 0xE4, 0x17, 0xE4, 0x17, 0xE4, 0x17, 0xE4, 0x17, 0xE4, 0x17, 0xE4, 0x17,
    0xE4, 0x17, 0xE4, 0x2F, 0xE7, 0x4F, 0x8A, 0x76, 0xAD, 0x9E, 0x71, 0xCE, 0xF6, 0xE6, 0xF8, 0xEE,
    0xB8, 0xDE, 0x16, 0xF6, 0xB8, 0xFE, 0xB8, 0xD5, 0xB4, 0xF6, 0x98, 0xFE, 0xD9, 0xFE, 0xD9, 0xFE,
    0xD9, 0xFE, 0xD9, 0xFE, 0xD8, 0xFE, 0xD8, 0xFE, 0xD8, 0xFE, 0xB9, 0xFE, 0xB9, 0xF6, 0xB9, 0xF6,
    0xB9, 0xEE, 0x98, 0xDE, 0x76, 0xBD, 0xF3, 0x95, 0xCF, 0x6E, 0xCD, 0x57, 0xEB, 0x37, 0xE8, 0x1F,
    0xE5, 0x17, 0xE4, 0x17, 0xE4, 0x17, 0xE4, 0x17, 0xE4, 0x17, 0xE4, 0x17, 0xE4, 0x17, 0xE4, 0x17,
    0xE4, 0x17, 0xE4, 0x17, 0xE4, 0x17, 0xE4, 0x17, 0xE4, 0x17, 0xE4, 0x17, 0xE4, 0xFF, 0x17, 0xE4,
    0x17, 0xE4, 0x17, 0xE4, 0x17, 0xE4, 0x17, 0xE4, 0x17, 0xE4, 0x17, 0xE4, 0x17, 0xE4, 0x17, 0xE4,
    0x17, 0xE4, 0x17, 0xE4, 0x17, 0xE4, 0x17, 0xE4, 0x17, 0xE4, 0x17, 0xE4, 0x17, 0xE4, 0x17, 0xE4,
    0x17, 0xE4, 0x17, 0xE4, 0x17, 0xE4, 0x17, 0xE4, 0x17, 0xE4, 0x17, 0xE4, 0x17, 0xE4, 0x17, 0xE4,
    0x17, 0xE4, 0x17, 0xE4, 0x17, 0xE4, 0x17, 0xE4, 0x17, 0xE4, 0x17, 0xE4, 0x17, 0xE4, 0x17, 0xE4,
    0x17, 0xE4, 0x17, 0xE4, 0x17, 0xE4, 0x17, 0xE4, 0x17, 0xE4, 0x17, 0xE4, 0x17, 0xE4, 0x17, 0xE4,
    0x17, 0xE4, 0x17, 0xE4, 0x17, 0xE4, 0x17, 0xE4, 0x17, 0xE4, 0x17, 0xE4, 0x17, 0xE4, 0x17, 0xE4,
    0x17, 0xE4, 0x17, 0xE4, 0x17, 0xE4, 0x17, 0xE4, 0x17, 0xE4, 0x17, 0xE4, 0x17, 0xE4, 0x17, 0xE4,
    0x17, 0xE4, 0x17, 0xE4, 0x17, 0xE4, 0x17, 0xE4, 0x17, 0xE4, 0x17, 0xE4, 0x17, 0xE4, 0xFF, 0x17,
    0xE4, 0x17, 0xE4, 0x17, 0xE4, 0x17, 0xE4, 0x17, 0xE4, 0x17, 0xE4, 0x17, 0xE4, 0x17, 0xE4, 0x17,
    0xE4, 0x17, 0xE4, 0x17, 0xE4, 0x17, 0xE4, 0x17, 0xE4, 0x17, 0xE4, 0x17, 0xE4, 0x17, 0xE4, 0x17,
    0xE4, 0x17, 0xE4, 0x17, 0xE4, 0x17, 0xE4, 0x17, 0xE4, 0x17, 0xE4, 0x17, 0xE4, 0x1F, 0xE5, 0x37,
    0xE7, 0x56, 0xCA, 0x9E, 0x91, 0xDE, 0xD7, 0xF6, 0xF9, 0xF6, 0xF9, 0xEE, 0xB8, 0xDE, 0x16, 0xF6,
    0xB8, 0xFF, 0x1A, 0xEE, 0x57, 0xCD, 0x93, 0xF6, 0xB8, 0xFE, 0xD8, 0xFE, 0xD8, 0xFE, 0xD8, 0xFE,
    0xD8, 0xF6, 0xD8, 0xFE, 0xD8, 0xFE, 0xD8, 0xFE, 0xD9, 0xFE, 0xD9, 0xFE, 0xD9, 0xF6, 0xB9, 0xEE,
    0x77, 0xE6, 0x36, 0xE6, 0x57, 0xEE, 0xB7, 0xBE, 0x53, 0x85, 0xCE, 0x6E, 0xCC, 0x4F, 0xEA, 0x2F,
    0xE6, 0x17, 0xE4, 0x17, 0xE4, 0x17, 0xE4, 0x17, 0xE4, 0x17, 0xE4, 0x17, 0xE4, 0x17, 0xE4, 0xFF,
    0x17, 0xE4, 0x17, 0xE4, 0x17, 0xE4, 0x17, 0xE4, 0x17, 0xE4, 0x17, 0xE4, 0x17, 0xE4, 0x17, 0xE4,
    0x17, 0xE4, 0x17, 0xE4, 0x17, 0xE4, 0x17, 0xE4, 0x17, 0xE4, 0x17, 0xE4, 0x17, 0xE4, 0x17, 0xE4,
    0x17, 0xE4, 0x17, 0xE4, 0x17, 0xE4, 0x17, 0xE4, 0x17, 0xE4, 0x17, 0xE4, 0x17, 0xE4, 0x17, 0xE4,
    0x17, 0xE4, 0x17, 0xE4, 0x17, 0xE4, 0x17, 0xE4, 0x17, 0xE4, 0x17, 0xE4, 0x17, 0xE4, 0x17, 0xE4,
    0x17, 0xE4, 0x17, 0xE4, 0x17, 0xE4, 0x17, 0xE4, 0x17, 0xE4, 0x17, 0xE4, 0x17, 0xE4, 0x17, 0xE4,
    0x17, 0xE4, 0x17, 0xE4, 0x17, 0xE4, 0x17, 0xE4, 0x17, 0xE4, 0x17, 0xE4, 0x17, 0xE4, 0x17, 0xE4,
    0x17, 0xE4, 0x17, 0xE4, 0x17, 0xE4, 0x17, 0xE4, 0x17, 0xE4, 0x17, 0xE4, 0x17, 0xE4, 0x17, 0xE4,
    0x17, 0xE4, 0x17, 0xE4, 0x17, 0xE4, 0x17, 0xE4, 0x17, 0xE4, 0x17, 0xE4, 0x17, 0xE4, 0x17, 0xE4,
    0xFF, 0x17, 0xE4, 0x17, 0xE4, 0x17, 0xE4, 0x17, 0xE4, 0x17, 0xE4, 0x17, 0xE4, 0x17, 0xE4, 0x17,
    0xE4, 0x17, 0xE4, 0x17, 0xE4, 0x17, 0xE4, 0x17, 0xE4, 0x17, 0xE4, 0x17, 0xE4, 0x17, 0xE4, 0x17,
    0xE4, 0x17, 0xE4, 0x17, 0xE4, 0x17, 0xE4, 0x17, 0xE4, 0x17, 0xE4, 0x17, 0xE4, 0x17, 0xE4, 0x17,
    0xE4, 0x17, 0xE4, 0x17, 0xE4, 0x17, 0xE4, 0x17, 0xE4, 0x27, 0xE6, 0x3F, 0xC9, 0x6E, 0x6D, 0xBE,
    0xB4, 0xF6, 0xF9, 0xFE, 0xB9, 0xFE, 0xD9, 0xFE, 0xD9, 0xF6, 0x98, 0xF6, 0x98, 0xFE, 0xF9, 0xFE,
    0xF9, 0xE6, 0x15, 0xDD, 0xF5, 0xFE, 0xD8, 0xFE, 0xD8, 0xFE, 0xD8, 0xFE, 0xD8, 0xF6, 0xD8, 0xFE,
    0xD8, 0xFE, 0xD8, 0xFE, 0xD8, 0xF6, 0xD8, 0xEE, 0x98, 0xF6, 0xD8, 0xFE, 0xD9, 0xF6, 0xD9, 0xF6,
    0xB9, 0xEE, 0x57, 0xDD, 0xF5, 0xEE, 0x98, 0xDE, 0x97, 0xAD, 0xF2, 0x7E, 0x0E, 0x5F, 0xAB, 0x2F,
    0xE7, 0xFF, 0x17, 0xE4, 0x17, 0xE4, 0x17, 0xE4, 0x17, 0xE4, 0x17, 0xE4, 0x17, 0xE4, 0x17, 0xE4,
    0x17, 0xE4, 0x17, 0xE4, 0x17, 0xE4, 0x17, 0xE4, 0x17, 0xE4, 0x17, 0xE4, 0x17, 0xE4, 0x17, 0xE4,
    0x17, 0xE4, 0x17, 0xE4, 0x17, 0xE4, 0x17, 0xE4, 0x17, 0xE4, 0x17, 0xE4, 0x17, 0xE4, 0x17, 0xE4,
    0x17, 0xE4, 0x17, 0xE4, 0x17, 0xE4, 0x17, 0xE4, 0x17, 0xE4, 0x17, 0xE4, 0x17, 0xE4, 0x17, 0xE4,
    0x17, 0xE4, 0x17, 0xE4, 0x17, 0xE4, 0x17, 0xE4, 0x17, 0xE4, 0x17, 0xE4, 0x17, 0xE4, 0x17, 0xE4,
    0x17, 0xE4, 0x17, 0xE4, 0x17, 0xE4, 0x17, 0xE4, 0x17, 0xE4, 0x17, 0xE4, 0x17, 0xE4, 0x17, 0xE4,
    0x17, 0xE4, 0x17, 0xE4, 0x17, 0xE4, 0x17, 0xE4, 0x17, 0xE4, 0x17, 0xE4, 0x17, 0xE4, 0x17, 0xE4,
    0x17, 0xE4, 0x17, 0xE4, 0x17, 0xE4, 0x17, 0xE4, 0x17, 0xE4, 0x17, 0xE4, 0x17, 0xE4, 0x17, 0xE4,
    0x17, 0xE4, 0xFF, 0x17, 0xE4, 0x17, 0xE4, 0x17, 0xE4, 0x17, 0xE4, 0x17, 0xE4, 0x17, 0xE4, 0x17,
    0xE4, 0x17, 0xE4, 0x17, 0xE4, 0x17, 0xE4, 0x17, 0xE4, 0x17, 0xE4, 0x17, 0xE4, 0x17, 0xE4, 0x17,
    0xE4, 0x17, 0xE4, 0x17, 0xE4, 0x17, 0xE4, 0x17, 0xE4, 0x17, 0xE4, 0x17, 0xE4, 0x17, 0xE4, 0x17,
    0xE4, 0x17, 0xE4, 0x17, 0xE4, 0x17, 0xE4, 0x17, 0xE4, 0x17, 0xE4, 0x17, 0xE4, 0x17, 0xE4, 0x17,
    0xE4, 0x17, 0xE4, 0x17, 0xE4, 0x27, 0xE6, 0x47, 0x69, 0x86, 0x8F, 0xDE, 0xF8, 0xFE, 0xFA, 0xF6,
    0x98, 0xF6, 0x77, 0xFE, 0xD9, 0xFE, 0xD9, 0xFE, 0xD9, 0xFE, 0xD9, 0xFE, 0xD9, 0xFE, 0xD9, 0xDD,
    0xF5, 0xE6, 0x36, 0xFE, 0xD8, 0xFE, 0xD8, 0xFE, 0xD8, 0xF6, 0xD8, 0xFE, 0xD8, 0xFE, 0xD8, 0xFE,
    0xD8, 0xFE, 0xD8, 0xF6, 0xD8, 0xEE, 0x57, 0xE6, 0x36, 0xF6, 0xB8, 0xF6, 0xD8, 0xFE, 0xD9, 0xFE,
    0xF9, 0xEE, 0xB8, 0xFF, 0xDE, 0x15, 0xEE, 0x97, 0xFF, 0x3A, 0xD6, 0x75, 0x8D, 0xEF, 0x5F, 0x6A,
    0x2F, 0xE6, 0x17, 0xE4, 0x17, 0xE4, 0x17, 0xE4, 0x17, 0xE4, 0x17, 0xE4, 0x17, 0xE4, 0x17, 0xE4,
    0x17, 0xE4, 0x17, 0xE4, 0x17, 0xE4, 0x17, 0xE4, 0x17, 0xE4, 0x17, 0xE4, 0x17, 0xE4, 0x17, 0xE4,
    0x17, 0xE4, 0x17, 0xE4, 0x17, 0xE4, 0x17, 0xE4, 0x17, 0xE4, 0x17, 0xE4, 0x17, 0xE4, 0x17, 0xE4,
    0x17, 0xE4, 0x17, 0xE4, 0x17, 0xE4, 0x17, 0xE4, 0x17, 0xE4, 0x17, 0xE4, 0x17, 0xE4, 0x17, 0xE4,
    0x17, 0xE4, 0x17, 0xE4, 0x17, 0xE4, 0x17, 0xE4, 0x17, 0xE4, 0x17, 0xE4, 0x17, 0xE4, 0x17, 0xE4,
    0x17, 0xE4, 0x17, 0xE4, 0x17, 0xE4, 0x17, 0xE4, 0x17, 0xE4, 0x17, 0xE4, 0x17, 0xE4, 0x17, 0xE4,
    0x17, 0xE4, 0x17, 0xE4, 0x17, 0xE4, 0x17, 0xE4, 0x17, 0xE4, 0x17, 0xE4, 0x17, 0xE4, 0x17, 0xE4,
    0x17, 0xE4, 0x17, 0xE4, 0xFF, 0x17, 0xE4, 0x17, 0xE4, 0x17, 0xE4, 0x17, 0xE4, 0x17, 0xE4, 0x17,
    0xE4, 0x17, 0xE4, 0x17, 0xE4, 0x17, 0xE4, 0x17, 0xE4, 0x17, 0xE4, 0x17, 0xE4, 0x17, 0xE4, 0x17,
    0xE4, 0x17, 0xE4, 0x17, 0xE4, 0x17, 0xE4, 0x17, 0xE4, 0x17, 0xE4, 0x17, 0xE4, 0x17, 0xE4, 0x17,
    0xE4, 0x17, 0xE4, 0x17, 0xE4, 0x17, 0xE4, 0x17, 0xE4, 0x17, 0xE4, 0x17, 0xE4, 0x17, 0xE4, 0x17,
    0xE4, 0x17, 0xE4, 0x17, 0xE4, 0x17, 0xE4, 0x17, 0xE4, 0x17, 0xE4, 0x17, 0xE4, 0x17, 0xE4, 0x17,
    0xE4, 0x2F, 0xE7, 0x47, 0x69, 0x9E, 0xD2, 0xE7, 0x39, 0xFE, 0xF9, 0xFE, 0xB9, 0xE6, 0x16, 0xF6,
    0x78, 0xFE, 0xD9, 0xFE, 0xD9, 0xF6, 0x98, 0xF6, 0xB8, 0xFE, 0xD9, 0xFE, 0xD9, 0xDD, 0xF5, 0xE6,
    0x36, 0xFE, 0xD8, 0xFE, 0xD8, 0xFE, 0xD9, 0xFE, 0xD9, 0xFE, 0xD9, 0xFE, 0xD9, 0xFE, 0xD8, 0xF6,
    0xD8, 0xFE, 0xD8, 0xF6, 0xB8, 0xFF, 0xDE, 0x15, 0xE6, 0x15, 0xFE, 0xD8, 0xF6, 0xD9, 0xF6, 0xF9,
    0xF7, 0x19, 0xF6, 0xD9, 0xDE, 0x15, 0xE6, 0x57, 0xFF, 0x5B, 0xE6, 0xD7, 0x8D, 0xEE, 0x5F, 0x4B,
    0x37, 0xE8, 0x1F, 0xE4, 0x17, 0xE4, 0x17, 0xE4, 0x17, 0xE4, 0x17, 0xE4, 0x17, 0xE4, 0x17, 0xE4,
    0x17, 0xE4, 0x17, 0xE4, 0x17, 0xE4, 0x17, 0xE4, 0x17, 0xE4, 0x17, 0xE4, 0x17, 0xE4, 0x17, 0xE4,
    0x17, 0xE4, 0x17, 0xE4, 0x17, 0xE4, 0x17, 0xE4, 0x17, 0xE4, 0x17, 0xE4, 0x17, 0xE4, 0x17, 0xE4,
    0x17, 0xE4, 0x17, 0xE4, 0x17, 0xE4, 0x17, 0xE4, 0x17, 0xE4, 0x17, 0xE4, 0x17, 0xE4, 0x17, 0xE4,
    0x17, 0xE4, 0x17, 0xE4, 0x17, 0xE4, 0x17, 0xE4, 0x17, 0xE4, 0x17, 0xE4, 0x17, 0xE4, 0x17, 0xE4,
    0x17, 0xE4, 0x17, 0xE4, 0x17, 0xE4, 0x17, 0xE4, 0x17, 0xE4, 0x17, 0xE4, 0x17, 0xE4, 0x17, 0xE4,
    0x17, 0xE4, 0x17, 0xE4, 0x17, 0xE4, 0xFF, 0x17, 0xE4, 0x17, 0xE4, 0x17, 0xE4, 0x17, 0xE4, 0x17,
    0xE4, 0x17, 0xE4, 0x17, 0xE4, 0x17, 0xE4, 0x17, 0xE4, 0x17, 0xE4, 0x17, 0xE4, 0x17, 0xE4, 0x17,
    0xE4, 0x17, 0xE4, 0x17, 0xE4, 0x17, 0xE4, 0x17, 0xE4, 0x17, 0xE4, 0x17, 0xE4, 0x17, 0xE4, 0x17,
    0xE4, 0x17, 0xE4, 0x17, 0xE4, 0x17, 0xE4, 0x17, 0xE4, 0x17, 0xE4, 0x17, 0xE4, 0x17, 0xE4, 0x17,
    0xE4, 0x17, 0xE4, 0x17, 0xE4, 0x17, 0xE4, 0x17, 0xE4, 0x17, 0xE4, 0x17, 0xE4, 0x17, 0xE4, 0x17,
    0xE4, 0x17, 0xE4, 0x17, 0xE4, 0x17, 0xE4, 0x17, 0xE4, 0x17, 0xE4, 0x17, 0xE4, 0x27, 0xE6, 0x4F,
    0x49, 0x9E, 0xD1, 0xEF, 0x39, 0xFE, 0xF9, 0xFE, 0xD9, 0xEE, 0x57, 0xE6, 0x16, 0xFE, 0xD9, 0xFE,
    0xD9, 0xFE, 0xD9, 0xEE, 0x57, 0xF6, 0x98, 0xFE, 0xF9, 0xFE, 0xF9, 0xE6, 0x16, 0xE6, 0x36, 0xF6,
    0xB8, 0xF6, 0xD8, 0xFE, 0xD9, 0xFE, 0xD9, 0xFF, 0xFE, 0xD9, 0xF6, 0xD8, 0xFE, 0xD9, 0xF6, 0xD8,
    0xFE, 0xD8, 0xFE, 0xD8, 0xF6, 0xB8, 0xDD, 0xD5, 0xE6, 0x56, 0xEE, 0x77, 0xF6, 0xD8, 0xF6, 0xF9,
    0xFF, 0x19, 0xFF, 0x19, 0xDE, 0x35, 0xEE, 0xB8, 0xFF, 0x9B, 0xE6, 0xF8, 0x9D, 0xF0, 0x6F, 0x0C,
    0x37, 0xE8, 0x17, 0xE4, 0x17, 0xE3, 0x17, 0xE4, 0x17, 0xE4, 0x17, 0xE4, 0x17, 0xE4, 0x17, 0xE4,
    0x17, 0xE4, 0x17, 0xE4, 0x17, 0xE4, 0x17, 0xE4, 0x17, 0xE4, 0x17, 0xE4, 0x17, 0xE4, 0x17, 0xE4,
    0x17, 0xE4, 0x17, 0xE4, 0x17, 0xE4, 0x17, 0xE4, 0x17, 0xE4, 0x17, 0xE4, 0x17, 0xE4, 0x17, 0xE4,
    0x17, 0xE4, 0x17, 0xE4, 0x17, 0xE4, 0x17, 0xE4, 0x17, 0xE4, 0x17, 0xE4, 0x17, 0xE4, 0x17, 0xE4,
    0x17, 0xE4, 0x17, 0xE4, 0x17, 0xE4, 0x17, 0xE4, 0x17, 0xE4, 0x17, 0xE4, 0x17, 0xE4, 0x17, 0xE4,
    0x17, 0xE4, 0x17, 0xE4, 0x17, 0xE4, 0x17, 0xE4, 0xFF, 0x17, 0xE4, 0x17, 0xE4, 0x17, 0xE4, 0x17,
    0xE4, 0x17, 0xE4, 0x17, 0xE4, 0x17, 0xE4, 0x17, 0xE4, 0x17, 0xE4, 0x17, 0xE4, 0x17, 0xE4, 0x17,
    0xE4, 0x17, 0xE4, 0x17, 0xE4, 0x17, 0xE4, 0x17, 0xE4, 0x17, 0xE4, 0x17, 0xE4, 0x17, 0xE4, 0x17,
    0xE4, 0x17, 0xE4, 0x17, 0xE4, 0x17, 0xE4, 0x17, 0xE4, 0x17, 0xE4, 0x17, 0xE4, 0x17, 0xE4, 0x17,
    0xE4, 0x17, 0xE4, 0x17, 0xE4, 0x17, 0xE4, 0x17, 0xE4, 0x17, 0xE4, 0x17, 0xE4, 0x17, 0xE4, 0x17,
    0xE4, 0x17, 0xE4, 0x17, 0xE4, 0x17, 0xE4, 0x17, 0xE4, 0x17, 0xE4, 0x17, 0xE4, 0x17, 0xE4, 0x17,
    0xE4, 0x17, 0xE4, 0x17, 0xE4, 0x17, 0xE3, 0x17, 0xE3, 0x1F, 0xE5, 0x3F, 0xC8, 0x9E, 0xF1, 0xE7,
    0x58, 0xF6, 0xF9, 0xF6, 0xB8, 0xEE, 0x98, 0xE6, 0x16, 0xF6, 0xB8, 0xFE, 0xF9, 0xFE, 0xD9, 0xFE,
    0xF9, 0xEE, 0x57, 0xE6, 0x36, 0xFE, 0xF9, 0xFE, 0xF9, 0xFF, 0xE6, 0x57, 0xE6, 0x57, 0xF6, 0xD9,
    0xF6, 0xD9, 0xF6, 0xD9, 0xF6, 0xD9, 0xF6, 0xD9, 0xF6, 0xD9, 0xF6, 0xD9, 0xF6, 0xD9, 0xF6, 0xD9,
    0xF6, 0xD8, 0xFE, 0xD9, 0xF6, 0xB8, 0xD5, 0xD4, 0xE6, 0x36, 0xEE, 0x97, 0xFF, 0x3A, 0xFF, 0x3A,
    0xFF, 0x5A, 0xFF, 0x39, 0xD6, 0x15, 0xF6, 0xF8, 0xFF, 0x7B, 0xEE, 0xF9, 0x95, 0xD0, 0x5F, 0x4B,
    0x2F, 0xE7, 0x17, 0xE4, 0x17, 0xE4, 0x17, 0xE4, 0x17, 0xE4, 0x17, 0xE4, 0x17, 0xE4, 0x17, 0xE4,
    0x17, 0xE4, 0x17, 0xE4, 0x17, 0xE4, 0x17, 0xE4, 0x17, 0xE4, 0x17, 0xE4, 0x17, 0xE4, 0x17, 0xE4,
    0x17, 0xE4, 0x17, 0xE4, 0x17, 0xE4, 0x17, 0xE4, 0x17, 0xE4, 0x17, 0xE4, 0x17, 0xE4, 0x17, 0xE4,
    0x17, 0xE4, 0x17, 0xE4, 0x17, 0xE4, 0x17, 0xE4, 0x17, 0xE4, 0x17, 0xE4, 0x17, 0xE4, 0x17, 0xE4,
    0x17, 0xE4, 0x17, 0xE4, 0x17, 0xE4, 0x17, 0xE4, 0x17, 0xE4, 0xEE, 0x17, 0xE4, 0x17, 0xE4, 0x17,
    0xE4, 0x17, 0xE4, 0x17, 0xE4, 0x17, 0xE4, 0x17, 0xE4, 0x17, 0xE4, 0x17, 0xE4, 0x17, 0xE4, 0x17,
    0xE4, 0x17, 0xE4, 0x17, 0xE4, 0x17, 0xE4, 0x17, 0xE4, 0x17, 0xE4, 0x17, 0xE4, 0x17, 0xE4, 0x17,
    0xE4, 0x17, 0xE4, 0x17, 0xE4, 0x17, 0xE4, 0x17, 0xE4, 0x17, 0xE4, 0x17, 0xE4, 0x17, 0xE4, 0x17,
    0xE4, 0x17, 0xE4, 0x17, 0xE4, 0x17, 0xE4, 0x17, 0xE4, 0x17, 0xE4, 0x17, 0xE4, 0x17, 0xE4, 0x17,
    0xE4, 0x17, 0xE4, 0x17, 0xE4, 0x17, 0xE4, 0x17, 0xE4, 0x17, 0xE4, 0x17, 0xE4, 0x17, 0xE4, 0x17,
    0xE4, 0x17, 0xE4, 0x17, 0xE4, 0x17, 0xE4, 0x17, 0xE4, 0x17, 0xE4, 0x17, 0xE4, 0x17, 0xE4, 0x17,
    0xE4, 0x17, 0xE4, 0x17, 0xE4, 0x1F, 0xE5, 0x2F, 0xE7, 0x8E, 0x02, 0xEF, 0xFF, 0x39, 0xFF, 0x1A,
    0xF6, 0xB8, 0xE6, 0x77, 0xDE, 0x36, 0xE6, 0x77, 0xFF, 0x1A, 0xFF, 0x19, 0xFE, 0xF9, 0xF6, 0xF9,
    0xF6, 0xB8, 0xD5, 0xD4, 0xF6, 0xD9, 0xFE, 0xF9, 0xEE, 0x98, 0xE6, 0x56, 0xF6, 0xF9, 0xF6, 0xD9,
    0xF6, 0xD9, 0xF6, 0xD9, 0xF6, 0xD9, 0xF6, 0xD9, 0xF6, 0xF9, 0xF6, 0xF9, 0xFE, 0xF9, 0xFF, 0x19,
    0xFF, 0x1A, 0xFF, 0x3A, 0xEE, 0xB8, 0xE6, 0x56, 0xE6, 0x77, 0xFF, 0x3A, 0xFF, 0x5A, 0xFF, 0x5A,
    0xFF, 0x7B, 0xF6, 0xF8, 0xD5, 0xF4, 0xF7, 0x19, 0xFF, 0x7B, 0xDE, 0xD7, 0x86, 0x0E, 0x4F, 0xCA,
    0x1F, 0xE6, 0x17, 0xE4, 0x17, 0xE4, 0x17, 0xE4, 0x17, 0xE4, 0x17, 0xE4, 0x17, 0xE4, 0x17, 0xE4,
    0x17, 0xE4, 0x17, 0xE4, 0x17, 0xE4, 0x17, 0xE4, 0x17, 0xE4, 0x17, 0xE4, 0x17, 0xE4, 0x17, 0xE4,
    0x17, 0xE4, 0x17, 0xE4, 0x17, 0xE4, 0x17, 0xE4, 0x17, 0xE4, 0x17, 0xE4, 0x17, 0xFF, 0xE4, 0x17,
    0xE4, 0x17, 0xE4, 0x17, 0xE4, 0x17, 0xE4, 0x17, 0xE4, 0x17, 0xE4, 0x17, 0xE4, 0x17, 0xE4, 0x17,
    0xE4, 0x17, 0xE4, 0x17, 0xE4, 0x17, 0xE4, 0x17, 0xE4, 0x17, 0xE4, 0x17, 0xE4, 0x17, 0xE4, 0x17,
    0xE4, 0x17, 0xE4, 0x17, 0xE4, 0x17, 0xE4, 0x17, 0xE4, 0x17, 0xE4, 0x17, 0xE4, 0x17, 0xE4, 0x17,
    0xE4, 0x17, 0xE4, 0x17, 0xE4, 0x17, 0xE4, 0x17, 0xE4, 0x17, 0xE4, 0x17, 0xE4, 0x17, 0xE4, 0x17,
    0xE4, 0x17, 0xE4, 0x17, 0xE4, 0x17, 0xE4, 0x17, 0xE4, 0x17, 0xE4, 0x17, 0xE4, 0x17, 0xE4, 0x17,
    0xE4, 0x17, 0xE4, 0x17, 0xE4, 0x17, 0xE4, 0x17, 0xE4, 0x17, 0xE4, 0x17, 0xE4, 0x17, 0xE4, 0x17,
    0xE4, 0x17, 0xE4, 0x17, 0xE4, 0x17, 0xE4, 0x17, 0xE4, 0x17, 0xE4, 0x17, 0xE4, 0x17, 0xE4, 0x17,
    0xE4, 0x17, 0xE4, 0x17, 0xE4, 0x17, 0xE4, 0x17, 0xE4, 0x17, 0xE4, 0x17, 0xE4, 0x17, 0xFF, 0xE3,
    0x17, 0xE3, 0x17, 0xE4, 0x2F, 0xE7, 0x66, 0xEC, 0xDF, 0x58, 0xFF, 0x1A, 0xF6, 0xD9, 0xE6, 0x76,
    0xEE, 0xF8, 0xDE, 0x56, 0xFF, 0x39, 0xFF, 0x3A, 0xFF, 0x19, 0xFF, 0x19, 0xFF, 0x19, 0xF7, 0x19,
    0xDE, 0x15, 0xE6, 0x77, 0xFF, 0x19, 0xF6, 0xD9, 0xE6, 0x56, 0xFE, 0xF9, 0xFF, 0x19, 0xFE, 0xF9,
    0xF7, 0x19, 0xFF, 0x19, 0xFF, 0x19, 0xFF, 0x19, 0xFF, 0x19, 0xFF, 0x3A, 0xFF, 0x5A, 0xFF, 0x5A,
    0xFF, 0x7B, 0xFF, 0x7B, 0xE6, 0x97, 0xD6, 0x15, 0xEE, 0xF8, 0xFF, 0x7A, 0xFF, 0x5A, 0xFF, 0x5A,
    0xFF, 0x7A, 0xE6, 0x77, 0xD6, 0x15, 0xFF, 0x3A, 0xFF, 0x7B, 0xD6, 0xB6, 0x7E, 0x2E, 0x47, 0xE9,
    0x1F, 0xE4, 0x17, 0xE3, 0x17, 0xE4, 0x17, 0xE4, 0x17, 0xE4, 0x17, 0xE4, 0x17, 0xE4, 0x17, 0xE4,
    0x17, 0xE4, 0x17, 0xE4, 0x17, 0xE4, 0x17, 0xE4, 0x17, 0xE4, 0x17, 0xE4, 0x17, 0xE4, 0x17, 0xFF,
    0xE4, 0x17, 0xE4, 0x17, 0xE4, 0x17, 0xE4, 0x17, 0xE4, 0x17, 0xE4, 0x17, 0xE4, 0x17, 0xE4, 0x17,
    0xE4, 0x17, 0xE4, 0x17, 0xE4, 0x17, 0xE4, 0x17, 0xE4, 0x17, 0xE4, 0x17, 0xE4, 0x17, 0xE4, 0x17,
    0xE4, 0x17, 0xE4, 0x17, 0xE4, 0x17, 0xE4, 0x17, 0xE4, 0x17, 0xE4, 0x17, 0xE4, 0x17, 0xE4, 0x17,
    0xE4, 0x17, 0xE4, 0x17, 0xE4, 0x17, 0xE4, 0x17, 0xE4, 0x17, 0xE4, 0x17, 0xE4, 0x17, 0xE4, 0x17,
    0xE4, 0x17, 0xE4, 0x17, 0xE4, 0x17, 0xE4, 0x17, 0xE4, 0x17, 0xE4, 0x17, 0xE4, 0x17, 0xE4, 0x17,
    0xE4, 0x17, 0xE4, 0x17, 0xE4, 0x17, 0xE4, 0x17, 0xE4, 0x17, 0xE4, 0x17, 0xE4, 0x17, 0xE4, 0x17,
    0xE4, 0x17, 0xE4, 0x17, 0xE4, 0x17, 0xE4, 0x17, 0xE4, 0x17, 0xE4, 0x17, 0xE4, 0x17, 0xE4, 0x17,
    0xE4, 0x17, 0xE4, 0x17, 0xE4, 0x17, 0xE4, 0x17, 0xE4, 0x17, 0xE4, 0x17, 0xE4, 0x17, 0xE4, 0x17,
    0xFF, 0xE4, 0x17, 0xE4, 0x17, 0xE4, 0x17, 0xE4, 0x17, 0xE4, 0x17, 0xE3, 0x17, 0xE3, 0x17, 0xE4,
    0x27, 0xE6, 0x4F, 0x2A, 0xBF, 0x95, 0xFF, 0x7A, 0xFF, 0x3A, 0xE6, 0x77, 0xEE, 0xD8, 0xEE, 0xB8,
    0xEE, 0xD8, 0xFF, 0x5A, 0xFF, 0x3A, 0xFF, 0x3A, 0xFF, 0x3A, 0xFF, 0x3A, 0xFF, 0x3A, 0xEE, 0xD8,
    0xDE, 0x35, 0xFF, 0x39, 0xFF, 0x19, 0xE6, 0x77, 0xF6, 0xF8, 0xFF, 0x3A, 0xFF, 0x5A, 0xFF, 0x5A,
    0xFF, 0x5A, 0xFF, 0x5A, 0xFF, 0x5A, 0xFF, 0x5A, 0xFF, 0x5A, 0xFF, 0x5A, 0xFF, 0x7A, 0xFF, 0x7A,
    0xFF, 0x7A, 0xF7, 0x39, 0xD6, 0x35, 0xD6, 0x35, 0xFF, 0x5A, 0xFF, 0x5A, 0xFF, 0x5A, 0xFF, 0x7A,
    0xFF, 0x5A, 0xCD, 0xF4, 0xE6, 0x97, 0xFF, 0x5A, 0xFF, 0x5A, 0xB6, 0x32, 0x67, 0x0C, 0x37, 0xE7,
    0x17, 0xE4, 0x17, 0xE4, 0x17, 0xE4, 0x17, 0xE4, 0x17, 0xE4, 0x17, 0xE4, 0x17, 0xE4, 0x17, 0xE4,
    0x17, 0xFF, 0xE4, 0x17, 0xE4, 0x17, 0xE4, 0x17, 0xE4, 0x17, 0xE4, 0x17, 0xE4, 0x17, 0xE4, 0x17,
    0xE4, 0x17, 0xE4, 0x17, 0xE4, 0x17, 0xE4, 0x17, 0xE4, 0x17, 0xE4, 0x17, 0xE4, 0x17, 0xE4, 0x17,
    0xE4, 0x17, 0xE4, 0x17, 0xE4, 0x17, 0xE4, 0x17, 0xE4, 0x17, 0xE4, 0x17, 0xE4, 0x17, 0xE4, 0x17,
    0xE4, 0x17, 0xE4, 0x17, 0xE4, 0x17, 0xE4, 0x17, 0xE4, 0x17, 0xE4, 0x17, 0xE4, 0x17, 0xE4, 0x17,
    0xE4, 0x17, 0xE4, 0x17, 0xE4, 0x17, 0xE4, 0x17, 0xE4, 0x17, 0xE4, 0x17, 0xE4, 0x17, 0xE4, 0x17,
    0xE4, 0x17, 0xE4, 0x17, 0xE4, 0x17, 0xE4, 0x17, 0xE4, 0x17, 0xE4, 0x17, 0xE4, 0x17, 0xE4, 0x17,
    0xE4, 0x17, 0xE4, 0x17, 0xE4, 0x17, 0xE4, 0x17, 0xE4, 0x17, 0xE4, 0x17, 0xE4, 0x17, 0xE4, 0x17,
    0xE4, 0x17, 0xE4, 0x17, 0xE4, 0x17, 0xE4, 0x17, 0xE4, 0x17, 0xE4, 0x17, 0xE4, 0x17, 0xE4, 0x17,
    0xE4, 0x17, 0xFF, 0xE4, 0x17, 0xE4, 0x17, 0xE4, 0x17, 0xE4, 0x17, 0xE4, 0x17, 0xE4, 0x1F, 0xE4,
    0x17, 0xE4, 0x17, 0xE3, 0x17, 0xE4, 0x1F, 0xE4, 0x2F, 0xE6, 0x3F, 0xE8, 0x3F, 0xE9, 0x4F, 0x4A,
    0xA6, 0xF2, 0xFF, 0x9B, 0xFF, 0x5A, 0xEE, 0xD8, 0xE6, 0x77, 0xF7, 0x19, 0xDE, 0x76, 0xF7, 0x39,
    0xFF, 0x5A, 0xFF, 0x5A, 0xFF, 0x5A, 0xFF, 0x5A, 0xFF, 0x5A, 0xFF, 0x5A, 0xFF, 0x5A, 0xDE, 0x56,
    0xEE, 0xD8, 0xFF, 0x5A, 0xEE, 0xD8, 0xE6, 0x97, 0xFF, 0x5A, 0xFF, 0x5A, 0xFF, 0x5A, 0xFF, 0x5A,
    0xFF, 0x5A, 0xFF, 0x5A, 0xFF, 0x5A, 0xFF, 0x7A, 0xFF, 0x7A, 0xFF, 0x7A, 0xFF, 0x7A, 0xFF, 0x5A,
    0xFF, 0x7B, 0xEE, 0xD8, 0xCD, 0xF4, 0xF7, 0x19, 0xFF, 0x7A, 0xFF, 0x5A, 0xFF, 0x5A, 0xFF, 0x7A,
    0xEE, 0xD8, 0xCD, 0xD4, 0xF7, 0x19, 0xFF, 0x1A, 0xE6, 0xB8, 0x85, 0xEE, 0x4F, 0xEA, 0x1F, 0xE5,
    0x17, 0xE4, 0x17, 0xFF, 0xE4, 0x17, 0xE4, 0x17, 0xE4, 0x17, 0xE4, 0x17, 0xE4, 0x17, 0xE4, 0x17,
    0xE4, 0x17, 0xE4, 0x17, 0xE4, 0x17, 0xE4, 0x17, 0xE4, 0x17, 0xE4, 0x17, 0xE4, 0x17, 0xE4, 0x17,
    0xE4, 0x17, 0xE4, 0x17, 0xE4, 0x17, 0xE4, 0x17, 0xE4, 0x17, 0xE4, 0x17, 0xE4, 0x17, 0xE4, 0x17,
    0xE4, 0x17, 0xE4, 0x17, 0xE4, 0x17, 0xE4, 0x17, 0xE4, 0x17, 0xE4, 0x17, 0xE4, 0x17, 0xE4, 0x17,
    0xE4, 0x17, 0xE4, 0x17, 0xE4, 0x17, 0xE4, 0x17, 0xE4, 0x17, 0xE4, 0x17, 0xE4, 0x17, 0xE4, 0x17,
    0xE4, 0x17, 0xE4, 0x17, 0xE4, 0x17, 0xE4, 0x17, 0xE4, 0x17, 0xE4, 0x17, 0xE4, 0x17, 0xE4, 0x17,
    0xE4, 0x17, 0xE4, 0x17, 0xE4, 0x17, 0xE4, 0x17, 0xE4, 0x17, 0xE4, 0x17, 0xE4, 0x17, 0xE4, 0x17,
    0xE4, 0x17, 0xE4, 0x17, 0xE4, 0x17, 0xE4, 0x17, 0xE4, 0x17, 0xE4, 0x17, 0xE4, 0x17, 0xE4, 0x17,
    0xE4, 0x17, 0xE4, 0x17, 0xFF, 0xE4, 0x17, 0xE4, 0x17, 0xE4, 0x17, 0xE4, 0x17, 0xE4, 0x17, 0xE4,
    0x17, 0xE4, 0x17, 0xE4, 0x17, 0xE4, 0x17, 0xE4, 0x17, 0xE4, 0x17, 0xE4, 0x1F, 0xE4, 0x17, 0xE4,
    0x1F, 0xE5, 0x27, 0xE5, 0x37, 0xE8, 0x4E, 0xEA, 0x76, 0x4E, 0x75, 0xED, 0x85, 0xCF, 0xEF, 0x79,
    0xFF, 0x7B, 0xFF, 0x3A, 0xDE, 0x56, 0xF7, 0x19, 0xEE, 0xD8, 0xE6, 0x97, 0xFF, 0x7A, 0xFF, 0x5A,
    0xFF, 0x5A, 0xF7, 0x19, 0xFF, 0x5A, 0xFF, 0x5A, 0xFF, 0x5A, 0xFF, 0x7A, 0xEE, 0xD8, 0xD5, 0xF4,
    0xFF, 0x39, 0xFF, 0x39, 0xE6, 0x76, 0xFF, 0x39, 0xFF, 0x5A, 0xFF, 0x5A, 0xF7, 0x19, 0xFF, 0x5A,
    0xFF, 0x5A, 0xFF, 0x5A, 0xFF, 0x7A, 0xFF, 0x7A, 0xFF, 0x7A, 0xFF, 0x7A, 0xFF, 0x7A, 0xFF, 0x7A,
    0xFF, 0x5A, 0xCD, 0xF4, 0xDE, 0x56, 0xFF, 0x7A, 0xFF, 0x5A, 0xFF, 0x5A, 0xFF, 0x7A, 0xFF, 0x7A,
    0xD5, 0xF5, 0xDE, 0x36, 0xFE, 0xFF, 0xD9, 0xFE, 0xF9, 0xC6, 0x13, 0x66, 0xAC, 0x2F, 0xE8, 0x17,
    0xE4, 0x17, 0xE4, 0x17, 0xE4, 0x17, 0xE4, 0x17, 0xE4, 0x17, 0xE4, 0x17, 0xE4, 0x17, 0xE4, 0x17,
    0xE4, 0x17, 0xE4, 0x17, 0xE4, 0x17, 0xE4, 0x17, 0xE4, 0x17, 0xE4, 0x17, 0xE4, 0x17, 0xE4, 0x17,
    0xE4, 0x17, 0xE4, 0x17, 0xE4, 0x17, 0xE4, 0x17, 0xE4, 0x17, 0xE4, 0x17, 0xE4, 0x17, 0xE4, 0x17,
    0xE4, 0x17, 0xE4, 0x17, 0xE4, 0x17, 0xE4, 0x17, 0xE4, 0x17, 0xE4, 0x17, 0xE4, 0x17, 0xE4, 0x17,
    0xE4, 0x17, 0xE4, 0x17, 0xE4, 0x17, 0xE4, 0x17, 0xE4, 0x17, 0xE4, 0x17, 0xE4, 0x17, 0xE4, 0x17,
    0xE4, 0x17, 0xE4, 0x17, 0xE4, 0x17, 0xE4, 0x17, 0xE4, 0x17, 0xE4, 0x17, 0xE4, 0x17, 0xE4, 0x17,
    0xE4, 0x17, 0xE4, 0x17, 0xE4, 0x17, 0xE4, 0x17, 0xE4, 0x17, 0xE4, 0x17, 0xE4, 0x17, 0xE4, 0x17,
    0xE4, 0x17, 0xE4, 0x17, 0xE4, 0x17, 0xFF, 0xE4, 0x17, 0xE4, 0x17, 0xE4, 0x17, 0xE4, 0x17, 0xE4,
    0x17, 0xE4, 0x17, 0xE4, 0x17, 0xE4, 0x17, 0xE4, 0x17, 0xE4, 0x17, 0xE4, 0x17, 0xE4, 0x17, 0xE4,
    0x17, 0xE4, 0x17, 0xE4, 0x17, 0xE4, 0x17, 0xE4, 0x17, 0xE4, 0x17, 0xE4, 0x1F, 0xE5, 0x2F, 0xE7,
    0x3F, 0x09, 0x66, 0x4E, 0xAE, 0xF6, 0xDF, 0x1A, 0xC6, 0x15, 0xD6, 0x77, 0xFF, 0x9B, 0xFF, 0x7A,
    0xE6, 0xB8, 0xE6, 0x97, 0xFF, 0x9B, 0xE6, 0x97, 0xF6, 0xF8, 0xFF, 0x7A, 0xFF, 0x5A, 0xFF, 0x5A,
    0xE6, 0x97, 0xFF, 0x5A, 0xFF, 0x5A, 0xFF, 0x5A, 0xFF, 0x5A, 0xFF, 0x5A, 0xDE, 0x35, 0xDE, 0x36,
    0xFF, 0x5A, 0xF6, 0xF8, 0xEE, 0xB7, 0xFF, 0x5A, 0xFF, 0x7A, 0xEE, 0xD8, 0xFF, 0x3A, 0xFF, 0x7A,
    0xFF, 0x5A, 0xFF, 0x7A, 0xFF, 0x7A, 0xFF, 0x7A, 0xFF, 0x7A, 0xFF, 0x7A, 0xFF, 0x7A, 0xFF, 0x9A,
    0xE6, 0xB7, 0xC5, 0xB3, 0xFF, 0x39, 0xFF, 0xFF, 0x5A, 0xFF, 0x5A, 0xFF, 0x3A, 0xFF, 0x3A, 0xEE,
    0x97, 0xD5, 0x93, 0xF6, 0x98, 0xFE, 0xD9, 0xF6, 0xB8, 0x8E, 0x10, 0x47, 0xEA, 0x1F, 0xE5, 0x17,
    0xE4, 0x17, 0xE4, 0x17, 0xE4, 0x17, 0xE4, 0x17, 0xE4, 0x17, 0xE4, 0x17, 0xE4, 0x17, 0xE4, 0x17,
    0xE4, 0x17, 0xE4, 0x17, 0xE4, 0x17, 0xE4, 0x17, 0xE4, 0x17, 0xE4, 0x17, 0xE4, 0x17, 0xE4, 0x17,
    0xE4, 0x17, 0xE4, 0x17, 0xE4, 0x17, 0xE4, 0x17, 0xE4, 0x17, 0xE4, 0x17, 0xE4, 0x17, 0xE4, 0x17,
    0xE4, 0x17, 0xE4, 0x17, 0xE4, 0x17, 0xE4, 0x17, 0xE4, 0x17, 0xE4, 0x17, 0xE4, 0x17, 0xE4, 0x17,
    0xE4, 0x17, 0xE4, 0x17, 0xE4, 0x17, 0xE4, 0x17, 0xE4, 0x17, 0xE4, 0x17, 0xE4, 0x17, 0xE4, 0x17,
    0xE4, 0x17, 0xE4, 0x17, 0xE4, 0x17, 0xE4, 0x17, 0xE4, 0x17, 0xE4, 0x17, 0xE4, 0x17, 0xE4, 0x17,
    0xE4, 0x17, 0xE4, 0x17, 0xE4, 0x17, 0xE4, 0x17, 0xFF, 0xE4, 0x17, 0xE4, 0x17, 0xE4, 0x17, 0xE4,
    0x17, 0xE4, 0x17, 0xE4, 0x17, 0xE4, 0x17, 0xE4, 0x17, 0xE4, 0x17, 0xE4, 0x17, 0xE4, 0x17, 0xE4,
    0x17, 0xE4, 0x17, 0xE4, 0x17, 0xE4, 0x17, 0xE4, 0x17, 0xE4, 0x17, 0xE4, 0x17, 0xE4, 0x17, 0xE4,
    0x17, 0xE4, 0x17, 0xE4, 0x17, 0xE4, 0x17, 0xE3, 0x17, 0xE5, 0x2F, 0xE8, 0x5E, 0xAC, 0xA6, 0xB4,
    0xD7, 0x1A, 0xF7, 0xBE, 0xF7, 0x5D, 0xD6, 0x58, 0xFF, 0x3B, 0xFF, 0x5A, 0xFF, 0x5A, 0xD6, 0x15,
    0xF7, 0x39, 0xFF, 0x7A, 0xE6, 0x97, 0xFF, 0x5A, 0xFF, 0x5A, 0xFF, 0x5A, 0xFF, 0x5A, 0xE6, 0x77,
    0xFF, 0x7A, 0xFF, 0x7A, 0xFF, 0x5A, 0xFF, 0x5A, 0xFF, 0x7A, 0xF7, 0x19, 0xD5, 0xF5, 0xE6, 0x97,
    0xFF, 0x5A, 0xE6, 0x76, 0xF6, 0xF8, 0xFF, 0x7A, 0xEE, 0xB7, 0xFF, 0x39, 0xFF, 0x7A, 0xFF, 0x5A,
    0xFF, 0x7A, 0xFF, 0x7A, 0xFF, 0x7A, 0xFF, 0x5A, 0xFF, 0xFF, 0x5A, 0xFF, 0x7A, 0xFF, 0x7A, 0xFF,
    0x39, 0xCD, 0x93, 0xEE, 0x97, 0xFF, 0x1A, 0xFF, 0x19, 0xFE, 0xF9, 0xFE, 0xF9, 0xFE, 0xD8, 0xCD,
    0x93, 0xEE, 0x36, 0xFE, 0xD9, 0xFE, 0xFA, 0xB6, 0x13, 0x67, 0x2C, 0x47, 0xE9, 0x3F, 0xE9, 0x37,
    0xE8, 0x2F, 0xE7, 0x1F, 0xE5, 0x17, 0xE4, 0x17, 0xE4, 0x17, 0xE4, 0x17, 0xE3, 0x17, 0xE4, 0x17,
    0xE4, 0x17, 0xE4, 0x17, 0xE4, 0x17, 0xE4, 0x17, 0xE4, 0x17, 0xE4, 0x17, 0xE4, 0x17, 0xE4, 0x17,
    0xE4, 0x17, 0xE4, 0x17, 0xE4, 0x17, 0xE4, 0x17, 0xE4, 0x17, 0xE4, 0x17, 0xE4, 0x17, 0xE4, 0x17,
    0xE4, 0x17, 0xE4, 0x17, 0xE4, 0x17, 0xE4, 0x17, 0xE4, 0x17, 0xE4, 0x17, 0xE4, 0x17, 0xE4, 0x17,
    0xE4, 0x17, 0xE4, 0x17, 0xE4, 0x17, 0xE4, 0x17, 0xE4, 0x17, 0xE4, 0x17, 0xE4, 0x17, 0xE4, 0x17,
    0xE4, 0x17, 0xE4, 0x17, 0xE4, 0x17, 0xE4, 0x17, 0xE4, 0x17, 0xFF, 0xE4, 0x17, 0xE4, 0x17, 0xE4,
    0x17, 0xE4, 0x17, 0xE4, 0x17, 0xE4, 0x17, 0xE4, 0x17, 0xE4, 0x17, 0xE4, 0x17, 0xE4, 0x17, 0xE4,
    0x17, 0xE4, 0x17, 0xE4, 0x17, 0xE4, 0x17, 0xE4, 0x17, 0xE4, 0x17, 0xE4, 0x17, 0xE4, 0x17, 0xE4,
    0x17, 0xE4, 0x17, 0xE4, 0x17, 0xE4, 0x17, 0xE4, 0x17, 0xE4, 0x17, 0xE4, 0x17, 0xE4, 0x17, 0xE4,
    0x17, 0xE4, 0x17, 0xE4, 0x1F, 0xE4, 0x37, 0xE8, 0x56, 0x8C, 0xB6, 0xD6, 0xF7, 0xBE, 0xFF, 0xDF,
    0xFF, 0xDF, 0xEE, 0xBB, 0xDE, 0x59, 0xFF, 0x3B, 0xFF, 0x1A, 0xEE, 0x97, 0xDE, 0x15, 0xFF, 0x7A,
    0xF6, 0xF8, 0xEE, 0xB8, 0xFF, 0x7A, 0xFF, 0x7A, 0xFF, 0x7A, 0xF7, 0x19, 0xE6, 0x76, 0xFF, 0x7A,
    0xFF, 0x7A, 0xFF, 0x5A, 0xFF, 0x7A, 0xFF, 0x5A, 0xFF, 0x7A, 0xEE, 0xF8, 0xCD, 0xD4, 0xE6, 0x97,
    0xFF, 0x3A, 0xE6, 0x76, 0xF7, 0x19, 0xEE, 0xB7, 0xFF, 0x39, 0xFF, 0xFF, 0x7A, 0xFF, 0x5A, 0xFF,
    0x5A, 0xFF, 0x7A, 0xFF, 0x7A, 0xFF, 0x39, 0xF7, 0x19, 0xFF, 0x5A, 0xFF, 0x3A, 0xFF, 0x3A, 0xD5,
    0xD4, 0xD5, 0xD4, 0xFE, 0xF9, 0xFE, 0xD8, 0xFE, 0xD8, 0xF6, 0xD8, 0xFE, 0xD9, 0xE6, 0x15, 0xD5,
    0xB4, 0xFE, 0xD9, 0xFE, 0xBA, 0xC5, 0xD6, 0x75, 0x4E, 0x76, 0x0E, 0x7E, 0x0F, 0x6E, 0x4E, 0x5F,
    0x2C, 0x47, 0xEA, 0x2F, 0xE6, 0x27, 0xE5, 0x17, 0xE4, 0x17, 0xE4, 0x17, 0xE3, 0x17, 0xE4, 0x17,
    0xE4, 0x17, 0xE4, 0x17, 0xE4, 0x17, 0xE4, 0x17, 0xE4, 0x17, 0xE4, 0x17, 0xE4, 0x17, 0xE4, 0x17,
    0xE4, 0x17, 0xE4, 0x17, 0xE4, 0x17, 0xE4, 0x17, 0xE4, 0x17, 0xE4, 0x17, 0xE4, 0x17, 0xE4, 0x17,
    0xE4, 0x17, 0xE4, 0x17, 0xE4, 0x17, 0xE4, 0x17, 0xE4, 0x17, 0xE4, 0x17, 0xE4, 0x17, 0xE4, 0x17,
    0xE4, 0x17, 0xE4, 0x17, 0xE4, 0x17, 0xE4, 0x17, 0xE4, 0x17, 0xE4, 0x17, 0xCE, 0xE4, 0x17, 0xE4,
    0x17, 0xE4, 0x17, 0xE4, 0x17, 0xE4, 0x17, 0xE4, 0x17, 0xE4, 0x17, 0xE4, 0x17, 0xE4, 0x17, 0xE4,
    0x17, 0xE4, 0x17, 0xE4, 0x17, 0xE4, 0x17, 0xE4, 0x17, 0xE4, 0x17, 0xE4, 0x17, 0xE4, 0x17, 0xE4,
    0x17, 0xE4, 0x17, 0xE4, 0x17, 0xE4, 0x17, 0xE4, 0x17, 0xE4, 0x17, 0xE4, 0x17, 0xE4, 0x17, 0xE4,
    0x17, 0xE4, 0x17, 0xE4, 0x17, 0xE4, 0x17, 0xE4, 0x17, 0xE4, 0x17, 0xE4, 0x17, 0xE4, 0x17, 0xE4,
    0x17, 0xE4, 0x27, 0xE5, 0x56, 0xEB, 0xAE, 0xB6, 0xE7, 0x7C, 0xFF, 0xFE, 0x03, 0xFF, 0xFF, 0xBE,
    0xDE, 0x38, 0xEE, 0xB9, 0xFE, 0xFA, 0xFE, 0xF9, 0xDD, 0xF5, 0xE6, 0x97, 0xFF, 0x7A, 0xE6, 0x97,
    0xF6, 0xF9, 0xFF, 0x5A, 0xFF, 0x5A, 0xFF, 0x7A, 0xEE, 0xD8, 0xEE, 0xB7, 0xFF, 0x7A, 0xFF, 0x5A,
    0xFF, 0x5A, 0xFF, 0x5A, 0xFF, 0x5A, 0xFF, 0x5A, 0xFF, 0x5A, 0xEE, 0xB8, 0xD5, 0xD4, 0xE6, 0x77,
    0xF7, 0x19, 0xE6, 0x77, 0xDE, 0x36, 0xFF, 0x5A, 0xFF, 0x7A, 0xFF, 0x5A, 0xFF, 0x5A, 0xFF, 0x3A,
    0xFF, 0x5A, 0xF6, 0xF9, 0xEE, 0xB8, 0xFF, 0x19, 0xFE, 0xF9, 0xFE, 0xF9, 0xE6, 0x36, 0xCD, 0x93,
    0xFE, 0xD8, 0xFE, 0xD8, 0xFE, 0xD8, 0xF6, 0xD8, 0xFE, 0xD9, 0xEE, 0x97, 0xCD, 0x73, 0xE6, 0x16,
    0xD5, 0x96, 0xC5, 0x56, 0xB5, 0x75, 0xCE, 0x99, 0xE7, 0x1C, 0xCE, 0x99, 0x95, 0xB2, 0x6E, 0x0E,
    0x5F, 0x2C, 0x47, 0xE9, 0x27, 0xE5, 0x17, 0xE4, 0x17, 0xE4, 0x17, 0xE4, 0x17, 0xE4, 0x17, 0xFF,
    0xE4, 0x17, 0xE4, 0x17, 0xE4, 0x17, 0xE4, 0x17, 0xE4, 0x17, 0xE4, 0x17, 0xE4, 0x17, 0xE4, 0x17,
    0xE4, 0x17, 0xE4, 0x17, 0xE4, 0x17, 0xE4, 0x17, 0xE4, 0x17, 0xE4, 0x17, 0xE4, 0x17, 0xE4, 0x17,
    0xE4, 0x17, 0xE4, 0x17, 0xE4, 0x17, 0xE4, 0x17, 0xE4, 0x17, 0xE4, 0x17, 0xE4, 0x17, 0xE4, 0x17,
    0xE4, 0x17, 0xE4, 0x17, 0xE4, 0x17, 0xE4, 0x17, 0xE4, 0x17, 0xE4, 0x17, 0xE4, 0x17, 0xE4, 0x17,
    0xE4, 0x17, 0xE4, 0x17, 0xE4, 0x17, 0xE4, 0x17, 0xE4, 0x17, 0xE4, 0x17, 0xE4, 0x17, 0xE4, 0x17,
    0xE4, 0x17, 0xE4, 0x17, 0xE4, 0x17, 0xE4, 0x17, 0xE4, 0x17, 0xE4, 0x17, 0xE4, 0x17, 0xE4, 0x17,
    0xE4, 0x17, 0xE4, 0x17, 0xE4, 0x17, 0xE4, 0x17, 0xE4, 0x17, 0xE4, 0x17, 0xE4, 0x17, 0xE4, 0x17,
    0xE4, 0x17, 0xE4, 0x17, 0xE4, 0x17, 0xE4, 0x17, 0xE4, 0x17, 0xE4, 0x17, 0xE4, 0x17, 0xE4, 0x27,
    0x88, 0xE6, 0x97, 0x13, 0xEF, 0x5D, 0xFF, 0xBF, 0xFF, 0xDF, 0x02, 0xFF, 0xFF, 0xEF, 0x5C, 0xDE,
    0x38, 0xF6, 0xFA, 0xFE, 0xD9, 0xF6, 0xB8, 0xD5, 0x93, 0xF6, 0xF9, 0xF7, 0x39, 0xE6, 0x76, 0xFF,
    0x19, 0xFF, 0x1A, 0xFF, 0x3A, 0xFF, 0x3A, 0xDE, 0x35, 0xD5, 0xF5, 0xF6, 0xF9, 0xFF, 0x3A, 0xFF,
    0x3A, 0xFF, 0x1A, 0xFF, 0x1A, 0xFF, 0x1A, 0xFF, 0x1A, 0xFF, 0x1A, 0xEE, 0x97, 0xD5, 0xD4, 0xDE,
    0x16, 0xE6, 0x57, 0xD5, 0xF5, 0xEE, 0xB8, 0xFF, 0x3A, 0xFF, 0x3A, 0xFF, 0x19, 0xFF, 0x19, 0xFF,
    0x19, 0xEE, 0x97, 0xE6, 0x77, 0xFE, 0xF9, 0xF6, 0xD9, 0xFE, 0xD9, 0xF6, 0x98, 0xCD, 0x73, 0xF6,
    0xB8, 0xFE, 0xF9, 0xF6, 0xD8, 0xF6, 0xD8, 0xF6, 0xD9, 0xF6, 0xB8, 0xCD, 0x74, 0xBC, 0xF2, 0xDE,
    0x38, 0xF7, 0x1C, 0xF7, 0x5D, 0xFF, 0x9E, 0xFF, 0xDF, 0xFF, 0xBF, 0xE6, 0xFC, 0xBD, 0xF7, 0x95,
    0x72, 0x66, 0xAD, 0x37, 0xE8, 0x17, 0xE4, 0x17, 0xE3, 0x17, 0xE4, 0x17, 0xE3, 0xFF, 0x17, 0xE4,
    0x17, 0xE4, 0x17, 0xE4, 0x17, 0xE4, 0x17, 0xE4, 0x17, 0xE4, 0x17, 0xE4, 0x17, 0xE4, 0x17, 0xE4,
    0x17, 0xE4, 0x17, 0xE4, 0x17, 0xE4, 0x17, 0xE4, 0x17, 0xE4, 0x17, 0xE4, 0x17, 0xE4, 0x17, 0xE4,
    0x17, 0xE4, 0x17, 0xE4, 0x17, 0xE4, 0x17, 0xE4, 0x17, 0xE4, 0x17, 0xE4, 0x17, 0xE4, 0x17, 0xE4,
    0x17, 0xE4, 0x17, 0xE4, 0x17, 0xE4, 0x17, 0xE4, 0x17, 0xE4, 0x17, 0xE4, 0x17, 0xE4, 0x17, 0xE4,
    0x17, 0xE4, 0x17, 0xE4, 0x17, 0xE4, 0x17, 0xE4, 0x17, 0xE4, 0x17, 0xE4, 0x17, 0xE4, 0x17, 0xE4,
    0x17, 0xE4, 0x17, 0xE4, 0x17, 0xE4, 0x17, 0xE4, 0x17, 0xE4, 0x17, 0xE4, 0x17, 0xE4, 0x17, 0xE4,
    0x17, 0xE4, 0x17, 0xE4, 0x17, 0xE4, 0x17, 0xE4, 0x17, 0xE4, 0x17, 0xE4, 0x17, 0xE4, 0x17, 0xE4,
    0x17, 0xE4, 0x17, 0xE4, 0x17, 0xE4, 0x17, 0xE4, 0x17, 0xE4, 0x17, 0xE4, 0x17, 0xE4, 0x87, 0x27,
    0xE6, 0xAF, 0x55, 0xF7, 0x3D, 0xFF, 0xDF, 0x04, 0xFF, 0xDF, 0xDE, 0xBA, 0xDE, 0x78, 0xF6, 0xF9,
    0xFE, 0xF9, 0xEE, 0x57, 0xD5, 0x94, 0xFE, 0xF9, 0xF6, 0xD8, 0xE6, 0x77, 0xFE, 0xF9, 0xFE, 0xF9,
    0xF6, 0xD9, 0xE6, 0x36, 0xC5, 0x52, 0xDE, 0x15, 0xF6, 0xD8, 0xF6, 0xF9, 0xFE, 0xF9, 0xFE, 0xF9,
    0xFE, 0xF9, 0xFE, 0xF9, 0xFE, 0xF9, 0xFE, 0xF9, 0xFE, 0xF9, 0xEE, 0x98, 0xDD, 0xF5, 0xCD, 0x93,
    0xCD, 0x73, 0xCD, 0x93, 0xDE, 0x15, 0xDE, 0x15, 0xDE, 0x15, 0xEE, 0x77, 0xFE, 0xF9, 0xEE, 0x77,
    0xEE, 0x57, 0xFE, 0xD9, 0xFE, 0xD9, 0xFE, 0xD9, 0xF6, 0xB8, 0xD5, 0x93, 0xEE, 0x77, 0xFE, 0xD8,
    0xFE, 0xD8, 0xF6, 0xD8, 0xFE, 0xD9, 0xFE, 0xF9, 0xDE, 0x16, 0x02, 0xD5, 0x89, 0xF7, 0x3C, 0xFF,
    0xBE, 0xFF, 0xDE, 0xFF, 0xDF, 0xFF, 0xDF, 0x03, 0xFF, 0xFF, 0xDF, 0xF7, 0x7E, 0xDE, 0x9A, 0x7D,
    0x90, 0x57, 0x8C, 0x27, 0xE6, 0x17, 0xE4, 0x17, 0xE3, 0x17, 0xE4, 0x17, 0xE4, 0x17, 0xE4, 0x17,
    0xE4, 0x17, 0xE4, 0x17, 0xE4, 0x17, 0xE4, 0x17, 0xE4, 0x17, 0xE4, 0x17, 0xE4, 0x17, 0xE4, 0x17,
    0xE4, 0x17, 0xE4, 0x17, 0xE4, 0x17, 0xE4, 0x17, 0xE4, 0x17, 0xE4, 0x17, 0xE4, 0x17, 0xE4, 0x17,
    0xE4, 0x17, 0xE4, 0x17, 0xE4, 0x17, 0xE4, 0x17, 0xE4, 0x17, 0xE4, 0x17, 0xE4, 0x17, 0xE4, 0x17,
    0xE4, 0x17, 0xE4, 0x17, 0xE4, 0x17, 0xE4, 0x17, 0xE4, 0x17, 0xE4, 0x17, 0xE4, 0x17, 0xE4, 0x17,
    0xE4, 0x17, 0xE4, 0x17, 0xE4, 0x17, 0xE4, 0x17, 0xE4, 0x17, 0xE4, 0x17, 0xE4, 0x17, 0xE4, 0x17,
    0xE4, 0x17, 0xE4, 0x17, 0xE4, 0x17, 0xE4, 0x17, 0xE4, 0x17, 0xE4, 0x17, 0xE4, 0x17, 0xE4, 0x17,
    0xE4, 0x17, 0xE4, 0x17, 0xE4, 0x17, 0xE4, 0x17, 0xE4, 0x17, 0x98, 0xE4, 0x17, 0xE4, 0x17, 0xE4,
    0x17, 0xE4, 0x17, 0xE4, 0x17, 0xE4, 0x17, 0xE4, 0x17, 0xE4, 0x17, 0xE4, 0x1F, 0xA6, 0x96, 0x92,
    0xEE, 0xFC, 0xFF, 0x7E, 0x04, 0xFF, 0xE7, 0xD6, 0x58, 0xEE, 0xB9, 0xF6, 0xD9, 0xFE, 0xF9, 0xDD,
    0xF5, 0xD5, 0xB4, 0xFE, 0xF9, 0xEE, 0x77, 0xEE, 0x77, 0xFE, 0xF9, 0xFE, 0xD9, 0xE6, 0x36, 0xE6,
    0x16, 0xDD, 0xF5, 0xF6, 0x98, 0xF6, 0xD9, 0xF6, 0xD9, 0xFE, 0xD9, 0xFE, 0xD9, 0xFE, 0xD9, 0xFE,
    0xD9, 0xFE, 0xD9, 0xFE, 0xD9, 0xFE, 0xF9, 0xFE, 0xD9, 0xF6, 0xB8, 0xCD, 0x93, 0xC5, 0x32, 0xE6,
    0x56, 0xE6, 0x36, 0xE6, 0x56, 0xEE, 0x57, 0xDE, 0x15, 0xE6, 0x36, 0xEE, 0x77, 0xEE, 0x57, 0xFE,
    0xD9, 0xFE, 0xD9, 0xFE, 0xD9, 0xF6, 0xB8, 0xD5, 0x93, 0xE6, 0x36, 0xFE, 0xD8, 0xFE, 0xD8, 0xFE,
    0xD8, 0xFE, 0xD9, 0xFE, 0xD9, 0xEE, 0x98, 0xEE, 0xD9, 0xFF, 0xBE, 0xFF, 0xDE, 0xFF, 0xFE, 0x0A,
    0xFF, 0xFF, 0xF7, 0x3D, 0xAD, 0x95, 0x6D, 0xCF, 0x4F, 0xEB, 0x1F, 0xE6, 0x17, 0xE3, 0x17, 0xE4,
    0x17, 0xE4, 0x17, 0xE4, 0x17, 0xE4, 0x17, 0xE4, 0x17, 0xE4, 0x17, 0xE4, 0x17, 0xE4, 0x17, 0xE4,
    0x17, 0xE4, 0x17, 0xE4, 0x17, 0xE4, 0x17, 0xE4, 0x17, 0xE4, 0x17, 0xE4, 0x17, 0xE4, 0x17, 0xE4,
    0x17, 0xE4, 0x17, 0xE4, 0x17, 0xE4, 0x17, 0xE4, 0x17, 0xE4, 0x17, 0xE4, 0x17, 0xE4, 0x17, 0xE4,
    0x17, 0xE4, 0x17, 0xE4, 0x17, 0xE4, 0x17, 0xE4, 0x17, 0xE4, 0x17, 0xE4, 0x17, 0xE4, 0x17, 0xE4,
    0x17, 0xE4, 0x17, 0xE4, 0x17, 0xE4, 0x17, 0xE4, 0x17, 0xE4, 0x17, 0xE4, 0x17, 0xE4, 0x17, 0xE4,
    0x17, 0xE4, 0x17, 0xE4, 0x17, 0xE4, 0x17, 0xE4, 0x17, 0xE4, 0x17, 0xE4, 0x17, 0xE4, 0x17, 0xE4,
    0x17, 0xE4, 0x17, 0xE4, 0x17, 0xE4, 0x17, 0xE4, 0x17, 0xE4, 0x17, 0xE4, 0x17, 0xE4, 0x17, 0xE4,
    0x17, 0xE4, 0xFF, 0x17, 0xE4, 0x17, 0xE4, 0x17, 0xE4, 0x17, 0xE4, 0x17, 0xE4, 0x17, 0xE4, 0x17,
    0xE4, 0x37, 0x87, 0xB6, 0xF6, 0xEE, 0xDC, 0xF7, 0x1D, 0xFF, 0xBE, 0xFF, 0x7D, 0xDE, 0x58, 0xF6,
    0xDA, 0xF6, 0xD9, 0xFE, 0xD9, 0xD5, 0x94, 0xE6, 0x16, 0xFE, 0xD9, 0xE6, 0x36, 0xF6, 0x98, 0xFE,
    0xD9, 0xF6, 0xB9, 0xF6, 0x98, 0xF6, 0xB8, 0xD5, 0xB4, 0xF6, 0xB8, 0xFE, 0xD9, 0xFE, 0xD9, 0xFE,
    0xF9, 0xFE, 0xF9, 0xFE, 0xD9, 0xFE, 0xD8, 0xF6, 0xD9, 0xFE, 0xD8, 0xF6, 0xD8, 0xFE, 0xD8, 0xFE,
    0xF9, 0xD5, 0xD4, 0xC5, 0x52, 0xF6, 0xB8, 0xF6, 0xB8, 0xF6, 0xB8, 0xF6, 0xB8, 0xF6, 0xB8, 0xEE,
    0x36, 0xDD, 0xB4, 0xEE, 0x57, 0xFE, 0xD9, 0xFE, 0xD9, 0xFE, 0xD9, 0xF6, 0xB8, 0xDD, 0xB4, 0xE5,
    0xF5, 0xFE, 0xD8, 0xFE, 0xD8, 0xFE, 0xD8, 0xFE, 0xD9, 0xFE, 0xD9, 0xF6, 0xD9, 0xF7, 0x1A, 0xFF,
    0xDE, 0xFF, 0xFE, 0x0D, 0xFF, 0xFF, 0xDF, 0xEF, 0x3D, 0xAD, 0xD5, 0x66, 0xAD, 0x2F, 0xE7, 0x0F,
    0xE3, 0x17, 0xE4, 0x17, 0xE4, 0x17, 0xE4, 0x17, 0xE4, 0x17, 0xE4, 0x17, 0xE4, 0x17, 0xE4, 0x17,
    0xE4, 0x17, 0xE4, 0x17, 0xE4, 0x17, 0xE4, 0x17, 0xE4, 0x17, 0xE4, 0x17, 0xE4, 0x17, 0xE4, 0x17,
    0xE4, 0x17, 0xE4, 0x17, 0xE4, 0x17, 0xE4, 0x17, 0xE4, 0x17, 0xE4, 0x17, 0xE4, 0x17, 0xE4, 0x17,
    0xE4, 0x17, 0xE4, 0x17, 0xE4, 0x17, 0xE4, 0x17, 0xE4, 0x17, 0xE4, 0x17, 0xE4, 0x17, 0xE4, 0x17,
    0xE4, 0x17, 0xE4, 0x17, 0xE4, 0x17, 0xE4, 0x17, 0xE4, 0x17, 0xE4, 0x17, 0xE4, 0x17, 0xE4, 0x17,
    0xE4, 0x17, 0xE4, 0x17, 0xE4, 0x17, 0xE4, 0x17, 0xE4, 0x17, 0xE4, 0x17, 0xE4, 0x17, 0xE4, 0x17,
    0xE4, 0x17, 0xE4, 0x17, 0xE4, 0x17, 0xE4, 0x17, 0xE4, 0x17, 0xE4, 0x17, 0xE4, 0x17, 0xE4, 0x17,
    0xE4, 0x17, 0xE4, 0x17, 0xE4, 0x17, 0xFF, 0xE4, 0x17, 0xE4, 0x17, 0xE4, 0x17, 0xE4, 0x17, 0xE4,
    0x17, 0xE3, 0x17, 0xE4, 0x37, 0xC7, 0xB7, 0x76, 0xEE, 0xDB, 0xEE, 0xDB, 0xF7, 0x3C, 0xE6, 0xDB,
    0xDE, 0x58, 0xF6, 0xFA, 0xFE, 0xD9, 0xF6, 0xB9, 0xCD, 0x73, 0xEE, 0x57, 0xF6, 0x98, 0xE6, 0x16,
    0xFE, 0xD9, 0xFE, 0xD9, 0xFE, 0xD9, 0xFE, 0xF9, 0xE6, 0x36, 0xCD, 0x53, 0xFE, 0xD9, 0xFE, 0xD9,
    0xFE, 0xD9, 0xFE, 0xD9, 0xFE, 0xD9, 0xFE, 0xD8, 0xF6, 0xD8, 0xFE, 0xD8, 0xF6, 0xD8, 0xFE, 0xD8,
    0xFE, 0xD8, 0xFE, 0xD9, 0xD5, 0xB4, 0xCD, 0x73, 0xF6, 0xB8, 0xF6, 0xB8, 0xF6, 0xB8, 0xF6, 0xB8,
    0xF6, 0xB8, 0xFE, 0xB8, 0xDD, 0xD5, 0xE6, 0x36, 0xFE, 0xD9, 0xFE, 0xD9, 0xFE, 0xD9, 0xF6, 0xB8,
    0xDD, 0xD4, 0xDD, 0xD4, 0xFE, 0xD8, 0xFE, 0xD8, 0xFE, 0xD8, 0xFE, 0xD9, 0xFE, 0xD9, 0xF6, 0xD9,
    0xF6, 0xFA, 0xFF, 0xDE, 0xFF, 0xFE, 0xFF, 0x0E, 0xFF, 0xFF, 0x7E, 0xD6, 0x59, 0x7E, 0x4F, 0x2F,
    0xE7, 0x0F, 0xE4, 0x17, 0xE4, 0x17, 0xE4, 0x17, 0xE4, 0x17, 0xE4, 0x17, 0xE4, 0x17, 0xE4, 0x17,
    0xE4, 0x17, 0xE4, 0x17, 0xE4, 0x17, 0xE4, 0x17, 0xE4, 0x17, 0xE4, 0x17, 0xE4, 0x17, 0xE4, 0x17,
    0xE4, 0x17, 0xE4, 0x17, 0xE4, 0x17, 0xE4, 0x17, 0xE4, 0x17, 0xE4, 0x17, 0xE4, 0x17, 0xE4, 0x17,
    0xE4, 0x17, 0xE4, 0x17, 0xE4, 0x17, 0xE4, 0x17, 0xE4, 0x17, 0xE4, 0x17, 0xE4, 0x17, 0xE4, 0x17,
    0xE4, 0x17, 0xE4, 0x17, 0xE4, 0x17, 0xE4, 0x17, 0xE4, 0x17, 0xE4, 0x17, 0xE4, 0x17, 0xE4, 0x17,
    0xE4, 0x17, 0xE4, 0x17, 0xE4, 0x17, 0xE4, 0x17, 0xE4, 0x17, 0xE4, 0x17, 0xE4, 0x17, 0xE4, 0x17,
    0xE4, 0x17, 0xE4, 0x17, 0xE4, 0x17, 0xE4, 0x17, 0xE4, 0x17, 0xE4, 0x17, 0xE4, 0x17, 0xE4, 0x17,
    0xE4, 0x17, 0xE4, 0x17, 0xE4, 0x17, 0xE4, 0x17, 0xE4, 0x17, 0xFA, 0xE4, 0x17, 0xE4, 0x17, 0xE4,
    0x17, 0xE4, 0x17, 0xE3, 0x17, 0xE3, 0x1F, 0xE5, 0x7E, 0xEF, 0xDE, 0xFA, 0xEE, 0xBA, 0xEE, 0xDB,
    0xD6, 0x38, 0xDE, 0x78, 0xF6, 0xD9, 0xF6, 0xD9, 0xF6, 0xB8, 0xCD, 0x73, 0xF6, 0x98, 0xEE, 0x57,
    0xEE, 0x57, 0xFE, 0xD9, 0xFE, 0xD9, 0xFE, 0xD9, 0xFE, 0xF9, 0xD5, 0x94, 0xCD, 0x73, 0xFE, 0xF9,
    0xFE, 0xD9, 0xFE, 0xD9, 0xFE, 0xD9, 0xFE, 0xD9, 0xFE, 0xD9, 0xFE, 0xD8, 0xFE, 0xD8, 0xFE, 0xD8,
    0xFE, 0xD8, 0xFE, 0xD8, 0xFE, 0xD8, 0xCD, 0x73, 0xD5, 0x93, 0xF6, 0xD8, 0xF6, 0xD8, 0xF6, 0xB8,
    0xF6, 0xB8, 0xF6, 0xB8, 0xFE, 0xD9, 0xDD, 0xB4, 0xE6, 0x36, 0xFE, 0xD9, 0xFE, 0xD9, 0xFE, 0xD9,
    0xF6, 0x98, 0xDD, 0xD4, 0xDD, 0xB4, 0xFE, 0xD8, 0xFE, 0xD8, 0xFE, 0xD8, 0xFE, 0xD9, 0xFE, 0xD8,
    0xF6, 0xB9, 0xEE, 0xB9, 0xFF, 0xBD, 0x0D, 0xFF, 0xFF, 0xDF, 0xFF, 0xDF, 0xF7, 0x5E, 0xD6, 0x19,
    0x76, 0x0F, 0x37, 0xE8, 0x0F, 0xE4, 0x17, 0xE4, 0x17, 0xE4, 0x17, 0xE4, 0x17, 0xE4, 0x17, 0xE4,
    0x17, 0xE4, 0x17, 0xE4, 0x17, 0xE4, 0x17, 0xE4, 0x17, 0xE4, 0x17, 0xE4, 0x17, 0xE4, 0x17, 0xE4,
    0x17, 0xE4, 0x17, 0xE4, 0x17, 0xE4, 0x17, 0xE4, 0x17, 0xE4, 0x17, 0xE4, 0x17, 0xE4, 0x17, 0xE4,
    0x17, 0xE4, 0x17, 0xE4, 0x17, 0xE4, 0x17, 0xE4, 0x17, 0xE4, 0x17, 0xE4, 0x17, 0xE4, 0x17, 0xE4,
    0x17, 0xE4, 0x17, 0xE4, 0x17, 0xE4, 0x17, 0xE4, 0x17, 0xE4, 0x17, 0xE4, 0x17, 0xE4, 0x17, 0xE4,
    0x17, 0xE4, 0x17, 0xE4, 0x17, 0xE4, 0x17, 0xE4, 0x17, 0xE4, 0x17, 0xE4, 0x17, 0xE4, 0x17, 0xE4,
    0x17, 0xE4, 0x17, 0xE4, 0x17, 0xE4, 0x17, 0xE4, 0x17, 0xE4, 0x17, 0xE4, 0x17, 0xE4, 0x17, 0xE4,
    0x17, 0xE4, 0x17, 0xE4, 0x17, 0xE4, 0x17, 0xE4, 0x17, 0xFF, 0xE4, 0x17, 0xE4, 0x17, 0xE4, 0x17,
    0xE4, 0x17, 0xE4, 0x17, 0xE4, 0x17, 0xE3, 0x17, 0xE3, 0x17, 0xE4, 0x57, 0x0C, 0xD7, 0x19, 0xEE,
    0x9B, 0xEE, 0xDB, 0xD6, 0x17, 0xE6, 0x99, 0xF6, 0xD9, 0xF6, 0xD9, 0xF6, 0x98, 0xD5, 0x73, 0xF6,
    0x97, 0xEE, 0x36, 0xF6, 0x98, 0xFE, 0xD9, 0xFE, 0xD9, 0xFE, 0xD9, 0xF6, 0xB8, 0xC5, 0x12, 0xDD,
    0xF5, 0xFE, 0xD9, 0xFE, 0xD9, 0xFE, 0xD9, 0xFE, 0xD9, 0xFE, 0xD9, 0xFE, 0xD9, 0xFE, 0xD9, 0xFE,
    0xD9, 0xFE, 0xD9, 0xFE, 0xD9, 0xFE, 0xD9, 0xF6, 0x98, 0xC5, 0x32, 0xD5, 0x94, 0xFE, 0xD9, 0xFE,
    0xD8, 0xFE, 0xD8, 0xFE, 0xB8, 0xFE, 0xB8, 0xFE, 0xB8, 0xCD, 0x53, 0xE6, 0x16, 0xFE, 0xF9, 0xFE,
    0xD9, 0xFE, 0xD9, 0xF6, 0x98, 0xDD, 0xD4, 0xD5, 0xB4, 0xFE, 0xD8, 0xFE, 0xD8, 0xFE, 0xD8, 0xFE,
    0xD9, 0xFE, 0xD9, 0xF6, 0x98, 0xDE, 0x16, 0xEF, 0x3B, 0xFF, 0x80, 0xDE, 0x09, 0xFF, 0xFF, 0xDF,
    0xFF, 0x9E, 0xEF, 0x3D, 0xEE, 0xFC, 0xCE, 0x19, 0x76, 0x0F, 0x37, 0xE8, 0x0F, 0xE3, 0x17, 0xE4,
    0x17, 0xE4, 0x17, 0xE4, 0x17, 0xE4, 0x17, 0xE4, 0x17, 0xE4, 0x17, 0xE4, 0x17, 0xE4, 0x17, 0xE4,
    0x17, 0xE4, 0x17, 0xE4, 0x17, 0xE4, 0x17, 0xE4, 0x17, 0xE4, 0x17, 0xE4, 0x17, 0xE4, 0x17, 0xE4,
    0x17, 0xE4, 0x17, 0xE4, 0x17, 0xE4, 0x17, 0xE4, 0x17, 0xE4, 0x17, 0xE4, 0x17, 0xE4, 0x17, 0xE4,
    0x17, 0xE4, 0x17, 0xE4, 0x17, 0xE4, 0x17, 0xE4, 0x17, 0xE4, 0x17, 0xE4, 0x17, 0xE4, 0x17, 0xE4,
    0x17, 0xE4, 0x17, 0xE4, 0x17, 0xE4, 0x17, 0xE4, 0x17, 0xE4, 0x17, 0xE4, 0x17, 0xE4, 0x17, 0xE4,
    0x17, 0xE4, 0x17, 0xE4, 0x17, 0xE4, 0x17, 0xE4, 0x17, 0xE4, 0x17, 0xE4, 0x17, 0xE4, 0x17, 0xE4,
    0x17, 0xE4, 0x17, 0xE4, 0x17, 0xE4, 0x17, 0xE4, 0x17, 0xE4, 0x17, 0xE4, 0x17, 0xE4, 0x17, 0xFF,
    0xE4, 0x17, 0xE4, 0x17, 0xE4, 0x17, 0xE4, 0x17, 0xE4, 0x17, 0xE4, 0x17, 0xE4, 0x17, 0xE4, 0x17,
    0xE3, 0x17, 0xE4, 0x37, 0xA8, 0xAF, 0x76, 0xE6, 0xFB, 0xE6, 0xBB, 0xCD, 0xD7, 0xEE, 0x79, 0xFE,
    0xDA, 0xFE, 0xD9, 0xF6, 0x98, 0xD5, 0x53, 0xEE, 0x36, 0xEE, 0x56, 0xFE, 0xD8, 0xFE, 0xD8, 0xFE,
    0xD9, 0xFE, 0xD9, 0xE6, 0x16, 0xC4, 0xF1, 0xF6, 0x77, 0xFE, 0xD9, 0xFE, 0xD9, 0xFE, 0xD9, 0xFE,
    0xD9, 0xFE, 0xD9, 0xFE, 0xD9, 0xFE, 0xD9, 0xFE, 0xD9, 0xFE, 0xD9, 0xFE, 0xD9, 0xFE, 0xD9, 0xE5,
    0xF5, 0xC5, 0x12, 0xDD, 0xB4, 0xFE, 0xD9, 0xFE, 0xB8, 0xF6, 0xB8, 0xFE, 0xB8, 0xFE, 0xB8, 0xFE,
    0xB9, 0xCD, 0x33, 0xE5, 0xF6, 0xFE, 0xD9, 0xFE, 0xD9, 0xFE, 0xD8, 0xF6, 0x98, 0xDD, 0xD4, 0xD5,
    0xB4, 0xFE, 0xD8, 0xFE, 0xD8, 0xFE, 0xD8, 0xFE, 0xD9, 0xFE, 0xB8, 0xEE, 0x57, 0xD5, 0xB5, 0xE6,
    0xFF, 0xDA, 0xFF, 0x9D, 0xFF, 0xBE, 0xFF, 0xBE, 0xFF, 0xBE, 0xFF, 0x9E, 0xFF, 0x9E, 0xEE, 0xFC,
    0xE6, 0xBC, 0xE6, 0xBC, 0xDE, 0x9A, 0x6E, 0x6F, 0x2F, 0xE7, 0x0F, 0xE3, 0x17, 0xE4, 0x17, 0xE4,
    0x17, 0xE4, 0x17, 0xE4, 0x17, 0xE4, 0x17, 0xE4, 0x17, 0xE4, 0x17, 0xE4, 0x17, 0xE4, 0x17, 0xE4,
    0x17, 0xE4, 0x17, 0xE4, 0x17, 0xE4, 0x17, 0xE4, 0x17, 0xE4, 0x17, 0xE4, 0x17, 0xE4, 0x17, 0xE4,
    0x17, 0xE4, 0x17, 0xE4, 0x17, 0xE4, 0x17, 0xE4, 0x17, 0xE4, 0x17, 0xE4, 0x17, 0xE4, 0x17, 0xE4,
    0x17, 0xE4, 0x17, 0xE4, 0x17, 0xE4, 0x17, 0xE4, 0x17, 0xE4, 0x17, 0xE4, 0x17, 0xE4, 0x17, 0xE4,
    0x17, 0xE4, 0x17, 0xE4, 0x17, 0xE4, 0x17, 0xE4, 0x17, 0xE4, 0x17, 0xE4, 0x17, 0xE4, 0x17, 0xE4,
    0x17, 0xE4, 0x17, 0xE4, 0x17, 0xE4, 0x17, 0xE4, 0x17, 0xE4, 0x17, 0xE4, 0x17, 0xE4, 0x17, 0xE4,
    0x17, 0xF9, 0xE4, 0x17, 0xE4, 0x17, 0xE4, 0x17, 0xE4, 0x17, 0xE4, 0x17, 0xE4, 0x17, 0xE4, 0x17,
    0xE4, 0x17, 0xE4, 0x17, 0xE4, 0x17, 0xE4, 0x17, 0xE4, 0x17, 0xE4, 0x17, 0xE4, 0x17, 0xE4, 0x17,
    0xE4, 0x17, 0xE5, 0x4F, 0x6B, 0xAF, 0x56, 0xD7, 0x1B, 0xCD, 0xD7, 0xEE, 0x58, 0xFE, 0xD9, 0xFE,
    0xD9, 0xF6, 0x77, 0xCD, 0x53, 0xDD, 0xD4, 0xEE, 0x16, 0xFE, 0x98, 0xFE, 0xB8, 0xFE, 0xD9, 0xF6,
    0xB8, 0xCD, 0x53, 0xD5, 0x74, 0xFE, 0xB9, 0xFE, 0xD9, 0xFE, 0xD9, 0xFE, 0xD9, 0xFE, 0xD9, 0xFE,
    0xD9, 0xFE, 0xD9, 0xFE, 0xD9, 0xFE, 0xD9, 0xFE, 0xB9, 0xFE, 0xD9, 0xFE, 0xB8, 0xD5, 0x73, 0xCD,
    0x53, 0xE5, 0xF5, 0xFE, 0xD9, 0xFE, 0xB8, 0xFE, 0xB8, 0xFE, 0xB8, 0xFE, 0xB9, 0xF6, 0x77, 0xC5,
    0x12, 0xE5, 0xF6, 0xFE, 0xD9, 0xFE, 0xB9, 0xFE, 0xD9, 0xF6, 0x98, 0xDD, 0x02, 0xD5, 0xFF, 0xB4,
    0xFE, 0xD8, 0xFE, 0xD8, 0xFE, 0xD8, 0xFE, 0xD8, 0xF6, 0x77, 0xE5, 0xF6, 0xCD, 0x95, 0xE6, 0xBA,
    0xEE, 0xFB, 0xEE, 0xFB, 0xEE, 0xFB, 0xEE, 0xDB, 0xEE, 0xDB, 0xE6, 0xDB, 0xE6, 0xBB, 0xE6, 0xBB,
    0xEE, 0xBC, 0xB5, 0xD5, 0x56, 0xEC, 0x1F, 0xE6, 0x17, 0xE3, 0x17, 0xE3, 0x17, 0xE4, 0x17, 0xE4,
    0x17, 0xE4, 0x17, 0xE4, 0x17, 0xE4, 0x17, 0xE4, 0x17, 0xE4, 0x17, 0xE4, 0x17, 0xE4, 0x17, 0xE4,
    0x17, 0xE4, 0x17, 0xE4, 0x17, 0xE4, 0x17, 0xE4, 0x17, 0xE4, 0x17, 0xE4, 0x17, 0xE4, 0x17, 0xE4,
    0x17, 0xE4, 0x17, 0xE4, 0x17, 0xE4, 0x17, 0xE4, 0x17, 0xE4, 0x17, 0xE4, 0x17, 0xE4, 0x17, 0xE4,
    0x17, 0xE4, 0x17, 0xE4, 0x17, 0xE4, 0x17, 0xE4, 0x17, 0xE4, 0x17, 0xE4, 0x17, 0xE4, 0x17, 0xE4,
    0x17, 0xE4, 0x17, 0xE4, 0x17, 0xE4, 0x17, 0xE4, 0x17, 0xE4, 0x17, 0xE4, 0x17, 0xE4, 0x17, 0xCD,
    0xE4, 0x17, 0xE4, 0x17, 0xE4, 0x17, 0xE4, 0x17, 0xE4, 0x17, 0xE4, 0x17, 0xE4, 0x17, 0xE4, 0x17,
    0xE4, 0x17, 0xE4, 0x17, 0xE4, 0x17, 0xE4, 0x17, 0xE4, 0x17, 0xE4, 0x17, 0xE4, 0x17, 0xE4, 0x17,
    0xE4, 0x17, 0xE4, 0x17, 0xE4, 0x17, 0xE4, 0x17, 0xE4, 0x17, 0xE4, 0x17, 0xE4, 0x17, 0xE3, 0x17,
    0xE4, 0x1F, 0xE5, 0x2F, 0x68, 0x5E, 0xCE, 0x95, 0xD0, 0xDE, 0x16, 0xFE, 0xB9, 0xFE, 0xD9, 0xF6,
    0x57, 0xD5, 0x52, 0xDD, 0x94, 0xD5, 0x32, 0xDD, 0x53, 0xE5, 0xD5, 0xF6, 0x37, 0xE5, 0x02, 0xD5,
    0xFF, 0x74, 0xDD, 0x74, 0xE5, 0xD5, 0xED, 0xF6, 0xEE, 0x16, 0xEE, 0x16, 0xF6, 0x37, 0xF6, 0x57,
    0xF6, 0x57, 0xF6, 0x57, 0xFE, 0x77, 0xFE, 0x98, 0xFE, 0x98, 0xF6, 0x36, 0xD5, 0x53, 0xDD, 0x73,
    0xF6, 0x36, 0xFE, 0xD9, 0xFE, 0xB8, 0xFE, 0xB9, 0xFE, 0xB9, 0xFE, 0xD9, 0xEE, 0x16, 0xD5, 0x74,
    0xDD, 0x94, 0xFE, 0xB9, 0xFE, 0xB8, 0xFE, 0xB8, 0xEE, 0x57, 0xDD, 0xB4, 0xD5, 0xB4, 0xFE, 0xD8,
    0xFE, 0xD8, 0xFE, 0xB8, 0xF6, 0x77, 0xE6, 0x16, 0xDD, 0xD5, 0xCD, 0x74, 0xE6, 0xBA, 0xEE, 0xDA,
    0xE6, 0xDA, 0xE6, 0xBA, 0xE6, 0xBB, 0xE6, 0xBB, 0xE6, 0xDB, 0xE6, 0xBB, 0xEE, 0xDB, 0xE6, 0x7A,
    0x85, 0x10, 0x4F, 0xAB, 0x17, 0xE5, 0x17, 0xE4, 0x17, 0xE4, 0x17, 0xE4, 0x17, 0xE4, 0x17, 0xE4,
    0x17, 0xE4, 0x17, 0xE4, 0x17, 0xE4, 0x17, 0xE4, 0x17, 0xE4, 0x17, 0xE4, 0x17, 0xE4, 0x17, 0xE4,
    0x17, 0xFF, 0xE4, 0x17, 0xE4, 0x17, 0xE4, 0x17, 0xE4, 0x17, 0xE4, 0x17, 0xE4, 0x17, 0xE4, 0x17,
    0xE4, 0x17, 0xE4, 0x17, 0xE4, 0x17, 0xE4, 0x17, 0xE4, 0x17, 0xE4, 0x17, 0xE4, 0x17, 0xE4, 0x17,
    0xE4, 0x17, 0xE4, 0x17, 0xE4, 0x17, 0xE4, 0x17, 0xE4, 0x17, 0xE4, 0x17, 0xE4, 0x17, 0xE4, 0x17,
    0xE4, 0x17, 0xE4, 0x17, 0xE4, 0x17, 0xE4, 0x17, 0xE4, 0x17, 0xE4, 0x17, 0xE4, 0x17, 0xE4, 0x17,
    0xE4, 0x17, 0xE4, 0x17, 0xE4, 0x17, 0xE4, 0x17, 0xE4, 0x17, 0xE4, 0x17, 0xE4, 0x17, 0xE4, 0x17,
    0xE4, 0x17, 0xE4, 0x17, 0xE4, 0x17, 0xE4, 0x17, 0xE4, 0x17, 0xE4, 0x17, 0xE4, 0x17, 0xE4, 0x17,
    0xE4, 0x17, 0xE4, 0x17, 0xE4, 0x17, 0xE4, 0x17, 0xE4, 0x17, 0xE4, 0x17, 0xE4, 0x0F, 0xE3, 0x17,
    0xE4, 0x17, 0xE5, 0x1F, 0xE5, 0x45, 0xA7, 0xCD, 0xF4, 0xEE, 0x57, 0xFE, 0xB8, 0xF6, 0x77, 0xD5,
    0x52, 0xDD, 0xAB, 0x93, 0xD5, 0x33, 0xE5, 0x94, 0xE5, 0x94, 0xDD, 0x74, 0xDD, 0x74, 0xE5, 0xD5,
    0xED, 0xD6, 0xDD, 0x74, 0xDD, 0x54, 0xDD, 0x53, 0xDD, 0x53, 0xDD, 0x53, 0xDD, 0x33, 0xDD, 0x33,
    0xDD, 0x33, 0xDD, 0x53, 0xDD, 0x53, 0xDD, 0x53, 0xDD, 0x53, 0xE5, 0xB4, 0xE5, 0xB5, 0xED, 0x02,
    0xF6, 0xFF, 0x57, 0xF6, 0x37, 0xEE, 0x16, 0xED, 0xF6, 0xED, 0xD6, 0xE5, 0xB5, 0xDD, 0x95, 0xD5,
    0x33, 0xFE, 0x78, 0xFE, 0xB8, 0xFE, 0xB8, 0xEE, 0x36, 0xDD, 0xB4, 0xDD, 0xB4, 0xFE, 0xF9, 0xFE,
    0xB8, 0xF6, 0x77, 0xEE, 0x16, 0xE5, 0xF5, 0xDD, 0xB5, 0xCD, 0x74, 0xE6, 0x99, 0xEE, 0xBA, 0xE6,
    0xBA, 0xEE, 0xBB, 0xE6, 0xBB, 0xE6, 0xBB, 0xE6, 0xBB, 0xE6, 0xBB, 0xE6, 0xDB, 0xD6, 0x79, 0x85,
    0x30, 0x5F, 0xAD, 0x27, 0xE6, 0x17, 0xE4, 0x17, 0xE3, 0x17, 0xE4, 0x17, 0xE4, 0x17, 0xE4, 0x17,
    0xE4, 0x17, 0xE4, 0x17, 0xE4, 0x17, 0xE4, 0x17, 0xE4, 0x17, 0xE4, 0x17, 0xE4, 0x17, 0xE4, 0x17,
    0xE4, 0x17, 0xE4, 0x17, 0xE4, 0x17, 0xE4, 0x17, 0xE4, 0x17, 0xE4, 0x17, 0xE4, 0x17, 0xE4, 0x17,
    0xE4, 0x17, 0xE4, 0x17, 0xE4, 0x17, 0xE4, 0x17, 0xE4, 0x17, 0xE4, 0x17, 0xE4, 0x17, 0xE4, 0x17,
    0xE4, 0x17, 0xFF, 0xE4, 0x17, 0xE4, 0x17, 0xE4, 0x17, 0xE4, 0x17, 0xE4, 0x17, 0xE4, 0x17, 0xE4,
    0x17, 0xE4, 0x17, 0xE4, 0x17, 0xE4, 0x17, 0xE4, 0x17, 0xE4, 0x17, 0xE4, 0x17, 0xE4, 0x17, 0xE4,
    0x17, 0xE4, 0x17, 0xE4, 0x17, 0xE4, 0x17, 0xE4, 0x17, 0xE4, 0x17, 0xE4, 0x17, 0xE4, 0x17, 0xE4,
    0x17, 0xE4, 0x17, 0xE4, 0x17, 0xE4, 0x17, 0xE4, 0x17, 0xE4, 0x17, 0xE4, 0x17, 0xE4, 0x17, 0xE4,
    0x17, 0xE4, 0x17, 0xE4, 0x17, 0xE4, 0x17, 0xE4, 0x17, 0xE4, 0x17, 0xE4, 0x17, 0xE4, 0x0F, 0xE4,
    0x17, 0xE4, 0x1F, 0xE3, 0x46, 0xA7, 0xBD, 0xD3, 0xE5, 0xD5, 0xF6, 0x57, 0xF6, 0x57, 0xDD, 0x73,
    0xDD, 0x53, 0xD5, 0x33, 0xED, 0xD5, 0xED, 0xD5, 0xE5, 0xD6, 0xE5, 0xD5, 0xF6, 0x17, 0xFE, 0x78,
    0xED, 0xF7, 0xE5, 0xB5, 0xE5, 0xB5, 0xE5, 0xB5, 0xED, 0xB5, 0xED, 0xB5, 0xED, 0xB5, 0xED, 0xB5,
    0xED, 0x95, 0xED, 0xFF, 0x95, 0xED, 0xB5, 0xED, 0xD5, 0xF6, 0x37, 0xFE, 0x57, 0xE5, 0x94, 0xDD,
    0x53, 0xDD, 0x53, 0xDD, 0x33, 0xDD, 0x33, 0xDD, 0x54, 0xED, 0xB5, 0xF5, 0xF6, 0xDD, 0x54, 0xED,
    0xF6, 0xFE, 0x98, 0xFE, 0xB8, 0xEE, 0x36, 0xDD, 0xB4, 0xD5, 0x93, 0xFE, 0x98, 0xF6, 0x57, 0xEE,
    0x16, 0xE5, 0xD5, 0xE5, 0xD5, 0xDD, 0xB4, 0xCD, 0x53, 0xEE, 0x99, 0xEE, 0xBA, 0xEE, 0xBA, 0xEE,
    0xBB, 0xEE, 0xBB, 0xEE, 0xBB, 0xEE, 0xBB, 0xEE, 0xBB, 0xE6, 0xDA, 0xAE, 0x14, 0x85, 0x2F, 0x76,
    0x6D, 0x4F, 0xEA, 0x1F, 0xE5, 0x17, 0xE3, 0x17, 0xE3, 0x17, 0xE4, 0x17, 0xE4, 0x17, 0xE4, 0x17,
    0xE4, 0x17, 0xE4, 0x17, 0xE4, 0x17, 0xE4, 0x17, 0xE4, 0x17, 0xE4, 0x17, 0xE4, 0x17, 0xE4, 0x17,
    0xE4, 0x17, 0xE4, 0x17, 0xE4, 0x17, 0xE4, 0x17, 0xE4, 0x17, 0xE4, 0x17, 0xE4, 0x17, 0xE4, 0x17,
    0xE4, 0x17, 0xE4, 0x17, 0xFF, 0xE4, 0x17, 0xE4, 0x17, 0xE4, 0x17, 0xE4, 0x17, 0xE4, 0x17, 0xE4,
    0x17, 0xE4, 0x17, 0xE4, 0x17, 0xE4, 0x17, 0xE4, 0x17, 0xE4, 0x17, 0xE4, 0x17, 0xE4, 0x17, 0xE4,
    0x17, 0xE4, 0x17, 0xE4, 0x17, 0xE4, 0x17, 0xE4, 0x17, 0xE4, 0x17, 0xE4, 0x17, 0xE4, 0x17, 0xE4,
    0x17, 0xE4, 0x17, 0xE4, 0x17, 0xE4, 0x17, 0xE4, 0x17, 0xE4, 0x17, 0xE4, 0x17, 0xE4, 0x17, 0xE4,
    0x17, 0xE4, 0x17, 0xE4, 0x17, 0xE4, 0x17, 0xE4, 0x17, 0xE4, 0x17, 0xE4, 0x17, 0xE4, 0x17, 0xE4,
    0x17, 0xE4, 0x17, 0xE4, 0x17, 0xE4, 0x17, 0xE4, 0x17, 0xE4, 0x17, 0xE4, 0x17, 0xE4, 0x17, 0xE3,
    0x17, 0xE3, 0x3E, 0xE6, 0xB5, 0xD1, 0xE5, 0x94, 0xE5, 0xD5, 0xED, 0xF5, 0xDD, 0x73, 0xD5, 0x32,
    0xD5, 0x53, 0xEE, 0x16, 0xEE, 0x57, 0xEE, 0x57, 0xEE, 0x37, 0xFE, 0x99, 0xFE, 0xDA, 0xEE, 0x37,
    0xE5, 0xF6, 0xE5, 0xF6, 0xE5, 0xFF, 0xF6, 0xEE, 0x16, 0xED, 0xF6, 0xED, 0xF6, 0xED, 0xF6, 0xED,
    0xF6, 0xED, 0xF6, 0xEE, 0x17, 0xEE, 0x57, 0xF6, 0xD9, 0xFE, 0xD9, 0xE5, 0xF6, 0xE5, 0xB5, 0xE5,
    0xB5, 0xE5, 0xB5, 0xE5, 0xB5, 0xE5, 0xB5, 0xED, 0xD6, 0xFE, 0x58, 0xED, 0xD5, 0xDD, 0x53, 0xE5,
    0x74, 0xED, 0xD5, 0xED, 0xD5, 0xE5, 0x94, 0xDD, 0x53, 0xED, 0xF6, 0xE5, 0xB5, 0xE5, 0xB4, 0xE5,
    0xB4, 0xE5, 0xB4, 0xDD, 0x74, 0xBC, 0xB1, 0xE6, 0x37, 0xF6, 0xB9, 0xF6, 0xBA, 0xF6, 0xBA, 0xEE,
    0xBA, 0xF6, 0xBA, 0xEE, 0x79, 0xD5, 0xD7, 0x9C, 0xF1, 0x65, 0xAD, 0x8E, 0xD1, 0x9E, 0x31, 0x6E,
    0xCD, 0x37, 0xE8, 0x17, 0xE3, 0x17, 0xE3, 0x17, 0xE4, 0x17, 0xE4, 0x17, 0xE4, 0x17, 0xE4, 0x17,
    0xE4, 0x17, 0xE4, 0x17, 0xE4, 0x17, 0xE4, 0x17, 0xE4, 0x17, 0xE4, 0x17, 0xE4, 0x17, 0xE4, 0x17,
    0xE4, 0x17, 0xE4, 0x17, 0xE4, 0x17, 0xFF, 0xE4, 0x17, 0xE4, 0x17, 0xE4, 0x17, 0xE4, 0x17, 0xE4,
    0x17, 0xE4, 0x17, 0xE4, 0x17, 0xE4, 0x17, 0xE4, 0x17, 0xE4, 0x17, 0xE4, 0x17, 0xE4, 0x17, 0xE4,
    0x17, 0xE4, 0x17, 0xE4, 0x17, 0xE4, 0x17, 0xE4, 0x17, 0xE4, 0x17, 0xE4, 0x17, 0xE4, 0x17, 0xE4,
    0x17, 0xE4, 0x17, 0xE4, 0x17, 0xE4, 0x17, 0xE4, 0x17, 0xE4, 0x17, 0xE4, 0x17, 0xE4, 0x17, 0xE4,
    0x17, 0xE4, 0x17, 0xE4, 0x17, 0xE4, 0x17, 0xE4, 0x17, 0xE4, 0x17, 0xE4, 0x17, 0xE4, 0x17, 0xE4,
    0x17, 0xE4, 0x17, 0xE4, 0x17, 0xE4, 0x17, 0xE4, 0x17, 0xE4, 0x17, 0xE4, 0x17, 0xE4, 0x17, 0xE4,
    0x17, 0xE4, 0x17, 0xE4, 0x17, 0xE4, 0x17, 0xE4, 0x17, 0xE4, 0x17, 0xE4, 0x17, 0xE4, 0x17, 0xE3,
    0x3F, 0x07, 0xAD, 0xD1, 0xDD, 0x94, 0xE5, 0xB4, 0xE5, 0xB4, 0xDD, 0x93, 0xCD, 0x32, 0xD5, 0x94,
    0xF6, 0xB8, 0xFF, 0x1A, 0xFF, 0x1A, 0xFF, 0xFF, 0x1A, 0xFF, 0x3B, 0xFF, 0x3B, 0xFF, 0x1B, 0xFF,
    0x1A, 0xFF, 0x1B, 0xFF, 0x1B, 0xFF, 0x1B, 0xFF, 0x1A, 0xFE, 0xFA, 0xFE, 0xFA, 0xFE, 0xFA, 0xFF,
    0x1A, 0xFF, 0x1A, 0xFF, 0x3A, 0xFF, 0x5B, 0xFF, 0x1A, 0xEE, 0x99, 0xEE, 0x58, 0xEE, 0x57, 0xEE,
    0x37, 0xE6, 0x37, 0xE6, 0x36, 0xEE, 0x57, 0xFE, 0xD9, 0xEE, 0x37, 0xE5, 0xD5, 0xE5, 0x94, 0xDD,
    0x33, 0xD5, 0x12, 0xDD, 0x32, 0xDD, 0x12, 0xED, 0xB5, 0xE5, 0x94, 0xE5, 0xB4, 0xE5, 0xB4, 0xE5,
    0xB4, 0xDD, 0x74, 0xAC, 0x2F, 0xBC, 0xB0, 0xCD, 0x74, 0xD5, 0x95, 0xDE, 0x17, 0xEE, 0x58, 0xE6,
    0x17, 0xCD, 0x75, 0xC5, 0x13, 0x94, 0xAF, 0x5E, 0xEC, 0x3F, 0x28, 0x9F, 0x51, 0x8E, 0x0F, 0x57,
    0xCA, 0x1F, 0xE5, 0x17, 0xE3, 0x17, 0xE4, 0x17, 0xE4, 0x17, 0xE4, 0x17, 0xE4, 0x17, 0xE4, 0x17,
    0xE4, 0x17, 0xE4, 0x17, 0xE4, 0x17, 0xE4, 0x17, 0xFF, 0xE4, 0x17, 0xE4, 0x17, 0xE4, 0x17, 0xE4,
    0x17, 0xE4, 0x17, 0xE4, 0x17, 0xE4, 0x17, 0xE4, 0x17, 0xE4, 0x17, 0xE4, 0x17, 0xE4, 0x17, 0xE4,
    0x17, 0xE4, 0x17, 0xE4, 0x17, 0xE4, 0x17, 0xE4, 0x17, 0xE4, 0x17, 0xE4, 0x17, 0xE4, 0x17, 0xE4,
    0x17, 0xE4, 0x17, 0xE4, 0x17, 0xE4, 0x17, 0xE4, 0x17, 0xE4, 0x17, 0xE4, 0x17, 0xE4, 0x17, 0xE4,
    0x17, 0xE4, 0x17, 0xE4, 0x17, 0xE4, 0x17, 0xE4, 0x17, 0xE4, 0x17, 0xE4, 0x17, 0xE4, 0x17, 0xE4,
    0x17, 0xE4, 0x17, 0xE4, 0x17, 0xE4, 0x17, 0xE4, 0x17, 0xE4, 0x17, 0xE4, 0x17, 0xE4, 0x17, 0xE4,
    0x17, 0xE4, 0x17, 0xE4, 0x17, 0xE4, 0x17, 0xE4, 0x17, 0xE4, 0x17, 0xE4, 0x17, 0xE4, 0x17, 0xE4,
    0x17, 0xE4, 0x17, 0xE4, 0x17, 0xE4, 0x17, 0xE4, 0x17, 0xE4, 0x17, 0xE4, 0x17, 0xE4, 0x37, 0x47,
    0xAD, 0xF1, 0xDD, 0x53, 0xE5, 0xB4, 0xE5, 0xB4, 0xDD, 0xFF, 0x73, 0xC4, 0xF1, 0xDD, 0xD5, 0xFE,
    0xF9, 0xFF, 0x5B, 0xFF, 0x5B, 0xFF, 0x5B, 0xFF, 0x5B, 0xFF, 0x5B, 0xFF, 0x5C, 0xFF, 0x3B, 0xF6,
    0xDA, 0xFF, 0x1B, 0xFF, 0x5B, 0xFF, 0x5B, 0xFF, 0x5B, 0xFF, 0x5B, 0xFF, 0x5B, 0xFF, 0x7C, 0xFF,
    0x5C, 0xFF, 0x5B, 0xFF, 0x5B, 0xFF, 0x5B, 0xFF, 0x5B, 0xFF, 0x5B, 0xFF, 0x5B, 0xFF, 0x3B, 0xFF,
    0x3B, 0xFF, 0x3B, 0xFF, 0x3A, 0xFF, 0x3A, 0xEE, 0x57, 0xE5, 0xD5, 0xED, 0xB5, 0xF5, 0xB5, 0xE5,
    0x74, 0xD4, 0xD1, 0xD4, 0xF2, 0xED, 0x94, 0xE5, 0xB4, 0xE5, 0xB4, 0xE5, 0x94, 0xE5, 0xB4, 0xDD,
    0x74, 0xB4, 0x2E, 0xAC, 0x2E, 0xA4, 0x0E, 0xB4, 0x90, 0xCD, 0x53, 0xCD, 0x53, 0xCD, 0x74, 0xD5,
    0x95, 0xDD, 0xD6, 0xB5, 0x52, 0x6E, 0xEC, 0x2F, 0xE7, 0x57, 0xAA, 0x9E, 0xF1, 0x66, 0xEC, 0x27,
    0xE6, 0x17, 0xE3, 0x17, 0xE3, 0x17, 0xE4, 0x17, 0xE4, 0x17, 0xFF, 0xE4, 0x17, 0xE4, 0x17, 0xE4,
    0x17, 0xE4, 0x17, 0xE4, 0x17, 0xE4, 0x17, 0xE4, 0x17, 0xE4, 0x17, 0xE4, 0x17, 0xE4, 0x17, 0xE4,
    0x17, 0xE4, 0x17, 0xE4, 0x17, 0xE4, 0x17, 0xE4, 0x17, 0xE4, 0x17, 0xE4, 0x17, 0xE4, 0x17, 0xE4,
    0x17, 0xE4, 0x17, 0xE4, 0x17, 0xE4, 0x17, 0xE4, 0x17, 0xE4, 0x17, 0xE4, 0x17, 0xE4, 0x17, 0xE4,
    0x17, 0xE4, 0x17, 0xE4, 0x17, 0xE4, 0x17, 0xE4, 0x17, 0xE4, 0x17, 0xE4, 0x17, 0xE4, 0x17, 0xE4,
    0x17, 0xE4, 0x17, 0xE4, 0x17, 0xE4, 0x17, 0xE4, 0x17, 0xE4, 0x17, 0xE4, 0x17, 0xE4, 0x17, 0xE4,
    0x17, 0xE4, 0x17, 0xE4, 0x17, 0xE4, 0x17, 0xE4, 0x17, 0xE4, 0x17, 0xE4, 0x17, 0xE4, 0x17, 0xE4,
    0x17, 0xE4, 0x17, 0xE4, 0x17, 0xE4, 0x17, 0xE4, 0x17, 0xE4, 0x17, 0xE4, 0x17, 0xE4, 0x17, 0xE4,
    0x17, 0xE4, 0x17, 0xE4, 0x17, 0xE4, 0x17, 0xE4, 0x1F, 0xE4, 0x1F, 0xFF, 0xE4, 0x2F, 0x87, 0xA6,
    0x31, 0xCD, 0x12, 0xDD, 0xB4, 0xE5, 0xB4, 0xD5, 0x53, 0xBC, 0x6F, 0xDD, 0xB4, 0xFF, 0x3A, 0xFF,
    0x5B, 0xFF, 0x5B, 0xFF, 0x5B, 0xFF, 0x5B, 0xFF, 0x5C, 0xFF, 0x1B, 0xEE, 0xB9, 0xEE, 0x99, 0xFF,
    0x1B, 0xFF, 0x5C, 0xFF, 0x5C, 0xFF, 0x5C, 0xFF, 0x5C, 0xFF, 0x5C, 0xFF, 0x5C, 0xFF, 0x5C, 0xFF,
    0x5C, 0xFF, 0x5C, 0xF7, 0x1A, 0xEE, 0xB9, 0xF6, 0xD9, 0xFF, 0x1B, 0xFF, 0x5B, 0xFF, 0x5B, 0xFF,
    0x5B, 0xFF, 0x5B, 0xFF, 0x5B, 0xF6, 0xD9, 0xE6, 0x16, 0xED, 0xD5, 0xED, 0xB5, 0xF5, 0xB5, 0xDD,
    0x33, 0xDD, 0x32, 0xED, 0xB4, 0xE5, 0xB4, 0xE5, 0xB4, 0xE5, 0x94, 0xE5, 0xB4, 0xD5, 0x53, 0xAC,
    0x0E, 0xB4, 0x4F, 0xAC, 0x4E, 0xAC, 0x6E, 0xCD, 0xB3, 0xD5, 0xB4, 0xDD, 0xB5, 0xE5, 0xB5, 0xE5,
    0xD6, 0xD5, 0xF5, 0x85, 0xED, 0x47, 0xEA, 0x27, 0xE5, 0x77, 0x4D, 0x6E, 0xFF, 0xCD, 0x27, 0xE7,
    0x0F, 0xE3, 0x17, 0xE3, 0x17, 0xE4, 0x17, 0xE4, 0x17, 0xE4, 0x17, 0xE4, 0x17, 0xE4, 0x17, 0xE4,
    0x17, 0xE4, 0x17, 0xE4, 0x17, 0xE4, 0x17, 0xE4, 0x17, 0xE4, 0x17, 0xE4, 0x17, 0xE4, 0x17, 0xE4,
    0x17, 0xE4, 0x17, 0xE4, 0x17, 0xE4, 0x17, 0xE4, 0x17, 0xE4, 0x17, 0xE4, 0x17, 0xE4, 0x17, 0xE4,
    0x17, 0xE4, 0x17, 0xE4, 0x17, 0xE4, 0x17, 0xE4, 0x17, 0xE4, 0x17, 0xE4, 0x17, 0xE4, 0x17, 0xE4,
    0x17, 0xE4, 0x17, 0xE4, 0x17, 0xE4, 0x17, 0xE4, 0x17, 0xE4, 0x17, 0xE4, 0x17, 0xE4, 0x17, 0xE4,
    0x17, 0xE4, 0x17, 0xE4, 0x17, 0xE4, 0x17, 0xE4, 0x17, 0xE4, 0x17, 0xE4, 0x17, 0xE4, 0x17, 0xE4,
    0x17, 0xE4, 0x17, 0xE4, 0x17, 0xE4, 0x17, 0xE4, 0x17, 0xE4, 0x17, 0xE4, 0x17, 0xE4, 0x17, 0xE4,
    0x17, 0xE4, 0x17, 0xE4, 0x17, 0xE4, 0x17, 0xE4, 0x17, 0xE4, 0x17, 0xE4, 0x17, 0xFF, 0xE4, 0x17,
    0xE4, 0x17, 0xE4, 0x17, 0xE4, 0x17, 0xE4, 0x17, 0xE3, 0x1F, 0xE4, 0x1F, 0xC5, 0x96, 0x90, 0xC5,
    0x32, 0xD5, 0x73, 0xE5, 0xB4, 0xDD, 0x73, 0xB4, 0x2E, 0xD5, 0x94, 0xFF, 0x5B, 0xFF, 0x7B, 0xFF,
    0x7C, 0xFF, 0x7C, 0xFF, 0x7C, 0xFF, 0x5C, 0xEE, 0x99, 0xC5, 0x33, 0xBD, 0x33, 0xFE, 0xFA, 0xFF,
    0x5C, 0xFF, 0x5C, 0xFF, 0x5C, 0xFF, 0x5C, 0xFF, 0x5C, 0xFF, 0x5C, 0xFF, 0x5C, 0xFF, 0x5C, 0xFF,
    0x5C, 0xFF, 0x5B, 0xEE, 0xD9, 0xEE, 0xB9, 0xFE, 0xFA, 0xFF, 0x5B, 0xFF, 0x5B, 0xFF, 0x5B, 0xFF,
    0x5B, 0xFF, 0x5B, 0xFF, 0x5B, 0xF6, 0xD9, 0xEE, 0x37, 0xED, 0xD6, 0xED, 0xB5, 0xDD, 0x33, 0xE5,
    0x73, 0xED, 0xB5, 0xE5, 0xB4, 0xE5, 0xB4, 0xD5, 0x73, 0xDD, 0x94, 0xCC, 0xF2, 0xAC, 0x0E, 0xB4,
    0x4F, 0x84, 0x2C, 0x64, 0x2A, 0xBD, 0xF3, 0xDD, 0xB4, 0xE5, 0x94, 0xE5, 0xB5, 0xE5, 0xFF, 0xB5,
    0xF6, 0x78, 0xB5, 0xF2, 0x66, 0xEC, 0x2F, 0xE7, 0x57, 0xAA, 0x67, 0x2D, 0x27, 0xE7, 0x0F, 0xE4,
    0x17, 0xE3, 0x17, 0xE4, 0x17, 0xE4, 0x17, 0xE4, 0x17, 0xE4, 0x17, 0xE4, 0x17, 0xE4, 0x17, 0xE4,
    0x17, 0xE4, 0x17, 0xE4, 0x17, 0xE4, 0x17, 0xE4, 0x17, 0xE4, 0x17, 0xE4, 0x17, 0xE4, 0x17, 0xE4,
    0x17, 0xE4, 0x17, 0xE4, 0x17, 0xE4, 0x17, 0xE4, 0x17, 0xE4, 0x17, 0xE4, 0x17, 0xE4, 0x17, 0xE4,
    0x17, 0xE4, 0x17, 0xE4, 0x17, 0xE4, 0x17, 0xE4, 0x17, 0xE4, 0x17, 0xE4, 0x17, 0xE4, 0x17, 0xE4,
    0x17, 0xE4, 0x17, 0xE4, 0x17, 0xE4, 0x17, 0xE4, 0x17, 0xE4, 0x17, 0xE4, 0x17, 0xE4, 0x17, 0xE4,
    0x17, 0xE4, 0x17, 0xE4, 0x17, 0xE4, 0x17, 0xE4, 0x17, 0xE4, 0x17, 0xE4, 0x17, 0xE4, 0x17, 0xE4,
    0x17, 0xE4, 0x17, 0xE4, 0x17, 0xE4, 0x17, 0xE4, 0x17, 0xE4, 0x17, 0xE4, 0x17, 0xE4, 0x17, 0xE9,
    0xE4, 0x17, 0xE4, 0x17, 0xE4, 0x17, 0xE4, 0x17, 0xE4, 0x17, 0xE4, 0x17, 0xE4, 0x17, 0xE4, 0x17,
    0xE4, 0x17, 0xE4, 0x17, 0xE4, 0x17, 0xE4, 0x17, 0xE3, 0x1F, 0xE4, 0x7E, 0xEE, 0xC5, 0x73, 0xCC,
    0xF2, 0xE5, 0xB5, 0xDD, 0x94, 0xB4, 0x4F, 0xCD, 0x73, 0xFF, 0x5B, 0xFF, 0x3B, 0xFF, 0x1A, 0xDE,
    0x16, 0xB4, 0xD1, 0x93, 0x6C, 0x62, 0x07, 0x41, 0x03, 0x49, 0x84, 0xB4, 0xF2, 0xFF, 0x7C, 0xFF,
    0x5C, 0xFF, 0x5C, 0xFF, 0x5C, 0xFF, 0x5C, 0xFF, 0x5C, 0xFF, 0x5C, 0xFF, 0x5C, 0xFF, 0x5C, 0xDE,
    0x37, 0x83, 0x6C, 0x72, 0xA9, 0x9C, 0x0F, 0xD5, 0xB5, 0xFE, 0xFA, 0xFF, 0x7C, 0xFF, 0x7C, 0xFF,
    0x7C, 0xFF, 0x7B, 0xFF, 0x5B, 0xFF, 0x1A, 0xF6, 0x57, 0xE5, 0x02, 0xD5, 0xFF, 0x12, 0xDD, 0x74,
    0xE5, 0xB4, 0xE5, 0xB4, 0xE5, 0xB4, 0xD5, 0x33, 0xDD, 0x74, 0xBC, 0x90, 0xAC, 0x0E, 0xA4, 0x4E,
    0x6D, 0x0C, 0x65, 0xEE, 0xB6, 0x13, 0xE5, 0x94, 0xE5, 0x95, 0xE5, 0xB5, 0xE5, 0xD5, 0xFE, 0x98,
    0xE6, 0x97, 0x86, 0x2E, 0x47, 0xEA, 0x3F, 0xE9, 0x4F, 0x8B, 0x27, 0xE7, 0x17, 0xE4, 0x17, 0xE4,
    0x17, 0xE4, 0x17, 0xE4, 0x17, 0xE4, 0x17, 0xE4, 0x17, 0xE4, 0x17, 0xE4, 0x17, 0xE4, 0x17, 0xE4,
    0x17, 0xE4, 0x17, 0xE4, 0x17, 0xE4, 0x17, 0xE4, 0x17, 0xE4, 0x17, 0xE4, 0x17, 0xE4, 0x17, 0xE4,
    0x17, 0xE4, 0x17, 0xE4, 0x17, 0xE4, 0x17, 0xE4, 0x17, 0xE4, 0x17, 0xE4, 0x17, 0xE4, 0x17, 0xE4,
    0x17, 0xE4, 0x17, 0xE4, 0x17, 0xE4, 0x17, 0xE4, 0x17, 0xE4, 0x17, 0xE4, 0x17, 0xE4, 0x17, 0xE4,
    0x17, 0xE4, 0x17, 0xE4, 0x17, 0xE4, 0x17, 0xE4, 0x17, 0xE4, 0x17, 0xE4, 0x17, 0xC8, 0xE4, 0x17,
    0xE4, 0x17, 0xE4, 0x17, 0xE4, 0x17, 0xE4, 0x17, 0xE4, 0x17, 0xE4, 0x17, 0xE4, 0x17, 0xE4, 0x17,
    0xE4, 0x17, 0xE4, 0x17, 0xE4, 0x17, 0xE4, 0x17, 0xE4, 0x17, 0xE4, 0x17, 0xE4, 0x17, 0xE4, 0x17,
    0xE4, 0x17, 0xE4, 0x17, 0xE4, 0x17, 0xE4, 0x17, 0xE4, 0x17, 0xE4, 0x17, 0xE4, 0x17, 0xE4, 0x17,
    0xE4, 0x17, 0xE4, 0x17, 0xE4, 0x17, 0xE3, 0x17, 0xE4, 0x5F, 0x0B, 0xCD, 0xB4, 0xC4, 0x91, 0xDD,
    0x74, 0xDD, 0x94, 0xB4, 0x4F, 0xD5, 0x94, 0x02, 0xD5, 0xFF, 0x72, 0xC9, 0x51, 0xA5, 0x49, 0x43,
    0x49, 0x64, 0x51, 0x44, 0x51, 0x64, 0x6A, 0x68, 0xAC, 0x70, 0xE6, 0x78, 0xFF, 0x5C, 0xFF, 0x5C,
    0xFF, 0x5C, 0xFF, 0x5C, 0xFF, 0x5C, 0xFF, 0x5C, 0xFF, 0x5C, 0xFF, 0x5C, 0xFF, 0x7C, 0xCD, 0xF6,
    0x62, 0x47, 0x30, 0xC1, 0x38, 0xC2, 0x59, 0xA5, 0x82, 0xA9, 0x9B, 0x6C, 0xC4, 0xB1, 0xDD, 0xD5,
    0xF6, 0x98, 0xFE, 0xFA, 0xFF, 0x1A, 0xFE, 0xF9, 0xE5, 0xF5, 0xCD, 0x32, 0xE5, 0x94, 0xE5, 0x94,
    0xE5, 0xB4, 0xDD, 0x73, 0xCD, 0x12, 0xDD, 0x74, 0xB4, 0x4F, 0xAC, 0x2E, 0x84, 0x6C, 0x56, 0x4B,
    0x56, 0xCD, 0xB6, 0x33, 0xE5, 0x94, 0xE5, 0xB5, 0xE5, 0xB5, 0xEE, 0x16, 0xFE, 0xB8, 0xFE, 0xD8,
    0xB5, 0xD1, 0x5F, 0x4B, 0x2F, 0xE7, 0x2F, 0xA7, 0x27, 0xE6, 0x17, 0xE4, 0x17, 0xE4, 0x17, 0xE4,
    0x17, 0xE4, 0x17, 0xE4, 0x17, 0xE4, 0x17, 0xE4, 0x17, 0xE4, 0xFF, 0x17, 0xE4, 0x17, 0xE4, 0x17,
    0xE4, 0x17, 0xE4, 0x17, 0xE4, 0x17, 0xE4, 0x17, 0xE4, 0x17, 0xE4, 0x17, 0xE4, 0x17, 0xE4, 0x17,
    0xE4, 0x17, 0xE4, 0x17, 0xE4, 0x17, 0xE4, 0x17, 0xE4, 0x17, 0xE4, 0x17, 0xE4, 0x17, 0xE4, 0x17,
    0xE4, 0x17, 0xE4, 0x17, 0xE4, 0x17, 0xE4, 0x17, 0xE4, 0x17, 0xE4, 0x17, 0xE4, 0x17, 0xE4, 0x17,
    0xE4, 0x17, 0xE4, 0x17, 0xE4, 0x17, 0xE4, 0x17, 0xE4, 0x17, 0xE4, 0x17, 0xE4, 0x17, 0xE4, 0x17,
    0xE4, 0x17, 0xE4, 0x17, 0xE4, 0x17, 0xE4, 0x17, 0xE4, 0x17, 0xE4, 0x17, 0xE4, 0x17, 0xE4, 0x17,
    0xE4, 0x17, 0xE4, 0x17, 0xE4, 0x17, 0xE4, 0x17, 0xE4, 0x17, 0xE4, 0x17, 0xE4, 0x17, 0xE4, 0x17,
    0xE4, 0x17, 0xE4, 0x17, 0xE4, 0x17, 0xE4, 0x17, 0xE4, 0x17, 0xE4, 0x17, 0xE4, 0x17, 0xE4, 0x17,
    0xE4, 0x17, 0xE4, 0x17, 0xE3, 0x17, 0xE4, 0x3F, 0x08, 0xBD, 0x93, 0xFF, 0xD4, 0xD2, 0xCC, 0xF2,
    0xDD, 0x94, 0xBC, 0x70, 0xCD, 0x73, 0xB4, 0x90, 0x51, 0xC4, 0x49, 0x63, 0x51, 0xA4, 0x7A, 0xEA,
    0xA4, 0x2F, 0xD5, 0x95, 0xF6, 0xDA, 0xFF, 0x7C, 0xFF, 0x7C, 0xFF, 0x5C, 0xFF, 0x5C, 0xFF, 0x5C,
    0xFF, 0x5C, 0xFF, 0x5C, 0xFF, 0x5C, 0xFF, 0x5C, 0xFF, 0x5C, 0xFF, 0x5C, 0xFF, 0x7C, 0xEE, 0xD9,
    0xAC, 0x90, 0x6A, 0x47, 0x61, 0xE6, 0x61, 0xC5, 0x48, 0xA1, 0x38, 0x40, 0x48, 0xE1, 0x50, 0xE2,
    0x72, 0x06, 0xD5, 0x94, 0xFE, 0xF9, 0xDD, 0xB5, 0xCD, 0x32, 0xE5, 0xB5, 0xE5, 0x94, 0xE5, 0xB5,
    0xC4, 0xF1, 0xDD, 0x73, 0xCD, 0x12, 0xB4, 0x0E, 0xA4, 0x4E, 0x5D, 0x4A, 0x3F, 0xCA, 0x4E, 0xCB,
    0xB6, 0x12, 0xDD, 0xB5, 0xE5, 0xB4, 0xED, 0xF6, 0xFE, 0x98, 0xFE, 0xB8, 0xFE, 0xD8, 0xD6, 0x35,
    0x7E, 0x8D, 0x37, 0xE8, 0x27, 0xE5, 0x1F, 0xE5, 0x17, 0xE4, 0x17, 0xE4, 0xFF, 0x17, 0xE4, 0x17,
    0xE4, 0x17, 0xE4, 0x17, 0xE4, 0x17, 0xE4, 0x17, 0xE4, 0x17, 0xE4, 0x17, 0xE4, 0x17, 0xE4, 0x17,
    0xE4, 0x17, 0xE4, 0x17, 0xE4, 0x17, 0xE4, 0x17, 0xE4, 0x17, 0xE4, 0x17, 0xE4, 0x17, 0xE4, 0x17,
    0xE4, 0x17, 0xE4, 0x17, 0xE4, 0x17, 0xE4, 0x17, 0xE4, 0x17, 0xE4, 0x17, 0xE4, 0x17, 0xE4, 0x17,
    0xE4, 0x17, 0xE4, 0x17, 0xE4, 0x17, 0xE4, 0x17, 0xE4, 0x17, 0xE4, 0x17, 0xE4, 0x17, 0xE4, 0x17,
    0xE4, 0x17, 0xE4, 0x17, 0xE4, 0x17, 0xE4, 0x17, 0xE4, 0x17, 0xE4, 0x17, 0xE4, 0x17, 0xE4, 0x17,
    0xE4, 0x17, 0xE4, 0x17, 0xE4, 0x17, 0xE4, 0x17, 0xE4, 0x17, 0xE4, 0x17, 0xE4, 0x17, 0xE4, 0x17,
    0xE4, 0x17, 0xE4, 0x17, 0xE4, 0x17, 0xE4, 0x17, 0xE4, 0x17, 0xE4, 0x17, 0xE4, 0x17, 0xE4, 0x17,
    0xE4, 0x17, 0xE4, 0x17, 0xE4, 0x17, 0xE4, 0x17, 0xE4, 0x17, 0xE4, 0x17, 0xE4, 0xFF, 0x17, 0xE4,
    0x17, 0xE3, 0x17, 0xE4, 0x1F, 0xE4, 0x3F, 0x09, 0xAD, 0x31, 0xD5, 0x33, 0xC4, 0xB1, 0xDD, 0x53,
    0xCD, 0x12, 0xCD, 0x53, 0xFE, 0xFA, 0xF6, 0xB9, 0xEE, 0x78, 0xEE, 0x98, 0xFE, 0xFA, 0xFF, 0x5C,
    0xFF, 0x7C, 0xFF, 0x5C, 0xFF, 0x5C, 0xFF, 0x5C, 0xFF, 0x5C, 0xFF, 0x5C, 0xFF, 0x5C, 0xFF, 0x5C,
    0xFF, 0x5C, 0xFF, 0x5C, 0xFF, 0x5C, 0xFF, 0x5C, 0xFF, 0x5C, 0xFF, 0x5C, 0xFF, 0x7C, 0xFF, 0x7C,
    0xEE, 0xD9, 0xC5, 0x73, 0xA4, 0x6F, 0x8B, 0x8C, 0x72, 0xA7, 0x72, 0x66, 0x6A, 0x06, 0x6A, 0x05,
    0xB4, 0xB0, 0xFE, 0xFA, 0xD5, 0x94, 0xD5, 0x53, 0xE5, 0xB5, 0xE5, 0x95, 0xDD, 0x73, 0xBC, 0x90,
    0xDD, 0x74, 0xBC, 0x70, 0xAC, 0x0E, 0x7C, 0xAC, 0x47, 0x09, 0x2F, 0xE9, 0x56, 0xAB, 0xC6, 0x13,
    0xDD, 0xD5, 0xDD, 0xD5, 0xF6, 0x56, 0xFE, 0xB8, 0xFE, 0xD9, 0xFE, 0xD9, 0xEE, 0xB8, 0xFF, 0x9E,
    0x30, 0x4F, 0xEA, 0x27, 0xE5, 0x1F, 0xE4, 0x17, 0xE3, 0x17, 0xE4, 0x17, 0xE4, 0x17, 0xE4, 0x17,
    0xE4, 0x17, 0xE4, 0x17, 0xE4, 0x17, 0xE4, 0x17, 0xE4, 0x17, 0xE4, 0x17, 0xE4, 0x17, 0xE4, 0x17,
    0xE4, 0x17, 0xE4, 0x17, 0xE4, 0x17, 0xE4, 0x17, 0xE4, 0x17, 0xE4, 0x17, 0xE4, 0x17, 0xE4, 0x17,
    0xE4, 0x17, 0xE4, 0x17, 0xE4, 0x17, 0xE4, 0x17, 0xE4, 0x17, 0xE4, 0x17, 0xE4, 0x17, 0xE4, 0x17,
    0xE4, 0x17, 0xE4, 0x17, 0xE4, 0x17, 0xE4, 0x17, 0xE4, 0x17, 0xE4, 0x17, 0xE4, 0x17, 0xE4, 0x17,
    0xE4, 0x17, 0xE4, 0x17, 0xE4, 0x17, 0xE4, 0x17, 0xE4, 0x17, 0xE4, 0x17, 0xE4, 0x17, 0xE4, 0x17,
    0xE4, 0x17, 0xE4, 0x17, 0xE4, 0x17, 0xE4, 0x17, 0xE4, 0x17, 0xE4, 0x17, 0xE4, 0x17, 0xE4, 0x17,
    0xE4, 0x17, 0xE4, 0x17, 0xE4, 0x17, 0xE4, 0x17, 0xE4, 0x17, 0xE4, 0x17, 0xE4, 0x17, 0xE4, 0xFF,
    0x17, 0xE4, 0x17, 0xE4, 0x17, 0xE4, 0x17, 0xE4, 0x17, 0xE4, 0x17, 0xE4, 0x17, 0xE3, 0x17, 0xE3,
    0x17, 0xE4, 0x27, 0xE5, 0x56, 0xAA, 0xC5, 0x93, 0xCD, 0x11, 0xCD, 0x11, 0xCC, 0xF1, 0xDD, 0x73,
    0xDD, 0xD5, 0xFF, 0x5B, 0xFF, 0x5C, 0xFF, 0x5C, 0xFF, 0x5C, 0xFF, 0x5C, 0xFF, 0x5C, 0xFF, 0x5C,
    0xFF, 0x5C, 0xFF, 0x5C, 0xFF, 0x5C, 0xFF, 0x5C, 0xFF, 0x5C, 0xFF, 0x3C, 0xFF, 0x3B, 0xFF, 0x3B,
    0xFF, 0x3C, 0xFF, 0x5C, 0xFF, 0x5C, 0xFF, 0x5C, 0xFF, 0x5C, 0xFF, 0x5C, 0xFF, 0x5C, 0xFF, 0x7C,
    0xFF, 0x9C, 0xFF, 0x7C, 0xFF, 0x5B, 0xFF, 0x1B, 0xFE, 0xFA, 0xFE, 0xFA, 0xFE, 0xFA, 0xFF, 0x1B,
    0xFE, 0xFA, 0xCD, 0x53, 0xDD, 0x74, 0xE5, 0x95, 0xDD, 0x74, 0xCC, 0xB1, 0xCC, 0xD2, 0xD5, 0x13,
    0xAC, 0x2F, 0x84, 0x6C, 0x56, 0x0A, 0x2F, 0xE8, 0x1F, 0xE6, 0x66, 0xAC, 0xD5, 0xF4, 0xDD, 0xD5,
    0xFF, 0xE6, 0x15, 0xF6, 0x97, 0xFE, 0xD8, 0xFE, 0xD9, 0xF6, 0xD9, 0xF6, 0xD9, 0xB5, 0xF2, 0x5F,
    0x8B, 0x1F, 0xE5, 0x17, 0xE4, 0x17, 0xE3, 0x17, 0xE4, 0x17, 0xE4, 0x17, 0xE4, 0x17, 0xE4, 0x17,
    0xE4, 0x17, 0xE4, 0x17, 0xE4, 0x17, 0xE4, 0x17, 0xE4, 0x17, 0xE4, 0x17, 0xE4, 0x17, 0xE4, 0x17,
    0xE4, 0x17, 0xE4, 0x17, 0xE4, 0x17, 0xE4, 0x17, 0xE4, 0x17, 0xE4, 0x17, 0xE4, 0x17, 0xE4, 0x17,
    0xE4, 0x17, 0xE4, 0x17, 0xE4, 0x17, 0xE4, 0x17, 0xE4, 0x17, 0xE4, 0x17, 0xE4, 0x17, 0xE4, 0x17,
    0xE4, 0x17, 0xE4, 0x17, 0xE4, 0x17, 0xE4, 0x17, 0xE4, 0x17, 0xE4, 0x17, 0xE4, 0x17, 0xE4, 0x17,
    0xE4, 0x17, 0xE4, 0x17, 0xE4, 0x17, 0xE4, 0x17, 0xE4, 0x17, 0xE4, 0x17, 0xE4, 0x17, 0xE4, 0x17,
    0xE4, 0x17, 0xE4, 0x17, 0xE4, 0x17, 0xE4, 0x17, 0xE4, 0x17, 0xE4, 0x17, 0xE4, 0x17, 0xE4, 0x17,
    0xE4, 0xFF, 0x17, 0xE4, 0x17, 0xE4, 0x17, 0xE4, 0x17, 0xE4, 0x17, 0xE4, 0x17, 0xE4, 0x17, 0xE4,
    0x17, 0xE4, 0x17, 0xE4, 0x17, 0xE4, 0x17, 0xE4, 0x17, 0xE3, 0x17, 0xE3, 0x17, 0xE3, 0x1F, 0xE4,
    0x2F, 0xE6, 0x86, 0x6E, 0xD5, 0xF4, 0xBC, 0xD0, 0xD5, 0x32, 0xD5, 0x32, 0xCD, 0x11, 0xDD, 0xB4,
    0xFE, 0xFA, 0xFF, 0x3B, 0xFF, 0x1B, 0xFF, 0x1B, 0xFF, 0x3B, 0xFF, 0x3B, 0xFF, 0x5B, 0xFF, 0x5C,
    0xFF, 0x5C, 0xFF, 0x5C, 0xFF, 0x5C, 0xEE, 0x99, 0xDD, 0xB6, 0xDD, 0x95, 0xE5, 0xB6, 0xE5, 0xF7,
    0xF6, 0x99, 0xFF, 0x3C, 0xFF, 0x5C, 0xFF, 0x5C, 0xFF, 0x5C, 0xFF, 0x5C, 0xFF, 0x5C, 0xFF, 0x5C,
    0xFF, 0x5C, 0xFF, 0x5C, 0xFF, 0x5C, 0xFF, 0x5C, 0xFF, 0x3C, 0xFF, 0x3B, 0xFF, 0x5C, 0xF6, 0xD9,
    0xCD, 0x33, 0xDD, 0xB5, 0xE5, 0x95, 0xC4, 0x71, 0xBC, 0x50, 0xCC, 0xD2, 0xD5, 0x54, 0xA4, 0xB0,
    0x65, 0x6B, 0xFF, 0x3F, 0xC9, 0x17, 0xE6, 0x1F, 0xE6, 0x6E, 0x4C, 0xD5, 0xF4, 0xDD, 0xF5, 0xEE,
    0x77, 0xFE, 0xD8, 0xFE, 0xD8, 0xF6, 0xD8, 0xEE, 0x77, 0xF6, 0xD9, 0xCE, 0x34, 0x6E, 0xEC, 0x27,
    0xE6, 0x17, 0xE3, 0x17, 0xE3, 0x17, 0xE3, 0x17, 0xE4, 0x17, 0xE4, 0x17, 0xE4, 0x17, 0xE3, 0x17,
    0xE3, 0x17, 0xE4, 0x17, 0xE4, 0x17, 0xE4, 0x17, 0xE4, 0x17, 0xE4, 0x17, 0xE4, 0x17, 0xE4, 0x17,
    0xE4, 0x17, 0xE4, 0x17, 0xE4, 0x17, 0xE4, 0x17, 0xE4, 0x17, 0xE4, 0x17, 0xE4, 0x17, 0xE4, 0x17,
    0xE4, 0x17, 0xE4, 0x17, 0xE4, 0x17, 0xE4, 0x17, 0xE4, 0x17, 0xE4, 0x17, 0xE4, 0x17, 0xE4, 0x17,
    0xE4, 0x17, 0xE4, 0x17, 0xE4, 0x17, 0xE4, 0x17, 0xE4, 0x17, 0xE4, 0x17, 0xE4, 0x17, 0xE4, 0x17,
    0xE4, 0x17, 0xE4, 0x17, 0xE4, 0x17, 0xE4, 0x17, 0xE4, 0x17, 0xE4, 0x17, 0xE4, 0x17, 0xE4, 0x17,
    0xE4, 0x17, 0xE4, 0xFF, 0x17, 0xE4, 0x17, 0xE4, 0x17, 0xE4, 0x17, 0xE4, 0x17, 0xE4, 0x17, 0xE4,
    0x17, 0xE4, 0x17, 0xE4, 0x17, 0xE4, 0x17, 0xE4, 0x17, 0xE4, 0x17, 0xE4, 0x17, 0xE4, 0x17, 0xE4,
    0x17, 0xE4, 0x17, 0xE4, 0x17, 0xE4, 0x17, 0xE4, 0x17, 0xE3, 0x17, 0xE3, 0x1F, 0xE4, 0x47, 0x87,
    0xBE, 0xD3, 0xDD, 0xB4, 0xC5, 0x11, 0xCD, 0x12, 0xDD, 0x94, 0xCD, 0x32, 0xC5, 0x32, 0xDE, 0x16,
    0xFF, 0x1A, 0xFE, 0xFA, 0xF6, 0xFA, 0xF6, 0xFA, 0xF7, 0x1B, 0xFF, 0x5C, 0xFF, 0x5C, 0xFF, 0x5C,
    0xFF, 0x5C, 0xFF, 0x5C, 0xDD, 0xD6, 0xD5, 0x14, 0xE5, 0x55, 0xED, 0x75, 0xE5, 0x55, 0xDD, 0x76,
    0xFE, 0xDA, 0xFF, 0x5C, 0xFF, 0x5C, 0xFF, 0x5C, 0xFF, 0x5C, 0xFF, 0x5C, 0xFF, 0x5C, 0xFF, 0x3B,
    0xFF, 0x1B, 0xFE, 0xFA, 0xFE, 0xFA, 0xFE, 0xFA, 0xFE, 0xFA, 0xFF, 0x1B, 0xE6, 0x57, 0xCD, 0x53,
    0xDD, 0xB5, 0xD5, 0x13, 0xFF, 0xC4, 0x91, 0xC4, 0x71, 0xCC, 0xF3, 0xEE, 0x18, 0x9D, 0x50, 0x57,
    0x0A, 0x27, 0xE7, 0x1F, 0xE6, 0x37, 0xA7, 0x85, 0xED, 0xD6, 0x15, 0xE6, 0x57, 0xF6, 0xB8, 0xFE,
    0xD8, 0xFE, 0xD9, 0xF6, 0xD8, 0xDD, 0xF5, 0xF6, 0x98, 0xDE, 0x56, 0x76, 0x4D, 0x2F, 0xE7, 0x17,
    0xE3, 0x17, 0xE3, 0x17, 0xE4, 0x17, 0xE4, 0x17, 0xE4, 0x17, 0xE4, 0x17, 0xE3, 0x17, 0xE3, 0x17,
    0xE3, 0x17, 0xE4, 0x17, 0xE4, 0x17, 0xE4, 0x17, 0xE4, 0x17, 0xE4, 0x17, 0xE4, 0x17, 0xE4, 0x17,
    0xE4, 0x17, 0xE4, 0x17, 0xE4, 0x17, 0xE4, 0x17, 0xE4, 0x17, 0xE4, 0x17, 0xE4, 0x17, 0xE4, 0x17,
    0xE4, 0x17, 0xE4, 0x17, 0xE4, 0x17, 0xE4, 0x17, 0xE4, 0x17, 0xE4, 0x17, 0xE4, 0x17, 0xE4, 0x17,
    0xE4, 0x17, 0xE4, 0x17, 0xE4, 0x17, 0xE4, 0x17, 0xE4, 0x17, 0xE4, 0x17, 0xE4, 0x17, 0xE4, 0x17,
    0xE4, 0x17, 0xE4, 0x17, 0xE4, 0xFF, 0x17, 0xE4, 0x17, 0xE4, 0x17, 0xE4, 0x17, 0xE4, 0x17, 0xE4,
    0x17, 0xE4, 0x17, 0xE4, 0x17, 0xE4, 0x17, 0xE4, 0x17, 0xE4, 0x17, 0xE4, 0x17, 0xE4, 0x17, 0xE4,
    0x17, 0xE4, 0x17, 0xE4, 0x17, 0xE4, 0x17, 0xE4, 0x17, 0xE4, 0x17, 0xE4, 0x17, 0xE4, 0x17, 0xE4,
    0x17, 0xE4, 0x17, 0xE4, 0x1F, 0xE4, 0x27, 0xE6, 0x2F, 0xE7, 0x3F, 0x48, 0x97, 0x10, 0xE6, 0xD7,
    0xC5, 0x52, 0xD5, 0x93, 0xDD, 0x94, 0xE5, 0x94, 0xD5, 0x53, 0xDD, 0xB5, 0xE6, 0x37, 0xFE, 0xFA,
    0xFE, 0xFA, 0xF6, 0xFA, 0xF6, 0xFA, 0xF7, 0x1B, 0xFF, 0x5C, 0xFF, 0x5C, 0xFF, 0x5C, 0xFF, 0x5C,
    0xFF, 0x5C, 0xDD, 0xD7, 0xDD, 0x75, 0xED, 0x96, 0xF5, 0x76, 0xF5, 0x76, 0xE5, 0x55, 0xF6, 0xBA,
    0xFF, 0x5C, 0xFF, 0x5C, 0xFF, 0x5C, 0xFF, 0x5C, 0xFF, 0x5C, 0xFF, 0x5C, 0xFF, 0x3B, 0xFE, 0xFA,
    0xFE, 0xDA, 0xFE, 0xDA, 0xFE, 0xBA, 0xAB, 0xFE, 0xDA, 0xF6, 0xFA, 0xCD, 0x94, 0xCD, 0x54, 0xCD,
    0x12, 0xDD, 0x74, 0xE5, 0xB5, 0xCC, 0xD2, 0xEE, 0x38, 0xFE, 0xFB, 0x86, 0x0F, 0x3F, 0xE9, 0x17,
    0xE5, 0x27, 0xE7, 0x4E, 0xE9, 0xAE, 0x12, 0xDE, 0x57, 0xEE, 0xB8, 0xF6, 0xD9, 0xFE, 0xD9, 0xFE,
    0xD9, 0xF6, 0xB8, 0x02, 0xD5, 0xFF, 0xEE, 0x77, 0xEE, 0x98, 0x7E, 0x2E, 0x37, 0xE8, 0x0F, 0xE3,
    0x17, 0xE3, 0x17, 0xE4, 0x17, 0xE4, 0x17, 0xE4, 0x17, 0xE4, 0x17, 0xE4, 0x17, 0xE4, 0x17, 0xE4,
    0x17, 0xE4, 0x17, 0xE4, 0x17, 0xE4, 0x17, 0xE4, 0x17, 0xE4, 0x17, 0xE4, 0x17, 0xE4, 0x17, 0xE4,
    0x17, 0xE4, 0x17, 0xE4, 0x17, 0xE4, 0x17, 0xE4, 0x17, 0xE4, 0x17, 0xE4, 0x17, 0xE4, 0x17, 0xE4,
    0x17, 0xE4, 0x17, 0xE4, 0x17, 0xE4, 0x17, 0xE4, 0x17, 0xE4, 0x17, 0xE4, 0x17, 0xE4, 0x17, 0xE4,
    0x17, 0xE4, 0x17, 0xE4, 0x17, 0xE4, 0x17, 0xE4, 0x17, 0xE4, 0x17, 0xE4, 0x17, 0xE4, 0x17, 0xE4,
    0x17, 0xE4, 0x17, 0xE4, 0x17, 0xE4, 0x17, 0xE4, 0x17, 0xE4, 0x17, 0xE4, 0x17, 0xE4, 0x17, 0xE4,
    0x17, 0xE4, 0x17, 0xE4, 0x17, 0xE4, 0x17, 0xE4, 0x17, 0xE4, 0x17, 0xE4, 0x17, 0xE4, 0x17, 0xE4,
    0x17, 0xE4, 0x17, 0xE4, 0x17, 0xE4, 0xFF, 0x17, 0xE4, 0x17, 0xE4, 0x17, 0xE4, 0x17, 0xE4, 0x17,
    0xE4, 0x17, 0xE4, 0x2F, 0xE6, 0x47, 0xC9, 0x66, 0xEC, 0x96, 0xF2, 0xCF, 0x78, 0xB5, 0x72, 0xCD,
    0x73, 0xDD, 0xB4, 0xDD, 0x94, 0xDD, 0xB4, 0xD5, 0x53, 0xDD, 0xF5, 0xFF, 0x1A, 0xF6, 0xFA, 0xFE,
    0xFA, 0xF6, 0xFA, 0xF6, 0xFA, 0xF7, 0x1B, 0xFF, 0x5C, 0xFF, 0x5C, 0xFF, 0x5C, 0xFF, 0x5C, 0xFF,
    0x5C, 0xDD, 0xF7, 0xE5, 0x95, 0xF5, 0x96, 0xF5, 0x76, 0xF5, 0x76, 0xED, 0x56, 0xF6, 0xBA, 0xFF,
    0x5C, 0xFF, 0x5C, 0xFF, 0x5C, 0xFF, 0x5C, 0xFF, 0x5C, 0xFF, 0x5C, 0xFF, 0x1B, 0xF6, 0xDA, 0xFE,
    0xDA, 0xFE, 0xDA, 0xFE, 0xDA, 0xFE, 0xDA, 0xE6, 0x58, 0xC5, 0x53, 0xD5, 0x74, 0xD5, 0x74, 0xE5,
    0xD6, 0xE5, 0xB5, 0xEE, 0x38, 0xFF, 0x5B, 0xD7, 0x37, 0x66, 0xED, 0x27, 0xE8, 0x17, 0xE5, 0x2F,
    0xE6, 0x76, 0x4C, 0xD6, 0x76, 0xF6, 0xB8, 0xFF, 0xFE, 0xD9, 0xFE, 0xB9, 0xFE, 0xB9, 0xFE, 0xD9,
    0xF6, 0xB9, 0xCD, 0xB4, 0xE6, 0x57, 0xEE, 0xD8, 0x86, 0x4E, 0x37, 0xE8, 0x17, 0xE4, 0x17, 0xE3,
    0x17, 0xE4, 0x17, 0xE4, 0x17, 0xE4, 0x17, 0xE4, 0x17, 0xE4, 0x17, 0xE4, 0x17, 0xE4, 0x17, 0xE4,
    0x17, 0xE4, 0x17, 0xE4, 0x17, 0xE4, 0x17, 0xE4, 0x17, 0xE4, 0x17, 0xE4, 0x17, 0xE4, 0x17, 0xE4,
    0x17, 0xE4, 0x17, 0xE4, 0x17, 0xE4, 0x17, 0xE4, 0x17, 0xE4, 0x17, 0xE4, 0x17, 0xE4, 0x17, 0xE4,
    0x17, 0xE4, 0x17, 0xE4, 0x17, 0xE4, 0x17, 0xE4, 0x17, 0xE4, 0x17, 0xE4, 0x17, 0xE4, 0x17, 0xE4,
    0x17, 0xE4, 0x17, 0xE4, 0x17, 0xE4, 0x17, 0xE4, 0x17, 0xE4, 0x17, 0xE4, 0x17, 0xE4, 0x17, 0xE4,
    0x17, 0xE4, 0x17, 0xE4, 0x17, 0xE4, 0x17, 0xE4, 0x17, 0xE4, 0x17, 0xE4, 0x17, 0xE4, 0x17, 0xE4,
    0x17, 0xE4, 0x17, 0xE4, 0x17, 0xE4, 0x17, 0xE4, 0xFF, 0x17, 0xE4, 0x17, 0xE4, 0x17, 0xE4, 0x17,
    0xE4, 0x17, 0xE4, 0x17, 0xE4, 0x17, 0xE4, 0x17, 0xE4, 0x17, 0xE4, 0x17, 0xE4, 0x17, 0xE4, 0x17,
    0xE4, 0x27, 0xE6, 0x5F, 0x2C, 0x9F, 0x72, 0xA7, 0xD4, 0x7E, 0x6E, 0x84, 0xCD, 0xEE, 0x36, 0xDD,
    0xB4, 0xDD, 0xB4, 0xE5, 0xB4, 0xDD, 0x94, 0xD5, 0x73, 0xEE, 0xB8, 0xFF, 0x1A, 0xFE, 0xFA, 0xF7,
    0x1A, 0xF7, 0x1B, 0xFF, 0x1B, 0xFF, 0x3C, 0xFF, 0x5C, 0xFF, 0x5C, 0xFF, 0x5C, 0xFF, 0x5C, 0xEE,
    0x79, 0xDD, 0x55, 0xF5, 0x96, 0xF5, 0x96, 0xFD, 0x76, 0xE5, 0x56, 0xF6, 0xDA, 0xFF, 0x5C, 0xFF,
    0x5C, 0xFF, 0x5C, 0xFF, 0x5C, 0xFF, 0x5C, 0xFF, 0x5C, 0xFF, 0x3B, 0xFE, 0xFB, 0xFE, 0xDB, 0xFE,
    0xDB, 0xFE, 0xDB, 0xF6, 0xDA, 0xF6, 0xBA, 0xF6, 0xB9, 0xF6, 0xB9, 0xD5, 0xB5, 0xCD, 0x75, 0xE6,
    0x58, 0xFF, 0x7C, 0xDF, 0xB8, 0x87, 0x0F, 0x3F, 0xE9, 0xFF, 0x17, 0xE6, 0x1F, 0xE5, 0x37, 0x26,
    0xAE, 0x51, 0xF6, 0xB8, 0xFE, 0xB9, 0xFE, 0xB9, 0xFE, 0xD9, 0xFE, 0xD9, 0xFE, 0xD9, 0xF6, 0xB8,
    0xC5, 0x53, 0xDD, 0xF5, 0xEE, 0xD8, 0x86, 0x4E, 0x37, 0xE8, 0x17, 0xE4, 0x17, 0xE3, 0x17, 0xE4,
    0x17, 0xE4, 0x17, 0xE4, 0x17, 0xE4, 0x17, 0xE4, 0x17, 0xE4, 0x17, 0xE4, 0x17, 0xE4, 0x17, 0xE4,
    0x17, 0xE4, 0x17, 0xE4, 0x17, 0xE4, 0x17, 0xE4, 0x17, 0xE4, 0x17, 0xE4, 0x17, 0xE4, 0x17, 0xE4,
    0x17, 0xE4, 0x17, 0xE4, 0x17, 0xE4, 0x17, 0xE4, 0x17, 0xE4, 0x17, 0xE4, 0x17, 0xE4, 0x17, 0xE4,
    0x17, 0xE4, 0x17, 0xE4, 0x17, 0xE4, 0x17, 0xE4, 0x17, 0xE4, 0x17, 0xE4, 0x17, 0xE4, 0x17, 0xE4,
    0x17, 0xE4, 0x17, 0xE4, 0x17, 0xE4, 0x17, 0xE4, 0x17, 0xE4, 0x17, 0xE4, 0x17, 0xE4, 0x17, 0xE4,
    0x17, 0xE4, 0x17, 0xE4, 0x17, 0xE4, 0x17, 0xE4, 0x17, 0xE4, 0xFF, 0x17, 0xE4, 0x17, 0xE4, 0x17,
    0xE4, 0x17, 0xE4, 0x17, 0xE4, 0x17, 0xE4, 0x17, 0xE4, 0x17, 0xE4, 0x17, 0xE4, 0x17, 0xE4, 0x17,
    0xE4, 0x17, 0xE4, 0x17, 0xE4, 0x17, 0xE4, 0x17, 0xE4, 0x17, 0xE4, 0x17, 0xE4, 0x1F, 0xE4, 0x1F,
    0xE5, 0x37, 0xE6, 0x47, 0xC8, 0x3F, 0xE8, 0x3F, 0x07, 0xAE, 0x92, 0xEE, 0x57, 0xE5, 0xB4, 0xE5,
    0xB4, 0xDD, 0xB4, 0xDD, 0xB4, 0xD5, 0x93, 0xD5, 0xD4, 0xEF, 0x19, 0xF7, 0x5B, 0xF7, 0x3B, 0xFF,
    0x3B, 0xFF, 0x3B, 0xFF, 0x3C, 0xFF, 0x5C, 0xFF, 0x5D, 0xFF, 0x5C, 0xFF, 0x5D, 0xFF, 0x1C, 0xDD,
    0xD7, 0xE5, 0x76, 0xED, 0x96, 0xED, 0x76, 0xE5, 0x76, 0xFE, 0xFB, 0xFF, 0x5C, 0xFF, 0x5C, 0xFF,
    0x5C, 0xFF, 0x5C, 0xFF, 0x5C, 0xFF, 0x5C, 0xFF, 0x5C, 0xFF, 0x3C, 0xFF, 0x1C, 0xFF, 0x1C, 0xFF,
    0x1C, 0xFF, 0x1B, 0xEE, 0x79, 0xE6, 0x77, 0xF7, 0x5B, 0xEF, 0x9B, 0xFF, 0xE7, 0x7A, 0xDF, 0xBA,
    0xBF, 0x96, 0x6F, 0x0D, 0x3F, 0xA8, 0x27, 0xE5, 0x17, 0xE4, 0x17, 0xE4, 0x56, 0xCA, 0xDE, 0xB6,
    0xFE, 0xB9, 0xF6, 0xD8, 0xFE, 0xD9, 0xF6, 0xD8, 0xF6, 0xD9, 0xF6, 0xF9, 0xE6, 0x97, 0x8C, 0x2C,
    0xC5, 0xB4, 0xEE, 0xD9, 0x86, 0x4E, 0x37, 0xE8, 0x17, 0xE4, 0x17, 0xE3, 0x17, 0xE4, 0x17, 0xE4,
    0x17, 0xE4, 0x17, 0xE4, 0x17, 0xE4, 0x17, 0xE4, 0x17, 0xE4, 0x17, 0xE4, 0x17, 0xE4, 0x17, 0xE4,
    0x17, 0xE4, 0x17, 0xE4, 0x17, 0xE4, 0x17, 0xE4, 0x17, 0xE4, 0x17, 0xE4, 0x17, 0xE4, 0x17, 0xE4,
    0x17, 0xE4, 0x17, 0xE4, 0x17, 0xE4, 0x17, 0xE4, 0x17, 0xE4, 0x17, 0xE4, 0x17, 0xE4, 0x17, 0xE4,
    0x17, 0xE4, 0x17, 0xE4, 0x17, 0xE4, 0x17, 0xE4, 0x17, 0xE4, 0x17, 0xE4, 0x17, 0xE4, 0x17, 0xE4,
    0x17, 0xE4, 0x17, 0xE4, 0x17, 0xE4, 0x17, 0xE4, 0x17, 0xE4, 0x17, 0xE4, 0xFF, 0x17, 0xE4, 0x17,
    0xE4, 0x17, 0xE4, 0x17, 0xE4, 0x17, 0xE4, 0x17, 0xE4, 0x17, 0xE4, 0x17, 0xE4, 0x17, 0xE4, 0x17,
    0xE4, 0x17, 0xE4, 0x17, 0xE4, 0x17, 0xE4, 0x17, 0xE4, 0x17, 0xE4, 0x17, 0xE4, 0x17, 0xE4, 0x17,
    0xE4, 0x17, 0xE4, 0x17, 0xE4, 0x17, 0xE4, 0x17, 0xE4, 0x17, 0xE4, 0x17, 0xE3, 0x1F, 0xE4, 0x17,
    0xE4, 0x17, 0xE4, 0x17, 0xE5, 0x3F, 0x87, 0xCF, 0x55, 0xE6, 0x16, 0xE5, 0xB5, 0xE5, 0xB4, 0xE5,
    0xB4, 0xE5, 0xB5, 0xE5, 0xB5, 0xBD, 0x52, 0x9D, 0xD0, 0xCF, 0xB7, 0xE7, 0xDA, 0xF7, 0x7C, 0xFF,
    0x3C, 0xFF, 0x5D, 0xFF, 0x5D, 0xFF, 0x5D, 0xFF, 0x5D, 0xFF, 0x5C, 0xFF, 0x5D, 0xF6, 0xDA, 0xE5,
    0xF7, 0xE5, 0xF7, 0xDD, 0xD6, 0xE6, 0x38, 0xFF, 0x3C, 0xFF, 0x7C, 0xFF, 0x5C, 0xFF, 0x5C, 0xFF,
    0x5C, 0xFF, 0x5C, 0xFF, 0x5C, 0xFF, 0x5C, 0xFF, 0x5C, 0xFF, 0x3D, 0xFF, 0x5C, 0xFF, 0xFF, 0x7C,
    0xE6, 0xB9, 0xA5, 0x11, 0x7C, 0xCC, 0x7E, 0x2E, 0x7F, 0x50, 0x77, 0x90, 0x5F, 0x4D, 0x47, 0x6A,
    0x2F, 0xE7, 0x27, 0xE5, 0x17, 0xE4, 0x17, 0xE3, 0x17, 0xE4, 0x87, 0x0F, 0xF6, 0xF8, 0xFE, 0xD9,
    0xFE, 0xD8, 0xFE, 0xD8, 0xF6, 0xD8, 0xF6, 0xD9, 0xF7, 0x19, 0xAE, 0x32, 0x5C, 0xAA, 0xB6, 0x14,
    0xEE, 0xF9, 0x7E, 0x6E, 0x2F, 0xE8, 0x17, 0xE3, 0x17, 0xE3, 0x17, 0xE4, 0x17, 0xE4, 0x17, 0xE4,
    0x17, 0xE4, 0x17, 0xE4, 0x17, 0xE4, 0x17, 0xE4, 0x17, 0xE4, 0x17, 0xE4, 0x17, 0xE4, 0x17, 0xE4,
    0x17, 0xE4, 0x17, 0xE4, 0x17, 0xE4, 0x17, 0xE4, 0x17, 0xE4, 0x17, 0xE4, 0x17, 0xE4, 0x17, 0xE4,
    0x17, 0xE4, 0x17, 0xE4, 0x17, 0xE4, 0x17, 0xE4, 0x17, 0xE4, 0x17, 0xE4, 0x17, 0xE4, 0x17, 0xE4,
    0x17, 0xE4, 0x17, 0xE4, 0x17, 0xE4, 0x17, 0xE4, 0x17, 0xE4, 0x17, 0xE4, 0x17, 0xE4, 0xFF, 0x17,
    0xE4, 0x17, 0xE4, 0x17, 0xE4, 0x17, 0xE4, 0x17, 0xE4, 0x17, 0xE4, 0x17, 0xE4, 0x17, 0xE4, 0x17,
    0xE4, 0x17, 0xE4, 0x17, 0xE4, 0x17, 0xE4, 0x17, 0xE4, 0x17, 0xE4, 0x17, 0xE4, 0x17, 0xE4, 0x17,
    0xE4, 0x17, 0xE4, 0x17, 0xE4, 0x17, 0xE4, 0x17, 0xE4, 0x17, 0xE4, 0x17, 0xE4, 0x17, 0xE4, 0x17,
    0xE4, 0x17, 0xE4, 0x17, 0xE4, 0x17, 0xE4, 0x17, 0xE4, 0x17, 0xE3, 0x17, 0xE3, 0x17, 0xE3, 0x0F,
    0xE3, 0x17, 0xE4, 0x4F, 0xAA, 0xDF, 0x57, 0xEE, 0x36, 0xE5, 0xD4, 0xDD, 0xD4, 0xD5, 0xF3, 0xCD,
    0x72, 0xB4, 0x70, 0x8C, 0x4E, 0x75, 0xAD, 0x6E, 0xCE, 0x97, 0xD2, 0xD7, 0xF9, 0xEF, 0xBC, 0xFF,
    0x7D, 0xFF, 0x5D, 0xFF, 0x5D, 0xFF, 0x5D, 0xFF, 0x5D, 0xFF, 0x5C, 0xFF, 0x5C, 0xFF, 0x3B, 0xF7,
    0x1B, 0xF7, 0x1A, 0xFF, 0x3C, 0xFF, 0x5C, 0xFF, 0x5C, 0xFF, 0x5C, 0xFF, 0x5C, 0xFF, 0x5C, 0xB5,
    0xFF, 0x5C, 0xFF, 0x5C, 0xFF, 0x7C, 0xFF, 0x7C, 0xFF, 0x9D, 0xE7, 0x7B, 0xAE, 0xB4, 0x6D, 0x8D,
    0x55, 0xA9, 0x46, 0xC8, 0x37, 0xC8, 0x27, 0xE7, 0x27, 0xE6, 0x1F, 0xE6, 0x1F, 0xE5, 0x1F, 0xE4,
    0x17, 0xE3, 0x17, 0xE3, 0x17, 0xE4, 0x1F, 0xC5, 0xA7, 0x12, 0xF6, 0xF8, 0xFE, 0xD8, 0xFE, 0xD8,
    0xFE, 0xD8, 0xF6, 0xD8, 0xFF, 0x19, 0x02, 0xD6, 0xFF, 0x76, 0xAE, 0x56, 0x8C, 0xC6, 0xB6, 0xDE,
    0xB6, 0x6E, 0xEC, 0x27, 0xE7, 0x17, 0xE4, 0x17, 0xE4, 0x17, 0xE4, 0x17, 0xE4, 0x17, 0xE4, 0x17,
    0xE4, 0x17, 0xE4, 0x17, 0xE4, 0x17, 0xE4, 0x17, 0xE4, 0x17, 0xE4, 0x17, 0xE4, 0x17, 0xE4, 0x17,
    0xE4, 0x17, 0xE4, 0x17, 0xE4, 0x17, 0xE4, 0x17, 0xE4, 0x17, 0xE4, 0x17, 0xE4, 0x17, 0xE4, 0x17,
    0xE4, 0x17, 0xE4, 0x17, 0xE4, 0x17, 0xE4, 0x17, 0xE4, 0x17, 0xE4, 0x17, 0xE4, 0x17, 0xE4, 0x17,
    0xE4, 0x17, 0xE4, 0x17, 0xE4, 0x17, 0xE4, 0x17, 0xE4, 0x17, 0xE4, 0x17, 0xE4, 0x17, 0xE4, 0x17,
    0xE4, 0x17, 0xE4, 0x17, 0xE4, 0x17, 0xE4, 0x17, 0xE4, 0x17, 0xE4, 0x17, 0xE4, 0x17, 0xE4, 0x17,
    0xE4, 0x17, 0xE4, 0x17, 0xE4, 0x17, 0xE4, 0x17, 0xE4, 0x17, 0xE4, 0x17, 0xE4, 0x17, 0xE4, 0x17,
    0xE4, 0x17, 0xE4, 0x17, 0xE4, 0x17, 0xE4, 0x17, 0xE4, 0xDC, 0x17, 0xE4, 0x17, 0xE4, 0x17, 0xE4,
    0x17, 0xE4, 0x17, 0xE4, 0x17, 0xE4, 0x17, 0xE4, 0x17, 0xE4, 0x17, 0xE4, 0x17, 0xE4, 0x17, 0xE3,
    0x0F, 0xE3, 0x57, 0xEB, 0xDF, 0x77, 0xEE, 0x56, 0xD6, 0x13, 0xAE, 0x11, 0x75, 0xEC, 0x5C, 0x08,
    0xAC, 0x70, 0xA4, 0x8F, 0x8D, 0x4D, 0x6E, 0xAD, 0x47, 0x0A, 0x5F, 0x8C, 0xA7, 0xF4, 0xD7, 0xFA,
    0xEF, 0xDC, 0xF7, 0x9C, 0xFF, 0x7D, 0xFF, 0x7C, 0xFF, 0x5C, 0xFF, 0x5C, 0xFF, 0x5C, 0xFF, 0x5C,
    0xFF, 0x7C, 0xFF, 0x7C, 0xFF, 0x7C, 0xFF, 0x5C, 0xFF, 0x5C, 0xFF, 0x5C, 0xFF, 0x5C, 0xFF, 0x7C,
    0xFF, 0x7C, 0xF7, 0xBC, 0xDF, 0xFA, 0xB7, 0x02, 0x76, 0xFF, 0x8E, 0x3E, 0x88, 0x37, 0x87, 0x2F,
    0xE7, 0x27, 0xE5, 0x1F, 0xE5, 0x17, 0xE4, 0x17, 0xE3, 0x17, 0xE4, 0x17, 0xE3, 0x17, 0xE3, 0x17,
    0xE3, 0x17, 0xE4, 0x17, 0xE4, 0x27, 0xA5, 0xB7, 0x13, 0xFE, 0xF9, 0xFE, 0xD8, 0xFE, 0xD8, 0xF6,
    0xD8, 0xF6, 0xF8, 0xDF, 0x37, 0x86, 0x6F, 0x4F, 0x89, 0x57, 0x0A, 0xC7, 0x16, 0xA6, 0x72, 0x4F,
    0xCA, 0x17, 0xE5, 0x17, 0xE4, 0x17, 0xE4, 0x17, 0xE4, 0x17, 0xE4, 0x17, 0xE4, 0x17, 0xE4, 0x17,
    0xE4, 0x17, 0xE4, 0x17, 0xE4, 0x17, 0xE4, 0x17, 0xE4, 0x17, 0xE4, 0x17, 0xE4, 0x17, 0xE4, 0x17,
    0xE4, 0x17, 0xE4, 0x17, 0xE4, 0x17, 0xE4, 0x17, 0xE4, 0x17, 0xE4, 0x17, 0xE4, 0x17, 0xE4, 0x17,
    0xE4, 0x17, 0xE4, 0x17, 0xE4, 0x17, 0xE4, 0x17, 0xE4, 0x17, 0xE4, 0x17, 0xE4, 0x17, 0xE4, 0x17,
    0xE4, 0x17, 0xE4, 0x17, 0xE4, 0x17, 0xE4, 0x17, 0xE4, 0x17, 0xFF, 0xE4, 0x17, 0xE4, 0x17, 0xE4,
    0x17, 0xE4, 0x17, 0xE4, 0x17, 0xE4, 0x17, 0xE4, 0x17, 0xE4, 0x17, 0xE4, 0x17, 0xE4, 0x17, 0xE4,
    0x17, 0xE4, 0x17, 0xE4, 0x17, 0xE4, 0x17, 0xE4, 0x17, 0xE4, 0x17, 0xE4, 0x17, 0xE4, 0x17, 0xE4,
    0x17, 0xE4, 0x17, 0xE4, 0x17, 0xE4, 0x17, 0xE4, 0x17, 0xE4, 0x17, 0xE4, 0x17, 0xE4, 0x17, 0xE4,
    0x17, 0xE4, 0x17, 0xE4, 0x17, 0xE4, 0x17, 0xE4, 0x17, 0xE4, 0x17, 0xE4, 0x17, 0xE4, 0x0F, 0xE3,
    0x57, 0xEC, 0xDF, 0xB8, 0xE6, 0x56, 0xAD, 0xB0, 0x6E, 0x2B, 0x47, 0x8A, 0x55, 0xE9, 0xBD, 0x51,
    0xE5, 0xB4, 0xCD, 0x51, 0x9D, 0x2E, 0x66, 0xED, 0x37, 0xE8, 0x2F, 0xE8, 0x4F, 0x8B, 0x7F, 0xB0,
    0xAF, 0xF5, 0xD7, 0xF9, 0xE7, 0xFB, 0xF7, 0xDB, 0xFF, 0xBC, 0xFF, 0x9C, 0xFF, 0x7C, 0xFF, 0x5C,
    0xFF, 0x5C, 0xFF, 0x5C, 0xFF, 0x7C, 0xFF, 0x5C, 0xFF, 0x5C, 0xFF, 0xFF, 0x5C, 0xFF, 0x3C, 0xEF,
    0x3B, 0xAF, 0x35, 0x6F, 0x4E, 0x47, 0x69, 0x37, 0xE7, 0x27, 0xE6, 0x1F, 0xE5, 0x1F, 0xE4, 0x17,
    0xE3, 0x17, 0xE3, 0x17, 0xE3, 0x17, 0xE4, 0x17, 0xE4, 0x17, 0xE3, 0x17, 0xE3, 0x17, 0xE3, 0x17,
    0xE4, 0x17, 0xE4, 0x2F, 0xC6, 0xBF, 0x34, 0xFE, 0xD8, 0xFE, 0xD8, 0xFE, 0xD8, 0xFE, 0xD9, 0xEF,
    0x38, 0xA6, 0xD1, 0x57, 0x4A, 0x37, 0xE7, 0x5F, 0x4B, 0xA7, 0x13, 0x66, 0xEC, 0x2F, 0xE7, 0x17,
    0xE4, 0x1F, 0xE4, 0x17, 0xE4, 0x17, 0xE4, 0x17, 0xE4, 0x17, 0xE4, 0x17, 0xE4, 0x17, 0xE4, 0x17,
    0xE4, 0x17, 0xE4, 0x17, 0xE4, 0x17, 0xE4, 0x17, 0xE4, 0x17, 0xE4, 0x17, 0xE4, 0x17, 0xE4, 0x17,
    0xE4, 0x17, 0xE4, 0x17, 0xE4, 0x17, 0xE4, 0x17, 0xE4, 0x17, 0xE4, 0x17, 0xE4, 0x17, 0xE4, 0x17,
    0xE4, 0x17, 0xE4, 0x17, 0xE4, 0x17, 0xE4, 0x17, 0xE4, 0x17, 0xE4, 0x17, 0xFF, 0xE4, 0x17, 0xE4,
    0x17, 0xE4, 0x17, 0xE4, 0x17, 0xE4, 0x17, 0xE4, 0x17, 0xE4, 0x17, 0xE4, 0x17, 0xE4, 0x17, 0xE4,
    0x17, 0xE4, 0x17, 0xE4, 0x17, 0xE4, 0x17, 0xE4, 0x17, 0xE4, 0x17, 0xE4, 0x17, 0xE4, 0x17, 0xE4,
    0x17, 0xE4, 0x17, 0xE4, 0x17, 0xE4, 0x17, 0xE4, 0x17, 0xE4, 0x17, 0xE4, 0x17, 0xE4, 0x17, 0xE4,
    0x17, 0xE4, 0x17, 0xE4, 0x17, 0xE4, 0x17, 0xE4, 0x17, 0xE4, 0x17, 0xE4, 0x17, 0xE4, 0x17, 0xE4,
    0x17, 0xE4, 0x17, 0xE4, 0x17, 0xE4, 0x17, 0xE4, 0x17, 0xE4, 0x17, 0xE3, 0x0F, 0xE4, 0x3F, 0xE9,
    0xC7, 0xF6, 0xCE, 0x54, 0x7D, 0x2D, 0x57, 0x8B, 0x2F, 0xE8, 0x56, 0xEA, 0xB5, 0x90, 0xE5, 0x93,
    0xED, 0xB4, 0xD5, 0x52, 0x95, 0x8F, 0x4F, 0xEB, 0x1F, 0xE6, 0x17, 0xE5, 0x1F, 0xE5, 0x2F, 0xC7,
    0x47, 0xAA, 0x5F, 0xEE, 0x7F, 0xD0, 0x9F, 0xB3, 0xAF, 0xB5, 0xCF, 0x38, 0xEE, 0xFF, 0xFA, 0xF6,
    0xFA, 0xFE, 0xFB, 0xFF, 0x1B, 0xF6, 0xDA, 0xEE, 0x99, 0xE6, 0x58, 0xCD, 0x75, 0x94, 0xB0, 0x7E,
    0x6F, 0x5F, 0xCD, 0x4F, 0xEA, 0x47, 0xE9, 0x3F, 0xE7, 0x37, 0xE6, 0x2F, 0xE6, 0x27, 0xE5, 0x1F,
    0xE5, 0x1F, 0xE4, 0x17, 0xE4, 0x17, 0xE4, 0x17, 0xE4, 0x17, 0xE3, 0x17, 0xE3, 0x17, 0xE4, 0x0F,
    0xE4, 0x2F, 0xC6, 0xBF, 0x13, 0xF6, 0xF9, 0xF6, 0xD8, 0xF6, 0xD8, 0xFE, 0xD9, 0xC6, 0xD6, 0x5F,
    0x0B, 0x37, 0xE7, 0x27, 0xE5, 0x47, 0x48, 0x57, 0x4A, 0x37, 0xE8, 0x17, 0xE4, 0x17, 0xE4, 0x17,
    0xE4, 0x17, 0xE4, 0x17, 0xE4, 0x17, 0xE4, 0x17, 0xE4, 0x17, 0xE4, 0x17, 0xE4, 0x17, 0xE4, 0x17,
    0xE4, 0x17, 0xE4, 0x17, 0xE4, 0x17, 0xE4, 0x17, 0xE4, 0x17, 0xE4, 0x17, 0xE4, 0x17, 0xE4, 0x17,
    0xE4, 0x17, 0xE4, 0x17, 0xE4, 0x17, 0xE4, 0x17, 0xE4, 0x17, 0xE4, 0x17, 0xE4, 0x17, 0xFF, 0xE4,
    0x17, 0xE4, 0x17, 0xE4, 0x17, 0xE4, 0x17, 0xE4, 0x17, 0xE4, 0x17, 0xE4, 0x17, 0xE4, 0x17, 0xE4,
    0x17, 0xE4, 0x17, 0xE4, 0x17, 0xE4, 0x17, 0xE4, 0x17, 0xE4, 0x17, 0xE4, 0x17, 0xE4, 0x17, 0xE4,
    0x17, 0xE4, 0x17, 0xE4, 0x17, 0xE4, 0x17, 0xE4, 0x17, 0xE4, 0x17, 0xE4, 0x17, 0xE4, 0x17, 0xE4,
    0x17, 0xE4, 0x17, 0xE4, 0x17, 0xE4, 0x17, 0xE4, 0x17, 0xE4, 0x17, 0xE4, 0x17, 0xE4, 0x17, 0xE4,
    0x17, 0xE4, 0x17, 0xE4, 0x17, 0xE4, 0x17, 0xE4, 0x17, 0xE4, 0x17, 0xE4, 0x17, 0xE4, 0x17, 0xE4,
    0x17, 0xE4, 0x17, 0xE4, 0x17, 0xE4, 0x17, 0xE4, 0x17, 0xE4, 0x17, 0xE4, 0x1F, 0xE5, 0x57, 0xCB,
    0x87, 0x0E, 0x5E, 0x29, 0x3F, 0xE9, 0x1F, 0xE5, 0x3F, 0x08, 0xAD, 0xF1, 0xE5, 0x94, 0xED, 0xB4,
    0xED, 0x94, 0xC5, 0x10, 0x66, 0xCB, 0x1F, 0xE5, 0x17, 0xE4, 0x17, 0xE4, 0x17, 0xE4, 0x17, 0xFF,
    0xE5, 0x17, 0xE6, 0x2F, 0xE8, 0x47, 0x8A, 0x55, 0xEB, 0x73, 0xEB, 0xAC, 0x70, 0xBC, 0xB2, 0xCD,
    0x54, 0xC5, 0x54, 0xCD, 0x95, 0xDE, 0x58, 0xFF, 0x5C, 0xEE, 0xBA, 0x73, 0x6B, 0x74, 0x0A, 0x6C,
    0xCB, 0x6C, 0xEA, 0x75, 0x4B, 0x75, 0xCB, 0x76, 0x4B, 0x6E, 0xAA, 0x6F, 0x2A, 0x5F, 0xCA, 0x4F,
    0xE8, 0x37, 0xE7, 0x1F, 0xE5, 0x17, 0xE4, 0x17, 0xE4, 0x17, 0xE4, 0x17, 0xE4, 0x17, 0xE4, 0x27,
    0xC5, 0xAF, 0x12, 0xEE, 0xF8, 0xF6, 0xF9, 0xF6, 0xD9, 0xF6, 0xF9, 0x86, 0x90, 0x3F, 0xE8, 0x27,
    0xE5, 0x1F, 0xE4, 0x1F, 0xE4, 0x27, 0xE5, 0x1F, 0xE5, 0x17, 0xE4, 0x17, 0xE4, 0x17, 0xE4, 0x17,
    0xE4, 0x17, 0xE4, 0x17, 0xE4, 0x17, 0xE4, 0x17, 0xE4, 0x17, 0xE4, 0x17, 0xE4, 0x17, 0xE4, 0x17,
    0xE4, 0x17, 0xE4, 0x17, 0xE4, 0x17, 0xE4, 0x17, 0xE4, 0x17, 0xE4, 0x17, 0xE4, 0x17, 0xE4, 0x17,
    0xFF, 0xE4, 0x17, 0xE4, 0x17, 0xE4, 0x17, 0xE4, 0x17, 0xE4, 0x17, 0xE4, 0x17, 0xE4, 0x17, 0xE4,
    0x17, 0xE4, 0x17, 0xE4, 0x17, 0xE4, 0x17, 0xE4, 0x17, 0xE4, 0x17, 0xE4, 0x17, 0xE4, 0x17, 0xE4,
    0x17, 0xE4, 0x17, 0xE4, 0x17, 0xE4, 0x17, 0xE4, 0x17, 0xE4, 0x17, 0xE4, 0x17, 0xE4, 0x17, 0xE4,
    0x17, 0xE4, 0x17, 0xE4, 0x17, 0xE4, 0x17, 0xE4, 0x17, 0xE4, 0x17, 0xE4, 0x17, 0xE4, 0x17, 0xE4,
    0x17, 0xE4, 0x17, 0xE4, 0x17, 0xE4, 0x17, 0xE4, 0x17, 0xE4, 0x17, 0xE4, 0x17, 0xE4, 0x17, 0xE4,
    0x17, 0xE4, 0x17, 0xE4, 0x17, 0xE4, 0x17, 0xE4, 0x17, 0xE4, 0x17, 0xE4, 0x17, 0xE4, 0x17, 0xE4,
    0x17, 0xE4, 0x17, 0xE4, 0x17, 0xE4, 0x17, 0xE4, 0x17, 0xE4, 0x17, 0xE4, 0x17, 0xE4, 0x1F, 0xA4,
    0x2F, 0xA5, 0x27, 0xE4, 0x1F, 0xE4, 0x27, 0x66, 0xA6, 0x71, 0xE5, 0xB4, 0xED, 0x94, 0xF5, 0x95,
    0xD5, 0xFF, 0x32, 0x6E, 0x4B, 0x2F, 0xE6, 0x17, 0xE3, 0x17, 0xE4, 0x17, 0xE4, 0x1F, 0xE4, 0x2F,
    0xE8, 0x57, 0xCB, 0x65, 0xC9, 0x53, 0x24, 0xAB, 0xCD, 0xDC, 0x92, 0xC4, 0x51, 0xDD, 0x75, 0xEE,
    0x78, 0xFF, 0x7C, 0xFF, 0xDD, 0xFF, 0x5C, 0xDD, 0xF7, 0x8B, 0x0B, 0x61, 0x85, 0x69, 0xA5, 0x71,
    0xC6, 0x82, 0x27, 0x82, 0x27, 0x82, 0x67, 0x82, 0xA7, 0x83, 0x07, 0x7C, 0x08, 0x7D, 0x4A, 0x6E,
    0xEB, 0x4F, 0xE9, 0x27, 0xE5, 0x17, 0xE4, 0x17, 0xE4, 0x17, 0xE4, 0x17, 0xE4, 0x17, 0xE4, 0x8F,
    0x0F, 0xEF, 0x18, 0xF6, 0xF9, 0xFE, 0xFA, 0xCE, 0x76, 0x57, 0x2B, 0x1F, 0xE6, 0x17, 0xE4, 0x1F,
    0xE4, 0x17, 0xE4, 0x17, 0xE4, 0x17, 0xE4, 0x17, 0xE4, 0x17, 0xE4, 0x17, 0xE4, 0x17, 0xE4, 0x17,
    0xE4, 0x17, 0xE4, 0x17, 0xE4, 0x17, 0xE4, 0x17, 0xE4, 0x17, 0xE4, 0x17, 0xE4, 0x17, 0xE4, 0x17,
    0xE4, 0x17, 0xFF, 0xE4, 0x17, 0xE4, 0x17, 0xE4, 0x17, 0xE4, 0x17, 0xE4, 0x17, 0xE4, 0x17, 0xE4,
    0x17, 0xE4, 0x17, 0xE4, 0x17, 0xE4, 0x17, 0xE4, 0x17, 0xE4, 0x17, 0xE4, 0x17, 0xE4, 0x17, 0xE4,
    0x17, 0xE4, 0x17, 0xE4, 0x17, 0xE4, 0x17, 0xE4, 0x17, 0xE4, 0x17, 0xE4, 0x17, 0xE4, 0x17, 0xE4,
    0x17, 0xE4, 0x17, 0xE4, 0x17, 0xE4, 0x17, 0xE4, 0x17, 0xE4, 0x17, 0xE4, 0x17, 0xE4, 0x17, 0xE4,
    0x17, 0xE4, 0x17, 0xE4, 0x17, 0xE4, 0x17, 0xE4, 0x17, 0xE4, 0x17, 0xE4, 0x17, 0xE4, 0x17, 0xE4,
    0x17, 0xE4, 0x17, 0xE4, 0x17, 0xE4, 0x17, 0xE4, 0x17, 0xE4, 0x17, 0xE4, 0x17, 0xE4, 0x17, 0xE4,
    0x17, 0xE4, 0x17, 0xE4, 0x17, 0xE4, 0x17, 0xE4, 0x17, 0xE4, 0x17, 0xE4, 0x17, 0xE4, 0x17, 0xE4,
    0x17, 0xE4, 0x17, 0xE4, 0x17, 0xE4, 0x17, 0xE4, 0x17, 0xE4, 0x17, 0xE4, 0x1F, 0xE4, 0x1F, 0xE4,
    0x1F, 0xE3, 0x17, 0xFF, 0xE3, 0x17, 0xE5, 0x86, 0xCE, 0xDD, 0xD4, 0xED, 0x94, 0xF5, 0x95, 0xD5,
    0x13, 0x85, 0xEE, 0x37, 0xE7, 0x17, 0xE4, 0x17, 0xE4, 0x1F, 0xE4, 0x27, 0xE5, 0x2E, 0xA5, 0x53,
    0x64, 0x79, 0xE4, 0x89, 0x64, 0xA1, 0xE8, 0xAA, 0x2A, 0xAA, 0xAB, 0xBB, 0x6E, 0xED, 0xB6, 0xF6,
    0x99, 0xBC, 0xB2, 0x8A, 0xEC, 0x7A, 0x49, 0x82, 0x6A, 0x7A, 0x49, 0x61, 0xA6, 0x61, 0x25, 0x81,
    0x87, 0x91, 0xC8, 0x99, 0xC8, 0x99, 0x87, 0x89, 0x65, 0x79, 0x44, 0x79, 0xE5, 0x7B, 0x47, 0x7D,
    0xEB, 0x57, 0xE9, 0x1F, 0xE5, 0x17, 0xE4, 0x17, 0xE4, 0x17, 0xE4, 0x0F, 0xE4, 0x5F, 0x0A, 0xD7,
    0x16, 0xF6, 0xF9, 0xFE, 0xD9, 0xA6, 0x12, 0x37, 0xE8, 0x17, 0xE4, 0x17, 0xE3, 0x17, 0xE4, 0x17,
    0xE4, 0x17, 0xE4, 0x17, 0xE4, 0x17, 0xE4, 0x17, 0xE4, 0x17, 0xE4, 0x17, 0xE4, 0x17, 0xE4, 0x17,
    0xE4, 0x17, 0xE4, 0x17, 0xFF, 0xE4, 0x17, 0xE4, 0x17, 0xE4, 0x17, 0xE4, 0x17, 0xE4, 0x17, 0xE4,
    0x17, 0xE4, 0x17, 0xE4, 0x17, 0xE4, 0x17, 0xE4, 0x17, 0xE4, 0x17, 0xE4, 0x17, 0xE4, 0x17, 0xE4,
    0x17, 0xE4, 0x17, 0xE4, 0x17, 0xE4, 0x17, 0xE4, 0x17, 0xE4, 0x17, 0xE4, 0x17, 0xE4, 0x17, 0xE4,
    0x17, 0xE4, 0x17, 0xE4, 0x17, 0xE4, 0x17, 0xE4, 0x17, 0xE4, 0x17, 0xE4, 0x17, 0xE4, 0x17, 0xE4,
    0x17, 0xE4, 0x17, 0xE4, 0x17, 0xE4, 0x17, 0xE4, 0x17, 0xE4, 0x17, 0xE4, 0x17, 0xE4, 0x17, 0xE4,
    0x17, 0xE4, 0x17, 0xE4, 0x17, 0xE4, 0x17, 0xE4, 0x17, 0xE4, 0x17, 0xE4, 0x17, 0xE4, 0x17, 0xE4,
    0x17, 0xE4, 0x17, 0xE4, 0x17, 0xE4, 0x17, 0xE4, 0x17, 0xE4, 0x17, 0xE4, 0x17, 0xE4, 0x17, 0xE4,
    0x17, 0xE4, 0x17, 0xE4, 0x17, 0xE4, 0x17, 0xE4, 0x17, 0xE4, 0x17, 0xE4, 0x17, 0xE4, 0x17, 0xE4,
    0x17, 0xE4, 0x17, 0xE4, 0x17, 0xFF, 0xE4, 0x17, 0xE4, 0x1F, 0xE4, 0x17, 0xE4, 0x17, 0xE4, 0x1F,
    0xE4, 0x1F, 0xE5, 0x0F, 0xE3, 0x47, 0x28, 0xCE, 0x74, 0xE5, 0x74, 0xE5, 0x32, 0xCC, 0x92, 0x8D,
    0x2F, 0x57, 0xEA, 0x1F, 0xE5, 0x0F, 0xE3, 0x17, 0xE3, 0x27, 0xE4, 0x33, 0xC1, 0x81, 0xA4, 0xA1,
    0x66, 0xA1, 0x66, 0x91, 0x45, 0x99, 0x66, 0xA9, 0xE8, 0xB2, 0x09, 0xB2, 0x4A, 0xA2, 0x6A, 0x81,
    0xE8, 0x92, 0xAB, 0xD5, 0x14, 0xEE, 0x39, 0xE6, 0x59, 0xC5, 0x75, 0x72, 0x49, 0x58, 0xE4, 0x81,
    0x87, 0x99, 0xC8, 0x91, 0x86, 0x89, 0x45, 0x78, 0xE3, 0x70, 0xA2, 0x71, 0x03, 0x82, 0xC7, 0x86,
    0x0C, 0x47, 0xE8, 0x17, 0xE4, 0x17, 0xE4, 0x17, 0xE4, 0x0F, 0xE4, 0x2F, 0x85, 0x9F, 0x11, 0xEE,
    0xF8, 0xFE, 0xB9, 0x8E, 0x71, 0x27, 0xE7, 0x0F, 0xE3, 0x17, 0xE4, 0x17, 0xE4, 0x17, 0xE4, 0x17,
    0xE4, 0x17, 0xE4, 0x17, 0xE4, 0x17, 0xFF, 0xE4, 0x17, 0xE4, 0x17, 0xE4, 0x17, 0xE4, 0x17, 0xE4,
    0x17, 0xE4, 0x17, 0xE4, 0x17, 0xE4, 0x17, 0xE4, 0x17, 0xE4, 0x17, 0xE4, 0x17, 0xE4, 0x17, 0xE4,
    0x17, 0xE4, 0x17, 0xE4, 0x17, 0xE4, 0x17, 0xE4, 0x17, 0xE4, 0x17, 0xE4, 0x17, 0xE4, 0x17, 0xE4,
    0x17, 0xE4, 0x17, 0xE4, 0x17, 0xE4, 0x17, 0xE4, 0x17, 0xE4, 0x17, 0xE4, 0x17, 0xE4, 0x17, 0xE4,
    0x17, 0xE4, 0x17, 0xE4, 0x17, 0xE4, 0x17, 0xE4, 0x17, 0xE4, 0x17, 0xE4, 0x17, 0xE4, 0x17, 0xE4,
    0x17, 0xE4, 0x17, 0xE4, 0x17, 0xE4, 0x17, 0xE4, 0x17, 0xE4, 0x17, 0xE4, 0x17, 0xE4, 0x17, 0xE4,
    0x17, 0xE4, 0x17, 0xE4, 0x17, 0xE4, 0x17, 0xE4, 0x17, 0xE4, 0x17, 0xE4, 0x17, 0xE4, 0x17, 0xE4,
    0x17, 0xE4, 0x17, 0xE4, 0x17, 0xE4, 0x17, 0xE4, 0x17, 0xE4, 0x17, 0xE4, 0x17, 0xE4, 0x17, 0xE4,
    0x17, 0xE4, 0x17, 0xE4, 0x17, 0xE4, 0x17, 0xCE, 0xE4, 0x17, 0xE4, 0x17, 0xE4, 0x17, 0xE4, 0x17,
    0xE4, 0x17, 0xE4, 0x17, 0xE4, 0x17, 0xE4, 0x17, 0xE4, 0x1F, 0xE4, 0x17, 0xE4, 0x1F, 0xE4, 0x1F,
    0xE4, 0x17, 0xE4, 0x1F, 0xC5, 0x8E, 0x4E, 0xCD, 0x53, 0xDD, 0x34, 0xDD, 0x76, 0xAC, 0xF1, 0x6E,
    0x8D, 0x47, 0xEA, 0x1F, 0xE6, 0x1F, 0xE5, 0x1E, 0xE3, 0x4A, 0xC2, 0x99, 0xA6, 0xA1, 0x66, 0x99,
    0x65, 0x99, 0x86, 0x91, 0x65, 0xB1, 0xE8, 0xCA, 0x4A, 0xCA, 0x0A, 0xA1, 0xA8, 0x9A, 0xCB, 0xE5,
    0xF7, 0xFF, 0x7D, 0xFF, 0xBE, 0xFF, 0xDF, 0x02, 0xFF, 0xFF, 0xDE, 0x38, 0x61, 0xE7, 0x61, 0x05,
    0x81, 0xA7, 0x91, 0xA7, 0x91, 0xE7, 0x91, 0xE7, 0x91, 0xC7, 0x80, 0xE4, 0x79, 0x44, 0x8B, 0xEA,
    0x67, 0xAA, 0x1F, 0xE5, 0x17, 0xE3, 0x17, 0xE4, 0x17, 0xE4, 0x27, 0xE5, 0x47, 0x29, 0xAF, 0x32,
    0xD7, 0x17, 0x7E, 0xCF, 0x2F, 0xE6, 0x17, 0xE4, 0x17, 0xE4, 0x17, 0xE4, 0x17, 0xE4, 0x17, 0xE4,
    0x17, 0xE4, 0x17, 0xE4, 0x17, 0xE4, 0x17, 0xE4, 0x17, 0xE4, 0x17, 0xE4, 0x17, 0xE4, 0x17, 0xE4,
    0x17, 0xE4, 0x17, 0xE4, 0x17, 0xE4, 0x17, 0xE4, 0x17, 0xE4, 0x17, 0xE4, 0x17, 0xE4, 0x17, 0xE4,
    0x17, 0xE4, 0x17, 0xE4, 0x17, 0xE4, 0x17, 0xE4, 0x17, 0xE4, 0x17, 0xE4, 0x17, 0xE4, 0x17, 0xE4,
    0x17, 0xE4, 0x17, 0xE4, 0x17, 0xE4, 0x17, 0xE4, 0x17, 0xE4, 0x17, 0xE4, 0x17, 0xE4, 0x17, 0xE4,
    0x17, 0xE4, 0x17, 0xE4, 0x17, 0xE4, 0x17, 0xE4, 0x17, 0xE4, 0xFF, 0x17, 0xE4, 0x17, 0xE4, 0x17,
    0xE4, 0x17, 0xE4, 0x17, 0xE4, 0x17, 0xE4, 0x17, 0xE4, 0x17, 0xE4, 0x17, 0xE4, 0x17, 0xE4, 0x17,
    0xE4, 0x17, 0xE4, 0x17, 0xE4, 0x17, 0xE4, 0x17, 0xE4, 0x17, 0xE4, 0x17, 0xE4, 0x17, 0xE4, 0x17,
    0xE4, 0x17, 0xE4, 0x17, 0xE4, 0x17, 0xE4, 0x17, 0xE4, 0x17, 0xE4, 0x17, 0xE4, 0x17, 0xE4, 0x17,
    0xE4, 0x17, 0xE4, 0x17, 0xE4, 0x17, 0xE4, 0x17, 0xE4, 0x17, 0xE4, 0x17, 0xE4, 0x17, 0xE4, 0x17,
    0xE4, 0x17, 0xE4, 0x17, 0xE4, 0x17, 0xE4, 0x1F, 0xE4, 0x27, 0xE5, 0x27, 0xE6, 0x2F, 0xE7, 0x2F,
    0xE7, 0x27, 0xE7, 0x5D, 0xCA, 0xCD, 0x94, 0xDD, 0x97, 0xDD, 0xB7, 0xC5, 0x34, 0x84, 0xCE, 0x6E,
    0x6C, 0x4F, 0xEA, 0x37, 0xE9, 0x25, 0xC5, 0x5A, 0x84, 0x91, 0x85, 0x99, 0x46, 0x99, 0x66, 0xB2,
    0x8A, 0xA1, 0xA7, 0xA9, 0xC8, 0xCA, 0x2A, 0xB1, 0xC9, 0x9A, 0x09, 0x8B, 0xDD, 0x75, 0xF7, 0x3B,
    0xFF, 0x7C, 0xFF, 0xBE, 0xFF, 0xDF, 0xFF, 0xDF, 0x02, 0xFF, 0xFF, 0x8B, 0xAE, 0x48, 0xC3, 0x79,
    0x66, 0x91, 0xC7, 0x91, 0xE7, 0x9A, 0x08, 0x9A, 0x08, 0x91, 0xC7, 0x81, 0x25, 0x82, 0x47, 0x7E,
    0x4B, 0x37, 0xE7, 0x17, 0xE3, 0x17, 0xE4, 0x17, 0xE4, 0x1F, 0xE4, 0x27, 0xE6, 0x47, 0x29, 0x7F,
    0x0E, 0x57, 0x4B, 0x2F, 0xE6, 0x17, 0xE4, 0x17, 0xE4, 0x17, 0xE4, 0x17, 0xE4, 0x17, 0xE4, 0x17,
    0xE4, 0x17, 0xE4, 0x17, 0xE4, 0x17, 0xE4, 0x17, 0xE4, 0x17, 0xE4, 0x17, 0xE4, 0x17, 0xE4, 0x17,
    0xE4, 0x17, 0xE4, 0x17, 0xE4, 0x17, 0xE4, 0x17, 0xE4, 0x17, 0xE4, 0x17, 0xE4, 0x17, 0xE4, 0x17,
    0xE4, 0x17, 0xE4, 0x17, 0xE4, 0x17, 0xE4, 0x17, 0xE4, 0x17, 0xE4, 0x17, 0xE4, 0x17, 0xE4, 0x17,
    0xE4, 0x17, 0xE4, 0x17, 0xE4, 0x17, 0xE4, 0x17, 0xE4, 0x17, 0xE4, 0x17, 0xE4, 0x17, 0xE4, 0x17,
    0xE4, 0x17, 0xE4, 0x17, 0xE4, 0x17, 0xE4, 0x17, 0xE4, 0x17, 0xE4, 0xD8, 0x17, 0xE4, 0x17, 0xE4,
    0x17, 0xE3, 0x17, 0xE3, 0x17, 0xE3, 0x17, 0xE4, 0x17, 0xE4, 0x17, 0xE4, 0x17, 0xE4, 0x17, 0xE4,
    0x17, 0xE4, 0x17, 0xE4, 0x17, 0xE4, 0x17, 0xE4, 0x17, 0xE4, 0x17, 0xE4, 0x17, 0xE4, 0x17, 0xE4,
    0x17, 0xE4, 0x17, 0xE4, 0x17, 0xE4, 0x17, 0xE4, 0x17, 0xE4, 0x17, 0xE4, 0x17, 0xE4, 0x17, 0xE4,
    0x17, 0xE4, 0x17, 0xE4, 0x17, 0xE4, 0x17, 0xE4, 0x17, 0xE4, 0x17, 0xE4, 0x17, 0xE4, 0x17, 0xE4,
    0x17, 0xE4, 0x17, 0xE4, 0x17, 0xE4, 0x2F, 0xE7, 0x3F, 0xE9, 0x4F, 0x0B, 0x5F, 0x0D, 0x5E, 0xED,
    0x4E, 0xCD, 0x86, 0x30, 0xCD, 0x02, 0xD5, 0xAE, 0x76, 0xDD, 0x97, 0xDD, 0x96, 0xD5, 0x75, 0xB5,
    0x32, 0x8D, 0xAF, 0x7E, 0xEF, 0x45, 0x09, 0x49, 0x82, 0x89, 0x25, 0xA1, 0x87, 0xA1, 0xC8, 0xCB,
    0x4D, 0x99, 0x86, 0xA1, 0xA7, 0xB2, 0x0A, 0x89, 0x47, 0xBB, 0xF0, 0xF6, 0xDA, 0xF7, 0x7C, 0xFF,
    0xDE, 0xFF, 0xDF, 0xFF, 0xDF, 0xFF, 0xDF, 0x02, 0xFF, 0xFF, 0xB5, 0x14, 0x48, 0xE3, 0x79, 0x66,
    0x99, 0xC7, 0x99, 0xE7, 0x99, 0xE7, 0x99, 0xC7, 0x99, 0xC7, 0x91, 0x66, 0x81, 0x46, 0x84, 0xCB,
    0x47, 0xE8, 0x17, 0xE4, 0x17, 0xE4, 0x17, 0xE4, 0x17, 0xE4, 0x17, 0xE5, 0x1F, 0xE5, 0x1F, 0xC4,
    0x27, 0xE5, 0x1F, 0xE4, 0x17, 0xE4, 0x17, 0xE4, 0x17, 0xE4, 0x17, 0xE4, 0x17, 0xE4, 0x17, 0xE4,
    0x17, 0xE4, 0x17, 0xE4, 0x17, 0xE4, 0x17, 0xE4, 0x17, 0xE4, 0x17, 0xE4, 0x17, 0xE4, 0x17, 0xE4,
    0x17, 0xE4, 0x17, 0xE4, 0x17, 0xE4, 0x17, 0xE4, 0x17, 0xE4, 0x17, 0xE4, 0x17, 0xE4, 0x17, 0xE4,
    0x17, 0xE4, 0x17, 0xE4, 0x17, 0xE4, 0x17, 0xE4, 0x17, 0xE4, 0x17, 0xE4, 0x17, 0xE4, 0x17, 0xE4,
    0x17, 0xE4, 0x17, 0xE4, 0x17, 0xE4, 0x17, 0xE4, 0x17, 0xE4, 0x17, 0xE4, 0x17, 0xE4, 0x17, 0xE4,
    0x17, 0xE4, 0x17, 0xE4, 0x17, 0xE4, 0x17, 0xE4, 0x17, 0xE4, 0xFF, 0x17, 0xE4, 0x17, 0xE3, 0x17,
    0xE3, 0x17, 0xE3, 0x17, 0xE3, 0x17, 0xE3, 0x17, 0xE3, 0x17, 0xE4, 0x17, 0xE4, 0x17, 0xE4, 0x17,
    0xE4, 0x17, 0xE4, 0x17, 0xE4, 0x17, 0xE4, 0x17, 0xE4, 0x17, 0xE4, 0x17, 0xE4, 0x17, 0xE4, 0x17,
    0xE4, 0x17, 0xE4, 0x17, 0xE4, 0x17, 0xE4, 0x17, 0xE4, 0x17, 0xE4, 0x17, 0xE4, 0x17, 0xE4, 0x17,
    0xE4, 0x17, 0xE4, 0x17, 0xE4, 0x17, 0xE4, 0x17, 0xE4, 0x17, 0xE4, 0x17, 0xE4, 0x17, 0xE4, 0x17,
    0xE4, 0x17, 0xE4, 0x27, 0xE5, 0x57, 0x2A, 0x75, 0xAE, 0x9D, 0xB3, 0xCF, 0x19, 0xB6, 0x56, 0x7C,
    0xAF, 0x84, 0x6E, 0xC5, 0x54, 0xCD, 0x76, 0xDD, 0x97, 0xDD, 0x97, 0xE5, 0xB7, 0xE5, 0xD7, 0xD5,
    0xB6, 0xAD, 0x52, 0x73, 0x4A, 0x79, 0xA6, 0xA1, 0xE9, 0xA1, 0xE9, 0xBA, 0xEC, 0xC3, 0x4D, 0x91,
    0x86, 0x91, 0x87, 0x89, 0x06, 0x8A, 0x09, 0xE5, 0xF7, 0xFF, 0x9D, 0x81, 0xFF, 0xDE, 0x0A, 0xFF,
    0xFF, 0xCD, 0xD7, 0x51, 0x24, 0x79, 0x86, 0x99, 0xC7, 0x99, 0xC7, 0x99, 0xC7, 0x99, 0xC7, 0x99,
    0xC7, 0x99, 0x86, 0x89, 0x25, 0x7B, 0xE9, 0x4F, 0xE8, 0x17, 0xE4, 0x17, 0xE4, 0x17, 0xE4, 0x17,
    0xE4, 0x17, 0xE4, 0x17, 0xE4, 0x17, 0xE4, 0x17, 0xE4, 0x17, 0xE4, 0x17, 0xE4, 0x17, 0xE4, 0x17,
    0xE4, 0x17, 0xE4, 0x17, 0xE4, 0x17, 0xE4, 0x17, 0xE4, 0x17, 0xE4, 0x17, 0xE4, 0x17, 0xE4, 0x17,
    0xE4, 0x17, 0xE4, 0x17, 0xE4, 0x17, 0xE4, 0x17, 0xE4, 0x17, 0xE4, 0x17, 0xE4, 0x17, 0xE4, 0x17,
    0xE4, 0x17, 0xE4, 0x17, 0xE4, 0x17, 0xE4, 0x17, 0xE4, 0x17, 0xE4, 0x17, 0xE4, 0x17, 0xE4, 0x17,
    0xE4, 0x17, 0xE4, 0x17, 0xE4, 0x17, 0xE4, 0x17, 0xE4, 0x17, 0xE4, 0x17, 0xE4, 0x17, 0xE4, 0x17,
    0xE4, 0x17, 0xE4, 0x17, 0xE4, 0x17, 0xE4, 0x17, 0xE4, 0x17, 0xE4, 0x17, 0xE4, 0x17, 0xE4, 0x17,
    0xE4, 0xFF, 0x17, 0xE4, 0x17, 0xE3, 0x17, 0xE3, 0x17, 0xE3, 0x17, 0xE3, 0x17, 0xE3, 0x17, 0xE3,
    0x17, 0xE4, 0x17, 0xE4, 0x17, 0xE4, 0x17, 0xE4, 0x17, 0xE4, 0x17, 0xE4, 0x17, 0xE4, 0x17, 0xE4,
    0x17, 0xE4, 0x17, 0xE3, 0x17, 0xE4, 0x17, 0xE4, 0x17, 0xE4, 0x17, 0xE4, 0x17, 0xE4, 0x17, 0xE4,
    0x17, 0xE4, 0x17, 0xE4, 0x17, 0xE4, 0x17, 0xE4, 0x17, 0xE4, 0x17, 0xE4, 0x17, 0xE4, 0x17, 0xE4,
    0x17, 0xE4, 0x17, 0xE4, 0x17, 0xE4, 0x17, 0xE4, 0x17, 0xE4, 0x27, 0xE5, 0x8E, 0xF2, 0xCD, 0xF7,
    0xDE, 0x18, 0xEE, 0xB9, 0xF6, 0xDA, 0xF6, 0xDA, 0x9C, 0x30, 0xBC, 0xF3, 0xDD, 0xB7, 0xDD, 0x97,
    0xDD, 0xB7, 0xDD, 0x97, 0xE5, 0x97, 0xDC, 0xD4, 0xAA, 0xED, 0x91, 0xE8, 0xAA, 0x4A, 0xAA, 0x4A,
    0x81, 0x87, 0x69, 0x45, 0x81, 0xA7, 0x91, 0xC8, 0x89, 0x66, 0x79, 0xC7, 0xD5, 0x75, 0xFF, 0x9D,
    0xFF, 0xDE, 0x0C, 0xFF, 0xFF, 0xD6, 0x18, 0x59, 0x65, 0x79, 0x86, 0x91, 0x87, 0x91, 0x66, 0x99,
    0xA6, 0x99, 0xC7, 0x99, 0xC7, 0x91, 0x86, 0x81, 0x05, 0x7B, 0x67, 0x57, 0xE9, 0x17, 0xE4, 0x17,
    0xE4, 0x17, 0xE4, 0x17, 0xE4, 0x17, 0xE4, 0x17, 0xE4, 0x17, 0xE4, 0x17, 0xE4, 0x17, 0xE4, 0x17,
    0xE4, 0x17, 0xE4, 0x17, 0xE4, 0x17, 0xE4, 0x17, 0xE4, 0x17, 0xE4, 0x17, 0xE4, 0x17, 0xE4, 0x17,
    0xE4, 0x17, 0xE4, 0x17, 0xE4, 0x17, 0xE4, 0x17, 0xE4, 0x17, 0xE4, 0x17, 0xE4, 0x17, 0xE4, 0x17,
    0xE4, 0x17, 0xE4, 0x17, 0xE4, 0x17, 0xE4, 0x17, 0xE4, 0x17, 0xE4, 0x17, 0xE4, 0x17, 0xE4, 0x17,
    0xE4, 0x17, 0xE4, 0x17, 0xE4, 0x17, 0xE4, 0x17, 0xE4, 0x17, 0xE4, 0x17, 0xE4, 0x17, 0xE4, 0x17,
    0xE4, 0x17, 0xE4, 0x17, 0xE4, 0x17, 0xE4, 0x17, 0xE4, 0x17, 0xE4, 0x17, 0xE4, 0x17, 0xE4, 0x17,
    0xE4, 0x17, 0xE4, 0x17, 0xE4, 0xFF, 0x17, 0xE4, 0x17, 0xE3, 0x17, 0xE3, 0x17, 0xE3, 0x17, 0xE3,
    0x17, 0xE3, 0x17, 0xE3, 0x17, 0xE4, 0x17, 0xE4, 0x17, 0xE4, 0x17, 0xE4, 0x17, 0xE4, 0x17, 0xE4,
    0x17, 0xE4, 0x17, 0xE4, 0x17, 0xE4, 0x17, 0xE4, 0x17, 0xE4, 0x17, 0xE4, 0x17, 0xE3, 0x17, 0xE3,
    0x17, 0xE3, 0x17, 0xE3, 0x17, 0xE3, 0x17, 0xE3, 0x17, 0xE3, 0x17, 0xE3, 0x17, 0xE3, 0x17, 0xE3,
    0x17, 0xE3, 0x17, 0xE4, 0x17, 0xE4, 0x17, 0xE4, 0x17, 0xE4, 0x17, 0xE4, 0x17, 0xE4, 0x27, 0xE6,
    0x87, 0x30, 0xCD, 0xF6, 0xD5, 0x54, 0xDD, 0xF5, 0xE6, 0x36, 0xFF, 0x5C, 0xDE, 0x38, 0xC5, 0x35,
    0xD5, 0xD7, 0xDD, 0xB7, 0xDD, 0xD8, 0xCD, 0x14, 0x9A, 0xED, 0x9A, 0x0A, 0x99, 0x48, 0xA9, 0xEA,
    0xB2, 0x4B, 0x99, 0xE9, 0x50, 0xC3, 0x38, 0x82, 0x79, 0x86, 0x9A, 0x29, 0x9A, 0x8B, 0xD5, 0xB6,
    0xFF, 0xDE, 0xFF, 0xFE, 0xFF, 0xFE, 0x0C, 0xFF, 0xFF, 0xDE, 0x59, 0x61, 0x86, 0x81, 0x86, 0x91,
    0x86, 0x91, 0x86, 0x99, 0xC7, 0x99, 0xC7, 0x99, 0xC7, 0x91, 0x86, 0x80, 0xE4, 0x72, 0xE7, 0x57,
    0xA9, 0x17, 0xE4, 0x17, 0xE4, 0x17, 0xE4, 0x17, 0xE4, 0x17, 0xE4, 0x17, 0xE4, 0x17, 0xE4, 0x17,
    0xE4, 0x17, 0xE4, 0x17, 0xE4, 0x17, 0xE4, 0x17, 0xE4, 0x17, 0xE4, 0x17, 0xE4, 0x17, 0xE4, 0x17,
    0xE4, 0x17, 0xE4, 0x17, 0xE4, 0x17, 0xE4, 0x17, 0xE4, 0x17, 0xE4, 0x17, 0xE4, 0x17, 0xE4, 0x17,
    0xE4, 0x17, 0xE4, 0x17, 0xE4, 0x17, 0xE4, 0x17, 0xE4, 0x17, 0xE4, 0x17, 0xE4, 0x17, 0xE4, 0x17,
    0xE4, 0x17, 0xE4, 0x17, 0xE4, 0x17, 0xE4, 0x17, 0xE4, 0x17, 0xE4, 0x17, 0xE4, 0x17, 0xE4, 0x17,
    0xE4, 0x17, 0xE4, 0x17, 0xE4, 0x17, 0xE4, 0x17, 0xE4, 0x17, 0xE4, 0x17, 0xE4, 0x17, 0xE4, 0x17,
    0xE4, 0x17, 0xE4, 0x17, 0xE4, 0x17, 0xE4, 0x17, 0xE4, 0xF9, 0x17, 0xE4, 0x17, 0xE3, 0x17, 0xE3,
    0x17, 0xE3, 0x17, 0xE3, 0x17, 0xE3, 0x17, 0xE3, 0x17, 0xE4, 0x17, 0xE4, 0x17, 0xE4, 0x17, 0xE4,
    0x17, 0xE4, 0x17, 0xE4, 0x17, 0xE4, 0x17, 0xE4, 0x17, 0xE4, 0x17, 0xE4, 0x17, 0xE4, 0x17, 0xE3,
    0x17, 0xE3, 0x17, 0xE3, 0x17, 0xE3, 0x17, 0xE3, 0x17, 0xE3, 0x17, 0xE3, 0x17, 0xE3, 0x17, 0xE3,
    0x17, 0xE3, 0x17, 0xE3, 0x17, 0xE3, 0x17, 0xE3, 0x17, 0xE3, 0x17, 0xE3, 0x17, 0xE4, 0x17, 0xE3,
    0x17, 0xE4, 0x1F, 0xE5, 0x47, 0x29, 0xA6, 0x10, 0xC5, 0x12, 0xC4, 0xD1, 0xBC, 0xD1, 0xF6, 0xB9,
    0xFF, 0x3C, 0xCD, 0xB6, 0xD5, 0xB7, 0xD5, 0xB7, 0xDD, 0xD8, 0xCD, 0x55, 0x82, 0x8A, 0x81, 0x87,
    0xA2, 0x0A, 0xB2, 0x6C, 0x91, 0xC9, 0x60, 0xE5, 0x30, 0x82, 0x49, 0x04, 0x8A, 0x2A, 0xA2, 0x6B,
    0xD5, 0x15, 0xFF, 0xBE, 0x0F, 0xFF, 0x80, 0xDF, 0x02, 0xFF, 0xFF, 0xDE, 0x79, 0x69, 0x86, 0x79,
    0x66, 0x81, 0x25, 0x89, 0x45, 0x91, 0x86, 0x99, 0xA6, 0x99, 0xE7, 0x91, 0xC6, 0x81, 0x04, 0x72,
    0xC7, 0x57, 0x89, 0x17, 0xE4, 0x17, 0xE3, 0x17, 0xE4, 0x17, 0xE4, 0x17, 0xE4, 0x17, 0xE4, 0x17,
    0xE4, 0x17, 0xE4, 0x17, 0xE4, 0x17, 0xE4, 0x17, 0xE4, 0x17, 0xE4, 0x17, 0xE4, 0x17, 0xE4, 0x17,
    0xE4, 0x17, 0xE4, 0x17, 0xE4, 0x17, 0xE4, 0x17, 0xE4, 0x17, 0xE4, 0x17, 0xE4, 0x17, 0xE4, 0x17,
    0xE4, 0x17, 0xE4, 0x17, 0xE4, 0x17, 0xE4, 0x17, 0xE4, 0x17, 0xE4, 0x17, 0xE4, 0x17, 0xE4, 0x17,
    0xE4, 0x17, 0xE4, 0x17, 0xE4, 0x17, 0xE4, 0x17, 0xE4, 0x17, 0xE4, 0x17, 0xE4, 0x17, 0xE4, 0x17,
    0xE4, 0x17, 0xE4, 0x17, 0xE4, 0x17, 0xE4, 0x17, 0xE4, 0x17, 0xE4, 0x17, 0xE4, 0x17, 0xE4, 0x17,
    0xE4, 0x17, 0xE4, 0x17, 0xE4, 0x17, 0xE4, 0x17, 0xE4, 0x17, 0xE4, 0xFF, 0x17, 0xE4, 0x17, 0xE3,
    0x17, 0xE3, 0x17, 0xE3, 0x17, 0xE3, 0x17, 0xE4, 0x17, 0xE4, 0x17, 0xE4, 0x17, 0xE4, 0x17, 0xE4,
    0x17, 0xE4, 0x17, 0xE4, 0x17, 0xE4, 0x17, 0xE4, 0x17, 0xE4, 0x17, 0xE3, 0x17, 0xE4, 0x17, 0xE3,
    0x17, 0xE3, 0x17, 0xE3, 0x17, 0xE3, 0x17, 0xE3, 0x17, 0xE3, 0x17, 0xE3, 0x17, 0xE3, 0x17, 0xE3,
    0x17, 0xE3, 0x17, 0xE3, 0x17, 0xE3, 0x17, 0xE3, 0x17, 0xE3, 0x17, 0xE4, 0x17, 0xE4, 0x17, 0xE4,
    0x17, 0xE4, 0x17, 0xE4, 0x17, 0xE4, 0x1F, 0xA3, 0x6E, 0x8A, 0xB5, 0x70, 0xC4, 0xB0, 0xCC, 0xF2,
    0xF6, 0x99, 0xFF, 0x7D, 0xE6, 0x59, 0xBD, 0x14, 0xC5, 0x76, 0xCD, 0x97, 0xD5, 0xD7, 0xB4, 0x92,
    0x8A, 0xCC, 0x9A, 0xED, 0x71, 0xE9, 0x40, 0x83, 0x30, 0x42, 0x30, 0xA3, 0x51, 0x87, 0x8A, 0x4A,
    0xBB, 0xB0, 0xFE, 0xFC, 0xF7, 0x7D, 0xF7, 0x9D, 0xF7, 0x9E, 0xFF, 0xBE, 0x85, 0xFF, 0xBE, 0xFF,
    0xBE, 0xFF, 0xDF, 0x06, 0xFF, 0xFF, 0xDE, 0x59, 0x69, 0x86, 0x81, 0x86, 0x91, 0x86, 0x89, 0x66,
    0x81, 0x04, 0x91, 0x86, 0x99, 0xC6, 0x91, 0xC6, 0x89, 0x86, 0x72, 0xE7, 0x57, 0x89, 0x17, 0xE4,
    0x17, 0xE3, 0x17, 0xE4, 0x17, 0xE4, 0x17, 0xE4, 0x17, 0xE4, 0x17, 0xE4, 0x17, 0xE4, 0x17, 0xE4,
    0x17, 0xE4, 0x17, 0xE4, 0x17, 0xE4, 0x17, 0xE4, 0x17, 0xE4, 0x17, 0xE4, 0x17, 0xE4, 0x17, 0xE4,
    0x17, 0xE4, 0x17, 0xE4, 0x17, 0xE4, 0x17, 0xE4, 0x17, 0xE4, 0x17, 0xE4, 0x17, 0xE4, 0x17, 0xE4,
    0x17, 0xE4, 0x17, 0xE4, 0x17, 0xE4, 0x17, 0xE4, 0x17, 0xE4, 0x17, 0xE4, 0x17, 0xE4, 0x17, 0xE4,
    0x17, 0xE4, 0x17, 0xE4, 0x17, 0xE4, 0x17, 0xE4, 0x17, 0xE4, 0x17, 0xE4, 0x17, 0xE4, 0x17, 0xE4,
    0x17, 0xE4, 0x17, 0xE4, 0x17, 0xE4, 0x17, 0xE4, 0x17, 0xE4, 0x17, 0xE4, 0x17, 0xE4, 0x17, 0xE4,
    0x17, 0xE4, 0x17, 0xE4, 0x17, 0xE4, 0xFF, 0x17, 0xE4, 0x17, 0xE4, 0x17, 0xE4, 0x17, 0xE4, 0x17,
    0xE4, 0x17, 0xE4, 0x17, 0xE4, 0x17, 0xE4, 0x17, 0xE4, 0x17, 0xE4, 0x17, 0xE4, 0x17, 0xE4, 0x17,
    0xE4, 0x17, 0xE4, 0x17, 0xE3, 0x17, 0xE3, 0x17, 0xE3, 0x17, 0xE3, 0x17, 0xE3, 0x17, 0xE3, 0x17,
    0xE3, 0x17, 0xE3, 0x17, 0xE3, 0x17, 0xE3, 0x17, 0xE3, 0x17, 0xE4, 0x17, 0xE4, 0x17, 0xE4, 0x17,
    0xE3, 0x17, 0xE4, 0x17, 0xE4, 0x17, 0xE4, 0x17, 0xE4, 0x17, 0xE4, 0x17, 0xE4, 0x17, 0xE4, 0x17,
    0xE4, 0x17, 0xE3, 0x2F, 0x86, 0x96, 0xCF, 0xCD, 0xD3, 0xD5, 0x74, 0xEE, 0x79, 0xFF, 0x7D, 0xF7,
    0x3C, 0xBD, 0x35, 0xC5, 0xB7, 0xCD, 0xD7, 0xC5, 0xB7, 0xEE, 0xDB, 0xF6, 0xFC, 0xE6, 0x7A, 0xB4,
    0xF4, 0x62, 0x6A, 0x30, 0xE4, 0x41, 0x25, 0x6A, 0x29, 0x8A, 0xCD, 0xD5, 0x36, 0xDE, 0x39, 0xE6,
    0xDB, 0xE6, 0xFC, 0xD6, 0x9A, 0xBD, 0xD7, 0x85, 0xC5, 0xF7, 0xD6, 0x79, 0xF7, 0x9E, 0x06, 0xFF,
    0xFF, 0xBC, 0xD3, 0x71, 0x46, 0x89, 0xA7, 0x99, 0xC7, 0x99, 0xC7, 0x89, 0x66, 0xC3, 0x0C, 0xB2,
    0x8A, 0x81, 0x24, 0x81, 0x25, 0x6A, 0xC6, 0x57, 0xA9, 0x17, 0xE4, 0x17, 0xE4, 0x17, 0xE4, 0x17,
    0xE4, 0x17, 0xE4, 0x17, 0xE4, 0x17, 0xE4, 0x17, 0xE4, 0x17, 0xE4, 0x17, 0xE4, 0x17, 0xE4, 0x17,
    0xE4, 0x17, 0xE4, 0x17, 0xE4, 0x17, 0xE4, 0x17, 0xE4, 0x17, 0xE4, 0x17, 0xE4, 0x17, 0xE4, 0x17,
    0xE4, 0x17, 0xE4, 0x17, 0xE4, 0x17, 0xE4, 0x17, 0xE4, 0x17, 0xE4, 0x17, 0xE4, 0x17, 0xE4, 0x17,
    0xE4, 0x17, 0xE4, 0x17, 0xE4, 0x17, 0xE4, 0x17, 0xE4, 0x17, 0xE4, 0x17, 0xE4, 0x17, 0xE4, 0x17,
    0xE4, 0x17, 0xE4, 0x17, 0xE4, 0x17, 0xE4, 0x17, 0xE4, 0x17, 0xE4, 0x17, 0xE4, 0x17, 0xE4, 0x17,
    0xE4, 0x17, 0xE4, 0x17, 0xE4, 0x17, 0xE4, 0x17, 0xE4, 0x17, 0xE4, 0x17, 0xE4, 0x17, 0xE4, 0x17,
    0xE4, 0xFF, 0x17, 0xE4, 0x17, 0xE4, 0x17, 0xE4, 0x17, 0xE4, 0x17, 0xE4, 0x17, 0xE4, 0x17, 0xE4,
    0x17, 0xE4, 0x17, 0xE4, 0x17, 0xE4, 0x17, 0xE4, 0x17, 0xE4, 0x17, 0xE4, 0x17, 0xE3, 0x17, 0xE4,
    0x17, 0xE3, 0x17, 0xE3, 0x17, 0xE3, 0x17, 0xE3, 0x17, 0xE3, 0x17, 0xE3, 0x17, 0xE3, 0x17, 0xE3,
    0x17, 0xE3, 0x17, 0xE3, 0x17, 0xE4, 0x17, 0xE4, 0x17, 0xE4, 0x17, 0xE4, 0x17, 0xE4, 0x17, 0xE4,
    0x17, 0xE4, 0x17, 0xE4, 0x17, 0xE4, 0x17, 0xE4, 0x17, 0xE4, 0x17, 0xE3, 0x17, 0xE4, 0x17, 0xE5,
    0x47, 0xAA, 0xAF, 0xB3, 0xCE, 0x95, 0xDE, 0x37, 0xFF, 0x5C, 0xFF, 0x7D, 0xCD, 0xD7, 0xCD, 0xF7,
    0xFF, 0x7E, 0xF7, 0x5D, 0xF7, 0x7D, 0xFF, 0xDF, 0xFF, 0xDF, 0xFF, 0xDF, 0xFF, 0x9E, 0xD6, 0x59,
    0xBD, 0x55, 0xC5, 0x76, 0xDE, 0x19, 0xF7, 0x1C, 0xF7, 0x5D, 0xFF, 0xBE, 0xFF, 0xDF, 0xFF, 0xDF,
    0xEF, 0x3D, 0x85, 0xCE, 0x38, 0xCE, 0x79, 0xFF, 0xBE, 0x04, 0xFF, 0xFF, 0xEE, 0xFB, 0x7A, 0x49,
    0x79, 0x46, 0x91, 0xA7, 0x99, 0xC7, 0x99, 0xE8, 0x99, 0xA7, 0xA2, 0x08, 0xAA, 0x08, 0x91, 0x45,
    0x78, 0xC4, 0x6A, 0xC6, 0x57, 0xC9, 0x17, 0xE4, 0x17, 0xE3, 0x17, 0xE4, 0x17, 0xE4, 0x17, 0xE4,
    0x17, 0xE4, 0x17, 0xE4, 0x17, 0xE4, 0x17, 0xE4, 0x17, 0xE4, 0x17, 0xE4, 0x17, 0xE4, 0x17, 0xE4,
    0x17, 0xE4, 0x17, 0xE4, 0x17, 0xE4, 0x17, 0xE4, 0x17, 0xE4, 0x17, 0xE4, 0x17, 0xE4, 0x17, 0xE4,
    0x17, 0xE4, 0x17, 0xE4, 0x17, 0xE4, 0x17, 0xE4, 0x17, 0xE4, 0x17, 0xE4, 0x17, 0xE4, 0x17, 0xE4,
    0x17, 0xE4, 0x17, 0xE4, 0x17, 0xE4, 0x17, 0xE4, 0x17, 0xE4, 0x17, 0xE4, 0x17, 0xE4, 0x17, 0xE4,
    0x17, 0xE4, 0x17, 0xE4, 0x17, 0xE4, 0x17, 0xE4, 0x17, 0xE4, 0x17, 0xE4, 0x17, 0xE4, 0x17, 0xE4,
    0x17, 0xE4, 0x17, 0xE4, 0x17, 0xE4, 0x17, 0xE4, 0x17, 0xE4, 0x17, 0xE4, 0xEB, 0x17, 0xE4, 0x17,
    0xE4, 0x17, 0xE4, 0x17, 0xE4, 0x17, 0xE4, 0x17, 0xE4, 0x17, 0xE4, 0x17, 0xE4, 0x17, 0xE4, 0x17,
    0xE4, 0x17, 0xE4, 0x17, 0xE4, 0x17, 0xE4, 0x17, 0xE4, 0x17, 0xE4, 0x17, 0xE4, 0x17, 0xE3, 0x17,
    0xE3, 0x17, 0xE3, 0x17, 0xE3, 0x17, 0xE3, 0x17, 0xE3, 0x17, 0xE3, 0x17, 0xE3, 0x17, 0xE3, 0x17,
    0xE4, 0x17, 0xE4, 0x17, 0xE4, 0x17, 0xE4, 0x17, 0xE4, 0x17, 0xE4, 0x17, 0xE4, 0x17, 0xE4, 0x17,
    0xE4, 0x17, 0xE4, 0x17, 0xE4, 0x17, 0xE4, 0x17, 0xE4, 0x17, 0xE4, 0x17, 0xE4, 0x1F, 0xE5, 0x47,
    0xE9, 0x9F, 0xF2, 0xCF, 0x38, 0xF7, 0x1B, 0xFF, 0x5D, 0xD6, 0x39, 0xD6, 0x59, 0xFF, 0xDF, 0xFF,
    0xDF, 0xE7, 0x1B, 0xEF, 0x7D, 0xFF, 0xDF, 0xFF, 0xDF, 0x06, 0xFF, 0x8D, 0xEF, 0x1C, 0xDE, 0x9A,
    0xDE, 0xBA, 0xEF, 0x5D, 0xFF, 0x9E, 0xFF, 0xDF, 0xFF, 0xDF, 0x03, 0xFF, 0x82, 0xDF, 0xF7, 0xBE,
    0x06, 0xFF, 0xFF, 0xA4, 0x72, 0x50, 0xE4, 0x81, 0x87, 0x99, 0xA7, 0x99, 0xC8, 0x99, 0xE8, 0xA1,
    0xE8, 0x99, 0xA7, 0x99, 0xA7, 0x91, 0x86, 0x78, 0xE4, 0x6B, 0x26, 0x57, 0xE9, 0x17, 0xE4, 0x17,
    0xE3, 0x17, 0xE4, 0x17, 0xE4, 0x17, 0xE4, 0x17, 0xE4, 0x17, 0xE4, 0x17, 0xE4, 0x17, 0xE4, 0x17,
    0xE4, 0x17, 0xE4, 0x17, 0xE4, 0x17, 0xE4, 0x17, 0xE4, 0x17, 0xE4, 0x17, 0xE4, 0x17, 0xE4, 0x17,
    0xE4, 0x17, 0xE4, 0x17, 0xE4, 0x17, 0xE4, 0x17, 0xE4, 0x17, 0xE4, 0x17, 0xE4, 0x17, 0xE4, 0x17,
    0xE4, 0x17, 0xE4, 0x17, 0xE4, 0x17, 0xE4, 0x17, 0xE4, 0x17, 0xE4, 0x17, 0xE4, 0x17, 0xE4, 0x17,
    0xE4, 0x17, 0xE4, 0x17, 0xE4, 0x17, 0xE4, 0x17, 0xE4, 0x17, 0xE4, 0x17, 0xE4, 0x17, 0xE4, 0x17,
    0xE4, 0x17, 0xE4, 0x17, 0xE4, 0x17, 0xE4, 0x17, 0xE4, 0x17, 0xE4, 0x17, 0xE4, 0x17, 0xE4, 0x17,
    0xE4, 0x17, 0xE4, 0xDF, 0x17, 0xE4, 0x17, 0xE4, 0x17, 0xE4, 0x17, 0xE4, 0x17, 0xE4, 0x17, 0xE4,
    0x17, 0xE4, 0x17, 0xE3, 0x17, 0xE4, 0x17, 0xE4, 0x17, 0xE4, 0x17, 0xE4, 0x17, 0xE4, 0x17, 0xE4,
    0x17, 0xE3, 0x17, 0xE3, 0x17, 0xE3, 0x17, 0xE3, 0x17, 0xE3, 0x17, 0xE3, 0x17, 0xE3, 0x17, 0xE3,
    0x17, 0xE3, 0x17, 0xE3, 0x17, 0xE3, 0x17, 0xE3, 0x17, 0xE3, 0x17, 0xE3, 0x17, 0xE3, 0x17, 0xE3,
    0x17, 0xE4, 0x17, 0xE4, 0x17, 0xE4, 0x17, 0xE4, 0x17, 0xE4, 0x17, 0xE4, 0x17, 0xE4, 0x17, 0xE3,
    0x17, 0xE3, 0x17, 0xE3, 0x17, 0xE4, 0x17, 0xE3, 0x1F, 0xA4, 0x6E, 0xEE, 0xD6, 0xB6, 0xE6, 0x79,
    0xCD, 0xD7, 0xEF, 0x3C, 0x03, 0xFF, 0x84, 0xDF, 0xE7, 0x3C, 0xF7, 0x9D, 0x03, 0xFF, 0x82, 0xDF,
    0xFF, 0xDF, 0x03, 0xFF, 0x80, 0xDF, 0x03, 0xFF, 0x8E, 0xDF, 0xEF, 0x5D, 0xDE, 0xDB, 0xE6, 0xFB,
    0xF7, 0x9E, 0xFF, 0xDF, 0xFF, 0xDF, 0xFF, 0xDF, 0x06, 0xFF, 0xFF, 0xD6, 0x59, 0x49, 0x86, 0x51,
    0x04, 0x89, 0x87, 0x99, 0xC8, 0x99, 0xC8, 0x99, 0xC8, 0x99, 0xC8, 0xA1, 0xC8, 0x99, 0xC8, 0x91,
    0x86, 0x78, 0xE4, 0x6B, 0xC7, 0x47, 0xE9, 0x17, 0xE4, 0x17, 0xE3, 0x17, 0xE4, 0x17, 0xE4, 0x17,
    0xE4, 0x17, 0xE4, 0x17, 0xE4, 0x17, 0xE4, 0x17, 0xE4, 0x17, 0xE4, 0x17, 0xE4, 0x17, 0xE4, 0x17,
    0xE4, 0x17, 0xE4, 0x17, 0xE4, 0x17, 0xE4, 0x17, 0xE4, 0x17, 0xE4, 0x17, 0xE4, 0x17, 0xE4, 0x17,
    0xE4, 0x17, 0xE4, 0x17, 0xE4, 0x17, 0xE4, 0x17, 0xE4, 0x17, 0xE4, 0x17, 0xE4, 0x17, 0xE4, 0x17,
    0xE4, 0x17, 0xE4, 0x17, 0xE4, 0x17, 0xE4, 0x17, 0xE4, 0x17, 0xE4, 0x17, 0xE4, 0x17, 0xE4, 0x17,
    0xE4, 0x17, 0xE4, 0x17, 0xE4, 0x17, 0xE4, 0x17, 0xE4, 0x17, 0xE4, 0x17, 0xE4, 0x17, 0xE4, 0x17,
    0xE4, 0x17, 0xE4, 0x17, 0xE4, 0x17, 0xE4, 0x17, 0xE4, 0x17, 0xE4, 0xF7, 0x17, 0xE4, 0x17, 0xE4,
    0x17, 0xE4, 0x17, 0xE4, 0x17, 0xE3, 0x17, 0xE3, 0x17, 0xE3, 0x17, 0xE3, 0x17, 0xE3, 0x17, 0xE4,
    0x17, 0xE4, 0x17, 0xE4, 0x17, 0xE4, 0x17, 0xE4, 0x17, 0xE4, 0x17, 0xE4, 0x17, 0xE3, 0x17, 0xE3,
    0x17, 0xE3, 0x17, 0xE3, 0x17, 0xE3, 0x17, 0xE3, 0x17, 0xE3, 0x17, 0xE3, 0x17, 0xE3, 0x17, 0xE3,
    0x17, 0xE3, 0x17, 0xE3, 0x17, 0xE3, 0x17, 0xE3, 0x17, 0xE3, 0x17, 0xE3, 0x17, 0xE3, 0x17, 0xE3,
    0x17, 0xE4, 0x17, 0xE4, 0x17, 0xE4, 0x17, 0xE4, 0x17, 0xE4, 0x17, 0xE4, 0x17, 0xE3, 0x17, 0xE4,
    0x1F, 0xE4, 0x1F, 0xE5, 0x1F, 0x26, 0x7E, 0x4D, 0xBE, 0x14, 0xE6, 0xFB, 0xFF, 0xDF, 0xFF, 0xDF,
    0xFF, 0xDF, 0xFF, 0xBE, 0xFF, 0xDE, 0xFF, 0xDF, 0xFF, 0xDF, 0xFF, 0xDF, 0xFF, 0xDF, 0xFF, 0xDF,
    0xFF, 0xDF, 0xFF, 0xDF, 0x03, 0xFF, 0x86, 0xDF, 0xFF, 0xDE, 0xFF, 0xDF, 0xFF, 0xDF, 0x05, 0xFF,
    0x80, 0xDF, 0x02, 0xFF, 0xFF, 0xF7, 0x7D, 0x62, 0xCA, 0x28, 0xA3, 0x59, 0x25, 0x81, 0x87, 0x99,
    0xA7, 0x99, 0xC8, 0x99, 0xC8, 0xA1, 0xE8, 0x99, 0xC7, 0x99, 0xC7, 0x91, 0x66, 0x71, 0x05, 0x6C,
    0x69, 0x3F, 0xE8, 0x17, 0xE4, 0x17, 0xE4, 0x17, 0xE4, 0x17, 0xE4, 0x17, 0xE4, 0x17, 0xE4, 0x17,
    0xE4, 0x17, 0xE4, 0x17, 0xE4, 0x17, 0xE4, 0x17, 0xE4, 0x17, 0xE4, 0x17, 0xE4, 0x17, 0xE4, 0x17,
    0xE4, 0x17, 0xE4, 0x17, 0xE4, 0x17, 0xE4, 0x17, 0xE4, 0x17, 0xE4, 0x17, 0xE4, 0x17, 0xE4, 0x17,
    0xE4, 0x17, 0xE4, 0x17, 0xE4, 0x17, 0xE4, 0x17, 0xE4, 0x17, 0xE4, 0x17, 0xE4, 0x17, 0xE4, 0x17,
    0xE4, 0x17, 0xE4, 0x17, 0xE4, 0x17, 0xE4, 0x17, 0xE4, 0x17, 0xE4, 0x17, 0xE4, 0x17, 0xE4, 0x17,
    0xE4, 0x17, 0xE4, 0x17, 0xE4, 0x17, 0xE4, 0x17, 0xE4, 0x17, 0xE4, 0x17, 0xE4, 0x17, 0xE4, 0x17,
    0xE4, 0x17, 0xE4, 0x17, 0xE4, 0xE9, 0x17, 0xE4, 0x17, 0xE4, 0x17, 0xE4, 0x17, 0xE4, 0x17, 0xE4,
    0x17, 0xE4, 0x17, 0xE4, 0x17, 0xE4, 0x17, 0xE4, 0x17, 0xE4, 0x17, 0xE4, 0x17, 0xE4, 0x17, 0xE4,
    0x17, 0xE4, 0x17, 0xE4, 0x17, 0xE4, 0x17, 0xE4, 0x17, 0xE4, 0x17, 0xE4, 0x17, 0xE3, 0x17, 0xE3,
    0x17, 0xE4, 0x17, 0xE4, 0x17, 0xE4, 0x17, 0xE4, 0x17, 0xE4, 0x17, 0xE4, 0x17, 0xE4, 0x17, 0xE4,
    0x17, 0xE4, 0x17, 0xE4, 0x17, 0xE4, 0x17, 0xE4, 0x17, 0xE4, 0x17, 0xE4, 0x17, 0xE4, 0x17, 0xE4,
    0x17, 0xE4, 0x17, 0xE4, 0x17, 0xE4, 0x17, 0xE4, 0x17, 0xE4, 0x17, 0xE4, 0x17, 0xE4, 0x17, 0xE4,
    0x17, 0xE5, 0x3F, 0x49, 0xA7, 0xB3, 0xEF, 0xDB, 0xFF, 0x9E, 0xFF, 0x9E, 0xEF, 0x3C, 0xF7, 0x9E,
    0x03, 0xFF, 0x94, 0xDF, 0xFF, 0xDF, 0xFF, 0xDF, 0xFF, 0xDF, 0xFF, 0xDF, 0xFF, 0xDF, 0xFF, 0xDF,
    0xFF, 0xDF, 0xFF, 0xDF, 0xFF, 0xDF, 0xFF, 0xDF, 0x09, 0xFF, 0xFF, 0xBE, 0x94, 0x10, 0x28, 0xC3,
    0x38, 0xE3, 0x59, 0x25, 0x81, 0x87, 0x99, 0xA8, 0x99, 0xC8, 0x99, 0xC8, 0x99, 0xE8, 0xA1, 0xE7,
    0x99, 0xC7, 0x89, 0x66, 0x69, 0x65, 0x6D, 0x8A, 0x37, 0xE7, 0x17, 0xE4, 0x17, 0xE4, 0x17, 0xE4,
    0x17, 0xE4, 0x17, 0xE4, 0x17, 0xE4, 0x17, 0xE4, 0x17, 0xE4, 0x17, 0xE4, 0x17, 0xE4, 0x17, 0xE4,
    0x17, 0xE4, 0x17, 0xE4, 0x17, 0xE4, 0x17, 0xE4, 0x17, 0xE4, 0x17, 0xE4, 0x17, 0xE4, 0x17, 0xE4,
    0x17, 0xE4, 0x17, 0xE4, 0x17, 0xE4, 0x17, 0xE4, 0x17, 0xE4, 0x17, 0xE4, 0x17, 0xE4, 0x17, 0xE4,
    0x17, 0xE4, 0x17, 0xE4, 0x17, 0xE4, 0x17, 0xE4, 0x17, 0xE4, 0x17, 0xE4, 0x17, 0xE4, 0x17, 0xE4,
    0x17, 0xE4, 0x17, 0xE4, 0x17, 0xE4, 0x17, 0xE4, 0x17, 0xE4, 0x17, 0xE4, 0x17, 0xE4, 0x17, 0xE4,
    0x17, 0xE4, 0x17, 0xE4, 0x17, 0xE4, 0x17, 0xE4, 0x17, 0xE4, 0x17, 0xFF, 0xE4, 0x17, 0xE4, 0x17,
    0xE4, 0x17, 0xE4, 0x17, 0xE4, 0x17, 0xE4, 0x17, 0xE4, 0x17, 0xE4, 0x17, 0xE4, 0x17, 0xE4, 0x17,
    0xE4, 0x17, 0xE4, 0x17, 0xE4, 0x17, 0xE4, 0x17, 0xE4, 0x17, 0xE4, 0x17, 0xE4, 0x17, 0xE4, 0x17,
    0xE4, 0x17, 0xE4, 0x17, 0xE4, 0x17, 0xE4, 0x17, 0xE4, 0x17, 0xE4, 0x17, 0xE4, 0x17, 0xE4, 0x17,
    0xE4, 0x17, 0xE4, 0x17, 0xE4, 0x17, 0xE4, 0x17, 0xE4, 0x17, 0xE4, 0x17, 0xE4, 0x17, 0xE4, 0x17,
    0xE4, 0x17, 0xE4, 0x17, 0xE4, 0x17, 0xE4, 0x17, 0xE4, 0x17, 0xE4, 0x17, 0xE4, 0x17, 0xE4, 0x17,
    0xE4, 0x17, 0xE4, 0x17, 0xE4, 0x17, 0xE4, 0x17, 0xE4, 0x1F, 0xE5, 0x27, 0x45, 0x7E, 0x6F, 0xC6,
    0x56, 0xD6, 0x18, 0xE6, 0xBA, 0xFF, 0xBE, 0xFF, 0xDF, 0xFF, 0xDF, 0xFF, 0xDF, 0xFF, 0xDF, 0xFF,
    0xDF, 0xFF, 0xDF, 0xFF, 0xDF, 0xFF, 0xDF, 0xFF, 0xDF, 0xFF, 0xDF, 0xFF, 0x84, 0xDF, 0xFF, 0xDF,
    0xFF, 0xDF, 0x05, 0xFF, 0xFF, 0xDF, 0xB4, 0xF4, 0x41, 0x05, 0x40, 0x83, 0x48, 0xC3, 0x61, 0x25,
    0x81, 0x87, 0x99, 0xA7, 0x99, 0xC8, 0x99, 0xC7, 0x99, 0xE7, 0x99, 0xC7, 0x99, 0xC7, 0x89, 0x46,
    0x69, 0xC5, 0x66, 0xAA, 0x2F, 0xE6, 0x17, 0xE3, 0x17, 0xE4, 0x17, 0xE4, 0x17, 0xE4, 0x17, 0xE4,
    0x17, 0xE4, 0x17, 0xE4, 0x17, 0xE4, 0x17, 0xE4, 0x17, 0xE4, 0x17, 0xE4, 0x17, 0xE4, 0x17, 0xE4,
    0x17, 0xE4, 0x17, 0xE4, 0x17, 0xE4, 0x17, 0xE4, 0x17, 0xE4, 0x17, 0xE4, 0x17, 0xE4, 0x17, 0xE4,
    0x17, 0xE4, 0x17, 0xE4, 0x17, 0xE4, 0x17, 0xE4, 0x17, 0xE4, 0x17, 0xE4, 0x17, 0xE4, 0x17, 0xE4,
    0x17, 0xE4, 0x17, 0xE4, 0x17, 0xE4, 0x17, 0xE4, 0x17, 0xE4, 0x17, 0xE4, 0x17, 0xE4, 0x17, 0xE4,
    0x17, 0xE4, 0x17, 0xE4, 0x17, 0xE4, 0x17, 0xE4, 0x17, 0xE4, 0x17, 0xE4, 0x17, 0xE4, 0x17, 0xE4,
    0x17, 0xE4, 0x17, 0xE4, 0x17, 0xF0, 0xE4, 0x17, 0xE4, 0x17, 0xE4, 0x17, 0xE4, 0x17, 0xE4, 0x17,
    0xE4, 0x17, 0xE4, 0x17, 0xE4, 0x17, 0xE4, 0x17, 0xE4, 0x17, 0xE4, 0x17, 0xE4, 0x17, 0xE4, 0x17,
    0xE4, 0x17, 0xE4, 0x17, 0xE4, 0x17, 0xE4, 0x17, 0xE4, 0x17, 0xE4, 0x17, 0xE4, 0x17, 0xE4, 0x17,
    0xE4, 0x17, 0xE4, 0x17, 0xE4, 0x17, 0xE4, 0x17, 0xE4, 0x17, 0xE4, 0x17, 0xE4, 0x17, 0xE4, 0x17,
    0xE4, 0x17, 0xE4, 0x17, 0xE4, 0x17, 0xE4, 0x17, 0xE4, 0x17, 0xE4, 0x17, 0xE4, 0x17, 0xE4, 0x17,
    0xE4, 0x17, 0xE4, 0x17, 0xE4, 0x17, 0xE4, 0x17, 0xE4, 0x17, 0xE4, 0x17, 0xE4, 0x17, 0xE4, 0x17,
    0xE4, 0x17, 0xE4, 0x17, 0xE4, 0x1F, 0xE4, 0x1F, 0xE4, 0x2F, 0x46, 0x76, 0x8E, 0xC6, 0xB7, 0xFF,
    0x9D, 0xFF, 0xDF, 0xFF, 0xDF, 0xFF, 0xDF, 0x03, 0xFF, 0x84, 0xDF, 0xFF, 0xDF, 0xFF, 0xDF, 0x03,
    0xFF, 0x8A, 0xDF, 0xFF, 0xDF, 0xFF, 0xDF, 0xFF, 0xDF, 0xFF, 0xDF, 0xFF, 0xDF, 0x03, 0xFF, 0xFF,
    0xDF, 0xB5, 0x55, 0x59, 0xA8, 0x61, 0x26, 0x69, 0x06, 0x58, 0xA4, 0x71, 0x05, 0x81, 0x67, 0x99,
    0xC8, 0x99, 0xC8, 0x99, 0xC7, 0x99, 0xE7, 0x99, 0xE7, 0x91, 0xC6, 0x81, 0x25, 0x6A, 0x46, 0x67,
    0x0A, 0x27, 0xE5, 0x17, 0xE3, 0x17, 0xE4, 0x17, 0xE4, 0x17, 0xE4, 0x17, 0xE4, 0x17, 0xE4, 0x17,
    0xE4, 0x17, 0xE4, 0x17, 0xE4, 0x17, 0xE4, 0x17, 0xE4, 0x17, 0xE4, 0x17, 0xE4, 0x17, 0xE4, 0x17,
    0xE4, 0x17, 0xE4, 0x17, 0xE4, 0x17, 0xE4, 0x17, 0xE4, 0x17, 0xE4, 0x17, 0xE4, 0x17, 0xE4, 0x17,
    0xE4, 0x17, 0xE4, 0x17, 0xE4, 0x17, 0xE4, 0x17, 0xE4, 0x17, 0xE4, 0x17, 0xE4, 0x17, 0xE4, 0x17,
    0xE4, 0x17, 0xE4, 0x17, 0xE4, 0x17, 0xE4, 0x17, 0xE4, 0x17, 0xE4, 0x17, 0xE4, 0x17, 0xE4, 0x17,
    0xE4, 0x17, 0xE4, 0x17, 0xE4, 0x17, 0xE4, 0x17, 0xE4, 0x17, 0xE4, 0x17, 0xE4, 0x17, 0xE4, 0x17,
    0xEE, 0xE4, 0x17, 0xE4, 0x17, 0xE4, 0x17, 0xE4, 0x17, 0xE4, 0x17, 0xE4, 0x17, 0xE4, 0x17, 0xE4,
    0x17, 0xE4, 0x17, 0xE4, 0x17, 0xE4, 0x17, 0xE4, 0x17, 0xE4, 0x17, 0xE4, 0x17, 0xE4, 0x17, 0xE4,
    0x17, 0xE4, 0x17, 0xE4, 0x17, 0xE4, 0x17, 0xE4, 0x17, 0xE4, 0x17, 0xE4, 0x17, 0xE4, 0x17, 0xE4,
    0x17, 0xE4, 0x17, 0xE4, 0x17, 0xE4, 0x17, 0xE4, 0x17, 0xE4, 0x17, 0xE4, 0x17, 0xE4, 0x17, 0xE4,
    0x17, 0xE4, 0x17, 0xE4, 0x17, 0xE4, 0x17, 0xE4, 0x17, 0xE4, 0x17, 0xE4, 0x17, 0xE4, 0x17, 0xE4,
    0x17, 0xE4, 0x17, 0xE4, 0x17, 0xE4, 0x17, 0xE4, 0x17, 0xE4, 0x17, 0xE4, 0x17, 0xE4, 0x17, 0xE4,
    0x17, 0xE4, 0x17, 0xE4, 0x1F, 0xE4, 0x1F, 0xE5, 0x2F, 0x46, 0x76, 0xAE, 0xC7, 0x17, 0xF7, 0xBD,
    0x07, 0xFF, 0xFF, 0xDF, 0xFF, 0xBE, 0xF7, 0x3D, 0xEF, 0x1C, 0xE6, 0xFB, 0xE6, 0xBA, 0xDE, 0x9A,
    0xDE, 0x7A, 0xEE, 0xDC, 0xFF, 0x7E, 0xFF, 0x7E, 0xA4, 0xF4, 0x41, 0x87, 0x38, 0xA4, 0x60, 0xE6,
    0x79, 0x47, 0x70, 0xE6, 0x70, 0xC5, 0x81, 0x46, 0x99, 0xC8, 0x99, 0xC8, 0xA1, 0xC7, 0x99, 0xC7,
    0x99, 0xC6, 0x91, 0x86, 0x79, 0x25, 0x73, 0x47, 0x57, 0xC9, 0x1F, 0xE5, 0x17, 0xE3, 0x17, 0xE4,
    0x17, 0xE4, 0x17, 0xE4, 0x17, 0xE4, 0x17, 0xE4, 0x17, 0xE4, 0x17, 0xE4, 0x17, 0xE4, 0x17, 0xE4,
    0x17, 0xE4, 0x17, 0xE4, 0x17, 0xE4, 0x17, 0xE4, 0x17, 0xE4, 0x17, 0xE4, 0x17, 0xE4, 0x17, 0xE4,
    0x17, 0xE4, 0x17, 0xE4, 0x17, 0xE4, 0x17, 0xE4, 0x17, 0xE4, 0x17, 0xE4, 0x17, 0xE4, 0x17, 0xE4,
    0x17, 0xE4, 0x17, 0xE4, 0x17, 0xE4, 0x17, 0xE4, 0x17, 0xE4, 0x17, 0xE4, 0x17, 0xE4, 0x17, 0xE4,
    0x17, 0xE4, 0x17, 0xFF, 0xE4, 0x17, 0xE4, 0x17, 0xE4, 0x17, 0xE4, 0x17, 0xE4, 0x17, 0xE4, 0x17,
    0xE4, 0x17, 0xE4, 0x17, 0xE4, 0x17, 0xE4, 0x17, 0xE4, 0x17, 0xE4, 0x17, 0xE4, 0x17, 0xE4, 0x17,
    0xE4, 0x17, 0xE4, 0x17, 0xE4, 0x17, 0xE4, 0x17, 0xE4, 0x17, 0xE4, 0x17, 0xE4, 0x17, 0xE4, 0x17,
    0xE4, 0x17, 0xE4, 0x17, 0xE4, 0x17, 0xE4, 0x17, 0xE4, 0x17, 0xE4, 0x17, 0xE4, 0x17, 0xE4, 0x17,
    0xE4, 0x17, 0xE4, 0x17, 0xE4, 0x17, 0xE4, 0x17, 0xE4, 0x17, 0xE4, 0x17, 0xE4, 0x17, 0xE4, 0x17,
    0xE4, 0x17, 0xE4, 0x17, 0xE4, 0x17, 0xE4, 0x17, 0xE4, 0x17, 0xE4, 0x17, 0xE4, 0x17, 0xE4, 0x17,
    0xE4, 0x17, 0xE4, 0x17, 0xE4, 0x17, 0xE4, 0x17, 0xE4, 0x17, 0xE4, 0x17, 0xE4, 0x17, 0xE4, 0x17,
    0xE4, 0x17, 0xE4, 0x17, 0xE4, 0x17, 0xE4, 0x17, 0xE4, 0x17, 0xE4, 0x17, 0xE4, 0x17, 0xE3, 0x17,
    0xE4, 0x17, 0xE5, 0x1F, 0x86, 0x85, 0x56, 0xCB, 0x87, 0x31, 0xAF, 0xD6, 0x02, 0xB7, 0xFF, 0xC6,
    0xF7, 0xD6, 0x99, 0xD6, 0x38, 0xCD, 0xF8, 0xCD, 0xD8, 0xCD, 0xD7, 0xCD, 0xD7, 0xCD, 0xD8, 0xD5,
    0xF8, 0xD6, 0x19, 0xCD, 0xD8, 0x8B, 0xD0, 0x31, 0x26, 0x28, 0xA4, 0x38, 0xA5, 0x48, 0xA5, 0x61,
    0x06, 0x79, 0x88, 0x79, 0x88, 0x79, 0x67, 0x89, 0xA8, 0x91, 0xC8, 0x99, 0xC8, 0x99, 0xC7, 0x99,
    0xC6, 0x91, 0x65, 0x79, 0x85, 0x74, 0xC9, 0x47, 0xE8, 0x17, 0xE4, 0x17, 0xE3, 0x17, 0xE4, 0x17,
    0xE4, 0x17, 0xE4, 0x17, 0xE4, 0x17, 0xE4, 0x17, 0xE4, 0x17, 0xE4, 0x17, 0xE4, 0x17, 0xE4, 0x17,
    0xE4, 0x17, 0xE4, 0x17, 0xE4, 0x17, 0xE4, 0x17, 0xE4, 0x17, 0xE4, 0x17, 0xE4, 0x17, 0xE4, 0x17,
    0xE4, 0x17, 0xE4, 0x17, 0xE4, 0x17, 0xE4, 0x17, 0xE4, 0x17, 0xE4, 0x17, 0xE4, 0x17, 0xE4, 0x17,
    0xE4, 0x17, 0xE4, 0x17, 0xE4, 0x17, 0xE4, 0x17, 0xE4, 0x17, 0xE4, 0x17, 0xE4, 0x17, 0xE4, 0xFF,
    0x17, 0xE4, 0x17, 0xE4, 0x17, 0xE4, 0x17, 0xE4, 0x17, 0xE4, 0x17, 0xE4, 0x17, 0xE4, 0x17, 0xE4,
    0x17, 0xE4, 0x17, 0xE4, 0x17, 0xE4, 0x17, 0xE4, 0x17, 0xE4, 0x17, 0xE4, 0x17, 0xE4, 0x17, 0xE4,
    0x17, 0xE4, 0x17, 0xE4, 0x17, 0xE4, 0x17, 0xE4, 0x17, 0xE4, 0x17, 0xE4, 0x17, 0xE4, 0x17, 0xE4,
    0x17, 0xE4, 0x17, 0xE4, 0x17, 0xE4, 0x17, 0xE4, 0x17, 0xE4, 0x17, 0xE4, 0x17, 0xE4, 0x17, 0xE4,
    0x17, 0xE4, 0x17, 0xE4, 0x17, 0xE4, 0x17, 0xE4, 0x17, 0xE4, 0x17, 0xE4, 0x17, 0xE4, 0x17, 0xE4,
    0x17, 0xE4, 0x17, 0xE4, 0x17, 0xE4, 0x17, 0xE4, 0x17, 0xE4, 0x17, 0xE4, 0x17, 0xE4, 0x17, 0xE4,
    0x17, 0xE4, 0x17, 0xE4, 0x17, 0xE4, 0x17, 0xE4, 0x17, 0xE4, 0x17, 0xE4, 0x17, 0xE4, 0x17, 0xE4,
    0x17, 0xE4, 0x17, 0xE4, 0x17, 0xE4, 0x17, 0xE4, 0x17, 0xE4, 0x17, 0xE4, 0x17, 0xE3, 0x17, 0xE4,
    0xFF, 0x17, 0xE4, 0x17, 0xE5, 0x17, 0xE6, 0x1F, 0xE6, 0x27, 0xA7, 0x37, 0x49, 0x2C, 0xE7, 0x3A,
    0x67, 0x52, 0x49, 0x72, 0xED, 0x83, 0x6E, 0x83, 0x8F, 0x8B, 0xF0, 0x94, 0x11, 0x83, 0x8F, 0x72,
    0xEE, 0x49, 0xC9, 0x28, 0xA5, 0x20, 0xA5, 0x28, 0xC5, 0x28, 0xC5, 0x30, 0xC5, 0x38, 0xC5, 0x51,
    0x07, 0x61, 0x88, 0x69, 0x88, 0x69, 0x46, 0x69, 0x66, 0x92, 0x89, 0x92, 0x27, 0x89, 0x85, 0x81,
    0x44, 0x6A, 0x25, 0x66, 0x4A, 0x2F, 0xE7, 0x17, 0xE4, 0x17, 0xE4, 0x17, 0xE4, 0x17, 0xE4, 0x17,
    0xE4, 0x17, 0xE4, 0x17, 0xE4, 0x17, 0xE4, 0x17, 0xE4, 0x17, 0xE4, 0x17, 0xE4, 0x17, 0xE4, 0x17,
    0xE4, 0x17, 0xE4, 0x17, 0xE4, 0x17, 0xE4, 0x17, 0xE4, 0x17, 0xE4, 0x17, 0xE4, 0x17, 0xE4, 0x17,
    0xE4, 0x17, 0xE4, 0x17, 0xE4, 0x17, 0xE4, 0x17, 0xE4, 0x17, 0xE4, 0x17, 0xE4, 0x17, 0xE4, 0x17,
    0xE4, 0xFF, 0x17, 0xE4, 0x17, 0xE4, 0x17, 0xE4, 0x17, 0xE4, 0x17, 0xE4, 0x17, 0xE4, 0x17, 0xE4,
    0x17, 0xE4, 0x17, 0xE4, 0x17, 0xE4, 0x17, 0xE4, 0x17, 0xE4, 0x17, 0xE4, 0x17, 0xE4, 0x17, 0xE4,
    0x17, 0xE4, 0x17, 0xE4, 0x17, 0xE4, 0x17, 0xE4, 0x17, 0xE4, 0x17, 0xE4, 0x17, 0xE4, 0x17, 0xE4,
    0x17, 0xE4, 0x17, 0xE4, 0x17, 0xE4, 0x17, 0xE4, 0x17, 0xE4, 0x17, 0xE4, 0x17, 0xE4, 0x17, 0xE4,
    0x17, 0xE4, 0x17, 0xE4, 0x17, 0xE4, 0x17, 0xE4, 0x17, 0xE4, 0x17, 0xE4, 0x17, 0xE4, 0x17, 0xE4,
    0x17, 0xE4, 0x17, 0xE4, 0x17, 0xE4, 0x17, 0xE4, 0x17, 0xE4, 0x17, 0xE4, 0x17, 0xE4, 0x17, 0xE4,
    0x17, 0xE4, 0x17, 0xE4, 0x17, 0xE4, 0x17, 0xE4, 0x17, 0xE4, 0x17, 0xE4, 0x17, 0xE4, 0x17, 0xE4,
    0x17, 0xE4, 0x17, 0xE4, 0x17, 0xE4, 0x17, 0xE4, 0x17, 0xE4, 0x17, 0xE4, 0x17, 0xE4, 0x17, 0xE4,
    0x17, 0xE4, 0xFF, 0x17, 0xE4, 0x17, 0xE4, 0x17, 0xE4, 0x17, 0xE4, 0x17, 0xE4, 0x17, 0xE3, 0x17,
    0xE3, 0x17, 0xE4, 0x17, 0xE4, 0x17, 0xE4, 0x17, 0xE5, 0x2F, 0xE7, 0x0C, 0x22, 0x08, 0xC2, 0x18,
    0x83, 0x20, 0xA4, 0x20, 0xC4, 0x20, 0xC4, 0x31, 0x05, 0x31, 0x26, 0x28, 0xC5, 0x20, 0x85, 0x20,
    0xA5, 0x20, 0xC5, 0x20, 0xC6, 0x20, 0xC6, 0x20, 0xC6, 0x20, 0xC6, 0x28, 0xC6, 0x28, 0xA6, 0x30,
    0xA6, 0x38, 0xE6, 0x41, 0x47, 0x41, 0xC6, 0x43, 0x05, 0x3A, 0xE2, 0x32, 0x00, 0x32, 0x21, 0x44,
    0x45, 0x4F, 0xE9, 0x1F, 0xE4, 0x17, 0xE3, 0x17, 0xE4, 0x17, 0xE4, 0x17, 0xE4, 0x17, 0xE4, 0x17,
    0xE4, 0x17, 0xE4, 0x17, 0xE4, 0x17, 0xE4, 0x17, 0xE4, 0x17, 0xE4, 0x17, 0xE4, 0x17, 0xE4, 0x17,
    0xE4, 0x17, 0xE4, 0x17, 0xE4, 0x17, 0xE4, 0x17, 0xE4, 0x17, 0xE4, 0x17, 0xE4, 0x17, 0xE4, 0x17,
    0xE4, 0x17, 0xE4, 0xFF, 0x17, 0xE4, 0x17, 0xE4, 0x17, 0xE4, 0x17, 0xE4, 0x17, 0xE4, 0x17, 0xE4,
    0x17, 0xE4, 0x17, 0xE4, 0x17, 0xE4, 0x17, 0xE4, 0x17, 0xE4, 0x17, 0xE4, 0x17, 0xE4, 0x17, 0xE4,
    0x17, 0xE4, 0x17, 0xE4, 0x17, 0xE4, 0x17, 0xE4, 0x17, 0xE4, 0x17, 0xE4, 0x17, 0xE4, 0x17, 0xE4,
    0x17, 0xE4, 0x17, 0xE4, 0x17, 0xE4, 0x17, 0xE4, 0x17, 0xE4, 0x17, 0xE4, 0x17, 0xE4, 0x17, 0xE4,
    0x17, 0xE4, 0x17, 0xE4, 0x17, 0xE4, 0x17, 0xE4, 0x17, 0xE4, 0x17, 0xE4, 0x17, 0xE4, 0x17, 0xE4,
    0x17, 0xE4, 0x17, 0xE4, 0x17, 0xE4, 0x17, 0xE4, 0x17, 0xE4, 0x17, 0xE4, 0x17, 0xE4, 0x17, 0xE4,
    0x17, 0xE4, 0x17, 0xE4, 0x17, 0xE4, 0x17, 0xE4, 0x17, 0xE4, 0x17, 0xE4, 0x17, 0xE4, 0x17, 0xE4,
    0x17, 0xE4, 0x17, 0xE4, 0x17, 0xE4, 0x17, 0xE4, 0x17, 0xE4, 0x17, 0xE4, 0x17, 0xE4, 0x17, 0xE4,
    0x17, 0xE4, 0x17, 0xE4, 0xFF, 0x17, 0xE4, 0x17, 0xE4, 0x17, 0xE4, 0x17, 0xE4, 0x17, 0xE4, 0x17,
    0xE4, 0x17, 0xE4, 0x17, 0xE4, 0x17, 0xE4, 0x17, 0xE4, 0x17, 0xE4, 0x17, 0xE4, 0x17, 0xE3, 0x17,
    0xE4, 0x17, 0xE3, 0x1F, 0xE4, 0x1F, 0xE5, 0x2F, 0x65, 0x0A, 0x60, 0x18, 0xE4, 0x18, 0xC5, 0x20,
    0xC5, 0x20, 0xC5, 0x20, 0xC5, 0x20, 0xA5, 0x20, 0xA5, 0x20, 0xA5, 0x20, 0xC6, 0x20, 0xC6, 0x20,
    0xC6, 0x20, 0xC6, 0x20, 0xC6, 0x20, 0xC7, 0x20, 0xC7, 0x20, 0xE7, 0x29, 0x07, 0x29, 0x07, 0x29,
    0x07, 0x28, 0xE7, 0x53, 0x2D, 0x66, 0x2D, 0x2E, 0x87, 0x1E, 0x64, 0x26, 0x83, 0x2F, 0xA5, 0x27,
    0xE5, 0x17, 0xE3, 0x17, 0xE4, 0x17, 0xE3, 0x17, 0xE3, 0x17, 0xE4, 0x17, 0xE4, 0x17, 0xE4, 0x17,
    0xE4, 0x17, 0xE4, 0x17, 0xE4, 0x17, 0xE4, 0x17, 0xE4, 0x17, 0xE4, 0x17, 0xE4, 0x17, 0xE4, 0x17,
    0xE4, 0x17, 0xE4, 0x17, 0xE4, 0xFF, 0x17, 0xE4, 0x17, 0xE4, 0x17, 0xE4, 0x17, 0xE4, 0x17, 0xE4,
    0x17, 0xE4, 0x17, 0xE4, 0x17, 0xE4, 0x17, 0xE4, 0x17, 0xE4, 0x17, 0xE4, 0x17, 0xE4, 0x17, 0xE4,
    0x17, 0xE4, 0x17, 0xE4, 0x17, 0xE4, 0x17, 0xE4, 0x17, 0xE4, 0x17, 0xE4, 0x17, 0xE4, 0x17, 0xE4,
    0x17, 0xE4, 0x17, 0xE4, 0x17, 0xE4, 0x17, 0xE4, 0x17, 0xE4, 0x17, 0xE4, 0x17, 0xE4, 0x17, 0xE4,
    0x17, 0xE4, 0x17, 0xE4, 0x17, 0xE4, 0x17, 0xE4, 0x17, 0xE4, 0x17, 0xE4, 0x17, 0xE4, 0x17, 0xE4,
    0x17, 0xE4, 0x17, 0xE4, 0x17, 0xE4, 0x17, 0xE4, 0x17, 0xE4, 0x17, 0xE4, 0x17, 0xE4, 0x17, 0xE4,
    0x17, 0xE4, 0x17, 0xE4, 0x17, 0xE4, 0x17, 0xE4, 0x17, 0xE4, 0x17, 0xE4, 0x17, 0xE4, 0x17, 0xE4,
    0x17, 0xE4, 0x17, 0xE4, 0x17, 0xE4, 0x17, 0xE4, 0x17, 0xE4, 0x17, 0xE4, 0x17, 0xE4, 0x17, 0xE4,
    0x17, 0xE4, 0x17, 0xE4, 0x17, 0xE4, 0xCD, 0x17, 0xE4, 0x17, 0xE4, 0x17, 0xE4, 0x17, 0xE4, 0x17,
    0xE4, 0x17, 0xE4, 0x17, 0xE4, 0x17, 0xE4, 0x17, 0xE4, 0x17, 0xE4, 0x17, 0xE4, 0x17, 0xE4, 0x17,
    0xE4, 0x17, 0xE4, 0x17, 0xE4, 0x17, 0xE4, 0x17, 0xE4, 0x17, 0xE4, 0x17, 0xE4, 0x17, 0xE4, 0x17,
    0xE3, 0x17, 0xE4, 0x1F, 0xE5, 0x15, 0x82, 0x09, 0x42, 0x18, 0xE6, 0x20, 0xC6, 0x20, 0xC6, 0x18,
    0xC6, 0x18, 0xC6, 0x18, 0xC6, 0x18, 0xC6, 0x20, 0xC6, 0x20, 0xC6, 0x20, 0xC6, 0x18, 0xA6, 0x18,
    0xA7, 0x18, 0xA7, 0x20, 0xE7, 0x02, 0x29, 0xFF, 0x31, 0x6A, 0x39, 0xAA, 0x39, 0xAB, 0x31, 0x69,
    0x29, 0x08, 0x3A, 0x0B, 0x6D, 0xD0, 0x57, 0xED, 0x2F, 0xE6, 0x27, 0xE4, 0x1F, 0xE4, 0x17, 0xE3,
    0x17, 0xE3, 0x17, 0xE3, 0x17, 0xE3, 0x17, 0xE3, 0x17, 0xE4, 0x17, 0xE4, 0x17, 0xE4, 0x17, 0xE4,
    0x17, 0xE4, 0x17, 0xE4, 0x17, 0xE4, 0x17, 0xE4, 0x17, 0xE4, 0x17, 0xE4, 0x17, 0xE4, 0x17, 0xE4,
    0x17, 0xE4, 0x17, 0xE4, 0x17, 0xE4, 0x17, 0xE4, 0x17, 0xE4, 0x17, 0xE4, 0x17, 0xE4, 0x17, 0xE4,
    0x17, 0xE4, 0x17, 0xE4, 0x17, 0xE4, 0x17, 0xE4, 0x17, 0xE4, 0x17, 0xE4, 0x17, 0xE4, 0x17, 0xE4,
    0x17, 0xE4, 0x17, 0xE4, 0x17, 0xE4, 0x17, 0xE4, 0x17, 0xE4, 0x17, 0xE4, 0x17, 0xE4, 0x17, 0xE4,
    0x17, 0xE4, 0x17, 0xE4, 0x17, 0xE4, 0x17, 0xE4, 0x17, 0xE4, 0x17, 0xE4, 0x17, 0xE4, 0x17, 0xE4,
    0x17, 0xE4, 0x17, 0xE4, 0x17, 0xE4, 0x17, 0xE4, 0xFF, 0x17, 0xE4, 0x17, 0xE4, 0x17, 0xE4, 0x17,
    0xE4, 0x17, 0xE4, 0x17, 0xE4, 0x17, 0xE4, 0x17, 0xE4, 0x17, 0xE4, 0x17, 0xE4, 0x17, 0xE4, 0x17,
    0xE4, 0x17, 0xE4, 0x17, 0xE4, 0x17, 0xE4, 0x17, 0xE4, 0x17, 0xE4, 0x17, 0xE4, 0x17, 0xE4, 0x17,
    0xE4, 0x17, 0xE4, 0x17, 0xE4, 0x17, 0xE4, 0x17, 0xE4, 0x17, 0xE4, 0x17, 0xE4, 0x17, 0xE4, 0x17,
    0xE4, 0x17, 0xE4, 0x17, 0xE4, 0x17, 0xE4, 0x17, 0xE4, 0x17, 0xE4, 0x17, 0xE4, 0x17, 0xE4, 0x17,
    0xE4, 0x17, 0xE4, 0x17, 0xE4, 0x17, 0xE4, 0x17, 0xE4, 0x17, 0xE4, 0x17, 0xE4, 0x17, 0xE4, 0x17,
    0xE4, 0x17, 0xE4, 0x17, 0xE4, 0x17, 0xE4, 0x17, 0xE4, 0x17, 0xE4, 0x17, 0xE4, 0x17, 0xE3, 0x1F,
    0xE4, 0x27, 0xE5, 0x0B, 0xA1, 0x18, 0xE4, 0x20, 0xC6, 0x18, 0xC6, 0x18, 0xC6, 0x18, 0xC6, 0x18,
    0xC6, 0x18, 0xC6, 0x18, 0xE6, 0x18, 0xC6, 0x18, 0xC6, 0xFF, 0x18, 0xA6, 0x20, 0xE7, 0x29, 0x08,
    0x29, 0x08, 0x29, 0x08, 0x31, 0x6A, 0x39, 0xAB, 0x39, 0xAB, 0x39, 0xAB, 0x39, 0xAB, 0x39, 0x8A,
    0x31, 0x4A, 0x3A, 0x6B, 0x66, 0x4F, 0x3F, 0xEA, 0x1F, 0xE4, 0x17, 0xE4, 0x17, 0xE3, 0x17, 0xE3,
    0x17, 0xE3, 0x17, 0xE3, 0x17, 0xE3, 0x17, 0xE4, 0x17, 0xE4, 0x17, 0xE4, 0x17, 0xE4, 0x17, 0xE4,
    0x17, 0xE4, 0x17, 0xE4, 0x17, 0xE4, 0x17, 0xE4, 0x17, 0xE4, 0x17, 0xE4, 0x17, 0xE4, 0x17, 0xE4,
    0x17, 0xE4, 0x17, 0xE4, 0x17, 0xE4, 0x17, 0xE4, 0x17, 0xE4, 0x17, 0xE4, 0x17, 0xE4, 0x17, 0xE4,
    0x17, 0xE4, 0x17, 0xE4, 0x17, 0xE4, 0x17, 0xE4, 0x17, 0xE4, 0x17, 0xE4, 0x17, 0xE4, 0x17, 0xE4,
    0x17, 0xE4, 0x17, 0xE4, 0x17, 0xE4, 0x17, 0xE4, 0x17, 0xE4, 0x17, 0xE4, 0x17, 0xE4, 0x17, 0xE4,
    0x17, 0xE4, 0x17, 0xE4, 0x17, 0xE4, 0x17, 0xE4, 0x17, 0xE4, 0xFF, 0x17, 0xE4, 0x17, 0xE4, 0x17,
    0xE4, 0x17, 0xE4, 0x17, 0xE4, 0x17, 0xE4, 0x17, 0xE4, 0x17, 0xE4, 0x17, 0xE4, 0x17, 0xE4, 0x17,
    0xE4, 0x17, 0xE4, 0x17, 0xE4, 0x17, 0xE4, 0x17, 0xE4, 0x17, 0xE4, 0x17, 0xE4, 0x17, 0xE4, 0x17,
    0xE4, 0x17, 0xE4, 0x17, 0xE4, 0x17, 0xE4, 0x17, 0xE4, 0x17, 0xE4, 0x17, 0xE4, 0x17, 0xE4, 0x17,
    0xE4, 0x17, 0xE4, 0x17, 0xE4, 0x17, 0xE4, 0x17, 0xE4, 0x17, 0xE4, 0x17, 0xE4, 0x17, 0xE4, 0x17,
    0xE4, 0x17, 0xE4, 0x17, 0xE4, 0x17, 0xE4, 0x17, 0xE4, 0x17, 0xE4, 0x17, 0xE4, 0x17, 0xE4, 0x17,
    0xE4, 0x17, 0xE4, 0x17, 0xE4, 0x17, 0xE4, 0x17, 0xE4, 0x17, 0xE4, 0x17, 0xE4, 0x17, 0xE4, 0x17,
    0xE4, 0x17, 0xE4, 0x17, 0xE4, 0x17, 0xE4, 0x17, 0xE4, 0x17, 0xE4, 0x17, 0xE4, 0x1F, 0xE4, 0x2F,
    0x65, 0x0A, 0x22, 0x20, 0xA6, 0x20, 0xC7, 0x18, 0xC7, 0x18, 0xC7, 0x95, 0x18, 0xC7, 0x18, 0xC6,
    0x18, 0xC6, 0x18, 0xC7, 0x20, 0xC7, 0x20, 0xE7, 0x29, 0x28, 0x31, 0x6A, 0x39, 0x8A, 0x39, 0x8A,
    0x31, 0x6A, 0x02, 0x29, 0xFF, 0x39, 0x8A, 0x39, 0xAB, 0x39, 0xAB, 0x39, 0xAB, 0x39, 0xAB, 0x39,
    0x6A, 0x39, 0x6A, 0x43, 0x0B, 0x5E, 0xAE, 0x37, 0xE8, 0x17, 0xE4, 0x17, 0xE4, 0x17, 0xE3, 0x17,
    0xE3, 0x17, 0xE3, 0x17, 0xE3, 0x17, 0xE4, 0x17, 0xE4, 0x17, 0xE4, 0x17, 0xE4, 0x17, 0xE4, 0x17,
    0xE4, 0x17, 0xE4, 0x17, 0xE4, 0x17, 0xE4, 0x17, 0xE4, 0x17, 0xE4, 0x17, 0xE4, 0x17, 0xE4, 0x17,
    0xE4, 0x17, 0xE4, 0x17, 0xE4, 0x17, 0xE4, 0x17, 0xE4, 0x17, 0xE4, 0x17, 0xE4, 0x17, 0xE4, 0x17,
    0xE4, 0x17, 0xE4, 0x17, 0xE4, 0x17, 0xE4, 0x17, 0xE4, 0x17, 0xE4, 0x17, 0xE4, 0x17, 0xE4, 0x17,
    0xE4, 0x17, 0xE4, 0x17, 0xE4, 0x17, 0xE4, 0x17, 0xE4, 0x17, 0xE4, 0x17, 0xE4, 0x17, 0xE4, 0x17,
    0xE4, 0x17, 0xE4, 0x17, 0xE4, 0x17, 0xE4, 0x17, 0xE4, 0x17, 0xE4, 0x17, 0xE4, 0x17, 0xE4, 0x17,
    0xE4, 0x17, 0xE4, 0x17, 0xE4, 0xFF, 0x17, 0xE4, 0x17, 0xE4, 0x17, 0xE4, 0x17, 0xE4, 0x17, 0xE4,
    0x17, 0xE4, 0x17, 0xE4, 0x17, 0xE4, 0x17, 0xE4, 0x17, 0xE4, 0x17, 0xE4, 0x17, 0xE4, 0x17, 0xE4,
    0x17, 0xE4, 0x17, 0xE4, 0x17, 0xE4, 0x17, 0xE4, 0x17, 0xE4, 0x17, 0xE4, 0x17, 0xE4, 0x17, 0xE4,
    0x17, 0xE4, 0x17, 0xE4, 0x17, 0xE4, 0x17, 0xE4, 0x17, 0xE4, 0x17, 0xE4, 0x17, 0xE4, 0x17, 0xE4,
    0x17, 0xE4, 0x17, 0xE4, 0x17, 0xE4, 0x17, 0xE4, 0x17, 0xE4, 0x17, 0xE4, 0x17, 0xE4, 0x17, 0xE4,
    0x17, 0xE4, 0x17, 0xE4, 0x17, 0xE4, 0x17, 0xE4, 0x17, 0xE4, 0x17, 0xE4, 0x17, 0xE4, 0x17, 0xE4,
    0x17, 0xE4, 0x17, 0xE4, 0x17, 0xE4, 0x17, 0xE4, 0x17, 0xE4, 0x17, 0xE4, 0x27, 0xE5, 0x25, 0xC4,
    0x11, 0x63, 0x20, 0xC7, 0x20, 0xC7, 0x20, 0xC7, 0x18, 0xC7, 0x20, 0xC7, 0x20, 0xE8, 0x21, 0x08,
    0x21, 0x08, 0x20, 0xE8, 0x31, 0x6A, 0x89, 0x39, 0xCB, 0x41, 0xCB, 0x41, 0xCB, 0x41, 0xCC, 0x39,
    0xAB, 0x02, 0x29, 0xFF, 0x31, 0x6A, 0x39, 0xAB, 0x39, 0xAB, 0x39, 0xAB, 0x39, 0xAB, 0x39, 0x8B,
    0x39, 0x8B, 0x31, 0x8A, 0x43, 0x6B, 0x5F, 0x4E, 0x2F, 0xE8, 0x17, 0xE4, 0x17, 0xE3, 0x17, 0xE3,
    0x17, 0xE4, 0x17, 0xE4, 0x17, 0xE4, 0x17, 0xE4, 0x17, 0xE4, 0x17, 0xE4, 0x17, 0xE4, 0x17, 0xE4,
    0x17, 0xE4, 0x17, 0xE4, 0x17, 0xE4, 0x17, 0xE4, 0x17, 0xE4, 0x17, 0xE4, 0x17, 0xE4, 0x17, 0xE4,
    0x17, 0xE4, 0x17, 0xE4, 0x17, 0xE4, 0x17, 0xE4, 0x17, 0xE4, 0x17, 0xE4, 0x17, 0xE4, 0x17, 0xE4,
    0x17, 0xE4, 0x17, 0xE4, 0x17, 0xE4, 0x17, 0xE4, 0x17, 0xE4, 0x17, 0xE4, 0x17, 0xE4, 0x17, 0xE4,
    0x17, 0xE4, 0x17, 0xE4, 0x17, 0xE4, 0x17, 0xE4, 0x17, 0xE4, 0x17, 0xE4, 0x17, 0xE4, 0x17, 0xE4,
    0x17, 0xE4, 0x17, 0xE4, 0x17, 0xE4, 0x17, 0xE4, 0x17, 0xE4, 0x17, 0xE4, 0x17, 0xE4, 0x17, 0xE4,
    0x17, 0xE4, 0x17, 0xE4, 0xFF, 0x17, 0xE4, 0x17, 0xE4, 0x17, 0xE4, 0x17, 0xE4, 0x17, 0xE4, 0x17,
    0xE4, 0x17, 0xE4, 0x17, 0xE4, 0x17, 0xE4, 0x17, 0xE4, 0x17, 0xE4, 0x17, 0xE4, 0x17, 0xE4, 0x17,
    0xE4, 0x17, 0xE4, 0x17, 0xE4, 0x17, 0xE4, 0x17, 0xE4, 0x17, 0xE4, 0x17, 0xE4, 0x17, 0xE4, 0x17,
    0xE4, 0x17, 0xE4, 0x17, 0xE4, 0x17, 0xE4, 0x17, 0xE4, 0x17, 0xE4, 0x17, 0xE4, 0x17, 0xE4, 0x17,
    0xE4, 0x17, 0xE4, 0x17, 0xE4, 0x17, 0xE4, 0x17, 0xE4, 0x17, 0xE4, 0x17, 0xE4, 0x17, 0xE4, 0x17,
    0xE4, 0x17, 0xE4, 0x17, 0xE4, 0x17, 0xE4, 0x17, 0xE4, 0x17, 0xE4, 0x17, 0xE4, 0x17, 0xE4, 0x17,
    0xE4, 0x17, 0xE4, 0x17, 0xE4, 0x17, 0xE4, 0x17, 0xE4, 0x17, 0xE4, 0x2F, 0xE6, 0x13, 0xE2, 0x19,
    0x05, 0x29, 0x49, 0x29, 0x49, 0x21, 0x08, 0x21, 0x08, 0x29, 0x49, 0x31, 0x6A, 0x31, 0x8B, 0x39,
    0xAB, 0x31, 0x4A, 0x31, 0x6A, 0xFF, 0x39, 0xCC, 0x39, 0xCB, 0x39, 0xCC, 0x39, 0xCC, 0x39, 0xCC,
    0x39, 0x8B, 0x31, 0x8B, 0x39, 0xAB, 0x39, 0xAB, 0x39, 0xAB, 0x39, 0xAB, 0x39, 0xAB, 0x39, 0xAB,
    0x39, 0xAB, 0x31, 0x8A, 0x4C, 0x0D, 0x57, 0xCD, 0x27, 0xE7, 0x17, 0xE4, 0x17, 0xE4, 0x17, 0xE3,
    0x17, 0xE3, 0x17, 0xE4, 0x17, 0xE4, 0x17, 0xE4, 0x17, 0xE4, 0x17, 0xE4, 0x17, 0xE4, 0x17, 0xE4,
    0x17, 0xE4, 0x17, 0xE4, 0x17, 0xE4, 0x17, 0xE4, 0x17, 0xE4, 0x17, 0xE4, 0x17, 0xE4, 0x17, 0xE4,
    0x17, 0xE4, 0x17, 0xE4, 0x17, 0xE4, 0x17, 0xE4, 0x17, 0xE4, 0x17, 0xE4, 0x17, 0xE4, 0x17, 0xE4,
    0x17, 0xE4, 0x17, 0xE4, 0x17, 0xE4, 0x17, 0xE4, 0x17, 0xE4, 0x17, 0xE4, 0x17, 0xE4, 0x17, 0xE4,
    0x17, 0xE4, 0x17, 0xE4, 0x17, 0xE4, 0x17, 0xE4, 0x17, 0xE4, 0x17, 0xE4, 0x17, 0xE4, 0x17, 0xE4,
    0x17, 0xE4, 0x17, 0xE4, 0x17, 0xE4, 0xFF, 0x17, 0xE4, 0x17, 0xE4, 0x17, 0xE4, 0x17, 0xE4, 0x17,
    0xE4, 0x17, 0xE4, 0x17, 0xE4, 0x17, 0xE4, 0x17, 0xE4, 0x17, 0xE4, 0x17, 0xE4, 0x17, 0xE4, 0x17,
    0xE4, 0x17, 0xE4, 0x17, 0xE4, 0x17, 0xE4, 0x17, 0xE4, 0x17, 0xE4, 0x17, 0xE4, 0x17, 0xE4, 0x17,
    0xE4, 0x17, 0xE4, 0x17, 0xE4, 0x17, 0xE4, 0x17, 0xE4, 0x17, 0xE4, 0x17, 0xE4, 0x17, 0xE4, 0x17,
    0xE4, 0x17, 0xE4, 0x17, 0xE4, 0x17, 0xE4, 0x17, 0xE4, 0x17, 0xE4, 0x17, 0xE4, 0x17, 0xE4, 0x17,
    0xE4, 0x17, 0xE4, 0x17, 0xE4, 0x17, 0xE4, 0x17, 0xE4, 0x17, 0xE4, 0x17, 0xE4, 0x17, 0xE4, 0x17,
    0xE4, 0x17, 0xE4, 0x17, 0xE4, 0x17, 0xE4, 0x17, 0xE4, 0x17, 0xE4, 0x17, 0xE4, 0x17, 0xE4, 0x17,
    0xE4, 0x17, 0xE4, 0x17, 0xE4, 0x17, 0xE4, 0x17, 0xE4, 0x27, 0xE5, 0x0A, 0xC1, 0x21, 0x07, 0x39,
    0xCB, 0x39, 0xCB, 0x29, 0x49, 0x29, 0x49, 0xFF, 0x39, 0xAB, 0x39, 0xCB, 0x39, 0xCB, 0x41, 0xCC,
    0x31, 0x6A, 0x31, 0x4A, 0x39, 0xCB, 0x39, 0xAB, 0x39, 0xCB, 0x39, 0xCB, 0x39, 0xCB, 0x39, 0xCB,
    0x39, 0xCB, 0x39, 0xCB, 0x39, 0xAB, 0x39, 0xAB, 0x39, 0xAB, 0x39, 0xAB, 0x39, 0xAB, 0x41, 0xAC,
    0x39, 0xAB, 0x31, 0xCA, 0x54, 0xCE, 0x4F, 0xEC, 0x27, 0xE6, 0x17, 0xE4, 0x17, 0xE3, 0x17, 0xE4,
    0x17, 0xE4, 0x17, 0xE4, 0x17, 0xE4, 0x17, 0xE4, 0x17, 0xE4, 0x17, 0xE4, 0x17, 0xE4, 0x17, 0xE3,
    0x17, 0xE3, 0x17, 0xE4, 0x17, 0xE4, 0x17, 0xE4, 0x17, 0xE4, 0x17, 0xE4, 0x17, 0xE4, 0x17, 0xE4,
    0x17, 0xE4, 0x17, 0xE4, 0x17, 0xE4, 0x17, 0xE4, 0x17, 0xE4, 0x17, 0xE4, 0x17, 0xE4, 0x17, 0xE4,
    0x17, 0xE4, 0x17, 0xE4, 0x17, 0xE4, 0x17, 0xE4, 0x17, 0xE4, 0x17, 0xE4, 0x17, 0xE4, 0x17, 0xE4,
    0x17, 0xE4, 0x17, 0xE4, 0x17, 0xE4, 0x17, 0xE4, 0xFF, 0x17, 0xE4, 0x17, 0xE4, 0x17, 0xE4, 0x17,
    0xE4, 0x17, 0xE4, 0x17, 0xE4, 0x17, 0xE4, 0x17, 0xE4, 0x17, 0xE4, 0x17, 0xE4, 0x17, 0xE4, 0x17,
    0xE4, 0x17, 0xE4, 0x17, 0xE4, 0x17, 0xE4, 0x17, 0xE4, 0x17, 0xE4, 0x17, 0xE4, 0x17, 0xE4, 0x17,
    0xE4, 0x17, 0xE4, 0x17, 0xE4, 0x17, 0xE4, 0x17, 0xE4, 0x17, 0xE4, 0x17, 0xE4, 0x17, 0xE4, 0x17,
    0xE4, 0x17, 0xE4, 0x17, 0xE4, 0x17, 0xE4, 0x17, 0xE4, 0x17, 0xE4, 0x17, 0xE4, 0x17, 0xE4, 0x17,
    0xE4, 0x17, 0xE4, 0x17, 0xE4, 0x17, 0xE4, 0x17, 0xE4, 0x17, 0xE4, 0x17, 0xE4, 0x17, 0xE4, 0x17,
    0xE4, 0x17, 0xE4, 0x17, 0xE4, 0x17, 0xE4, 0x17, 0xE4, 0x17, 0xE4, 0x17, 0xE4, 0x17, 0xE4, 0x17,
    0xE4, 0x17, 0xE4, 0x17, 0xE4, 0x17, 0xE4, 0x17, 0xE4, 0x17, 0xE4, 0x17, 0xE4, 0x17, 0xE4, 0x17,
    0xE4, 0x17, 0xE4, 0x17, 0xE4, 0x1F, 0xE4, 0x1F, 0x64, 0xFF, 0x02, 0x21, 0x29, 0x28, 0x39, 0xCC,
    0x39, 0xCC, 0x31, 0x4A, 0x31, 0x6A, 0x39, 0xCB, 0x39, 0xAB, 0x39, 0xCB, 0x39, 0xCB, 0x31, 0x8B,
    0x31, 0x6A, 0x39, 0xCB, 0x39, 0xAB, 0x39, 0xCB, 0x39, 0xCB, 0x39, 0xCB, 0x39, 0xCB, 0x39, 0xCB,
    0x39, 0xCB, 0x39, 0xCB, 0x39, 0xAB, 0x39, 0xAB, 0x39, 0xAB, 0x39, 0xAB, 0x39, 0xAB, 0x39, 0xAB,
    0x39, 0x8B, 0x31, 0xAA, 0x55, 0x0E, 0x4F, 0xEC, 0x1F, 0xE5, 0x17, 0xE3, 0x17, 0xE4, 0x17, 0xE4,
    0x17, 0xE4, 0x17, 0xE4, 0x17, 0xE4, 0x17, 0xE4, 0x17, 0xE4, 0x17, 0xE3, 0x17, 0xE3, 0x17, 0xE3,
    0x17, 0xE3, 0x17, 0xE4, 0x17, 0xE4, 0x17, 0xE4, 0x17, 0xE4, 0x17, 0xE4, 0x17, 0xE4, 0x17, 0xE4,
    0x17, 0xE4, 0x17, 0xE4, 0x17, 0xE4, 0x17, 0xE4, 0x17, 0xE4, 0x17, 0xE4, 0x17, 0xE4, 0x17, 0xE4,
    0x17, 0xE4, 0x17, 0xE4, 0x17, 0xE4, 0x17, 0xE4, 0x17, 0xE4, 0xFF, 0x17, 0xE4, 0x17, 0xE4, 0x17,
    0xE4, 0x17, 0xE4, 0x17, 0xE4, 0x17, 0xE4, 0x17, 0xE4, 0x17, 0xE4, 0x17, 0xE4, 0x17, 0xE4, 0x17,
    0xE4, 0x17, 0xE4, 0x17, 0xE4, 0x17, 0xE4, 0x17, 0xE4, 0x17, 0xE4, 0x17, 0xE4, 0x17, 0xE4, 0x17,
    0xE4, 0x17, 0xE4, 0x17, 0xE4, 0x17, 0xE4, 0x17, 0xE4, 0x17, 0xE4, 0x17, 0xE4, 0x17, 0xE4, 0x17,
    0xE4, 0x17, 0xE4, 0x17, 0xE4, 0x17, 0xE4, 0x17, 0xE4, 0x17, 0xE4, 0x17, 0xE4, 0x17, 0xE4, 0x17,
    0xE4, 0x17, 0xE4, 0x17, 0xE4, 0x17, 0xE4, 0x17, 0xE4, 0x17, 0xE4, 0x17, 0xE4, 0x17, 0xE4, 0x17,
    0xE4, 0x17, 0xE4, 0x17, 0xE4, 0x17, 0xE4, 0x17, 0xE4, 0x17, 0xE4, 0x17, 0xE4, 0x17, 0xE4, 0x17,
    0xE4, 0x17, 0xE4, 0x17, 0xE4, 0x17, 0xE4, 0x17, 0xE4, 0x17, 0xE4, 0x17, 0xE4, 0x17, 0xE4, 0x17,
    0xE4, 0x17, 0xE4, 0x17, 0xE4, 0x17, 0xE4, 0x17, 0xE4, 0x17, 0xE4, 0xFF, 0x17, 0xE4, 0x17, 0xE4,
    0x17, 0xE4, 0x17, 0xE4, 0x1F, 0xE5, 0x16, 0x64, 0x09, 0xC3, 0x31, 0x69, 0x39, 0xCB, 0x39, 0xCB,
    0x31, 0x6A, 0x31, 0x6A, 0x39, 0xCB, 0x39, 0xAB, 0x39, 0xAB, 0x39, 0xCB, 0x39, 0xAB, 0x31, 0x8A,
    0x39, 0xAB, 0x39, 0xAB, 0x39, 0xCB, 0x39, 0xCB, 0x39, 0xAB, 0x39, 0xAB, 0x39, 0xCB, 0x39, 0xCB,
    0x39, 0xCB, 0x39, 0xAB, 0x39, 0xAB, 0x39, 0xAB, 0x39, 0xAB, 0x39, 0xAB, 0x39, 0xAB, 0x39, 0xAB,
    0x39, 0x8B, 0x32, 0x4B, 0x5E, 0x0F, 0x3F, 0xE9, 0x17, 0xE4, 0x17, 0xE4, 0x17, 0xE4, 0x17, 0xE4,
    0x17, 0xE4, 0x17, 0xE4, 0x17, 0xE4, 0x17, 0xE4, 0x17, 0xE3, 0x17, 0xE3, 0x17, 0xE3, 0x17, 0xE4,
    0x17, 0xE4, 0x17, 0xE4, 0x17, 0xE4, 0x17, 0xE4, 0x17, 0xE4, 0x17, 0xE4, 0x17, 0xE4, 0x17, 0xE4,
    0x17, 0xE4, 0x17, 0xE4, 0x17, 0xE4, 0x17, 0xE4, 0x17, 0xE4, 0x17, 0xE4, 0xFF, 0x17, 0xE4, 0x17,
    0xE4, 0x17, 0xE4, 0x17, 0xE4, 0x17, 0xE4, 0x17, 0xE4, 0x17, 0xE4, 0x17, 0xE4, 0x17, 0xE4, 0x17,
    0xE4, 0x17, 0xE4, 0x17, 0xE4, 0x17, 0xE4, 0x17, 0xE4, 0x17, 0xE4, 0x17, 0xE4, 0x17, 0xE4, 0x17,
    0xE4, 0x17, 0xE4, 0x17, 0xE4, 0x17, 0xE4, 0x17, 0xE4, 0x17, 0xE4, 0x17, 0xE4, 0x17, 0xE4, 0x17,
    0xE4, 0x17, 0xE4, 0x17, 0xE4, 0x17, 0xE4, 0x17, 0xE4, 0x17, 0xE4, 0x17, 0xE4, 0x17, 0xE4, 0x17,
    0xE4, 0x17, 0xE4, 0x17, 0xE4, 0x17, 0xE4, 0x17, 0xE4, 0x17, 0xE4, 0x17, 0xE4, 0x17, 0xE4, 0x17,
    0xE4, 0x17, 0xE4, 0x17, 0xE4, 0x17, 0xE4, 0x17, 0xE4, 0x17, 0xE4, 0x17, 0xE4, 0x17, 0xE4, 0x17,
    0xE4, 0x17, 0xE4, 0x17, 0xE4, 0x17, 0xE4, 0x17, 0xE4, 0x17, 0xE4, 0x17, 0xE4, 0x17, 0xE4, 0x17,
    0xE4, 0x17, 0xE4, 0x17, 0xE4, 0x17, 0xE4, 0x17, 0xE4, 0x17, 0xE4, 0x17, 0xE4, 0xFF, 0x17, 0xE4,
    0x17, 0xE4, 0x17, 0xE4, 0x17, 0xE4, 0x17, 0xE4, 0x17, 0xE4, 0x17, 0xE4, 0x17, 0xE4, 0x17, 0xE4,
    0x17, 0xE4, 0x1F, 0xE5, 0x0D, 0x42, 0x11, 0x85, 0x39, 0x8A, 0x39, 0xCB, 0x39, 0xCB, 0x31, 0x6A,
    0x31, 0x6A, 0x39, 0xAB, 0x39, 0xCB, 0x39, 0xAB, 0x39, 0xAB, 0x39, 0xAB, 0x39, 0xAB, 0x39, 0xAB,
    0x39, 0xAB, 0x39, 0xCB, 0x39, 0xAB, 0x39, 0xAB, 0x39, 0xAB, 0x39, 0xAB, 0x39, 0xAB, 0x39, 0xAB,
    0x39, 0xAB, 0x39, 0xAB, 0x39, 0xAB, 0x39, 0xAB, 0x39, 0xAB, 0x39, 0xAB, 0x39, 0xAB, 0x39, 0xAB,
    0x31, 0x8B, 0x43, 0x0C, 0x5F, 0x2D, 0x2F, 0xE6, 0x17, 0xE3, 0x17, 0xE4, 0x17, 0xE4, 0x17, 0xE4,
    0x17, 0xE4, 0x17, 0xE4, 0x17, 0xE4, 0x17, 0xE3, 0x17, 0xE3, 0x17, 0xE3, 0x17, 0xE4, 0x17, 0xE4,
    0x17, 0xE4, 0x17, 0xE4, 0x17, 0xE4, 0x17, 0xE4, 0x17, 0xE4, 0x17, 0xE4, 0x17, 0xE4, 0xFF, 0x17,
    0xE4, 0x17, 0xE4, 0x17, 0xE4, 0x17, 0xE4, 0x17, 0xE4, 0x17, 0xE4, 0x17, 0xE4, 0x17, 0xE4, 0x17,
    0xE4, 0x17, 0xE4, 0x17, 0xE4, 0x17, 0xE4, 0x17, 0xE4, 0x17, 0xE4, 0x17, 0xE4, 0x17, 0xE4, 0x17,
    0xE4, 0x17, 0xE4, 0x17, 0xE4, 0x17, 0xE4, 0x17, 0xE4, 0x17, 0xE4, 0x17, 0xE4, 0x17, 0xE4, 0x17,
    0xE4, 0x17, 0xE4, 0x17, 0xE4, 0x17, 0xE4, 0x17, 0xE4, 0x17, 0xE4, 0x17, 0xE4, 0x17, 0xE4, 0x17,
    0xE4, 0x17, 0xE4, 0x17, 0xE4, 0x17, 0xE4, 0x17, 0xE4, 0x17, 0xE4, 0x17, 0xE4, 0x17, 0xE4, 0x17,
    0xE4, 0x17, 0xE4, 0x17, 0xE4, 0x17, 0xE4, 0x17, 0xE4, 0x17, 0xE4, 0x17, 0xE4, 0x17, 0xE4, 0x17,
    0xE4, 0x17, 0xE4, 0x17, 0xE4, 0x17, 0xE4, 0x17, 0xE4, 0x17, 0xE4, 0x17, 0xE4, 0x17, 0xE4, 0x17,
    0xE4, 0x17, 0xE4, 0x17, 0xE4, 0x17, 0xE4, 0x17, 0xE4, 0x17, 0xE4, 0x17, 0xE4, 0x17, 0xE4, 0xFF,
    0x17, 0xE4, 0x17, 0xE4, 0x17, 0xE4, 0x17, 0xE4, 0x17, 0xE4, 0x17, 0xE4, 0x17, 0xE4, 0x17, 0xE4,
    0x17, 0xE4, 0x17, 0xE4, 0x17, 0xE4, 0x17, 0xE4, 0x17, 0xE4, 0x17, 0xE4, 0x17, 0xE4, 0x17, 0xE4,
    0x1F, 0xE4, 0x0C, 0x41, 0x21, 0x67, 0x39, 0x8B, 0x39, 0xCB, 0x39, 0xCB, 0x39, 0x8B, 0x39, 0x8B,
    0x39, 0xAB, 0x39, 0xCB, 0x39, 0xAB, 0x39, 0xAB, 0x39, 0xAB, 0x39, 0xAB, 0x39, 0xAB, 0x39, 0xCB,
    0x39, 0xAB, 0x39, 0xAB, 0x39, 0xAB, 0x39, 0xAB, 0x39, 0xAB, 0x39, 0xAB, 0x39, 0xAB, 0x39, 0xAB,
    0x39, 0xAB, 0x39, 0xAB, 0x39, 0xAB, 0x39, 0xAB, 0x39, 0xAB, 0x39, 0xAB, 0x31, 0xAB, 0x31, 0xAB,
    0x31, 0xA9, 0x4C, 0xAC, 0x47, 0xEA, 0x1F, 0xE5, 0x17, 0xE4, 0x17, 0xE4, 0x17, 0xE4, 0x17, 0xE4,
    0x17, 0xE4, 0x17, 0xE4, 0x17, 0xE3, 0x17, 0xE3, 0x17, 0xE3, 0x17, 0xE4, 0x17, 0xE4, 0x17, 0xE4,
    0xFF, 0x17, 0xE4, 0x17, 0xE4, 0x17, 0xE4, 0x17, 0xE4, 0x17, 0xE4, 0x17, 0xE4, 0x17, 0xE4, 0x17,
    0xE4, 0x17, 0xE4, 0x17, 0xE4, 0x17, 0xE4, 0x17, 0xE4, 0x17, 0xE4, 0x17, 0xE4, 0x17, 0xE4, 0x17,
    0xE4, 0x17, 0xE4, 0x17, 0xE4, 0x17, 0xE4, 0x17, 0xE4, 0x17, 0xE4, 0x17, 0xE4, 0x17, 0xE4, 0x17,
    0xE4, 0x17, 0xE4, 0x17, 0xE4, 0x17, 0xE4, 0x17, 0xE4, 0x17, 0xE4, 0x17, 0xE4, 0x17, 0xE4, 0x17,
    0xE4, 0x17, 0xE4, 0x17, 0xE4, 0x17, 0xE4, 0x17, 0xE4, 0x17, 0xE4, 0x17, 0xE4, 0x17, 0xE4, 0x17,
    0xE4, 0x17, 0xE4, 0x17, 0xE4, 0x17, 0xE4, 0x17, 0xE4, 0x17, 0xE4, 0x17, 0xE4, 0x17, 0xE4, 0x17,
    0xE4, 0x17, 0xE4, 0x17, 0xE4, 0x17, 0xE4, 0x17, 0xE4, 0x17, 0xE4, 0x17, 0xE4, 0x17, 0xE4, 0x17,
    0xE4, 0x17, 0xE4, 0x17, 0xE4, 0x17, 0xE4, 0x17, 0xE4, 0x17, 0xE4, 0x17, 0xE4, 0x17, 0xE4, 0x17,
    0xE4, 0xFF, 0x17, 0xE4, 0x17, 0xE4, 0x17, 0xE4, 0x17, 0xE4, 0x17, 0xE4, 0x17, 0xE4, 0x17, 0xE4,
    0x17, 0xE4, 0x17, 0xE4, 0x17, 0xE4, 0x17, 0xE4, 0x17, 0xE4, 0x17, 0xE4, 0x17, 0xE4, 0x17, 0xE4,
    0x17, 0xE4, 0x17, 0xE4, 0x17, 0xE4, 0x17, 0xE4, 0x17, 0xE4, 0x17, 0xE3, 0x17, 0xE4, 0x1F, 0xE4,
    0x0B, 0x81, 0x29, 0x89, 0x39, 0xAC, 0x39, 0xAB, 0x39, 0xAB, 0x39, 0xAB, 0x39, 0xAB, 0x39, 0xAB,
    0x39, 0xAB, 0x39, 0xAB, 0x39, 0xAB, 0x39, 0xCB, 0x39, 0xAB, 0x39, 0xAB, 0x39, 0xCB, 0x39, 0xAB,
    0x39, 0xAB, 0x39, 0xAB, 0x39, 0xAB, 0x39, 0xAB, 0x39, 0xAB, 0x39, 0xAB, 0x39, 0xAB, 0x39, 0xAB,
    0x39, 0xAB, 0x39, 0xAB, 0x39, 0xAB, 0x39, 0xAB, 0x39, 0xAB, 0x39, 0xAB, 0x31, 0x8A, 0x31, 0x6A,
    0x3A, 0x8A, 0x5E, 0xED, 0x2F, 0xE7, 0x17, 0xE4, 0x17, 0xE4, 0x17, 0xE4, 0x17, 0xE4, 0x17, 0xE4,
    0x17, 0xE4, 0xFF, 0x17, 0xE4, 0x17, 0xE4, 0x17, 0xE4, 0x17, 0xE4, 0x17, 0xE4, 0x17, 0xE4, 0x17,
    0xE4, 0x17, 0xE4, 0x17, 0xE4, 0x17, 0xE4, 0x17, 0xE4, 0x17, 0xE4, 0x17, 0xE4, 0x17, 0xE4, 0x17,
    0xE4, 0x17, 0xE4, 0x17, 0xE4, 0x17, 0xE4, 0x17, 0xE4, 0x17, 0xE4, 0x17, 0xE4, 0x17, 0xE4, 0x17,
    0xE4, 0x17, 0xE4, 0x17, 0xE4, 0x17, 0xE4, 0x17, 0xE4, 0x17, 0xE4, 0x17, 0xE4, 0x17, 0xE4, 0x17,
    0xE4, 0x17, 0xE4, 0x17, 0xE4, 0x17, 0xE4, 0x17, 0xE4, 0x17, 0xE4, 0x17, 0xE4, 0x17, 0xE4, 0x17,
    0xE4, 0x17, 0xE4, 0x17, 0xE4, 0x17, 0xE4, 0x17, 0xE4, 0x17, 0xE4, 0x17, 0xE4, 0x17, 0xE4, 0x17,
    0xE4, 0x17, 0xE4, 0x17, 0xE4, 0x17, 0xE4, 0x17, 0xE4, 0x17, 0xE4, 0x17, 0xE4, 0x17, 0xE4, 0x17,
    0xE4, 0x17, 0xE4, 0x17, 0xE4, 0x17, 0xE4, 0x17, 0xE4, 0x17, 0xE4, 0x17, 0xE4, 0x17, 0xE4, 0x17,
    0xE4, 0x17, 0xE4, 0xF7, 0x17, 0xE4, 0x17, 0xE4, 0x17, 0xE4, 0x17, 0xE4, 0x17, 0xE4, 0x17, 0xE4,
    0x17, 0xE4, 0x17, 0xE4, 0x17, 0xE4, 0x17, 0xE4, 0x17, 0xE4, 0x17, 0xE4, 0x17, 0xE4, 0x17, 0xE4,
    0x17, 0xE4, 0x17, 0xE4, 0x17, 0xE4, 0x17, 0xE4, 0x17, 0xE4, 0x17, 0xE4, 0x17, 0xE4, 0x17, 0xE4,
    0x17, 0xE4, 0x17, 0xE4, 0x17, 0xE4, 0x17, 0xE4, 0x17, 0xE4, 0x17, 0xE4, 0x17, 0x83, 0x0A, 0xE3,
    0x31, 0xAB, 0x39, 0xAC, 0x39, 0xAB, 0x39, 0xAB, 0x39, 0xAB, 0x39, 0xAB, 0x39, 0xAB, 0x39, 0xAB,
    0x39, 0xAB, 0x39, 0xAB, 0x39, 0xAB, 0x39, 0xAB, 0x39, 0xAB, 0x39, 0xAB, 0x39, 0xAB, 0x39, 0xAB,
    0x39, 0xAB, 0x39, 0xAB, 0x39, 0xAB, 0x39, 0xAB, 0x39, 0xAB, 0x39, 0xAB, 0x39, 0xAB, 0x39, 0xAB,
    0x39, 0xAB, 0x39, 0xAB, 0x39, 0xAB, 0x39, 0xCB, 0x39, 0xAB, 0x31, 0x8A, 0x02, 0x29, 0xFF, 0x39,
    0xAB, 0x5D, 0x0F, 0x47, 0xEA, 0x1F, 0xE5, 0x17, 0xE4, 0x17, 0xE4, 0x17, 0xE4, 0x17, 0xE4, 0x17,
    0xE4, 0x17, 0xE4, 0x17, 0xE4, 0x17, 0xE4, 0x17, 0xE4, 0x17, 0xE4, 0x17, 0xE4, 0x17, 0xE4, 0x17,
    0xE4, 0x17, 0xE4, 0x17, 0xE4, 0x17, 0xE4, 0x17, 0xE4, 0x17, 0xE4, 0x17, 0xE4, 0x17, 0xE4, 0x17,
    0xE4, 0x17, 0xE4, 0x17, 0xE4, 0x17, 0xE4, 0x17, 0xE4, 0x17, 0xE4, 0x17, 0xE4, 0x17, 0xE4, 0x17,
    0xE4, 0x17, 0xE4, 0x17, 0xE4, 0x17, 0xE4, 0x17, 0xE4, 0x17, 0xE4, 0x17, 0xE4, 0x17, 0xE4, 0x17,
    0xE4, 0x17, 0xE4, 0x17, 0xE4, 0x17, 0xE4, 0x17, 0xE4, 0x17, 0xE4, 0x17, 0xE4, 0x17, 0xE4, 0x17,
    0xE4, 0x17, 0xE4, 0x17, 0xE4, 0x17, 0xE4, 0x17, 0xE4, 0x17, 0xE4, 0x17, 0xE4, 0x17, 0xE4, 0x17,
    0xE4, 0x17, 0xE4, 0x17, 0xE4, 0x17, 0xE4, 0x17, 0xE4, 0x17, 0xE4, 0x17, 0xE4, 0x17, 0xE4, 0xFF,
    0x17, 0xE4, 0x17, 0xE4, 0x17, 0xE4, 0x17, 0xE4, 0x17, 0xE4, 0x17, 0xE4, 0x17, 0xE4, 0x17, 0xE4,
    0x17, 0xE4, 0x17, 0xE4, 0x17, 0xE4, 0x17, 0xE4, 0x17, 0xE4, 0x17, 0xE4, 0x17, 0xE4, 0x17, 0xE4,
    0x17, 0xE4, 0x17, 0xE4, 0x17, 0xE4, 0x17, 0xE4, 0x17, 0xE4, 0x17, 0xE4, 0x17, 0xE4, 0x17, 0xE4,
    0x17, 0xE4, 0x17, 0xE4, 0x17, 0xE4, 0x17, 0xE4, 0x17, 0xE4, 0x17, 0xE4, 0x17, 0xE4, 0x17, 0xE4,
    0x17, 0xE4, 0x17, 0xE4, 0x17, 0xE4, 0x17, 0xE4, 0x17, 0xE4, 0x16, 0xE2, 0x12, 0x84, 0x39, 0xAB,
    0x39, 0xAC, 0x39, 0xAB, 0x39, 0xAB, 0x39, 0xAB, 0x39, 0xAB, 0x39, 0xAB, 0x39, 0xAB, 0x39, 0xAB,
    0x39, 0xAB, 0x39, 0xAB, 0x39, 0xAB, 0x39, 0xAB, 0x39, 0xAB, 0x39, 0xAB, 0x39, 0xAB, 0x39, 0xAB,
    0x39, 0xAB, 0x39, 0xAB, 0x39, 0xAB, 0x39, 0xAB, 0x39, 0xAB, 0x39, 0xAB, 0x39, 0xAB, 0x39, 0xAB,
    0x89, 0x39, 0xAB, 0x39, 0xAB, 0x39, 0xAB, 0x39, 0xCB, 0x39, 0xAB, 0x02, 0x29, 0xFF, 0x28, 0xE8,
    0x42, 0xCC, 0x5F, 0x0D, 0x27, 0xE6, 0x17, 0xE4, 0x17, 0xE4, 0x17, 0xE4, 0x17, 0xE4, 0x17, 0xE4,
    0x17, 0xE4, 0x17, 0xE4, 0x17, 0xE4, 0x17, 0xE4, 0x17, 0xE4, 0x17, 0xE4, 0x17, 0xE4, 0x17, 0xE4,
    0x17, 0xE4, 0x17, 0xE4, 0x17, 0xE4, 0x17, 0xE4, 0x17, 0xE4, 0x17, 0xE4, 0x17, 0xE4, 0x17, 0xE4,
    0x17, 0xE4, 0x17, 0xE4, 0x17, 0xE4, 0x17, 0xE4, 0x17, 0xE4, 0x17, 0xE4, 0x17, 0xE4, 0x17, 0xE4,
    0x17, 0xE4, 0x17, 0xE4, 0x17, 0xE4, 0x17, 0xE4, 0x17, 0xE4, 0x17, 0xE4, 0x17, 0xE4, 0x17, 0xE4,
    0x17, 0xE4, 0x17, 0xE4, 0x17, 0xE4, 0x17, 0xE4, 0x17, 0xE4, 0x17, 0xE4, 0x17, 0xE4, 0x17, 0xE4,
    0x17, 0xE4, 0x17, 0xE4, 0x17, 0xE4, 0x17, 0xE4, 0x17, 0xE4, 0x17, 0xE4, 0x17, 0xE4, 0x17, 0xE4,
    0x17, 0xE4, 0x17, 0xE4, 0x17, 0xE4, 0x17, 0xE4, 0x17, 0xE4, 0x17, 0xE4, 0x17, 0xE4, 0xFF, 0x17,
    0xE4, 0x17, 0xE4, 0x17, 0xE4, 0x17, 0xE4, 0x17, 0xE4, 0x17, 0xE4, 0x17, 0xE4, 0x17, 0xE4, 0x17,
    0xE4, 0x17, 0xE4, 0x17, 0xE4, 0x17, 0xE4, 0x17, 0xE4, 0x17, 0xE4, 0x17, 0xE4, 0x17, 0xE4, 0x17,
    0xE4, 0x17, 0xE4, 0x17, 0xE4, 0x17, 0xE4, 0x17, 0xE4, 0x17, 0xE4, 0x17, 0xE4, 0x17, 0xE4, 0x17,
    0xE4, 0x17, 0xE4, 0x17, 0xE4, 0x17, 0xE4, 0x17, 0xE4, 0x17, 0xE4, 0x17, 0xE4, 0x17, 0xE4, 0x17,
    0xE4, 0x17, 0xE4, 0x17, 0xE4, 0x17, 0xE4, 0x17, 0xE4, 0x0E, 0x42, 0x1A, 0x25, 0x39, 0xAB, 0x39,
    0xCC, 0x39, 0xCB, 0x39, 0xAB, 0x39, 0xAB, 0x39, 0xAB, 0x39, 0xAB, 0x39, 0xAB, 0x39, 0xAB, 0x39,
    0xCB, 0x39, 0xAB, 0x39, 0xAB, 0x39, 0xAB, 0x39, 0xAB, 0x39, 0xAB, 0x39, 0xAB, 0x39, 0xAB, 0x39,
    0xAB, 0x39, 0xAB, 0x39, 0xAB, 0x39, 0xAB, 0x39, 0xAB, 0x39, 0xAB, 0x39, 0xAB, 0x39, 0xAB, 0xFF,
    0x39, 0xAB, 0x39, 0xAB, 0x39, 0xAB, 0x39, 0xAB, 0x39, 0xCC, 0x31, 0x8A, 0x20, 0xC8, 0x31, 0x69,
    0x65, 0xAF, 0x37, 0xE9, 0x17, 0xE4, 0x17, 0xE4, 0x17, 0xE4, 0x17, 0xE4, 0x17, 0xE4, 0x17, 0xE4,
    0x17, 0xE4, 0x17, 0xE4, 0x17, 0xE4, 0x17, 0xE4, 0x17, 0xE4, 0x17, 0xE4, 0x17, 0xE4, 0x17, 0xE4,
    0x17, 0xE4, 0x17, 0xE4, 0x17, 0xE4, 0x17, 0xE4, 0x17, 0xE4, 0x17, 0xE4, 0x17, 0xE4, 0x17, 0xE4,
    0x17, 0xE4, 0x17, 0xE4, 0x17, 0xE4, 0x17, 0xE4, 0x17, 0xE4, 0x17, 0xE4, 0x17, 0xE4, 0x17, 0xE4,
    0x17, 0xE4, 0x17, 0xE4, 0x17, 0xE4, 0x17, 0xE4, 0x17, 0xE4, 0x17, 0xE4, 0x17, 0xE4, 0x17, 0xE4,
    0x17, 0xE4, 0x17, 0xE4, 0x17, 0xE4, 0x17, 0xE4, 0x17, 0xE4, 0x17, 0xE4, 0x17, 0xE4, 0x17, 0xE4,
    0x17, 0xE4, 0x17, 0xE4, 0x17, 0xE4, 0x17, 0xE4, 0x17, 0xE4, 0x17, 0xE4, 0x17, 0xE4, 0x17, 0xE4,
    0xFF, 0x17, 0xE4, 0x17, 0xE4, 0x17, 0xE4, 0x17, 0xE4, 0x17, 0xE4, 0x17, 0xE4, 0x17, 0xE4, 0x17,
    0xE4, 0x17, 0xE4, 0x17, 0xE4, 0x17, 0xE4, 0x17, 0xE4, 0x17, 0xE4, 0x17, 0xE4, 0x17, 0xE4, 0x17,
    0xE4, 0x17, 0xE4, 0x17, 0xE4, 0x17, 0xE4, 0x17, 0xE4, 0x17, 0xE4, 0x17, 0xE4, 0x17, 0xE4, 0x17,
    0xE4, 0x17, 0xE4, 0x17, 0xE4, 0x17, 0xE4, 0x17, 0xE4, 0x17, 0xE4, 0x17, 0xE4, 0x17, 0xE4, 0x17,
    0xE4, 0x17, 0xE4, 0x17, 0xE4, 0x17, 0xE4, 0x17, 0xE4, 0x17, 0xE4, 0x17, 0xE4, 0x17, 0xE4, 0x17,
    0xE4, 0x17, 0xE4, 0x17, 0xE4, 0x17, 0xE4, 0x05, 0x60, 0x22, 0x07, 0x39, 0xAB, 0x39, 0xCB, 0x39,
    0xCB, 0x39, 0xAB, 0x39, 0xAB, 0x39, 0xAB, 0x39, 0xAB, 0x39, 0xAB, 0x39, 0xAB, 0x39, 0xAB, 0x39,
    0xAB, 0x39, 0xAB, 0x39, 0xAB, 0x39, 0xAB, 0x39, 0xAB, 0x39, 0xAB, 0x39, 0xAB, 0x39, 0xAB, 0x39,
    0xAB, 0x97, 0x39, 0xAB, 0x39, 0xAB, 0x39, 0xAB, 0x31, 0x8A, 0x31, 0x8A, 0x39, 0xCB, 0x39, 0xAB,
    0x39, 0xAB, 0x39, 0xAB, 0x39, 0xAB, 0x39, 0xAB, 0x39, 0xAB, 0x02, 0x29, 0xFF, 0x20, 0xE7, 0x4B,
    0xAC, 0x57, 0xEC, 0x17, 0xE4, 0x17, 0xE3, 0x17, 0xE3, 0x17, 0xE4, 0x17, 0xE4, 0x17, 0xE4, 0x17,
    0xE4, 0x17, 0xE4, 0x17, 0xE4, 0x17, 0xE4, 0x17, 0xE4, 0x17, 0xE4, 0x17, 0xE4, 0x17, 0xE4, 0x17,
    0xE4, 0x17, 0xE4, 0x17, 0xE4, 0x17, 0xE4, 0x17, 0xE4, 0x17, 0xE4, 0x17, 0xE4, 0x17, 0xE4, 0x17,
    0xE4, 0x17, 0xE4, 0x17, 0xE4, 0x17, 0xE4, 0x17, 0xE4, 0x17, 0xE4, 0x17, 0xE4, 0x17, 0xE4, 0x17,
    0xE4, 0x17, 0xE4, 0x17, 0xE4, 0x17, 0xE4, 0x17, 0xE4, 0x17, 0xE4, 0x17, 0xE4, 0x17, 0xE4, 0x17,
    0xE4, 0x17, 0xE4, 0x17, 0xE4, 0x17, 0xE4, 0x17, 0xE4, 0x17, 0xE4, 0x17, 0xE4, 0x17, 0xE4, 0x17,
    0xE4, 0x17, 0xE4, 0x17, 0xE4, 0x17, 0xE4, 0x17, 0xE4, 0x17, 0xE4, 0x17, 0xE4, 0x17, 0xE4, 0x17,
    0xE4, 0x17, 0xE4, 0x17, 0xE4, 0x17, 0xE4, 0x17, 0xE4, 0x17, 0xE4, 0x17, 0xE4, 0xFF, 0x17, 0xE4,
    0x17, 0xE4, 0x17, 0xE4, 0x17, 0xE4, 0x17, 0xE4, 0x17, 0xE4, 0x17, 0xE4, 0x17, 0xE4, 0x17, 0xE4,
    0x17, 0xE4, 0x17, 0xE4, 0x17, 0xE4, 0x17, 0xE4, 0x17, 0xE4, 0x17, 0xE4, 0x17, 0xE4, 0x17, 0xE4,
    0x17, 0xE4, 0x17, 0xE4, 0x17, 0xE4, 0x17, 0xE4, 0x17, 0xE4, 0x17, 0xE4, 0x17, 0xE4, 0x17, 0xE4,
    0x17, 0xE4, 0x17, 0xE4, 0x17, 0xE4, 0x17, 0xE4, 0x17, 0xE4, 0x17, 0xE4, 0x17, 0xE4, 0x17, 0xE4,
    0x17, 0xE4, 0x17, 0xE4, 0x17, 0xE3, 0x04, 0xE1, 0x29, 0xE8, 0x39, 0xAC, 0x39, 0xCB, 0x39, 0xAB,
    0x39, 0xAB, 0x39, 0xAB, 0x39, 0xAB, 0x39, 0xAB, 0x39, 0xAB, 0x39, 0xAB, 0x39, 0xAB, 0x39, 0xAB,
    0x39, 0xAB, 0x39, 0xAB, 0x39, 0xAB, 0x39, 0xAB, 0x39, 0xAB, 0x39, 0xAB, 0x39, 0xAB, 0x39, 0xAB,
    0x39, 0xAB, 0x39, 0xAB, 0x39, 0xAB, 0x39, 0x8B, 0x31, 0x6A, 0x39, 0xAB, 0x39, 0xAB, 0xFF, 0x39,
    0xAB, 0x39, 0xAC, 0x39, 0xAB, 0x39, 0xAB, 0x39, 0xAB, 0x31, 0x6A, 0x20, 0xC8, 0x32, 0x29, 0x5F,
    0x2D, 0x27, 0xE5, 0x17, 0xE3, 0x17, 0xE4, 0x17, 0xE4, 0x17, 0xE4, 0x17, 0xE4, 0x17, 0xE4, 0x17,
    0xE4, 0x17, 0xE4, 0x17, 0xE4, 0x17, 0xE4, 0x17, 0xE4, 0x17, 0xE4, 0x17, 0xE4, 0x17, 0xE4, 0x17,
    0xE4, 0x17, 0xE4, 0x17, 0xE4, 0x17, 0xE4, 0x17, 0xE4, 0x17, 0xE4, 0x17, 0xE4, 0x17, 0xE4, 0x17,
    0xE4, 0x17, 0xE4, 0x17, 0xE4, 0x17, 0xE4, 0x17, 0xE4, 0x17, 0xE4, 0x17, 0xE4, 0x17, 0xE4, 0x17,
    0xE4, 0x17, 0xE4, 0x17, 0xE4, 0x17, 0xE4, 0x17, 0xE4, 0x17, 0xE4, 0x17, 0xE4, 0x17, 0xE4, 0x17,
    0xE4, 0x17, 0xE4, 0x17, 0xE4, 0x17, 0xE4, 0x17, 0xE4, 0x17, 0xE4, 0x17, 0xE4, 0x17, 0xE4, 0x17,
    0xE4, 0x17, 0xE4, 0x17, 0xE4, 0x17, 0xE4, 0x17, 0xE4, 0x17, 0xE4, 0x17, 0xE4, 0x17, 0xE4, 0xFF,
    0x17, 0xE4, 0x17, 0xE4, 0x17, 0xE4, 0x17, 0xE4, 0x17, 0xE4, 0x17, 0xE4, 0x17, 0xE4, 0x17, 0xE4,
    0x17, 0xE4, 0x17, 0xE4, 0x17, 0xE4, 0x17, 0xE4, 0x17, 0xE4, 0x17, 0xE4, 0x17, 0xE4, 0x17, 0xE4,
    0x17, 0xE4, 0x17, 0xE4, 0x17, 0xE4, 0x17, 0xE4, 0x17, 0xE4, 0x17, 0xE4, 0x17, 0xE4, 0x17, 0xE4,
    0x17, 0xE4, 0x17, 0xE4, 0x17, 0xE4, 0x17, 0xE4, 0x17, 0xE4, 0x17, 0xE4, 0x17, 0xE4, 0x17, 0xE4,
    0x17, 0xE4, 0x17, 0xE4, 0x17, 0xE4, 0x17, 0xE4, 0x17, 0xE4, 0x17, 0xE4, 0x17, 0xE4, 0x17, 0xE4,
    0x17, 0xE4, 0x1F, 0xE3, 0x04, 0x41, 0x29, 0xC8, 0x39, 0x8B, 0x39, 0xCB, 0x39, 0xAB, 0x39, 0xAB,
    0x39, 0xAB, 0x39, 0x8B, 0x39, 0xAB, 0x39, 0xAB, 0x39, 0xAB, 0x39, 0xAB, 0x39, 0xAB, 0x39, 0xAB,
    0x39, 0xAB, 0x39, 0xAB, 0x39, 0xAB, 0x39, 0xAB, 0x39, 0xAB, 0x39, 0xAB, 0x39, 0xAB, 0x39, 0xAB,
    0x97, 0x39, 0xAB, 0x39, 0xAB, 0x39, 0xAB, 0x31, 0x4A, 0x31, 0x4A, 0x39, 0xAB, 0x39, 0xAB, 0x39,
    0xAC, 0x39, 0xAB, 0x39, 0xAB, 0x39, 0xAB, 0x39, 0xAB, 0x02, 0x29, 0xFF, 0x19, 0x27, 0x55, 0xEC,
    0x37, 0xE7, 0x17, 0xE3, 0x17, 0xE4, 0x17, 0xE4, 0x17, 0xE4, 0x17, 0xE4, 0x17, 0xE4, 0x17, 0xE4,
    0x17, 0xE4, 0x17, 0xE4, 0x17, 0xE4, 0x17, 0xE4, 0x17, 0xE4, 0x17, 0xE4, 0x17, 0xE4, 0x17, 0xE4,
    0x17, 0xE4, 0x17, 0xE4, 0x17, 0xE4, 0x17, 0xE4, 0x17, 0xE4, 0x17, 0xE4, 0x17, 0xE4, 0x17, 0xE4,
    0x17, 0xE4, 0x17, 0xE4, 0x17, 0xE4, 0x17, 0xE4, 0x17, 0xE4, 0x17, 0xE4, 0x17, 0xE4, 0x17, 0xE4,
    0x17, 0xE4, 0x17, 0xE4, 0x17, 0xE4, 0x17, 0xE4, 0x17, 0xE4, 0x17, 0xE4, 0x17, 0xE4, 0x17, 0xE4,
    0x17, 0xE4, 0x17, 0xE4, 0x17, 0xE4, 0x17, 0xE4, 0x17, 0xE4, 0x17, 0xE4, 0x17, 0xE4, 0x17, 0xE4,
    0x17, 0xE4, 0x17, 0xE4, 0x17, 0xE4, 0x17, 0xE4, 0x17, 0xE4, 0x17, 0xE4, 0x17, 0xE4, 0x17, 0xE4,
    0x17, 0xE4, 0x17, 0xE4, 0x17, 0xE4, 0x17, 0xE4, 0x17, 0xE4, 0x17, 0xE4, 0xFF, 0x17, 0xE4, 0x17,
    0xE4, 0x17, 0xE4, 0x17, 0xE4, 0x17, 0xE4, 0x17, 0xE4, 0x17, 0xE4, 0x17, 0xE4, 0x17, 0xE4, 0x17,
    0xE4, 0x17, 0xE4, 0x17, 0xE4, 0x17, 0xE4, 0x17, 0xE4, 0x17, 0xE4, 0x17, 0xE4, 0x17, 0xE4, 0x17,
    0xE4, 0x17, 0xE4, 0x17, 0xE4, 0x17, 0xE4, 0x17, 0xE4, 0x17, 0xE4, 0x17, 0xE4, 0x17, 0xE4, 0x17,
    0xE4, 0x17, 0xE4, 0x17, 0xE4, 0x17, 0xE4, 0x17, 0xE4, 0x17, 0xE4, 0x17, 0xE3, 0x17, 0xE4, 0x17,
    0xE3, 0x1F, 0xE3, 0x0C, 0x01, 0x29, 0x88, 0x39, 0x4B, 0x39, 0xAB, 0x39, 0xAB, 0x39, 0xAB, 0x39,
    0xAB, 0x31, 0x6A, 0x39, 0xAB, 0x39, 0xAB, 0x39, 0xAB, 0x39, 0xAB, 0x39, 0xAB, 0x39, 0xAB, 0x39,
    0xAB, 0x39, 0xAB, 0x39, 0xAB, 0x39, 0xCB, 0x39, 0xAB, 0x39, 0xAB, 0x39, 0xAB, 0x39, 0xAB, 0x39,
    0xAB, 0x39, 0xAB, 0x39, 0xCB, 0x31, 0x8B, 0x21, 0x09, 0x39, 0x8B, 0x39, 0xCB, 0xFF, 0x39, 0xAC,
    0x39, 0xAC, 0x39, 0xAC, 0x39, 0xAB, 0x39, 0xAB, 0x29, 0x4A, 0x18, 0xA6, 0x44, 0x6B, 0x3F, 0xE9,
    0x17, 0xE3, 0x17, 0xE4, 0x17, 0xE4, 0x17, 0xE4, 0x17, 0xE4, 0x17, 0xE4, 0x17, 0xE4, 0x17, 0xE4,
    0x17, 0xE4, 0x17, 0xE4, 0x17, 0xE4, 0x17, 0xE4, 0x17, 0xE4, 0x17, 0xE4, 0x17, 0xE4, 0x17, 0xE4,
    0x17, 0xE4, 0x17, 0xE4, 0x17, 0xE4, 0x17, 0xE4, 0x17, 0xE4, 0x17, 0xE4, 0x17, 0xE4, 0x17, 0xE4,
    0x17, 0xE4, 0x17, 0xE4, 0x17, 0xE4, 0x17, 0xE4, 0x17, 0xE4, 0x17, 0xE4, 0x17, 0xE4, 0x17, 0xE4,
    0x17, 0xE4, 0x17, 0xE4, 0x17, 0xE4, 0x17, 0xE4, 0x17, 0xE4, 0x17, 0xE4, 0x17, 0xE4, 0x17, 0xE4,
    0x17, 0xE4, 0x17, 0xE4, 0x17, 0xE4, 0x17, 0xE4, 0x17, 0xE4, 0x17, 0xE4, 0x17, 0xE4, 0x17, 0xE4,
    0x17, 0xE4, 0x17, 0xE4, 0x17, 0xE4, 0x17, 0xE4, 0x17, 0xE4, 0x17, 0xE4, 0x17, 0xE4, 0xFF, 0x17,
    0xE4, 0x17, 0xE4, 0x17, 0xE4, 0x17, 0xE4, 0x17, 0xE4, 0x17, 0xE4, 0x17, 0xE4, 0x17, 0xE4, 0x17,
    0xE4, 0x17, 0xE4, 0x17, 0xE4, 0x17, 0xE4, 0x17, 0xE4, 0x17, 0xE4, 0x17, 0xE4, 0x17, 0xE4, 0x17,
    0xE4, 0x17, 0xE4, 0x17, 0xE4, 0x17, 0xE4, 0x17, 0xE4, 0x17, 0xE4, 0x17, 0xE4, 0x17, 0xE4, 0x17,
    0xE4, 0x17, 0xE4, 0x17, 0xE4, 0x17, 0xE4, 0x17, 0xE4, 0x17, 0xE4, 0x17, 0xE4, 0x17, 0xE4, 0x17,
    0xE4, 0x17, 0xE4, 0x17, 0xE4, 0x17, 0xE4, 0x17, 0xE4, 0x17, 0xE4, 0x17, 0xE4, 0x17, 0xE3, 0x1F,
    0xE3, 0x0C, 0x41, 0x21, 0x67, 0x39, 0x2A, 0x39, 0xAB, 0x39, 0xAB, 0x39, 0xAB, 0x39, 0xAB, 0x31,
    0x6A, 0x39, 0x8B, 0x39, 0xAB, 0x39, 0xAB, 0x39, 0xAB, 0x39, 0xAB, 0x39, 0xAB, 0x39, 0xAB, 0x39,
    0x8B, 0x31, 0x6A, 0x39, 0xCB, 0x39, 0xAB, 0x39, 0xAB, 0x39, 0xAB, 0x39, 0xAB, 0x39, 0xAB, 0xFF,
    0x39, 0xAB, 0x39, 0xAB, 0x39, 0xAB, 0x29, 0x09, 0x31, 0x4A, 0x39, 0xAC, 0x39, 0xAC, 0x39, 0xAC,
    0x39, 0xAB, 0x39, 0xAB, 0x39, 0xCB, 0x31, 0x6A, 0x18, 0xA7, 0x3B, 0x09, 0x47, 0xEA, 0x17, 0xE4,
    0x17, 0xE4, 0x17, 0xE4, 0x17, 0xE4, 0x17, 0xE4, 0x17, 0xE4, 0x17, 0xE4, 0x17, 0xE4, 0x17, 0xE4,
    0x17, 0xE4, 0x17, 0xE4, 0x17, 0xE4, 0x17, 0xE4, 0x17, 0xE4, 0x17, 0xE4, 0x17, 0xE4, 0x17, 0xE4,
    0x17, 0xE4, 0x17, 0xE4, 0x17, 0xE4, 0x17, 0xE4, 0x17, 0xE4, 0x17, 0xE4, 0x17, 0xE4, 0x17, 0xE4,
    0x17, 0xE4, 0x17, 0xE4, 0x17, 0xE4, 0x17, 0xE4, 0x17, 0xE4, 0x17, 0xE4, 0x17, 0xE4, 0x17, 0xE4,
    0x17, 0xE4, 0x17, 0xE4, 0x17, 0xE4, 0x17, 0xE4, 0x17, 0xE4, 0x17, 0xE4, 0x17, 0xE4, 0x17, 0xE4,
    0x17, 0xE4, 0x17, 0xE4, 0x17, 0xE4, 0x17, 0xE4, 0x17, 0xE4, 0x17, 0xE4, 0x17, 0xE4, 0x17, 0xE4,
    0xFD, 0x17, 0xE4, 0x17, 0xE4, 0x17, 0xE4, 0x17, 0xE4, 0x17, 0xE4, 0x17, 0xE4, 0x17, 0xE4, 0x17,
    0xE4, 0x17, 0xE4, 0x17, 0xE4, 0x17, 0xE4, 0x17, 0xE4, 0x17, 0xE4, 0x17, 0xE4, 0x17, 0xE4, 0x17,
    0xE4, 0x17, 0xE4, 0x17, 0xE4, 0x17, 0xE4, 0x17, 0xE4, 0x17, 0xE4, 0x17, 0xE4, 0x17, 0xE4, 0x17,
    0xE4, 0x17, 0xE4, 0x17, 0xE4, 0x17, 0xE4, 0x17, 0xE4, 0x17, 0xE4, 0x17, 0xE4, 0x17, 0xE4, 0x17,
    0xE4, 0x17, 0xE4, 0x17, 0xE4, 0x17, 0xE4, 0x17, 0xE4, 0x17, 0xE4, 0x17, 0xE4, 0x17, 0xE4, 0x17,
    0xE4, 0x17, 0xE4, 0x17, 0xE4, 0x17, 0xE4, 0x17, 0xE4, 0x17, 0xE4, 0x17, 0xE3, 0x1F, 0xE4, 0x0C,
    0xE2, 0x21, 0x66, 0x31, 0x0A, 0x41, 0xCC, 0x39, 0xAB, 0x39, 0xAB, 0x39, 0xAB, 0x31, 0x6A, 0x31,
    0x6A, 0x39, 0xAB, 0x39, 0xAB, 0x39, 0xAB, 0x39, 0xAB, 0x39, 0xAB, 0x39, 0xCB, 0x39, 0x8B, 0x02,
    0x29, 0xFF, 0x39, 0x8B, 0x39, 0xAB, 0x39, 0xAB, 0x39, 0xAB, 0x39, 0xAB, 0x39, 0xAB, 0x39, 0xAB,
    0x39, 0xAB, 0x39, 0xAB, 0x31, 0x4A, 0x29, 0x09, 0x39, 0x8B, 0x39, 0xAC, 0x39, 0xAB, 0x39, 0xAB,
    0x39, 0xAB, 0x39, 0xAB, 0x31, 0x8A, 0x20, 0xC8, 0x32, 0x68, 0x57, 0x8B, 0x1F, 0xE5, 0x17, 0xE3,
    0x17, 0xE4, 0x17, 0xE4, 0x17, 0xE4, 0x17, 0xE4, 0x17, 0xE4, 0x17, 0xE4, 0x17, 0xE4, 0x17, 0xE4,
    0x17, 0xE4, 0x17, 0xE4, 0x17, 0xE4, 0x17, 0xE4, 0x17, 0xE4, 0x17, 0xE4, 0x17, 0xE4, 0x17, 0xE4,
    0x17, 0xE4, 0x17, 0xE4, 0x17, 0xE4, 0x17, 0xE4, 0x17, 0xE4, 0x17, 0xE4, 0x17, 0xE4, 0x17, 0xE4,
    0x17, 0xE4, 0x17, 0xE4, 0x17, 0xE4, 0x17, 0xE4, 0x17, 0xE4, 0x17, 0xE4, 0x17, 0xE4, 0x17, 0xE4,
    0x17, 0xE4, 0x17, 0xE4, 0x17, 0xE4, 0x17, 0xE4, 0x17, 0xE4, 0x17, 0xE4, 0x17, 0xE4, 0x17, 0xE4,
    0x17, 0xE4, 0xFF, 0x17, 0xE4, 0x17, 0xE4, 0x17, 0xE4, 0x17, 0xE4, 0x17, 0xE4, 0x17, 0xE4, 0x17,
    0xE4, 0x17, 0xE4, 0x17, 0xE4, 0x17, 0xE4, 0x17, 0xE4, 0x17, 0xE4, 0x17, 0xE4, 0x17, 0xE4, 0x17,
    0xE4, 0x17, 0xE4, 0x17, 0xE4, 0x17, 0xE4, 0x17, 0xE4, 0x17, 0xE4, 0x17, 0xE4, 0x17, 0xE4, 0x17,
    0xE4, 0x17, 0xE4, 0x17, 0xE4, 0x17, 0xE4, 0x17, 0xE4, 0x17, 0xE4, 0x17, 0xE4, 0x17, 0xE4, 0x17,
    0xE4, 0x17, 0xE4, 0x17, 0xE4, 0x17, 0xE4, 0x17, 0xE4, 0x17, 0xE4, 0x17, 0xE4, 0x17, 0xE4, 0x17,
    0xE4, 0x17, 0xE4, 0x17, 0xE4, 0x17, 0xE4, 0x17, 0xE4, 0x17, 0xE4, 0x17, 0xE4, 0x17, 0xE4, 0x17,
    0xE4, 0x17, 0xE4, 0x17, 0xE4, 0x17, 0xE4, 0x17, 0xE3, 0x17, 0xE4, 0x1F, 0xE4, 0x15, 0x62, 0x19,
    0xA6, 0x28, 0xE9, 0x39, 0xAB, 0x39, 0xAB, 0x39, 0xAB, 0x39, 0xCB, 0x31, 0x6A, 0x29, 0x4A, 0x39,
    0xAB, 0x39, 0xAB, 0x89, 0x39, 0xAB, 0x39, 0xAB, 0x39, 0xAB, 0x39, 0xAB, 0x39, 0xAB, 0x02, 0x29,
    0x95, 0x31, 0x4A, 0x39, 0xAB, 0x39, 0xAB, 0x39, 0xAB, 0x39, 0xAB, 0x39, 0xAB, 0x39, 0xAB, 0x39,
    0xAB, 0x39, 0xCB, 0x39, 0x8B, 0x29, 0x08, 0x02, 0x29, 0x8B, 0x39, 0xAB, 0x39, 0xAB, 0x39, 0xAB,
    0x39, 0xCB, 0x39, 0xCB, 0x39, 0xAB, 0x02, 0x29, 0xFF, 0x21, 0x86, 0x4E, 0xAA, 0x27, 0xE6, 0x17,
    0xE3, 0x17, 0xE4, 0x17, 0xE4, 0x17, 0xE4, 0x17, 0xE4, 0x17, 0xE4, 0x17, 0xE4, 0x17, 0xE4, 0x17,
    0xE4, 0x17, 0xE4, 0x17, 0xE4, 0x17, 0xE4, 0x17, 0xE4, 0x17, 0xE4, 0x17, 0xE4, 0x17, 0xE4, 0x17,
    0xE4, 0x17, 0xE4, 0x17, 0xE4, 0x17, 0xE4, 0x17, 0xE4, 0x17, 0xE4, 0x17, 0xE4, 0x17, 0xE4, 0x17,
    0xE4, 0x17, 0xE4, 0x17, 0xE4, 0x17, 0xE4, 0x17, 0xE4, 0x17, 0xE4, 0x17, 0xE4, 0x17, 0xE4, 0x17,
    0xE4, 0x17, 0xE4, 0x17, 0xE4, 0x17, 0xE4, 0x17, 0xE4, 0x17, 0xE4, 0x17, 0xE4, 0x17, 0xE4, 0x17,
    0xE4, 0x17, 0xE4, 0x17, 0xE4, 0x17, 0xE4, 0x17, 0xE4, 0x17, 0xE4, 0x17, 0xE4, 0x17, 0xE4, 0x17,
    0xE4, 0x17, 0xE4, 0x17, 0xE4, 0x17, 0xE4, 0x17, 0xE4, 0x17, 0xE4, 0x17, 0xE4, 0x17, 0xE4, 0x17,
    0xE4, 0x17, 0xE4, 0x17, 0xE4, 0x17, 0xE4, 0x17, 0xE4, 0xD3, 0x17, 0xE4, 0x17, 0xE4, 0x17, 0xE4,
    0x17, 0xE4, 0x17, 0xE4, 0x17, 0xE4, 0x17, 0xE4, 0x17, 0xE4, 0x17, 0xE4, 0x17, 0xE4, 0x17, 0xE4,
    0x17, 0xE4, 0x17, 0xE4, 0x17, 0xE4, 0x17, 0xE4, 0x17, 0xE4, 0x17, 0xE4, 0x17, 0xE4, 0x17, 0xE4,
    0x17, 0xE4, 0x17, 0xE4, 0x17, 0xE4, 0x17, 0xE4, 0x17, 0xE4, 0x17, 0xE4, 0x17, 0xE4, 0x17, 0xE4,
    0x17, 0xE4, 0x17, 0xE4, 0x17, 0xE4, 0x17, 0xE4, 0x17, 0xE4, 0x17, 0xE4, 0x17, 0xE4, 0x15, 0xE3,
    0x19, 0xC5, 0x21, 0x08, 0x39, 0xAB, 0x39, 0xAB, 0x39, 0xAB, 0x39, 0xCB, 0x31, 0x6A, 0x02, 0x29,
    0x8F, 0x39, 0xAB, 0x39, 0xAB, 0x39, 0xAB, 0x39, 0xAB, 0x39, 0xAB, 0x39, 0xAB, 0x39, 0xCB, 0x31,
    0x4A, 0x02, 0x29, 0x91, 0x39, 0xAB, 0x39, 0xAB, 0x39, 0xAB, 0x39, 0xAB, 0x39, 0xAB, 0x39, 0xAB,
    0x39, 0xAB, 0x41, 0xCB, 0x39, 0xAB, 0x02, 0x29, 0xFF, 0x20, 0xC8, 0x31, 0x4A, 0x39, 0xAB, 0x39,
    0xCB, 0x39, 0xAB, 0x41, 0xCB, 0x39, 0xAB, 0x31, 0x4A, 0x11, 0x44, 0x3E, 0x48, 0x27, 0xE6, 0x17,
    0xE3, 0x17, 0xE4, 0x17, 0xE4, 0x17, 0xE4, 0x17, 0xE4, 0x17, 0xE4, 0x17, 0xE4, 0x17, 0xE4, 0x17,
    0xE4, 0x17, 0xE4, 0x17, 0xE4, 0x17, 0xE4, 0x17, 0xE4, 0x17, 0xE4, 0x17, 0xE4, 0x17, 0xE4, 0x17,
    0xE4, 0x17, 0xE4, 0x17, 0xE4, 0x17, 0xE4, 0x17, 0xE4, 0x17, 0xE4, 0x17, 0xE4, 0x17, 0xE4, 0x17,
    0xE4, 0x17, 0xE4, 0x17, 0xE4, 0x17, 0xE4, 0x17, 0xE4, 0x17, 0xE4, 0x17, 0xE4, 0x17, 0xE4, 0x17,
    0xE4, 0x17, 0xE4, 0x17, 0xE4, 0x17, 0xE4, 0x17, 0xE4, 0x17, 0xE4, 0x17, 0xE4, 0x17, 0xE4, 0x17,
    0xE4, 0x17, 0xE4, 0x17, 0xE4, 0x17, 0xE4, 0x17, 0xE4, 0x17, 0xE4, 0x17, 0xE4, 0x17, 0xE4, 0x17,
    0xE4, 0x17, 0xE4, 0x17, 0xE4, 0x17, 0xE4, 0x17, 0xE4, 0xFF, 0x17, 0xE4, 0x17, 0xE4, 0x17, 0xE4,
    0x17, 0xE4, 0x17, 0xE4, 0x17, 0xE4, 0x17, 0xE4, 0x17, 0xE4, 0x17, 0xE4, 0x17, 0xE4, 0x17, 0xE4,
    0x17, 0xE4, 0x17, 0xE4, 0x17, 0xE4, 0x17, 0xE4, 0x17, 0xE4, 0x17, 0xE4, 0x17, 0xE4, 0x17, 0xE4,
    0x17, 0xE4, 0x17, 0xE4, 0x17, 0xE4, 0x17, 0xE4, 0x17, 0xE4, 0x17, 0xE4, 0x17, 0xE4, 0x17, 0xE4,
    0x17, 0xE4, 0x17, 0xE4, 0x17, 0xE4, 0x17, 0xE4, 0x17, 0xE4, 0x17, 0xE4, 0x17, 0xE4, 0x17, 0xE4,
    0x17, 0xE4, 0x17, 0xE4, 0x17, 0xE4, 0x17, 0xE4, 0x17, 0xE4, 0x17, 0xE4, 0x17, 0xE4, 0x16, 0x82,
    0x12, 0x23, 0x21, 0x07, 0x31, 0x8A, 0x39, 0xAB, 0x39, 0xAB, 0x39, 0xCB, 0x31, 0x8B, 0x21, 0x09,
    0x31, 0x8B, 0x39, 0xCB, 0x39, 0xAB, 0x39, 0xAB, 0x39, 0xAB, 0x39, 0xAB, 0x39, 0xCB, 0x39, 0x8B,
    0x20, 0xE8, 0x31, 0x8A, 0x39, 0xCB, 0x39, 0xAB, 0x39, 0xAB, 0xFF, 0x39, 0xCB, 0x39, 0xAB, 0x39,
    0xCC, 0x39, 0xAC, 0x39, 0xAB, 0x31, 0x6A, 0x18, 0xC7, 0x20, 0xE8, 0x39, 0xAA, 0x41, 0xAB, 0x39,
    0xCA, 0x39, 0xCA, 0x31, 0xA9, 0x22, 0x27, 0x2C, 0x87, 0x37, 0xE8, 0x1F, 0xE5, 0x17, 0xE4, 0x17,
    0xE4, 0x17, 0xE4, 0x17, 0xE4, 0x17, 0xE4, 0x17, 0xE4, 0x17, 0xE4, 0x17, 0xE4, 0x17, 0xE4, 0x17,
    0xE4, 0x17, 0xE4, 0x17, 0xE4, 0x17, 0xE4, 0x17, 0xE4, 0x17, 0xE4, 0x17, 0xE4, 0x17, 0xE4, 0x17,
    0xE4, 0x17, 0xE4, 0x17, 0xE4, 0x17, 0xE4, 0x17, 0xE4, 0x17, 0xE4, 0x17, 0xE4, 0x17, 0xE4, 0x17,
    0xE4, 0x17, 0xE4, 0x17, 0xE4, 0x17, 0xE4, 0x17, 0xE4, 0x17, 0xE4, 0x17, 0xE4, 0x17, 0xE4, 0x17,
    0xE4, 0x17, 0xE4, 0x17, 0xE4, 0x17, 0xE4, 0x17, 0xE4, 0x17, 0xE4, 0x17, 0xE4, 0x17, 0xE4, 0x17,
    0xE4, 0x17, 0xE4, 0x17, 0xE4, 0x17, 0xE4, 0x17, 0xE4, 0x17, 0xE4, 0xFF, 0x17, 0xE4, 0x17, 0xE4,
    0x17, 0xE4, 0x17, 0xE4, 0x17, 0xE4, 0x17, 0xE4, 0x17, 0xE4, 0x17, 0xE4, 0x17, 0xE4, 0x17, 0xE4,
    0x17, 0xE4, 0x17, 0xE4, 0x17, 0xE4, 0x17, 0xE4, 0x17, 0xE4, 0x17, 0xE4, 0x17, 0xE4, 0x17, 0xE4,
    0x17, 0xE4, 0x17, 0xE4, 0x17, 0xE4, 0x17, 0xE4, 0x17, 0xE4, 0x17, 0xE4, 0x17, 0xE4, 0x17, 0xE4,
    0x17, 0xE4, 0x17, 0xE4, 0x17, 0xE4, 0x17, 0xE4, 0x17, 0xE4, 0x17, 0xE4, 0x17, 0xE4, 0x17, 0xE4,
    0x17, 0xE4, 0x17, 0xE4, 0x17, 0xE4, 0x17, 0xE4, 0x17, 0xE4, 0x17, 0xE4, 0x17, 0xE4, 0x17, 0xE4,
    0x17, 0xE4, 0x17, 0xE4, 0x17, 0xE4, 0x17, 0xE4, 0x17, 0xE4, 0x17, 0xE4, 0x17, 0x63, 0x0A, 0xC2,
    0x19, 0x07, 0x31, 0x6A, 0x39, 0xAB, 0x39, 0xCB, 0x39, 0xCB, 0x39, 0xAB, 0x29, 0x09, 0x31, 0x4A,
    0x39, 0xAB, 0x39, 0xAB, 0x39, 0xAB, 0x39, 0xAB, 0x39, 0xAB, 0x39, 0xCB, 0x83, 0x39, 0xAB, 0x20,
    0xE8, 0x02, 0x29, 0xFF, 0x39, 0xAB, 0x39, 0xAB, 0x39, 0xAB, 0x39, 0xAB, 0x39, 0xCB, 0x39, 0xCB,
    0x39, 0xCC, 0x39, 0xCB, 0x39, 0xAB, 0x29, 0x28, 0x18, 0xC6, 0x31, 0x48, 0x31, 0xA8, 0x22, 0x26,
    0x1A, 0xC5, 0x1B, 0xC4, 0x2D, 0xC7, 0x3F, 0xE9, 0x27, 0xE5, 0x17, 0xE4, 0x17, 0xE4, 0x17, 0xE4,
    0x17, 0xE4, 0x17, 0xE4, 0x17, 0xE4, 0x17, 0xE4, 0x17, 0xE4, 0x17, 0xE4, 0x17, 0xE4, 0x17, 0xE4,
    0x17, 0xE4, 0x17, 0xE4, 0x17, 0xE4, 0x17, 0xE4, 0x17, 0xE4, 0x17, 0xE4, 0x17, 0xE4, 0x17, 0xE4,
    0x17, 0xE4, 0x17, 0xE4, 0x17, 0xE4, 0x17, 0xE4, 0x17, 0xE4, 0x17, 0xE4, 0x17, 0xE4, 0x17, 0xE4,
    0x17, 0xE4, 0x17, 0xE4, 0x17, 0xE4, 0x17, 0xE4, 0x17, 0xE4, 0x17, 0xE4, 0x17, 0xE4, 0x17, 0xE4,
    0x17, 0xE4, 0x17, 0xE4, 0x17, 0xE4, 0x17, 0xE4, 0x17, 0xE4, 0x17, 0xE4, 0x17, 0xE4, 0x17, 0xE4,
    0x17, 0xE4, 0x17, 0xE4, 0xEB, 0x17, 0xE4, 0x17, 0xE4, 0x17, 0xE4, 0x17, 0xE4, 0x17, 0xE4, 0x17,
    0xE4, 0x17, 0xE4, 0x17, 0xE4, 0x17, 0xE4, 0x17, 0xE4, 0x17, 0xE4, 0x17, 0xE4, 0x17, 0xE4, 0x17,
    0xE4, 0x17, 0xE4, 0x17, 0xE4, 0x17, 0xE4, 0x17, 0xE4, 0x17, 0xE4, 0x17, 0xE4, 0x17, 0xE4, 0x17,
    0xE4, 0x17, 0xE4, 0x17, 0xE4, 0x17, 0xE4, 0x17, 0xE4, 0x17, 0xE4, 0x17, 0xE4, 0x17, 0xE4, 0x17,
    0xE4, 0x17, 0xE4, 0x17, 0xE4, 0x17, 0xE4, 0x17, 0xE4, 0x17, 0xE4, 0x17, 0xE4, 0x17, 0xE4, 0x17,
    0xE4, 0x17, 0xE4, 0x17, 0xE4, 0x17, 0xE4, 0x17, 0xE4, 0x17, 0xE4, 0x17, 0xE4, 0x17, 0xE4, 0x17,
    0xE4, 0x17, 0xE4, 0x17, 0xE4, 0x17, 0xE4, 0x17, 0xE4, 0x17, 0xE4, 0x17, 0xE4, 0x03, 0x61, 0x19,
    0x06, 0x02, 0x29, 0x89, 0x39, 0xCB, 0x39, 0xCB, 0x39, 0xCB, 0x39, 0xAB, 0x29, 0x09, 0x02, 0x29,
    0xFF, 0x39, 0xCC, 0x39, 0xCB, 0x39, 0xCB, 0x39, 0xAB, 0x39, 0xAC, 0x39, 0xAB, 0x39, 0xAC, 0x29,
    0x4A, 0x29, 0x09, 0x31, 0x6A, 0x39, 0xAB, 0x39, 0xAB, 0x39, 0xCB, 0x39, 0xAB, 0x39, 0xCB, 0x39,
    0xCB, 0x39, 0xCB, 0x39, 0xCA, 0x31, 0x69, 0x21, 0x06, 0x49, 0xC8, 0x42, 0x87, 0x35, 0x07, 0x26,
    0xE6, 0x2F, 0xE6, 0x2F, 0xE6, 0x1F, 0xE5, 0x17, 0xE4, 0x17, 0xE4, 0x17, 0xE4, 0x17, 0xE4, 0x17,
    0xE4, 0x17, 0xE4, 0x17, 0xE4, 0x17, 0xE4, 0x17, 0xE4, 0x17, 0xE4, 0x17, 0xE4, 0x17, 0xE4, 0x17,
    0xE4, 0x17, 0xE4, 0x17, 0xE4, 0x17, 0xE4, 0x17, 0xE4, 0x17, 0xE4, 0x17, 0xE4, 0x17, 0xE4, 0x17,
    0xE4, 0x17, 0xE4, 0x17, 0xE4, 0x17, 0xE4, 0x17, 0xE4, 0x17, 0xE4, 0x17, 0xE4, 0x17, 0xE4, 0x17,
    0xE4, 0x17, 0xE4, 0x17, 0xE4, 0x17, 0xE4, 0x17, 0xE4, 0x17, 0xE4, 0x17, 0xE4, 0x17, 0xE4, 0x17,
    0xE4, 0xFF, 0x17, 0xE4, 0x17, 0xE4, 0x17, 0xE4, 0x17, 0xE4, 0x17, 0xE4, 0x17, 0xE4, 0x17, 0xE4,
    0x17, 0xE4, 0x17, 0xE4, 0x17, 0xE4, 0x17, 0xE4, 0x17, 0xE4, 0x17, 0xE4, 0x17, 0xE4, 0x17, 0xE4,
    0x17, 0xE4, 0x17, 0xE4, 0x17, 0xE4, 0x17, 0xE4, 0x17, 0xE4, 0x17, 0xE4, 0x17, 0xE4, 0x17, 0xE4,
    0x17, 0xE4, 0x17, 0xE4, 0x17, 0xE4, 0x17, 0xE4, 0x17, 0xE4, 0x17, 0xE4, 0x17, 0xE4, 0x17, 0xE4,
    0x17, 0xE4, 0x17, 0xE4, 0x17, 0xE4, 0x17, 0xE4, 0x17, 0xE4, 0x17, 0xE4, 0x17, 0xE4, 0x17, 0xE4,
    0x17, 0xE4, 0x17, 0xE4, 0x17, 0xE4, 0x17, 0xE4, 0x17, 0xE4, 0x17, 0xE4, 0x17, 0xE4, 0x17, 0xE4,
    0x17, 0xE4, 0x17, 0xE4, 0x17, 0xE4, 0x17, 0xE4, 0x17, 0xE4, 0x17, 0xE4, 0x17, 0xE4, 0x17, 0xE4,
    0x17, 0xE4, 0x17, 0xE4, 0x17, 0xE4, 0x17, 0xE4, 0x17, 0xE4, 0x17, 0xE4, 0x04, 0x01, 0x19, 0x05,
    0x20, 0xE8, 0xFF, 0x39, 0xCB, 0x41, 0xCB, 0x41, 0xCB, 0x41, 0xAB, 0x29, 0x09, 0x20, 0xE8, 0x39,
    0x8A, 0x41, 0xCB, 0x39, 0xAB, 0x39, 0xAB, 0x39, 0xCB, 0x39, 0xCB, 0x39, 0xCC, 0x31, 0x8B, 0x20,
    0xE8, 0x21, 0x08, 0x31, 0x8A, 0x39, 0xCB, 0x39, 0xCB, 0x39, 0xCB, 0x39, 0xCA, 0x41, 0xCA, 0x39,
    0xCA, 0x39, 0xC9, 0x31, 0x26, 0x49, 0xC8, 0xC5, 0x13, 0x95, 0x2F, 0x4F, 0xEB, 0x27, 0xE5, 0x1F,
    0xE3, 0x17, 0xE3, 0x17, 0xE3, 0x17, 0xE3, 0x17, 0xE4, 0x17, 0xE4, 0x17, 0xE4, 0x17, 0xE4, 0x17,
    0xE4, 0x17, 0xE4, 0x17, 0xE4, 0x17, 0xE4, 0x17, 0xE4, 0x17, 0xE4, 0x17, 0xE4, 0x17, 0xE4, 0x17,
    0xE4, 0x17, 0xE4, 0x17, 0xE4, 0x17, 0xE4, 0x17, 0xE4, 0x17, 0xE4, 0x17, 0xE4, 0x17, 0xE4, 0x17,
    0xE4, 0x17, 0xE4, 0x17, 0xE4, 0x17, 0xE4, 0x17, 0xE4, 0x17, 0xE4, 0x17, 0xE4, 0x17, 0xE4, 0x17,
    0xE4, 0x17, 0xE4, 0xFF, 0x17, 0xE4, 0x17, 0xE4, 0x17, 0xE4, 0x17, 0xE4, 0x17, 0xE4, 0x17, 0xE4,
    0x17, 0xE4, 0x17, 0xE4, 0x17, 0xE4, 0x17, 0xE4, 0x17, 0xE4, 0x17, 0xE4, 0x17, 0xE4, 0x17, 0xE4,
    0x17, 0xE4, 0x17, 0xE4, 0x17, 0xE4, 0x17, 0xE4, 0x17, 0xE4, 0x17, 0xE4, 0x17, 0xE4, 0x17, 0xE4,
    0x17, 0xE4, 0x17, 0xE4, 0x17, 0xE4, 0x17, 0xE4, 0x17, 0xE4, 0x17, 0xE4, 0x17, 0xE4, 0x17, 0xE4,
    0x17, 0xE4, 0x17, 0xE4, 0x17, 0xE4, 0x17, 0xE4, 0x17, 0xE4, 0x17, 0xE4, 0x17, 0xE4, 0x17, 0xE4,
    0x17, 0xE4, 0x17, 0xE4, 0x17, 0xE4, 0x17, 0xE4, 0x17, 0xE4, 0x17, 0xE4, 0x17, 0xE4, 0x17, 0xE4,
    0x17, 0xE4, 0x17, 0xE4, 0x17, 0xE4, 0x17, 0xE4, 0x17, 0xE4, 0x17, 0xE4, 0x17, 0xE4, 0x17, 0xE4,
    0x17, 0xE4, 0x17, 0xE4, 0x17, 0xE4, 0x17, 0xE4, 0x17, 0xE4, 0x17, 0xE4, 0x17, 0xE4, 0x17, 0xE4,
    0x17, 0xE4, 0x17, 0xE4, 0xFF, 0x17, 0xE4, 0x17, 0xE4, 0x17, 0xE4, 0x04, 0xE1, 0x19, 0x44, 0x20,
    0xE7, 0x31, 0x48, 0x41, 0x89, 0x41, 0xAA, 0x41, 0xAA, 0x31, 0x07, 0x20, 0xC6, 0x31, 0x28, 0x41,
    0x8A, 0x41, 0xAA, 0x39, 0xAB, 0x39, 0xCB, 0x39, 0xCB, 0x39, 0xEB, 0x39, 0xCB, 0x21, 0x08, 0x18,
    0xC7, 0x29, 0x49, 0x39, 0xCB, 0x39, 0xCB, 0x39, 0xAA, 0x41, 0xA9, 0x41, 0x88, 0x41, 0x88, 0x41,
    0x87, 0x5A, 0x08, 0x9B, 0xAE, 0xE5, 0x54, 0x9D, 0x6E, 0x47, 0xE9, 0x17, 0xE4, 0x17, 0xE3, 0x17,
    0xE3, 0x17, 0xE3, 0x17, 0xE3, 0x17, 0xE3, 0x17, 0xE3, 0x17, 0xE4, 0x17, 0xE4, 0x17, 0xE4, 0x17,
    0xE4, 0x17, 0xE4, 0x17, 0xE4, 0x17, 0xE4, 0x17, 0xE4, 0x17, 0xE4, 0x17, 0xE4, 0x17, 0xE4, 0x17,
    0xE4, 0x17, 0xE4, 0x17, 0xE4, 0x17, 0xE4, 0x17, 0xE4, 0x17, 0xE4, 0x17, 0xE4, 0x17, 0xE4, 0x17,
    0xE4, 0x17, 0xE4, 0x17, 0xE4, 0xFF, 0x17, 0xE4, 0x17, 0xE4, 0x17, 0xE4, 0x17, 0xE4, 0x17, 0xE4,
    0x17, 0xE4, 0x17, 0xE4, 0x17, 0xE4, 0x17, 0xE4, 0x17, 0xE4, 0x17, 0xE4, 0x17, 0xE4, 0x17, 0xE4,
    0x17, 0xE4, 0x17, 0xE4, 0x17, 0xE4, 0x17, 0xE4, 0x17, 0xE4, 0x17, 0xE4, 0x17, 0xE4, 0x17, 0xE4,
    0x17, 0xE4, 0x17, 0xE4, 0x17, 0xE4, 0x17, 0xE4, 0x17, 0xE4, 0x17, 0xE4, 0x17, 0xE4, 0x17, 0xE4,
    0x17, 0xE4, 0x17, 0xE4, 0x17, 0xE4, 0x17, 0xE4, 0x17, 0xE4, 0x17, 0xE4, 0x17, 0xE4, 0x17, 0xE4,
    0x17, 0xE4, 0x17, 0xE4, 0x17, 0xE4, 0x17, 0xE4, 0x17, 0xE4, 0x17, 0xE4, 0x17, 0xE4, 0x17, 0xE4,
    0x17, 0xE4, 0x17, 0xE4, 0x17, 0xE4, 0x17, 0xE4, 0x17, 0xE4, 0x17, 0xE4, 0x17, 0xE4, 0x17, 0xE4,
    0x17, 0xE4, 0x17, 0xE4, 0x17, 0xE4, 0x17, 0xE4, 0x17, 0xE4, 0x17, 0xE4, 0x17, 0xE4, 0x17, 0xE4,
    0x17, 0xE4, 0x17, 0xE4, 0x17, 0xE4, 0xFF, 0x17, 0xE4, 0x17, 0xE4, 0x17, 0xE4, 0x17, 0xE4, 0x17,
    0xE4, 0x17, 0xE4, 0x17, 0xE4, 0x17, 0xE4, 0x1F, 0xE4, 0x16, 0x62, 0x02, 0x01, 0x31, 0xE6, 0x6A,
    0x8B, 0x59, 0xA8, 0x51, 0x47, 0x51, 0x68, 0x40, 0xE6, 0x30, 0x64, 0x51, 0x47, 0x62, 0x0A, 0x41,
    0xA7, 0x29, 0xE7, 0x29, 0xE7, 0x39, 0xE9, 0x39, 0xEA, 0x39, 0xCA, 0x29, 0x48, 0x20, 0xC6, 0x20,
    0xE6, 0x29, 0xA8, 0x29, 0xE8, 0x41, 0xC8, 0x5A, 0x09, 0x82, 0xEC, 0x93, 0x6E, 0xAC, 0x10, 0xD5,
    0x33, 0xF5, 0xD5, 0xED, 0x53, 0x9D, 0x6E, 0x47, 0xE9, 0x17, 0xE4, 0x17, 0xE3, 0x17, 0xE4, 0x17,
    0xE3, 0x17, 0xE4, 0x17, 0xE3, 0x17, 0xE3, 0x17, 0xE3, 0x17, 0xE4, 0x17, 0xE4, 0x17, 0xE4, 0x17,
    0xE4, 0x17, 0xE4, 0x17, 0xE4, 0x17, 0xE4, 0x17, 0xE4, 0x17, 0xE4, 0x17, 0xE4, 0x17, 0xE4, 0x17,
    0xE4, 0x17, 0xE4, 0x17, 0xE4, 0x17, 0xE4, 0xFF, 0x17, 0xE4, 0x17, 0xE4, 0x17, 0xE4, 0x17, 0xE4,
    0x17, 0xE4, 0x17, 0xE4, 0x17, 0xE4, 0x17, 0xE4, 0x17, 0xE4, 0x17, 0xE4, 0x17, 0xE4, 0x17, 0xE4,
    0x17, 0xE4, 0x17, 0xE4, 0x17, 0xE4, 0x17, 0xE4, 0x17, 0xE4, 0x17, 0xE4, 0x17, 0xE4, 0x17, 0xE4,
    0x17, 0xE4, 0x17, 0xE4, 0x17, 0xE4, 0x17, 0xE4, 0x17, 0xE4, 0x17, 0xE4, 0x17, 0xE4, 0x17, 0xE4,
    0x17, 0xE4, 0x17, 0xE4, 0x17, 0xE4, 0x17, 0xE4, 0x17, 0xE4, 0x17, 0xE4, 0x17, 0xE4, 0x17, 0xE4,
    0x17, 0xE4, 0x17, 0xE4, 0x17, 0xE4, 0x17, 0xE4, 0x17, 0xE4, 0x17, 0xE4, 0x17, 0xE4, 0x17, 0xE4,
    0x17, 0xE4, 0x17, 0xE4, 0x17, 0xE4, 0x17, 0xE4, 0x17, 0xE4, 0x17, 0xE4, 0x17, 0xE4, 0x17, 0xE4,
    0x17, 0xE4, 0x17, 0xE4, 0x17, 0xE4, 0x17, 0xE4, 0x17, 0xE4, 0x17, 0xE4, 0x17, 0xE4, 0x17, 0xE4,
    0x17, 0xE4, 0x17, 0xE4, 0x17, 0xE4, 0x17, 0xE4, 0xFF, 0x17, 0xE4, 0x17, 0xE4, 0x17, 0xE4, 0x17,
    0xE4, 0x17, 0xE4, 0x17, 0xE4, 0x17, 0xE4, 0x17, 0xE4, 0x17, 0xE4, 0x17, 0xE4, 0x17, 0xE4, 0x17,
    0xE4, 0x17, 0xE4, 0x17, 0xE4, 0x17, 0xE4, 0x1F, 0xE5, 0x0D, 0xA2, 0x54, 0xEA, 0xDD, 0xD6, 0xD4,
    0xD3, 0xB3, 0xCF, 0x92, 0xAC, 0x71, 0x88, 0x58, 0xC5, 0xBC, 0x11, 0xDD, 0x15, 0x6C, 0x2A, 0x24,
    0x84, 0x0B, 0xC1, 0x12, 0xC2, 0x1A, 0x65, 0x2A, 0x27, 0x29, 0xA7, 0x19, 0x45, 0x12, 0x45, 0x1B,
    0xE5, 0x2C, 0x46, 0x8C, 0xCE, 0xD5, 0x13, 0xED, 0xB6, 0xF5, 0xD6, 0xF5, 0xB6, 0xF5, 0xB5, 0xF5,
    0xB5, 0xF5, 0xD5, 0xA5, 0x2F, 0x67, 0x6B, 0x27, 0xE6, 0x17, 0xE3, 0x17, 0xE3, 0x17, 0xE3, 0x17,
    0xE3, 0x17, 0xE4, 0x17, 0xE4, 0x17, 0xE3, 0x17, 0xE4, 0x17, 0xE4, 0x17, 0xE4, 0x17, 0xE4, 0x17,
    0xE4, 0x17, 0xE4, 0x17, 0xE4, 0x17, 0xE4, 0x17, 0xE4, 0xFF, 0x17, 0xE4, 0x17, 0xE4, 0x17, 0xE4,
    0x17, 0xE4, 0x17, 0xE4, 0x17, 0xE4, 0x17, 0xE4, 0x17, 0xE4, 0x17, 0xE4, 0x17, 0xE4, 0x17, 0xE4,
    0x17, 0xE4, 0x17, 0xE4, 0x17, 0xE4, 0x17, 0xE4, 0x17, 0xE4, 0x17, 0xE4, 0x17, 0xE4, 0x17, 0xE4,
    0x17, 0xE4, 0x17, 0xE4, 0x17, 0xE4, 0x17, 0xE4, 0x17, 0xE4, 0x17, 0xE4, 0x17, 0xE4, 0x17, 0xE4,
    0x17, 0xE4, 0x17, 0xE4, 0x17, 0xE4, 0x17, 0xE4, 0x17, 0xE4, 0x17, 0xE4, 0x17, 0xE4, 0x17, 0xE4,
    0x17, 0xE4, 0x17, 0xE4, 0x17, 0xE4, 0x17, 0xE4, 0x17, 0xE4, 0x17, 0xE4, 0x17, 0xE4, 0x17, 0xE4,
    0x17, 0xE4, 0x17, 0xE4, 0x17, 0xE4, 0x17, 0xE4, 0x17, 0xE4, 0x17, 0xE4, 0x17, 0xE4, 0x17, 0xE4,
    0x17, 0xE4, 0x17, 0xE4, 0x17, 0xE4, 0x17, 0xE4, 0x17, 0xE4, 0x17, 0xE4, 0x17, 0xE4, 0x17, 0xE4,
    0x17, 0xE4, 0x17, 0xE4, 0x17, 0xE4, 0x17, 0xE4, 0x17, 0xE4, 0xCA, 0x17, 0xE4, 0x17, 0xE4, 0x17,
    0xE4, 0x17, 0xE4, 0x17, 0xE4, 0x17, 0xE4, 0x17, 0xE4, 0x17, 0xE4, 0x17, 0xE4, 0x17, 0xE4, 0x17,
    0xE4, 0x17, 0xE4, 0x17, 0xE4, 0x17, 0xE4, 0x17, 0xE4, 0x17, 0xE4, 0x17, 0xE4, 0x17, 0xE4, 0x17,
    0xE4, 0x17, 0xE4, 0x17, 0xE4, 0x1F, 0xE4, 0x17, 0xE5, 0x56, 0xCA, 0xD6, 0x14, 0xF5, 0xB5, 0xFD,
    0xB6, 0xF5, 0x75, 0xDC, 0xF3, 0xD4, 0x92, 0xED, 0x96, 0xE5, 0x75, 0x7D, 0xEC, 0x3F, 0xE8, 0x27,
    0xE4, 0x16, 0xC3, 0x15, 0x62, 0x0C, 0x02, 0x02, 0x8B, 0xC1, 0x0B, 0x62, 0x3E, 0xE8, 0x37, 0xE8,
    0x37, 0x87, 0x9E, 0xB1, 0xED, 0x02, 0xF5, 0xFF, 0x95, 0xF5, 0x75, 0xFD, 0x95, 0xF5, 0x95, 0xF5,
    0xB5, 0xFE, 0x58, 0xC5, 0x53, 0x85, 0xED, 0x4F, 0xEA, 0x1F, 0xE5, 0x17, 0xE4, 0x17, 0xE3, 0x17,
    0xE4, 0x17, 0xE3, 0x17, 0xE4, 0x17, 0xE4, 0x17, 0xE4, 0x17, 0xE4, 0x17, 0xE4, 0x17, 0xE4, 0x17,
    0xE4, 0x17, 0xE4, 0x17, 0xE4, 0x17, 0xE4, 0x17, 0xE4, 0x17, 0xE4, 0x17, 0xE4, 0x17, 0xE4, 0x17,
    0xE4, 0x17, 0xE4, 0x17, 0xE4, 0x17, 0xE4, 0x17, 0xE4, 0x17, 0xE4, 0x17, 0xE4, 0x17, 0xE4, 0x17,
    0xE4, 0x17, 0xE4, 0x17, 0xE4, 0x17, 0xE4, 0x17, 0xE4, 0x17, 0xE4, 0x17, 0xE4, 0x17, 0xE4, 0x17,
    0xE4, 0x17, 0xE4, 0x17, 0xE4, 0x17, 0xE4, 0x17, 0xE4, 0x17, 0xE4, 0x17, 0xE4, 0x17, 0xE4, 0x17,
    0xE4, 0x17, 0xE4, 0x17, 0xE4, 0x17, 0xE4, 0x17, 0xE4, 0x17, 0xE4, 0x17, 0xE4, 0x17, 0xE4, 0x17,
    0xE4, 0x17, 0xE4, 0x17, 0xE4, 0x17, 0xE4, 0x17, 0xFF, 0xE4, 0x17, 0xE4, 0x17, 0xE4, 0x17, 0xE4,
    0x17, 0xE4, 0x17, 0xE4, 0x17, 0xE4, 0x17, 0xE4, 0x17, 0xE4, 0x17, 0xE4, 0x17, 0xE4, 0x17, 0xE4,
    0x17, 0xE4, 0x17, 0xE4, 0x17, 0xE4, 0x17, 0xE4, 0x17, 0xE4, 0x17, 0xE4, 0x17, 0xE4, 0x17, 0xE4,
    0x17, 0xE4, 0x17, 0xE4, 0x17, 0xE4, 0x17, 0xE4, 0x17, 0xE4, 0x17, 0xE4, 0x17, 0xE4, 0x17, 0xE4,
    0x17, 0xE4, 0x17, 0xE4, 0x17, 0xE4, 0x17, 0xE4, 0x17, 0xE4, 0x17, 0xE4, 0x17, 0xE4, 0x17, 0xE4,
    0x17, 0xE4, 0x17, 0xE4, 0x17, 0xE4, 0x17, 0xE4, 0x17, 0xE4, 0x17, 0xE4, 0x17, 0xE4, 0x17, 0xE4,
    0x17, 0xE4, 0x17, 0xE4, 0x17, 0xE3, 0x0F, 0xE3, 0x37, 0x67, 0xBE, 0x52, 0xF5, 0x95, 0xF5, 0x95,
    0xF5, 0x96, 0xF5, 0x96, 0xF5, 0x96, 0xF5, 0xB6, 0xD5, 0x14, 0x6E, 0x2C, 0x27, 0xE7, 0x17, 0xE4,
    0x1F, 0xE5, 0x27, 0xE6, 0x27, 0xE5, 0x1F, 0x03, 0x27, 0xFF, 0xA5, 0x2F, 0xE6, 0x17, 0xE4, 0x17,
    0xE5, 0x66, 0xCA, 0xDE, 0x14, 0xF5, 0x95, 0xFD, 0x75, 0xFD, 0x75, 0xF5, 0xB5, 0xFE, 0x16, 0xFE,
    0xB9, 0xF6, 0x99, 0xBD, 0xD3, 0x6E, 0xED, 0x37, 0xE8, 0x1F, 0xE4, 0x17, 0xE4, 0x17, 0xE4, 0x17,
    0xE4, 0x17, 0xE4, 0x17, 0xE4, 0x17, 0xE4, 0x17, 0xE4, 0x17, 0xE4, 0x17, 0xE4, 0x17, 0xE4, 0x17,
    0xE4, 0x17, 0xE4, 0x17, 0xE4, 0x17, 0xE4, 0x17, 0xE4, 0x17, 0xE4, 0x17, 0xE4, 0x17, 0xE4, 0x17,
    0xE4, 0x17, 0xE4, 0x17, 0xE4, 0x17, 0xE4, 0x17, 0xE4, 0x17, 0xE4, 0x17, 0xE4, 0x17, 0xE4, 0x17,
    0xE4, 0x17, 0xE4, 0x17, 0xE4, 0x17, 0xE4, 0x17, 0xE4, 0x17, 0xE4, 0x17, 0xE4, 0x17, 0xE4, 0x17,
    0xE4, 0x17, 0xE4, 0x17, 0xE4, 0x17, 0xE4, 0x17, 0xE4, 0x17, 0xE4, 0x17, 0xE4, 0x17, 0xE4, 0x17,
    0xE4, 0x17, 0xE4, 0x17, 0xE4, 0x17, 0xE4, 0x17, 0xE4, 0x17, 0xFF, 0xE4, 0x17, 0xE4, 0x17, 0xE4,
    0x17, 0xE4, 0x17, 0xE4, 0x17, 0xE4, 0x17, 0xE4, 0x17, 0xE4, 0x17, 0xE4, 0x17, 0xE4, 0x17, 0xE4,
    0x17, 0xE4, 0x17, 0xE4, 0x17, 0xE4, 0x17, 0xE4, 0x17, 0xE4, 0x17, 0xE4, 0x17, 0xE4, 0x17, 0xE4,
    0x17, 0xE4, 0x17, 0xE4, 0x17, 0xE4, 0x17, 0xE4, 0x17, 0xE4, 0x17, 0xE4, 0x17, 0xE4, 0x17, 0xE4,
    0x17, 0xE4, 0x17, 0xE4, 0x17, 0xE4, 0x17, 0xE4, 0x17, 0xE4, 0x17, 0xE4, 0x17, 0xE4, 0x17, 0xE4,
    0x17, 0xE4, 0x17, 0xE4, 0x17, 0xE4, 0x17, 0xE4, 0x17, 0xE4, 0x17, 0xE4, 0x17, 0xE4, 0x17, 0xE4,
    0x17, 0xE4, 0x17, 0xE4, 0x17, 0xE4, 0x17, 0xE4, 0x17, 0xE4, 0x17, 0xE4, 0x17, 0xE4, 0x17, 0xE4,
    0x17, 0xE4, 0x17, 0xE4, 0x17, 0xE3, 0x27, 0xA5, 0xAE, 0x71, 0xF5, 0xB5, 0xF5, 0x95, 0xF5, 0x95,
    0xF5, 0x95, 0xF5, 0x95, 0xFD, 0x96, 0xCC, 0xF3, 0x5E, 0xAB, 0x1F, 0xFF, 0xE6, 0x0F, 0xE4, 0x17,
    0xE3, 0x17, 0xE3, 0x1F, 0xE4, 0x27, 0xE4, 0x1F, 0xE5, 0x17, 0xE4, 0x0F, 0xE4, 0x0F, 0xE4, 0x2F,
    0x45, 0xBE, 0x51, 0xF5, 0x95, 0xF5, 0x75, 0xF5, 0x95, 0xF5, 0xD5, 0xFE, 0x78, 0xFF, 0x1B, 0xFF,
    0x3C, 0xF6, 0xDA, 0x9D, 0xF1, 0x57, 0xAB, 0x27, 0xE6, 0x17, 0xE4, 0x17, 0xE4, 0x17, 0xE4, 0x17,
    0xE4, 0x17, 0xE4, 0x17, 0xE4, 0x17, 0xE4, 0x17, 0xE4, 0x17, 0xE4, 0x17, 0xE4, 0x17, 0xE4, 0x17,
    0xE4, 0x17, 0xE4, 0x17, 0xE4, 0x17, 0xE4, 0x17, 0xE4, 0x17, 0xE4, 0x17, 0xE4, 0x17, 0xE4, 0x17,
    0xE4, 0x17, 0xE4, 0x17, 0xE4, 0x17, 0xE4, 0x17, 0xE4, 0x17, 0xE4, 0x17, 0xE4, 0x17, 0xE4, 0x17,
    0xE4, 0x17, 0xE4, 0x17, 0xE4, 0x17, 0xE4, 0x17, 0xE4, 0x17, 0xE4, 0x17, 0xE4, 0x17, 0xE4, 0x17,
    0xE4, 0x17, 0xE4, 0x17, 0xE4, 0x17, 0xE4, 0x17, 0xE4, 0x17, 0xE4, 0x17, 0xFF, 0xE4, 0x17, 0xE4,
    0x17, 0xE4, 0x17, 0xE4, 0x17, 0xE4, 0x17, 0xE4, 0x17, 0xE4, 0x17, 0xE4, 0x17, 0xE4, 0x17, 0xE4,
    0x17, 0xE4, 0x17, 0xE4, 0x17, 0xE4, 0x17, 0xE4, 0x17, 0xE4, 0x17, 0xE4, 0x17, 0xE4, 0x17, 0xE4,
    0x17, 0xE4, 0x17, 0xE4, 0x17, 0xE4, 0x17, 0xE4, 0x17, 0xE4, 0x17, 0xE4, 0x17, 0xE4, 0x17, 0xE4,
    0x17, 0xE4, 0x17, 0xE4, 0x17, 0xE4, 0x17, 0xE4, 0x17, 0xE4, 0x17, 0xE4, 0x17, 0xE4, 0x17, 0xE4,
    0x17, 0xE4, 0x17, 0xE4, 0x17, 0xE4, 0x17, 0xE4, 0x17, 0xE4, 0x17, 0xE4, 0x17, 0xE4, 0x17, 0xE4,
    0x17, 0xE4, 0x17, 0xE4, 0x17, 0xE4, 0x17, 0xE4, 0x17, 0xE4, 0x17, 0xE4, 0x17, 0xE4, 0x17, 0xE4,
    0x17, 0xE4, 0x17, 0xE4, 0x17, 0xE4, 0x17, 0xE4, 0x17, 0xE4, 0x17, 0xE4, 0x17, 0xE4, 0x17, 0xE4,
    0x17, 0xE4, 0x17, 0xE3, 0x27, 0xE4, 0x96, 0x8F, 0xE5, 0xD5, 0xED, 0x95, 0xF5, 0xA3, 0xB5, 0xF5,
    0xB5, 0xF5, 0x95, 0xFD, 0x96, 0xBC, 0xF2, 0x5F, 0x2B, 0x17, 0xE6, 0x17, 0xE4, 0x17, 0xE3, 0x17,
    0xE3, 0x17, 0xE3, 0x17, 0xE4, 0x17, 0xE4, 0x17, 0xE4, 0x0F, 0xE3, 0x0F, 0xE4, 0x17, 0xE4, 0x86,
    0x8D, 0xE5, 0x02, 0xF5, 0xFF, 0x75, 0xF5, 0x94, 0xF6, 0x17, 0xFE, 0xFA, 0xFF, 0x3B, 0xFF, 0x5C,
    0xFF, 0x5D, 0xD6, 0x98, 0x6E, 0x4E, 0x3F, 0xE9, 0x17, 0xE4, 0x17, 0xE3, 0x17, 0xE4, 0x17, 0xE4,
    0x17, 0xE4, 0x17, 0xE4, 0x17, 0xE4, 0x17, 0xE4, 0x17, 0xE4, 0x17, 0xE4, 0x17, 0xE4, 0x17, 0xE4,
    0x17, 0xE4, 0x17, 0xE4, 0x17, 0xE4, 0x17, 0xE4, 0x17, 0xE4, 0x17, 0xE4, 0x17, 0xE4, 0x17, 0xE4,
    0x17, 0xE4, 0x17, 0xE4, 0x17, 0xE4, 0x17, 0xE4, 0x17, 0xE4, 0x17, 0xE4, 0x17, 0xE4, 0x17, 0xE4,
    0x17, 0xE4, 0x17, 0xE4, 0x17, 0xE4, 0x17, 0xE4, 0x17, 0xE4, 0x17, 0xE4, 0x17, 0xE4, 0x17, 0xE4,
    0x17, 0xE4, 0x17, 0xE4, 0x17, 0xE4, 0x17, 0xE4, 0x17, 0xE4, 0x17, 0xE4, 0x17, 0xE4, 0x17, 0xE4,
    0x17, 0xE4, 0x17, 0xE4, 0x17, 0xE4, 0x17, 0xE4, 0x17, 0xE4, 0x17, 0xE4, 0x17, 0xE4, 0x17, 0xE4,
    0x17, 0xE4, 0x17, 0xE4, 0x17, 0xFF, 0xE4, 0x17, 0xE4, 0x17, 0xE4, 0x17, 0xE4, 0x17, 0xE4, 0x17,
    0xE4, 0x17, 0xE4, 0x17, 0xE4, 0x17, 0xE4, 0x17, 0xE4, 0x17, 0xE4, 0x17, 0xE4, 0x17, 0xE4, 0x17,
    0xE4, 0x17, 0xE4, 0x17, 0xE4, 0x17, 0xE4, 0x17, 0xE4, 0x17, 0xE4, 0x17, 0xE4, 0x17, 0xE4, 0x17,
    0xE4, 0x17, 0xE4, 0x17, 0xE4, 0x17, 0xE4, 0x17, 0xE4, 0x17, 0xE4, 0x17, 0xE4, 0x17, 0xE4, 0x17,
    0xE4, 0x17, 0xE4, 0x17, 0xE4, 0x17, 0xE4, 0x17, 0xE4, 0x17, 0xE4, 0x17, 0xE4, 0x17, 0xE4, 0x17,
    0xE4, 0x17, 0xE4, 0x17, 0xE4, 0x17, 0xE4, 0x17, 0xE4, 0x17, 0xE4, 0x17, 0xE4, 0x17, 0xE4, 0x17,
    0xE4, 0x17, 0xE4, 0x1F, 0xE4, 0x7F, 0x0E, 0xE6, 0x98, 0xF6, 0x37, 0xED, 0xD5, 0xED, 0xB5, 0xED,
    0xB5, 0xF5, 0xB6, 0xB4, 0xF1, 0x5F, 0x2C, 0x1F, 0xE5, 0x17, 0xE4, 0x17, 0xE4, 0x17, 0xE3, 0x17,
    0xE4, 0x17, 0xE4, 0x17, 0xE4, 0x17, 0xFF, 0xE4, 0x17, 0xE4, 0x17, 0xE3, 0x17, 0xE5, 0x47, 0x09,
    0xB6, 0x73, 0xED, 0xB5, 0xF5, 0xB5, 0xFE, 0x78, 0xFF, 0x1B, 0xFF, 0x3C, 0xFF, 0x5C, 0xFF, 0x5C,
    0xF6, 0xFB, 0x8D, 0x91, 0x57, 0x8B, 0x1F, 0xE5, 0x17, 0xE3, 0x17, 0xE4, 0x17, 0xE4, 0x17, 0xE4,
    0x17, 0xE4, 0x17, 0xE4, 0x17, 0xE4, 0x17, 0xE4, 0x17, 0xE4, 0x17, 0xE4, 0x17, 0xE4, 0x17, 0xE4,
    0x17, 0xE4, 0x17, 0xE4, 0x17, 0xE4, 0x17, 0xE4, 0x17, 0xE4, 0x17, 0xE4, 0x17, 0xE4, 0x17, 0xE4,
    0x17, 0xE4, 0x17, 0xE4, 0x17, 0xE4, 0x17, 0xE4, 0x17, 0xE4, 0x17, 0xE4, 0x17, 0xE4, 0x17, 0xE4,
    0x17, 0xE4, 0x17, 0xE4, 0x17, 0xE4, 0x17, 0xE4, 0x17, 0xE4, 0x17, 0xE4, 0x17, 0xE4, 0x17, 0xE4,
    0x17, 0xE4, 0x17, 0xE4, 0x17, 0xE4, 0x17, 0xE4, 0x17, 0xE4, 0x17, 0xE4, 0x17, 0xE4, 0x17, 0xE4,
    0x17, 0xE4, 0x17, 0xE4, 0x17, 0xE4, 0x17, 0xFF, 0xE4, 0x17, 0xE4, 0x17, 0xE4, 0x17, 0xE4, 0x17,
    0xE4, 0x17, 0xE4, 0x17, 0xE4, 0x17, 0xE4, 0x17, 0xE4, 0x17, 0xE4, 0x17, 0xE4, 0x17, 0xE4, 0x17,
    0xE4, 0x17, 0xE4, 0x17, 0xE4, 0x17, 0xE4, 0x17, 0xE4, 0x17, 0xE4, 0x17, 0xE4, 0x17, 0xE4, 0x17,
    0xE4, 0x17, 0xE4, 0x17, 0xE4, 0x17, 0xE4, 0x17, 0xE4, 0x17, 0xE4, 0x17, 0xE4, 0x17, 0xE4, 0x17,
    0xE4, 0x17, 0xE4, 0x17, 0xE4, 0x17, 0xE4, 0x17, 0xE4, 0x17, 0xE4, 0x17, 0xE4, 0x17, 0xE4, 0x17,
    0xE4, 0x17, 0xE4, 0x17, 0xE4, 0x17, 0xE4, 0x17, 0xE4, 0x17, 0xE4, 0x17, 0xE4, 0x17, 0xE4, 0x17,
    0xE4, 0x17, 0xE4, 0x17, 0xE4, 0x17, 0xE4, 0x17, 0xE4, 0x17, 0xE4, 0x17, 0xE4, 0x17, 0xE4, 0x17,
    0xE4, 0x1F, 0xE4, 0x77, 0x2E, 0xDE, 0x97, 0xF6, 0x98, 0xFE, 0x98, 0xF6, 0x37, 0xED, 0xD6, 0xED,
    0xD6, 0xB4, 0xD1, 0x5F, 0x2C, 0x1F, 0xE5, 0x17, 0xFF, 0xE4, 0x17, 0xE4, 0x17, 0xE4, 0x17, 0xE4,
    0x17, 0xE4, 0x17, 0xE4, 0x17, 0xE4, 0x17, 0xE4, 0x17, 0xE3, 0x17, 0xE4, 0x1F, 0xE6, 0x5E, 0xCB,
    0xBE, 0x93, 0xED, 0xF6, 0xFE, 0xBA, 0xFF, 0x3C, 0xFF, 0x5C, 0xFF, 0x5C, 0xFF, 0x5C, 0xF6, 0xDB,
    0xC6, 0x57, 0x6E, 0x6D, 0x37, 0xE7, 0x17, 0xE4, 0x17, 0xE4, 0x17, 0xE4, 0x17, 0xE4, 0x17, 0xE4,
    0x17, 0xE4, 0x17, 0xE4, 0x17, 0xE4, 0x17, 0xE4, 0x17, 0xE4, 0x17, 0xE4, 0x17, 0xE4, 0x17, 0xE4,
    0x17, 0xE4, 0x17, 0xE4, 0x17, 0xE4, 0x17, 0xE4, 0x17, 0xE4, 0x17, 0xE4, 0x17, 0xE4, 0x17, 0xE4,
    0x17, 0xE4, 0x17, 0xE4, 0x17, 0xE4, 0x17, 0xE4, 0x17, 0xE4, 0x17, 0xE4, 0x17, 0xE4, 0x17, 0xE4,
    0x17, 0xE4, 0x17, 0xE4, 0x17, 0xE4, 0x17, 0xE4, 0x17, 0xE4, 0x17, 0xE4, 0x17, 0xE4, 0x17, 0xE4,
    0x17, 0xE4, 0x17, 0xE4, 0x17, 0xE4, 0x17, 0xE4, 0x17, 0xFF, 0xE4, 0x17, 0xE4, 0x17, 0xE4, 0x17,
    0xE4, 0x17, 0xE4, 0x17, 0xE4, 0x17, 0xE4, 0x17, 0xE4, 0x17, 0xE4, 0x17, 0xE4, 0x17, 0xE4, 0x17,
    0xE4, 0x17, 0xE4, 0x17, 0xE4, 0x17, 0xE4, 0x17, 0xE4, 0x17, 0xE4, 0x17, 0xE4, 0x17, 0xE4, 0x17,
    0xE4, 0x17, 0xE4, 0x17, 0xE4, 0x17, 0xE4, 0x17, 0xE4, 0x17, 0xE4, 0x17, 0xE4, 0x17, 0xE4, 0x17,
    0xE4, 0x17, 0xE4, 0x17, 0xE4, 0x17, 0xE4, 0x17, 0xE4, 0x17, 0xE4, 0x17, 0xE4, 0x17, 0xE4, 0x17,
    0xE4, 0x17, 0xE4, 0x17, 0xE4, 0x17, 0xE4, 0x17, 0xE4, 0x17, 0xE4, 0x17, 0xE4, 0x17, 0xE4, 0x17,
    0xE4, 0x17, 0xE4, 0x17, 0xE4, 0x17, 0xE4, 0x17, 0xE4, 0x17, 0xE4, 0x17, 0xE4, 0x17, 0xE4, 0x17,
    0xE4, 0x17, 0xE4, 0x17, 0xE4, 0x17, 0xE4, 0x17, 0xE4, 0x17, 0xE4, 0x17, 0xE4, 0x17, 0xE3, 0x1F,
    0xE4, 0x76, 0xEE, 0xDE, 0x77, 0xDE, 0x16, 0xEE, 0x16, 0xF6, 0xFF, 0x37, 0xED, 0xF6, 0xED, 0xD6,
    0xB4, 0xF1, 0x5F, 0x2C, 0x1F, 0xE5, 0x17, 0xE4, 0x17, 0xE4, 0x17, 0xE4, 0x17, 0xE4, 0x17, 0xE4,
    0x17, 0xE4, 0x17, 0xE4, 0x17, 0xE4, 0x17, 0xE4, 0x17, 0xE4, 0x17, 0xE5, 0x27, 0xA5, 0x5E, 0xAA,
    0xC6, 0x95, 0xF6, 0xDA, 0xFF, 0x3C, 0xFF, 0x5C, 0xF7, 0x5C, 0xFF, 0x7C, 0xEE, 0xBA, 0xF7, 0x3C,
    0x8E, 0x11, 0x47, 0xE9, 0x17, 0xE4, 0x17, 0xE4, 0x17, 0xE4, 0x17, 0xE4, 0x17, 0xE4, 0x17, 0xE4,
    0x17, 0xE4, 0x17, 0xE4, 0x17, 0xE4, 0x17, 0xE4, 0x17, 0xE4, 0x17, 0xE4, 0x17, 0xE4, 0x17, 0xE4,
    0x17, 0xE4, 0x17, 0xE4, 0x17, 0xE4, 0x17, 0xE4, 0x17, 0xE4, 0x17, 0xE4, 0x17, 0xE4, 0x17, 0xE4,
    0x17, 0xE4, 0x17, 0xE4, 0x17, 0xE4, 0x17, 0xE4, 0x17, 0xE4, 0x17, 0xE4, 0x17, 0xE4, 0x17, 0xE4,
    0x17, 0xE4, 0x17, 0xE4, 0x17, 0xE4, 0x17, 0xE4, 0x17, 0xE4, 0x17, 0xFF, 0xE4, 0x17, 0xE4, 0x17,
    0xE4, 0x17, 0xE4, 0x17, 0xE4, 0x17, 0xE4, 0x17, 0xE4, 0x17, 0xE4, 0x17, 0xE4, 0x17, 0xE4, 0x17,
    0xE4, 0x17, 0xE4, 0x17, 0xE4, 0x17, 0xE4, 0x17, 0xE4, 0x17, 0xE4, 0x17, 0xE4, 0x17, 0xE4, 0x17,
    0xE4, 0x17, 0xE4, 0x17, 0xE4, 0x17, 0xE4, 0x17, 0xE4, 0x17, 0xE4, 0x17, 0xE4, 0x17, 0xE4, 0x17,
    0xE4, 0x17, 0xE4, 0x17, 0xE4, 0x17, 0xE4, 0x17, 0xE4, 0x17, 0xE4, 0x17, 0xE4, 0x17, 0xE4, 0x17,
    0xE4, 0x17, 0xE4, 0x17, 0xE4, 0x17, 0xE4, 0x17, 0xE4, 0x17, 0xE4, 0x17, 0xE4, 0x17, 0xE4, 0x17,
    0xE4, 0x17, 0xE4, 0x17, 0xE4, 0x17, 0xE4, 0x17, 0xE4, 0x17, 0xE4, 0x17, 0xE4, 0x17, 0xE4, 0x17,
    0xE4, 0x17, 0xE4, 0x17, 0xE4, 0x17, 0xE4, 0x17, 0xE4, 0x17, 0xE4, 0x17, 0xE4, 0x17, 0xE4, 0x17,
    0xE4, 0x17, 0xE4, 0x17, 0xE4, 0x17, 0xE4, 0x17, 0xE4, 0x17, 0xE4, 0x17, 0xFF, 0xE3, 0x1F, 0xE4,
    0x87, 0x50, 0xDE, 0x77, 0xEE, 0x78, 0xF6, 0x78, 0xF6, 0x37, 0xE5, 0xD6, 0xE5, 0x95, 0xBD, 0x33,
    0x5F, 0x0C, 0x1F, 0xE5, 0x17, 0xE4, 0x17, 0xE4, 0x17, 0xE4, 0x17, 0xE4, 0x17, 0xE4, 0x17, 0xE4,
    0x17, 0xE4, 0x17, 0xE4, 0x17, 0xE4, 0x17, 0xE4, 0x17, 0xE4, 0x1F, 0xE4, 0x27, 0xA5, 0x76, 0xCE,
    0xDE, 0xF8, 0xFF, 0x3C, 0xFF, 0x5C, 0xF7, 0x7C, 0xEF, 0x1B, 0xE6, 0xDA, 0xFF, 0xBE, 0xAE, 0x55,
    0x57, 0x8B, 0x1F, 0xE4, 0x17, 0xE3, 0x17, 0xE4, 0x17, 0xE4, 0x17, 0xE4, 0x17, 0xE4, 0x17, 0xE4,
    0x17, 0xE4, 0x17, 0xE4, 0x17, 0xE4, 0x17, 0xE4, 0x17, 0xE4, 0x17, 0xE4, 0x17, 0xE4, 0x17, 0xE4,
    0x17, 0xE4, 0x17, 0xE4, 0x17, 0xE4, 0x17, 0xE4, 0x17, 0xE4, 0x17, 0xE4, 0x17, 0xE4, 0x17, 0xE4,
    0x17, 0xE4, 0x17, 0xE4, 0x17, 0xE4, 0x17, 0xE4, 0x17, 0xE4, 0x17, 0xE4, 0x17, 0xFF, 0xE4, 0x17,
    0xE4, 0x17, 0xE4, 0x17, 0xE4, 0x17, 0xE4, 0x17, 0xE4, 0x17, 0xE4, 0x17, 0xE4, 0x17, 0xE4, 0x17,
    0xE4, 0x17, 0xE4, 0x17, 0xE4, 0x17, 0xE4, 0x17, 0xE4, 0x17, 0xE4, 0x17, 0xE4, 0x17, 0xE4, 0x17,
    0xE4, 0x17, 0xE4, 0x17, 0xE4, 0x17, 0xE4, 0x17, 0xE4, 0x17, 0xE4, 0x17, 0xE4, 0x17, 0xE4, 0x17,
    0xE4, 0x17, 0xE4, 0x17, 0xE4, 0x17, 0xE4, 0x17, 0xE4, 0x17, 0xE4, 0x17, 0xE4, 0x17, 0xE4, 0x17,
    0xE4, 0x17, 0xE4, 0x17, 0xE4, 0x17, 0xE4, 0x17, 0xE4, 0x17, 0xE4, 0x17, 0xE4, 0x17, 0xE4, 0x17,
    0xE4, 0x17, 0xE4, 0x17, 0xE4, 0x17, 0xE4, 0x17, 0xE4, 0x17, 0xE4, 0x17, 0xE4, 0x17, 0xE4, 0x17,
    0xE4, 0x17, 0xE4, 0x17, 0xE4, 0x17, 0xE4, 0x17, 0xE4, 0x17, 0xE4, 0x17, 0xE4, 0x17, 0xE4, 0x17,
    0xE4, 0x17, 0xE4, 0x17, 0xE4, 0x17, 0xE4, 0x17, 0xE4, 0x17, 0xE4, 0x17, 0xE4, 0x17, 0xCB, 0xE4,
    0x17, 0xE4, 0x17, 0xE4, 0x17, 0xE4, 0x17, 0xE4, 0x17, 0xE4, 0x17, 0xE3, 0x27, 0xE4, 0x97, 0xD3,
    0xEF, 0x1A, 0xEE, 0x79, 0xEE, 0x58, 0xE6, 0x57, 0xE6, 0x17, 0xE5, 0xF6, 0xC5, 0x53, 0x5E, 0xEB,
    0x1F, 0xE5, 0x17, 0xE4, 0x17, 0xE4, 0x17, 0xE4, 0x17, 0xE4, 0x17, 0xE4, 0x17, 0xE4, 0x17, 0xE4,
    0x17, 0xE4, 0x17, 0xE4, 0x17, 0xE4, 0x17, 0xE4, 0x17, 0xE4, 0x1F, 0xE5, 0x37, 0x87, 0x97, 0x11,
    0xEF, 0x3A, 0xF7, 0x3C, 0xE6, 0xFA, 0xE6, 0xDA, 0xFF, 0x9D, 0xFF, 0x02, 0xBE, 0xFF, 0x97, 0x5F,
    0x2C, 0x1F, 0xE5, 0x17, 0xE3, 0x17, 0xE4, 0x17, 0xE4, 0x17, 0xE4, 0x17, 0xE4, 0x17, 0xE4, 0x17,
    0xE4, 0x17, 0xE4, 0x17, 0xE4, 0x17, 0xE4, 0x17, 0xE4, 0x17, 0xE4, 0x17, 0xE4, 0x17, 0xE4, 0x17,
    0xE4, 0x17, 0xE4, 0x17, 0xE4, 0x17, 0xE4, 0x17, 0xE4, 0x17, 0xE4, 0x17, 0xE4, 0x17, 0xE4, 0x17,
    0xE4, 0x17, 0xE4, 0x17, 0xE4, 0x17, 0xE4, 0x17, 0xE4, 0x17, 0xE4, 0x17, 0xE4, 0x17, 0xE4, 0x17,
    0xE4, 0x17, 0xE4, 0x17, 0xE4, 0x17, 0xE4, 0x17, 0xE4, 0x17, 0xE4, 0x17, 0xE4, 0x17, 0xE4, 0x17,
    0xE4, 0x17, 0xE4, 0x17, 0xE4, 0x17, 0xE4, 0x17, 0xE4, 0x17, 0xE4, 0x17, 0xE4, 0x17, 0xE4, 0x17,
    0xE4, 0x17, 0xE4, 0x17, 0xE4, 0x17, 0xE4, 0x17, 0xE4, 0x17, 0xE4, 0x17, 0xE4, 0x17, 0xE4, 0x17,
    0xE4, 0x17, 0xE4, 0x17, 0xE4, 0x17, 0xE4, 0x17, 0xE4, 0x17, 0xE4, 0x17, 0xE4, 0x17, 0xFF, 0xE4,
    0x17, 0xE4, 0x17, 0xE4, 0x17, 0xE4, 0x17, 0xE4, 0x17, 0xE4, 0x17, 0xE4, 0x17, 0xE4, 0x17, 0xE4,
    0x17, 0xE4, 0x17, 0xE4, 0x17, 0xE4, 0x17, 0xE4, 0x17, 0xE4, 0x17, 0xE4, 0x17, 0xE4, 0x17, 0xE4,
    0x17, 0xE4, 0x17, 0xE4, 0x17, 0xE4, 0x17, 0xE4, 0x17, 0xE4, 0x17, 0xE4, 0x17, 0xE4, 0x17, 0xE4,
    0x17, 0xE4, 0x17, 0xE4, 0x17, 0xE4, 0x17, 0xE4, 0x17, 0xE4, 0x17, 0xE4, 0x17, 0xE4, 0x17, 0xE4,
    0x17, 0xE4, 0x17, 0xE4, 0x17, 0xE4, 0x17, 0xE3, 0x17, 0xE3, 0x27, 0xE4, 0x9F, 0xF3, 0xFF, 0x9D,
    0xFF, 0x3C, 0xFF, 0x3B, 0xF6, 0xFA, 0xEE, 0xB9, 0xFE, 0xDA, 0xCD, 0xB5, 0x5E, 0xEC, 0x1F, 0xE5,
    0x17, 0xE4, 0x17, 0xE4, 0x17, 0xE4, 0x17, 0xE4, 0x17, 0xE4, 0x17, 0xE4, 0x17, 0xE4, 0x17, 0xE4,
    0x17, 0xE4, 0x17, 0xE4, 0x17, 0xE4, 0x17, 0xE4, 0x17, 0xE4, 0x27, 0xE5, 0x37, 0x47, 0x96, 0xFF,
    0x71, 0xD6, 0x98, 0xE6, 0xFA, 0xFF, 0xBD, 0xFF, 0xDE, 0xFF, 0xFE, 0xCE, 0xD9, 0x66, 0xCD, 0x27,
    0xE6, 0x17, 0xE3, 0x17, 0xE4, 0x17, 0xE4, 0x17, 0xE4, 0x17, 0xE4, 0x17, 0xE4, 0x17, 0xE4, 0x17,
    0xE4, 0x17, 0xE4, 0x17, 0xE4, 0x17, 0xE4, 0x17, 0xE4, 0x17, 0xE4, 0x17, 0xE4, 0x17, 0xE4, 0x17,
    0xE4, 0x17, 0xE4, 0x17, 0xE4, 0x17, 0xE4, 0x17, 0xE4, 0x17, 0xE4, 0x17, 0xE4, 0x17, 0xE4, 0x17,
    0xE4, 0x17, 0xE4, 0x17, 0xE4, 0x17, 0xE4, 0x17, 0xE4, 0x17, 0xE4, 0x17, 0xE4, 0x17, 0xE4, 0x17,
    0xE4, 0x17, 0xE4, 0x17, 0xE4, 0x17, 0xE4, 0x17, 0xE4, 0x17, 0xE4, 0x17, 0xE4, 0x17, 0xE4, 0x17,
    0xE4, 0x17, 0xE4, 0x17, 0xE4, 0x17, 0xE4, 0x17, 0xE4, 0x17, 0xE4, 0x17, 0xE4, 0x17, 0xE4, 0x17,
    0xE4, 0x17, 0xE4, 0x17, 0xE4, 0x17, 0xE4, 0x17, 0xE4, 0x17, 0xE4, 0x17, 0xE4, 0x17, 0xE4, 0x17,
    0xFF, 0xE4, 0x17, 0xE4, 0x17, 0xE4, 0x17, 0xE4, 0x17, 0xE4, 0x17, 0xE4, 0x17, 0xE4, 0x17, 0xE4,
    0x17, 0xE4, 0x17, 0xE4, 0x17, 0xE4, 0x17, 0xE4, 0x17, 0xE4, 0x17, 0xE4, 0x17, 0xE4, 0x17, 0xE4,
    0x17, 0xE4, 0x17, 0xE4, 0x17, 0xE4, 0x17, 0xE4, 0x17, 0xE4, 0x17, 0xE4, 0x17, 0xE4, 0x17, 0xE4,
    0x17, 0xE4, 0x17, 0xE4, 0x17, 0xE4, 0x17, 0xE4, 0x17, 0xE4, 0x17, 0xE4, 0x17, 0xE4, 0x17, 0xE4,
    0x17, 0xE4, 0x17, 0xE4, 0x17, 0xE4, 0x17, 0xE4, 0x17, 0xE4, 0x17, 0xE4, 0x17, 0xE4, 0x17, 0xE4,
    0x17, 0xE4, 0x17, 0xE4, 0x17, 0xE4, 0x17, 0xE3, 0x27, 0xE4, 0x9F, 0xF4, 0xFF, 0x9D, 0xFF, 0x3C,
    0xFF, 0x3C, 0xFF, 0x5C, 0xFF, 0x3C, 0xFF, 0x3C, 0xD5, 0xF6, 0x66, 0xEC, 0x1F, 0xE5, 0x17, 0xE4,
    0x17, 0xE4, 0x17, 0xE4, 0x17, 0xE4, 0x17, 0xE4, 0x17, 0xE4, 0x17, 0xE4, 0x17, 0xE4, 0x17, 0xE4,
    0x17, 0x94, 0xE4, 0x17, 0xE4, 0x17, 0xE4, 0x17, 0xE4, 0x1F, 0xE3, 0x27, 0xE4, 0x46, 0xAA, 0xCF,
    0x18, 0xFF, 0xBD, 0xFF, 0xFE, 0xFF, 0xFE, 0x02, 0xFF, 0xFF, 0xE7, 0x3B, 0x6E, 0xAF, 0x2F, 0xE7,
    0x17, 0xE3, 0x17, 0xE4, 0x17, 0xE4, 0x17, 0xE4, 0x17, 0xE4, 0x17, 0xE4, 0x17, 0xE4, 0x17, 0xE4,
    0x17, 0xE4, 0x17, 0xE4, 0x17, 0xE4, 0x17, 0xE4, 0x17, 0xE4, 0x17, 0xE4, 0x17, 0xE4, 0x17, 0xE4,
    0x17, 0xE4, 0x17, 0xE4, 0x17, 0xE4, 0x17, 0xE4, 0x17, 0xE4, 0x17, 0xE4, 0x17, 0xE4, 0x17, 0xE4,
    0x17, 0xE4, 0x17, 0xE4, 0x17, 0xE4, 0x17, 0xE4, 0x17, 0xE4, 0x17, 0xE4, 0x17, 0xE4, 0x17, 0xE4,
    0x17, 0xE4, 0x17, 0xE4, 0x17, 0xE4, 0x17, 0xE4, 0x17, 0xE4, 0x17, 0xE4, 0x17, 0xE4, 0x17, 0xE4,
    0x17, 0xE4, 0x17, 0xE4, 0x17, 0xE4, 0x17, 0xE4, 0x17, 0xE4, 0x17, 0xE4, 0x17, 0xE4, 0x17, 0xE4,
    0x17, 0xE4, 0x17, 0xE4, 0x17, 0xE4, 0x17, 0xE4, 0x17, 0xE4, 0x17, 0xE4, 0x17, 0xE4, 0x17, 0xE4,
    0x17, 0xE4, 0x17, 0xE4, 0x17, 0xE4, 0x17, 0xE4, 0x17, 0xE4, 0xFF, 0x17, 0xE4, 0x17, 0xE4, 0x17,
    0xE4, 0x17, 0xE4, 0x17, 0xE4, 0x17, 0xE4, 0x17, 0xE4, 0x17, 0xE4, 0x17, 0xE4, 0x17, 0xE4, 0x17,
    0xE4, 0x17, 0xE4, 0x17, 0xE4, 0x17, 0xE4, 0x17, 0xE4, 0x17, 0xE4, 0x17, 0xE4, 0x17, 0xE4, 0x17,
    0xE4, 0x17, 0xE4, 0x17, 0xE4, 0x17, 0xE4, 0x17, 0xE4, 0x17, 0xE4, 0x17, 0xE4, 0x17, 0xE4, 0x17,
    0xE4, 0x17, 0xE4, 0x17, 0xE4, 0x17, 0xE4, 0x17, 0xE4, 0x17, 0xE4, 0x17, 0xE4, 0x17, 0xE4, 0x17,
    0xE4, 0x17, 0xE4, 0x17, 0xE4, 0x17, 0xE3, 0x1F, 0xE4, 0x97, 0xB3, 0xEF, 0x3C, 0xFF, 0x3C, 0xFF,
    0x3C, 0xFF, 0x3C, 0xFF, 0x3C, 0xFF, 0x3C, 0xCD, 0xF6, 0x5E, 0xEC, 0x1F, 0xE5, 0x17, 0xE4, 0x17,
    0xE4, 0x17, 0xE4, 0x17, 0xE4, 0x17, 0xE4, 0x17, 0xE4, 0x17, 0xE4, 0x17, 0xE4, 0x17, 0xE4, 0x17,
    0xE4, 0x17, 0xE4, 0x17, 0xE4, 0x17, 0xE4, 0x17, 0xE4, 0x1F, 0xE4, 0x87, 0x1F, 0xA5, 0x86, 0xEF,
    0xE7, 0x9B, 0xFF, 0xDF, 0x04, 0xFF, 0xFF, 0xEF, 0x7D, 0x7E, 0x50, 0x37, 0xE8, 0x17, 0xE4, 0x17,
    0xE4, 0x17, 0xE4, 0x17, 0xE4, 0x17, 0xE4, 0x17, 0xE4, 0x17, 0xE4, 0x17, 0xE4, 0x17, 0xE4, 0x17,
    0xE4, 0x17, 0xE4, 0x17, 0xE4, 0x17, 0xE4, 0x17, 0xE4, 0x17, 0xE4, 0x17, 0xE4, 0x17, 0xE4, 0x17,
    0xE4, 0x17, 0xE4, 0x17, 0xE4, 0x17, 0xE4, 0x17, 0xE4, 0x17, 0xE4, 0x17, 0xE4, 0x17, 0xE4, 0x17,
    0xE4, 0x17, 0xE4, 0x17, 0xE4, 0x17, 0xE4, 0x17, 0xE4, 0x17, 0xE4, 0x17, 0xE4, 0x17, 0xE4, 0x17,
    0xE4, 0x17, 0xE4, 0x17, 0xE4, 0x17, 0xE4, 0x17, 0xE4, 0x17, 0xE4, 0x17, 0xE4, 0x17, 0xE4, 0x17,
    0xE4, 0x17, 0xE4, 0x17, 0xE4, 0x17, 0xE4, 0x17, 0xE4, 0x17, 0xE4, 0x17, 0xE4, 0x17, 0xE4, 0x17,
    0xE4, 0x17, 0xE4, 0x17, 0xE4, 0x17, 0xE4, 0x17, 0xE4, 0x17, 0xE4, 0x17, 0xE4, 0x17, 0xE4, 0x17,
    0xE4, 0x17, 0xE4, 0x17, 0xE4, 0x17, 0xE4, 0xFF, 0x17, 0xE4, 0x17, 0xE4, 0x17, 0xE4, 0x17, 0xE4,
    0x17, 0xE4, 0x17, 0xE4, 0x17, 0xE4, 0x17, 0xE4, 0x17, 0xE4, 0x17, 0xE4, 0x17, 0xE4, 0x17, 0xE4,
    0x17, 0xE4, 0x17, 0xE4, 0x17, 0xE4, 0x17, 0xE4, 0x17, 0xE4, 0x17, 0xE4, 0x17, 0xE4, 0x17, 0xE4,
    0x17, 0xE4, 0x17, 0xE4, 0x17, 0xE4, 0x17, 0xE4, 0x17, 0xE4, 0x17, 0xE4, 0x17, 0xE4, 0x17, 0xE4,
    0x17, 0xE4, 0x17, 0xE4, 0x17, 0xE4, 0x17, 0xE4, 0x17, 0xE4, 0x17, 0xE4, 0x17, 0xE4, 0x17, 0xE4,
    0x17, 0xE4, 0x17, 0xE3, 0x1F, 0xE4, 0x8F, 0xB2, 0xDE, 0xFB, 0xE6, 0xBA, 0xE6, 0xBA, 0xE6, 0xBA,
    0xE6, 0x9A, 0xEE, 0x9A, 0xBD, 0xB5, 0x5E, 0xEC, 0x1F, 0xE5, 0x17, 0xE4, 0x17, 0xE4, 0x17, 0xE4,
    0x17, 0xE4, 0x17, 0xE4, 0x17, 0xE4, 0x17, 0xE4, 0x17, 0xE4, 0x17, 0xE3, 0x17, 0xE4, 0x17, 0xE4,
    0x17, 0xE4, 0x17, 0xE4, 0x17, 0xE4, 0x17, 0xE4, 0x87, 0x1F, 0xE4, 0x2F, 0x46, 0xAF, 0x55, 0xF7,
    0xBE, 0x04, 0xFF, 0xFF, 0xF7, 0xDE, 0x96, 0x33, 0x47, 0xEA, 0x17, 0xE4, 0x17, 0xE3, 0x17, 0xE4,
    0x17, 0xE4, 0x17, 0xE4, 0x17, 0xE4, 0x17, 0xE4, 0x17, 0xE4, 0x17, 0xE4, 0x17, 0xE4, 0x17, 0xE4,
    0x17, 0xE4, 0x17, 0xE4, 0x17, 0xE4, 0x17, 0xE4, 0x17, 0xE4, 0x17, 0xE4, 0x17, 0xE4, 0x17, 0xE4,
    0x17, 0xE4, 0x17, 0xE4, 0x17, 0xE4, 0x17, 0xE4, 0x17, 0xE4, 0x17, 0xE4, 0x17, 0xE4, 0x17, 0xE4,
    0x17, 0xE4, 0x17, 0xE4, 0x17, 0xE4, 0x17, 0xE4, 0x17, 0xE4, 0x17, 0xE4, 0x17, 0xE4, 0x17, 0xE4,
    0x17, 0xE4, 0x17, 0xE4, 0x17, 0xE4, 0x17, 0xE4, 0x17, 0xE4, 0x17, 0xE4, 0x17, 0xE4, 0x17, 0xE4,
    0x17, 0xE4, 0x17, 0xE4, 0x17, 0xE4, 0x17, 0xE4, 0x17, 0xE4, 0x17, 0xE4, 0x17, 0xE4, 0x17, 0xE4,
    0x17, 0xE4, 0x17, 0xE4, 0x17, 0xE4, 0x17, 0xE4, 0x17, 0xE4, 0x17, 0xE4, 0x17, 0xE4, 0x17, 0xE4,
    0x17, 0xE4, 0x17, 0xE4, 0xD0, 0x17, 0xE4, 0x17, 0xE4, 0x17, 0xE4, 0x17, 0xE4, 0x17, 0xE4, 0x17,
    0xE4, 0x17, 0xE4, 0x17, 0xE4, 0x17, 0xE4, 0x17, 0xE4, 0x17, 0xE4, 0x17, 0xE4, 0x17, 0xE4, 0x17,
    0xE4, 0x17, 0xE4, 0x17, 0xE4, 0x17, 0xE4, 0x17, 0xE4, 0x17, 0xE4, 0x17, 0xE4, 0x17, 0xE4, 0x17,
    0xE4, 0x17, 0xE4, 0x17, 0xE4, 0x17, 0xE4, 0x17, 0xE4, 0x17, 0xE4, 0x17, 0xE4, 0x17, 0xE4, 0x17,
    0xE4, 0x17, 0xE4, 0x17, 0xE4, 0x17, 0xE4, 0x17, 0xE4, 0x17, 0xE4, 0x17, 0xE4, 0x17, 0xE4, 0x17,
    0xE3, 0x17, 0xE4, 0x8F, 0xF3, 0xF7, 0x02, 0xFF, 0x87, 0xBE, 0xFF, 0x9E, 0xFF, 0x9E, 0xFF, 0x9E,
    0xFF, 0x02, 0xBE, 0xAA, 0x16, 0x57, 0x2B, 0x17, 0xE5, 0x17, 0xE4, 0x17, 0xE4, 0x17, 0xE4, 0x17,
    0xE4, 0x17, 0xE4, 0x17, 0xE4, 0x17, 0xE4, 0x17, 0xE4, 0x17, 0xE4, 0x17, 0xE4, 0x17, 0xE4, 0x17,
    0xE4, 0x17, 0xE4, 0x17, 0xE4, 0x17, 0xE4, 0x17, 0xE4, 0x0F, 0xE2, 0x5F, 0x0C, 0xD7, 0x9A, 0x06,
    0xFF, 0xFF, 0xAE, 0x36, 0x57, 0x4D, 0x27, 0xE6, 0x17, 0xE3, 0x17, 0xE3, 0x17, 0xE4, 0x17, 0xE4,
    0x17, 0xE4, 0x17, 0xE4, 0x17, 0xE4, 0x17, 0xE4, 0x17, 0xE4, 0x17, 0xE4, 0x17, 0xE4, 0x17, 0xE4,
    0x17, 0xE4, 0x17, 0xE4, 0x17, 0xE4, 0x17, 0xE4, 0x17, 0xE4, 0x17, 0xE4, 0x17, 0xE4, 0x17, 0xE4,
    0x17, 0xE4, 0x17, 0xE4, 0x17, 0xE4, 0x17, 0xE4, 0x17, 0xE4, 0x17, 0xE4, 0x17, 0xE4, 0x17, 0xE4,
    0x17, 0xE4, 0x17, 0xE4, 0x17, 0xE4, 0x17, 0xE4, 0x17, 0xE4, 0x17, 0xE4, 0x17, 0xE4, 0x17, 0xE4,
    0x17, 0xE4, 0x17, 0xE4, 0x17, 0xE4, 0x17, 0xE4, 0x17, 0xE4, 0x17, 0xE4, 0x17, 0xE4, 0x17, 0xE4,
    0x17, 0xE4, 0x17, 0xE4, 0x17, 0xE4, 0x17, 0xE4, 0x17, 0xE4, 0x17, 0xE4, 0x17, 0xE4, 0x17, 0xE4,
    0x17, 0xE4, 0x17, 0xE4, 0x17, 0xE4, 0x17, 0xE4, 0x17, 0xE4, 0x17, 0xE4, 0x17, 0xE4, 0x17, 0xE4,
    0x17, 0xE4, 0xCE, 0x17, 0xE4, 0x17, 0xE4, 0x17, 0xE4, 0x17, 0xE4, 0x17, 0xE4, 0x17, 0xE4, 0x17,
    0xE4, 0x17, 0xE4, 0x17, 0xE4, 0x17, 0xE4, 0x17, 0xE4, 0x17, 0xE4, 0x17, 0xE4, 0x17, 0xE4, 0x17,
    0xE4, 0x17, 0xE4, 0x17, 0xE4, 0x17, 0xE4, 0x17, 0xE4, 0x17, 0xE4, 0x17, 0xE4, 0x17, 0xE4, 0x17,
    0xE4, 0x17, 0xE4, 0x17, 0xE4, 0x17, 0xE4, 0x17, 0xE4, 0x17, 0xE4, 0x17, 0xE4, 0x17, 0xE4, 0x17,
    0xE4, 0x17, 0xE4, 0x17, 0xE4, 0x17, 0xE4, 0x17, 0xE4, 0x17, 0xE4, 0x17, 0xE3, 0x17, 0xE3, 0x7F,
    0xF1, 0xF7, 0x02, 0xFF, 0xB6, 0xDF, 0xFF, 0xDF, 0xFF, 0xDE, 0xFF, 0xDE, 0xFF, 0xBE, 0xA6, 0x34,
    0x47, 0xAA, 0x17, 0xE5, 0x17, 0xE4, 0x17, 0xE4, 0x17, 0xE4, 0x17, 0xE4, 0x17, 0xE4, 0x17, 0xE4,
    0x17, 0xE4, 0x17, 0xE4, 0x17, 0xE4, 0x17, 0xE4, 0x17, 0xE4, 0x17, 0xE4, 0x17, 0xE4, 0x17, 0xE4,
    0x17, 0xE4, 0x17, 0xE4, 0x0F, 0xE3, 0x1F, 0x84, 0x8F, 0x12, 0xF7, 0xDD, 0x04, 0xFF, 0xFF, 0xC6,
    0x59, 0x6D, 0xAE, 0x4F, 0xCA, 0x27, 0xE5, 0x17, 0xE3, 0x17, 0xE4, 0x17, 0xE4, 0x17, 0xE4, 0x17,
    0xE4, 0x17, 0xE4, 0x17, 0xE4, 0x17, 0xE4, 0x17, 0xE4, 0x17, 0xE4, 0x17, 0xE4, 0x17, 0xE4, 0x17,
    0xE4, 0x17, 0xE4, 0x17, 0xE4, 0x17, 0xE4, 0x17, 0xE4, 0x17, 0xE4, 0x17, 0xE4, 0x17, 0xE4, 0x17,
    0xE4, 0x17, 0xE4, 0x17, 0xE4, 0x17, 0xE4, 0x17, 0xE4, 0x17, 0xE4, 0x17, 0xE4, 0x17, 0xE4, 0x17,
    0xE4, 0x17, 0xE4, 0x17, 0xE4, 0x17, 0xE4, 0x17, 0xE4, 0x17, 0xE4, 0x17, 0xE4, 0x17, 0xE4, 0x17,
    0xE4, 0x17, 0xE4, 0x17, 0xE4, 0x17, 0xE4, 0x17, 0xE4, 0x17, 0xE4, 0x17, 0xE4, 0x17, 0xE4, 0x17,
    0xE4, 0x17, 0xE4, 0x17, 0xE4, 0x17, 0xE4, 0x17, 0xE4, 0x17, 0xE4, 0x17, 0xE4, 0x17, 0xE4, 0x17,
    0xE4, 0x17, 0xE4, 0x17, 0xE4, 0x17, 0xE4, 0x17, 0xE4, 0x17, 0xE4, 0x17, 0xE4, 0x17, 0xE4, 0xFF,
    0x17, 0xE4, 0x17, 0xE4, 0x17, 0xE4, 0x17, 0xE4, 0x17, 0xE4, 0x17, 0xE4, 0x17, 0xE4, 0x17, 0xE4,
    0x17, 0xE4, 0x17, 0xE4, 0x17, 0xE4, 0x17, 0xE4, 0x17, 0xE4, 0x17, 0xE4, 0x17, 0xE4, 0x17, 0xE4,
    0x17, 0xE4, 0x17, 0xE4, 0x17, 0xE4, 0x17, 0xE4, 0x17, 0xE4, 0x17, 0xE4, 0x17, 0xE4, 0x17, 0xE4,
    0x17, 0xE4, 0x17, 0xE4, 0x17, 0xE4, 0x17, 0xE4, 0x17, 0xE4, 0x17, 0xE4, 0x17, 0xE4, 0x17, 0xE4,
    0x17, 0xE4, 0x17, 0xE4, 0x17, 0xE4, 0x17, 0xE4, 0x17, 0xE3, 0x17, 0xE3, 0x77, 0xEF, 0xF7, 0xFE,
    0xFF, 0xDF, 0xFF, 0xDF, 0xFF, 0xDF, 0xFF, 0xDF, 0xF7, 0xBE, 0x86, 0x51, 0x37, 0xE9, 0x17, 0xE4,
    0x17, 0xE4, 0x17, 0xE4, 0x17, 0xE4, 0x17, 0xE4, 0x17, 0xE4, 0x17, 0xE4, 0x17, 0xE4, 0x17, 0xE4,
    0x17, 0xE4, 0x17, 0xE4, 0x17, 0xE4, 0x17, 0xE4, 0x17, 0xE4, 0x17, 0xE4, 0x17, 0xE4, 0x17, 0xE4,
    0x87, 0x17, 0xE3, 0x0F, 0xE3, 0x4F, 0x0B, 0xDF, 0xBB, 0x04, 0xFF, 0xFF, 0xEF, 0x1D, 0x8C, 0xF0,
    0x76, 0x8E, 0x47, 0xEA, 0x27, 0xE6, 0x17, 0xE4, 0x17, 0xE4, 0x17, 0xE4, 0x17, 0xE4, 0x17, 0xE4,
    0x17, 0xE4, 0x17, 0xE4, 0x17, 0xE4, 0x17, 0xE4, 0x17, 0xE4, 0x17, 0xE4, 0x17, 0xE4, 0x17, 0xE4,
    0x17, 0xE4, 0x17, 0xE4, 0x17, 0xE4, 0x17, 0xE4, 0x17, 0xE4, 0x17, 0xE4, 0x17, 0xE4, 0x17, 0xE4,
    0x17, 0xE4, 0x17, 0xE4, 0x17, 0xE4, 0x17, 0xE4, 0x17, 0xE4, 0x17, 0xE4, 0x17, 0xE4, 0x17, 0xE4,
    0x17, 0xE4, 0x17, 0xE4, 0x17, 0xE4, 0x17, 0xE4, 0x17, 0xE4, 0x17, 0xE4, 0x17, 0xE4, 0x17, 0xE4,
    0x17, 0xE4, 0x17, 0xE4, 0x17, 0xE4, 0x17, 0xE4, 0x17, 0xE4, 0x17, 0xE4, 0x17, 0xE4, 0x17, 0xE4,
    0x17, 0xE4, 0x17, 0xE4, 0x17, 0xE4, 0x17, 0xE4, 0x17, 0xE4, 0x17, 0xE4, 0x17, 0xE4, 0x17, 0xE4,
    0x17, 0xE4, 0x17, 0xE4, 0x17, 0xE4, 0x17, 0xE4, 0x17, 0xE4, 0x17, 0xE4, 0xCF, 0x17, 0xE4, 0x17,
    0xE4, 0x17, 0xE4, 0x17, 0xE4, 0x17, 0xE4, 0x17, 0xE4, 0x17, 0xE4, 0x17, 0xE4, 0x17, 0xE4, 0x17,
    0xE4, 0x17, 0xE4, 0x17, 0xE4, 0x17, 0xE4, 0x17, 0xE4, 0x17, 0xE4, 0x17, 0xE4, 0x17, 0xE4, 0x17,
    0xE4, 0x17, 0xE4, 0x17, 0xE4, 0x17, 0xE4, 0x17, 0xE4, 0x17, 0xE4, 0x17, 0xE4, 0x17, 0xE4, 0x17,
    0xE4, 0x17, 0xE4, 0x17, 0xE4, 0x17, 0xE4, 0x17, 0xE4, 0x17, 0xE4, 0x17, 0xE4, 0x17, 0xE4, 0x17,
    0xE4, 0x17, 0xE4, 0x17, 0xE4, 0x17, 0xE3, 0x17, 0xE3, 0x67, 0xCE, 0xF7, 0xFE, 0x05, 0xFF, 0x80,
    0xDF, 0x02, 0xFF, 0xB1, 0xEF, 0x9D, 0x6E, 0x8F, 0x27, 0xE8, 0x17, 0xE4, 0x17, 0xE4, 0x17, 0xE4,
    0x17, 0xE4, 0x17, 0xE4, 0x17, 0xE4, 0x17, 0xE4, 0x17, 0xE4, 0x17, 0xE4, 0x17, 0xE4, 0x17, 0xE4,
    0x17, 0xE4, 0x17, 0xE4, 0x17, 0xE4, 0x17, 0xE4, 0x17, 0xE4, 0x17, 0xE4, 0x17, 0xE3, 0x17, 0xE4,
    0x2F, 0x67, 0xB7, 0x16, 0xFF, 0xDF, 0x03, 0xFF, 0xFF, 0xDF, 0xAD, 0xB5, 0x9E, 0x33, 0x66, 0x6D,
    0x47, 0xEA, 0x1F, 0xE5, 0x17, 0xE4, 0x17, 0xE4, 0x17, 0xE4, 0x17, 0xE4, 0x17, 0xE4, 0x17, 0xE4,
    0x17, 0xE4, 0x17, 0xE4, 0x17, 0xE4, 0x17, 0xE4, 0x17, 0xE4, 0x17, 0xE4, 0x17, 0xE4, 0x17, 0xE4,
    0x17, 0xE4, 0x17, 0xE4, 0x17, 0xE4, 0x17, 0xE4, 0x17, 0xE4, 0x17, 0xE4, 0x17, 0xE4, 0x17, 0xE4,
    0x17, 0xE4, 0x17, 0xE4, 0x17, 0xE4, 0x17, 0xE4, 0x17, 0xE4, 0x17, 0xE4, 0x17, 0xE4, 0x17, 0xE4,
    0x17, 0xE4, 0x17, 0xE4, 0x17, 0xE4, 0x17, 0xE4, 0x17, 0xE4, 0x17, 0xE4, 0x17, 0xE4, 0x17, 0xE4,
    0x17, 0xE4, 0x17, 0xE4, 0x17, 0xE4, 0x17, 0xE4, 0x17, 0xE4, 0x17, 0xE4, 0x17, 0xE4, 0x17, 0xE4,
    0x17, 0xE4, 0x17, 0xE4, 0x17, 0xE4, 0x17, 0xE4, 0x17, 0xE4, 0x17, 0xE4, 0x17, 0xE4, 0x17, 0xE4,
    0x17, 0xE4, 0x17, 0xE4, 0x17, 0xE4, 0x17, 0xE4, 0x17, 0xCE, 0xE4, 0x17, 0xE4, 0x17, 0xE4, 0x17,
    0xE4, 0x17, 0xE4, 0x17, 0xE4, 0x17, 0xE4, 0x17, 0xE4, 0x17, 0xE4, 0x17, 0xE4, 0x17, 0xE4, 0x17,
    0xE4, 0x17, 0xE4, 0x17, 0xE4, 0x17, 0xE4, 0x17, 0xE4, 0x17, 0xE4, 0x17, 0xE4, 0x17, 0xE4, 0x17,
    0xE4, 0x17, 0xE4, 0x17, 0xE4, 0x17, 0xE4, 0x17, 0xE4, 0x17, 0xE4, 0x17, 0xE4, 0x17, 0xE4, 0x17,
    0xE4, 0x17, 0xE4, 0x17, 0xE4, 0x17, 0xE4, 0x17, 0xE4, 0x17, 0xE4, 0x17, 0xE4, 0x17, 0xE4, 0x17,
    0xE4, 0x17, 0xE3, 0x17, 0xE3, 0x4F, 0xEB, 0xE7, 0xFC, 0x08, 0xFF, 0xB3, 0xC6, 0xD9, 0x4F, 0x2C,
    0x1F, 0xE6, 0x17, 0xE4, 0x17, 0xE4, 0x17, 0xE4, 0x17, 0xE4, 0x17, 0xE4, 0x17, 0xE4, 0x17, 0xE4,
    0x17, 0xE4, 0x17, 0xE4, 0x17, 0xE4, 0x17, 0xE4, 0x17, 0xE4, 0x17, 0xE4, 0x17, 0xE4, 0x17, 0xE4,
    0x17, 0xE4, 0x17, 0xE3, 0x17, 0xE3, 0x17, 0xE3, 0x17, 0xE4, 0x6E, 0xCE, 0xEF, 0x7C, 0xFF, 0xDF,
    0x02, 0xFF, 0xFF, 0xDE, 0xDA, 0xCE, 0x79, 0x9D, 0xD3, 0x67, 0x4D, 0x27, 0xE6, 0x17, 0xE4, 0x17,
    0xE4, 0x17, 0xE4, 0x17, 0xE4, 0x17, 0xE4, 0x17, 0xE4, 0x17, 0xE4, 0x17, 0xE4, 0x17, 0xE4, 0x17,
    0xE4, 0x17, 0xE4, 0x17, 0xE4, 0x17, 0xE4, 0x17, 0xE4, 0x17, 0xE4, 0x17, 0xE4, 0x17, 0xE4, 0x17,
    0xE4, 0x17, 0xE4, 0x17, 0xE4, 0x17, 0xE4, 0x17, 0xE4, 0x17, 0xE4, 0x17, 0xE4, 0x17, 0xE4, 0x17,
    0xE4, 0x17, 0xE4, 0x17, 0xE4, 0x17, 0xE4, 0x17, 0xE4, 0x17, 0xE4, 0x17, 0xE4, 0x17, 0xE4, 0x17,
    0xE4, 0x17, 0xE4, 0x17, 0xE4, 0x17, 0xE4, 0x17, 0xE4, 0x17, 0xE4, 0x17, 0xE4, 0x17, 0xE4, 0x17,
    0xE4, 0x17, 0xE4, 0x17, 0xE4, 0x17, 0xE4, 0x17, 0xE4, 0x17, 0xE4, 0x17, 0xE4, 0x17, 0xE4, 0x17,
    0xE4, 0x17, 0xE4, 0x17, 0xE4, 0x17, 0xE4, 0x17, 0xE4, 0x17, 0xE4, 0x17, 0xE4, 0x17, 0xE4, 0x17,
    0xE4, 0x17, 0xE4, 0xCD, 0x17, 0xE4, 0x17, 0xE4, 0x17, 0xE4, 0x17, 0xE4, 0x17, 0xE4, 0x17, 0xE4,
    0x17, 0xE4, 0x17, 0xE4, 0x17, 0xE4, 0x17, 0xE4, 0x17, 0xE4, 0x17, 0xE4, 0x17, 0xE4, 0x17, 0xE4,
    0x17, 0xE4, 0x17, 0xE4, 0x17, 0xE4, 0x17, 0xE4, 0x17, 0xE4, 0x17, 0xE4, 0x17, 0xE4, 0x17, 0xE4,
    0x17, 0xE4, 0x17, 0xE4, 0x17, 0xE4, 0x17, 0xE4, 0x17, 0xE4, 0x17, 0xE4, 0x17, 0xE4, 0x17, 0xE4,
    0x17, 0xE4, 0x17, 0xE4, 0x17, 0xE4, 0x17, 0xE4, 0x17, 0xE4, 0x17, 0xE3, 0x17, 0xE3, 0x4F, 0xEA,
    0xDF, 0xFB, 0x07, 0xFF, 0xB4, 0xDF, 0x9E, 0x95, 0x3F, 0xCA, 0x17, 0xE4, 0x17, 0xE4, 0x17, 0xE4,
    0x17, 0xE4, 0x17, 0xE4, 0x17, 0xE4, 0x17, 0xE4, 0x17, 0xE4, 0x17, 0xE4, 0x17, 0xE4, 0x17, 0xE4,
    0x17, 0xE4, 0x17, 0xE4, 0x17, 0xE4, 0x17, 0xE4, 0x17, 0xE4, 0x17, 0xE4, 0x17, 0xE4, 0x17, 0xE3,
    0x17, 0xE3, 0x17, 0xE3, 0x46, 0xC8, 0xCE, 0xD8, 0xFF, 0xBF, 0x02, 0xFF, 0xFF, 0xF7, 0xBE, 0xDE,
    0xDB, 0xB5, 0xD6, 0x66, 0x2D, 0x37, 0xE8, 0x17, 0xE4, 0x17, 0xE4, 0x17, 0xE4, 0x17, 0xE4, 0x17,
    0xE4, 0x17, 0xE4, 0x17, 0xE4, 0x17, 0xE4, 0x17, 0xE4, 0x17, 0xE4, 0x17, 0xE4, 0x17, 0xE4, 0x17,
    0xE4, 0x17, 0xE4, 0x17, 0xE4, 0x17, 0xE4, 0x17, 0xE4, 0x17, 0xE4, 0x17, 0xE4, 0x17, 0xE4, 0x17,
    0xE4, 0x17, 0xE4, 0x17, 0xE4, 0x17, 0xE4, 0x17, 0xE4, 0x17, 0xE4, 0x17, 0xE4, 0x17, 0xE4, 0x17,
    0xE4, 0x17, 0xE4, 0x17, 0xE4, 0x17, 0xE4, 0x17, 0xE4, 0x17, 0xE4, 0x17, 0xE4, 0x17, 0xE4, 0x17,
    0xE4, 0x17, 0xE4, 0x17, 0xE4, 0x17, 0xE4, 0x17, 0xE4, 0x17, 0xE4, 0x17, 0xE4, 0x17, 0xE4, 0x17,
    0xE4, 0x17, 0xE4, 0x17, 0xE4, 0x17, 0xE4, 0x17, 0xE4, 0x17, 0xE4, 0x17, 0xE4, 0x17, 0xE4, 0x17,
    0xE4, 0x17, 0xE4, 0x17, 0xE4, 0x17, 0xE4, 0x17, 0xE4, 0x17, 0xE4, 0x17, 0xE4, 0xCD, 0x17, 0xE4,
    0x17, 0xE4, 0x17, 0xE4, 0x17, 0xE4, 0x17, 0xE4, 0x17, 0xE4, 0x17, 0xE4, 0x17, 0xE4, 0x17, 0xE4,
    0x17, 0xE4, 0x17, 0xE4, 0x17, 0xE4, 0x17, 0xE4, 0x17, 0xE4, 0x17, 0xE4, 0x17, 0xE4, 0x17, 0xE4,
    0x17, 0xE4, 0x17, 0xE4, 0x17, 0xE4, 0x17, 0xE4, 0x17, 0xE4, 0x17, 0xE4, 0x17, 0xE4, 0x17, 0xE4,
    0x17, 0xE4, 0x17, 0xE4, 0x17, 0xE4, 0x17, 0xE4, 0x17, 0xE4, 0x17, 0xE4, 0x17, 0xE4, 0x17, 0xE4,
    0x17, 0xE4, 0x17, 0xE4, 0x17, 0xE3, 0x17, 0xE3, 0x47, 0xEA, 0xD7, 0xFB, 0x06, 0xFF, 0xB5, 0xF7,
    0xBE, 0x7E, 0x91, 0x2F, 0xE8, 0x17, 0xE4, 0x17, 0xE4, 0x17, 0xE4, 0x17, 0xE4, 0x17, 0xE4, 0x17,
    0xE4, 0x17, 0xE4, 0x17, 0xE4, 0x17, 0xE4, 0x17, 0xE4, 0x17, 0xE4, 0x17, 0xE4, 0x17, 0xE4, 0x17,
    0xE4, 0x17, 0xE4, 0x17, 0xE4, 0x17, 0xE4, 0x17, 0xE3, 0x17, 0xE3, 0x17, 0xE3, 0x17, 0xE4, 0x2E,
    0xC5, 0xAE, 0x14, 0xF7, 0x3D, 0x03, 0xFF, 0x02, 0xDE, 0xFF, 0xDB, 0xC5, 0xD7, 0x5C, 0xEB, 0x3F,
    0xE9, 0x17, 0xE4, 0x17, 0xE4, 0x17, 0xE4, 0x17, 0xE4, 0x17, 0xE4, 0x17, 0xE4, 0x17, 0xE4, 0x17,
    0xE4, 0x17, 0xE4, 0x17, 0xE4, 0x17, 0xE4, 0x17, 0xE4, 0x17, 0xE4, 0x17, 0xE4, 0x17, 0xE4, 0x17,
    0xE4, 0x17, 0xE4, 0x17, 0xE4, 0x17, 0xE4, 0x17, 0xE4, 0x17, 0xE4, 0x17, 0xE4, 0x17, 0xE4, 0x17,
    0xE4, 0x17, 0xE4, 0x17, 0xE4, 0x17, 0xE4, 0x17, 0xE4, 0x17, 0xE4, 0x17, 0xE4, 0x17, 0xE4, 0x17,
    0xE4, 0x17, 0xE4, 0x17, 0xE4, 0x17, 0xE4, 0x17, 0xE4, 0x17, 0xE4, 0x17, 0xE4, 0x17, 0xE4, 0x17,
    0xE4, 0x17, 0xE4, 0x17, 0xE4, 0x17, 0xE4, 0x17, 0xE4, 0x17, 0xE4, 0x17, 0xE4, 0x17, 0xE4, 0x17,
    0xE4, 0x17, 0xE4, 0x17, 0xE4, 0x17, 0xE4, 0x17, 0xE4, 0x17, 0xE4, 0x17, 0xE4, 0x17, 0xE4, 0x17,
    0xE4, 0x17, 0xE4, 0x17, 0xE4, 0x17, 0xE4, 0x17, 0xE4, 0x17, 0xCA, 0xE4, 0x17, 0xE4, 0x17, 0xE4,
    0x17, 0xE4, 0x17, 0xE4, 0x17, 0xE4, 0x17, 0xE4, 0x17, 0xE4, 0x17, 0xE4, 0x17, 0xE4, 0x17, 0xE4,
    0x17, 0xE4, 0x17, 0xE4, 0x17, 0xE4, 0x17, 0xE4, 0x17, 0xE4, 0x17, 0xE4, 0x17, 0xE4, 0x17, 0xE4,
    0x17, 0xE4, 0x17, 0xE4, 0x17, 0xE4, 0x17, 0xE4, 0x17, 0xE4, 0x17, 0xE4, 0x17, 0xE4, 0x17, 0xE4,
    0x17, 0xE4, 0x17, 0xE4, 0x17, 0xE4, 0x17, 0xE4, 0x17, 0xE4, 0x17, 0xE4, 0x17, 0xE4, 0x17, 0xE3,
    0x17, 0xE4, 0x47, 0xC9, 0xD7, 0xFB, 0x06, 0xFF, 0xFF, 0xE7, 0x7D, 0x6E, 0x8F, 0x2F, 0xE7, 0x17,
    0xE4, 0x17, 0xE4, 0x17, 0xE4, 0x17, 0xE4, 0x17, 0xE4, 0x17, 0xE4, 0x17, 0xE4, 0x17, 0xE4, 0x17,
    0xE4, 0x17, 0xE4, 0x17, 0xE4, 0x17, 0xE4, 0x17, 0xE4, 0x17, 0xE4, 0x17, 0xE4, 0x17, 0xE4, 0x17,
    0xE4, 0x17, 0xE3, 0x17, 0xE3, 0x17, 0xE3, 0x17, 0xE4, 0x27, 0x45, 0x95, 0xB1, 0xF6, 0xDC, 0xFF,
    0xDF, 0xFF, 0xDF, 0xDE, 0xDA, 0xD6, 0x18, 0x5C, 0x6A, 0x47, 0xE9, 0x17, 0xE4, 0x17, 0xE4, 0x17,
    0xE4, 0x17, 0xE4, 0x17, 0xE4, 0x17, 0xE4, 0x17, 0xE4, 0x17, 0xE4, 0x17, 0xE4, 0x17, 0xE4, 0x17,
    0xE4, 0x17, 0xE4, 0x17, 0xE4, 0x17, 0xE4, 0x17, 0xE4, 0x17, 0xE4, 0x17, 0xE4, 0x17, 0xE4, 0x17,
    0xE4, 0x17, 0xE4, 0x17, 0xE4, 0x17, 0xE4, 0x17, 0xE4, 0x17, 0xE4, 0x17, 0xE4, 0x17, 0xE4, 0x17,
    0xE4, 0x17, 0xE4, 0x17, 0xE4, 0x17, 0xE4, 0x17, 0xE4, 0xFF, 0x17, 0xE4, 0x17, 0xE4, 0x17, 0xE4,
    0x17, 0xE4, 0x17, 0xE4, 0x17, 0xE4, 0x17, 0xE4, 0x17, 0xE4, 0x17, 0xE4, 0x17, 0xE4, 0x17, 0xE4,
    0x17, 0xE4, 0x17, 0xE4, 0x17, 0xE4, 0x17, 0xE4, 0x17, 0xE4, 0x17, 0xE4, 0x17, 0xE4, 0x17, 0xE4,
    0x17, 0xE4, 0x17, 0xE4, 0x17, 0xE4, 0x17, 0xE4, 0x17, 0xE4, 0x17, 0xE4, 0x17, 0xE4, 0x17, 0xE4,
    0x17, 0xE4, 0x17, 0xE4, 0x17, 0xE4, 0x17, 0xE4, 0x17, 0xE4, 0x17, 0xE4, 0x17, 0xE4, 0x17, 0xE4,
    0x17, 0xE4, 0x17, 0xE4, 0x17, 0xE4, 0x17, 0xE4, 0x17, 0xE4, 0x17, 0xE4, 0x17, 0xE4, 0x17, 0xE4,
    0x17, 0xE4, 0x17, 0xE4, 0x17, 0xE4, 0x17, 0xE4, 0x17, 0xE4, 0x17, 0xE4, 0x17, 0xE4, 0x17, 0xE4,
    0x17, 0xE4, 0x17, 0xE4, 0x17, 0xE4, 0x17, 0xE4, 0x17, 0xE4, 0x17, 0xE4, 0x17, 0xE4, 0x17, 0xE4,
    0x17, 0xE4, 0x17, 0xE4, 0x17, 0xE4, 0x17, 0xE4, 0x17, 0xE3, 0x85, 0x17, 0xE3, 0x47, 0xC9, 0xD7,
    0xFB, 0x06, 0xFF, 0xFF, 0xCF, 0x19, 0x5E, 0xEC, 0x27, 0xE6, 0x17, 0xE4, 0x17, 0xE4, 0x17, 0xE4,
    0x17, 0xE4, 0x17, 0xE4, 0x17, 0xE4, 0x17, 0xE4, 0x17, 0xE4, 0x17, 0xE4, 0x17, 0xE4, 0x17, 0xE4,
    0x17, 0xE4, 0x17, 0xE4, 0x17, 0xE4, 0x17, 0xE4, 0x17, 0xE4, 0x17, 0xE4, 0x17, 0xE4, 0x17, 0xE4,
    0x17, 0xE3, 0x17, 0xE4, 0x1F, 0xA4, 0x7D, 0x8F, 0xE6, 0x7B, 0xF7, 0x5D, 0xF7, 0x5D, 0xDE, 0x79,
    0xD6, 0x58, 0x6C, 0x6B, 0x4F, 0xC9, 0x17, 0xE4, 0x17, 0xE4, 0x17, 0xE4, 0x17, 0xE4, 0x17, 0xE4,
    0x17, 0xE4, 0x17, 0xE4, 0x17, 0xE4, 0x17, 0xE4, 0x17, 0xE4, 0x17, 0xE4, 0x17, 0xE4, 0x17, 0xE4,
    0x17, 0xE4, 0x17, 0xE4, 0x17, 0xE4, 0x17, 0xE4, 0x17, 0xE4, 0x17, 0xE4, 0x17, 0xE4, 0x17, 0xE4,
    0x17, 0xE4, 0x17, 0xE4, 0x17, 0xE4, 0x17, 0xE4, 0x17, 0xE4, 0x17, 0xE4, 0x17, 0xE4, 0x17, 0xE4,
    0x17, 0xE4, 0x17, 0xE4, 0xFF, 0x17, 0xE4, 0x17, 0xE4, 0x17, 0xE4, 0x17, 0xE4, 0x17, 0xE4, 0x17,
    0xE4, 0x17, 0xE4, 0x17, 0xE4, 0x17, 0xE4, 0x17, 0xE4, 0x17, 0xE4, 0x17, 0xE4, 0x17, 0xE4, 0x17,
    0xE4, 0x17, 0xE4, 0x17, 0xE4, 0x17, 0xE4, 0x17, 0xE4, 0x17, 0xE4, 0x17, 0xE4, 0x17, 0xE4, 0x17,
    0xE4, 0x17, 0xE4, 0x17, 0xE4, 0x17, 0xE4, 0x17, 0xE4, 0x17, 0xE4, 0x17, 0xE4, 0x17, 0xE4, 0x17,
    0xE4, 0x17, 0xE4, 0x17, 0xE4, 0x17, 0xE4, 0x17, 0xE4, 0x17, 0xE4, 0x17, 0xE4, 0x17, 0xE4, 0x17,
    0xE4, 0x17, 0xE4, 0x17, 0xE4, 0x17, 0xE4, 0x17, 0xE4, 0x17, 0xE4, 0x17, 0xE4, 0x17, 0xE4, 0x17,
    0xE4, 0x17, 0xE4, 0x17, 0xE4, 0x17, 0xE4, 0x17, 0xE4, 0x17, 0xE4, 0x17, 0xE4, 0x17, 0xE4, 0x17,
    0xE4, 0x17, 0xE4, 0x17, 0xE4, 0x17, 0xE4, 0x17, 0xE4, 0x17, 0xE4, 0x17, 0xE4, 0x17, 0xE4, 0x17,
    0xE4, 0x17, 0xE4, 0x17, 0xE3, 0x85, 0x17, 0xE4, 0x3F, 0xC9, 0xD7, 0xFB, 0x06, 0xFF, 0xFF, 0xB6,
    0x75, 0x4F, 0x4A, 0x27, 0xE5, 0x17, 0xE4, 0x17, 0xE4, 0x17, 0xE4, 0x17, 0xE4, 0x17, 0xE4, 0x17,
    0xE4, 0x17, 0xE4, 0x17, 0xE4, 0x17, 0xE4, 0x17, 0xE4, 0x17, 0xE4, 0x17, 0xE4, 0x17, 0xE4, 0x17,
    0xE4, 0x17, 0xE4, 0x17, 0xE4, 0x17, 0xE4, 0x17, 0xE4, 0x17, 0xE4, 0x17, 0xE4, 0x17, 0xE3, 0x17,
    0xE4, 0x55, 0x4B, 0xBD, 0x96, 0xDE, 0x7A, 0xE6, 0xBA, 0xDE, 0x99, 0xDE, 0x7A, 0x7C, 0x8D, 0x57,
    0x49, 0x1F, 0xE4, 0x17, 0xE4, 0x17, 0xE4, 0x17, 0xE4, 0x17, 0xE4, 0x17, 0xE4, 0x17, 0xE4, 0x17,
    0xE4, 0x17, 0xE4, 0x17, 0xE4, 0x17, 0xE4, 0x17, 0xE4, 0x17, 0xE4, 0x17, 0xE4, 0x17, 0xE4, 0x17,
    0xE4, 0x17, 0xE4, 0x17, 0xE4, 0x17, 0xE4, 0x17, 0xE4, 0x17, 0xE4, 0x17, 0xE4, 0x17, 0xE4, 0x17,
    0xE4, 0x17, 0xE4, 0x17, 0xE4, 0x17, 0xE4, 0x17, 0xE4, 0x17, 0xE4, 0x17, 0xE4, 0x17, 0xE4, 0xFF,
    0x17, 0xE4, 0x17, 0xE4, 0x17, 0xE4, 0x17, 0xE4, 0x17, 0xE4, 0x17, 0xE4, 0x17, 0xE4, 0x17, 0xE4,
    0x17, 0xE4, 0x17, 0xE4, 0x17, 0xE4, 0x17, 0xE4, 0x17, 0xE4, 0x17, 0xE4, 0x17, 0xE4, 0x17, 0xE4,
    0x17, 0xE4, 0x17, 0xE4, 0x17, 0xE4, 0x17, 0xE4, 0x17, 0xE4, 0x17, 0xE4, 0x17, 0xE4, 0x17, 0xE4,
    0x17, 0xE4, 0x17, 0xE4, 0x17, 0xE4, 0x17, 0xE4, 0x17, 0xE4, 0x17, 0xE4, 0x17, 0xE4, 0x17, 0xE4,
    0x17, 0xE4, 0x17, 0xE4, 0x17, 0xE4, 0x17, 0xE4, 0x17, 0xE4, 0x17, 0xE4, 0x17, 0xE4, 0x17, 0xE4,
    0x17, 0xE4, 0x17, 0xE4, 0x17, 0xE4, 0x17, 0xE4, 0x17, 0xE4, 0x17, 0xE4, 0x17, 0xE4, 0x17, 0xE4,
    0x17, 0xE4, 0x17, 0xE4, 0x17, 0xE4, 0x17, 0xE4, 0x17, 0xE4, 0x17, 0xE4, 0x17, 0xE4, 0x17, 0xE4,
    0x17, 0xE4, 0x17, 0xE4, 0x17, 0xE4, 0x17, 0xE4, 0x17, 0xE4, 0x17, 0xE4, 0x17, 0xE4, 0x17, 0xE3,
    0x85, 0x17, 0xE4, 0x3F, 0xC9, 0xD7, 0xFB, 0x05, 0xFF, 0xFF, 0xDF, 0xA6, 0x13, 0x47, 0x89, 0x1F,
    0xE5, 0x17, 0xE4, 0x17, 0xE4, 0x17, 0xE4, 0x17, 0xE4, 0x17, 0xE4, 0x17, 0xE4, 0x17, 0xE4, 0x17,
    0xE4, 0x17, 0xE4, 0x17, 0xE4, 0x17, 0xE4, 0x17, 0xE4, 0x17, 0xE4, 0x17, 0xE4, 0x17, 0xE4, 0x17,
    0xE4, 0x17, 0xE4, 0x17, 0xE4, 0x17, 0xE4, 0x17, 0xE4, 0x17, 0xE4, 0x17, 0xE4, 0x4E, 0x09, 0xDE,
    0xD9, 0xEE, 0xFC, 0xE6, 0xBA, 0xD6, 0x38, 0xDE, 0x9A, 0x94, 0xB1, 0x56, 0x6B, 0x1F, 0xE5, 0x17,
    0xE4, 0x17, 0xE4, 0x17, 0xE4, 0x17, 0xE4, 0x17, 0xE4, 0x17, 0xE4, 0x17, 0xE4, 0x17, 0xE4, 0x17,
    0xE4, 0x17, 0xE4, 0x17, 0xE4, 0x17, 0xE4, 0x17, 0xE4, 0x17, 0xE4, 0x17, 0xE4, 0x17, 0xE4, 0x17,
    0xE4, 0x17, 0xE4, 0x17, 0xE4, 0x17, 0xE4, 0x17, 0xE4, 0x17, 0xE4, 0x17, 0xE4, 0x17, 0xE4, 0x17,
    0xE4, 0x17, 0xE4, 0x17, 0xE4, 0x17, 0xE4, 0x17, 0xE4, 0x17, 0xFF, 0xE4, 0x17, 0xE4, 0x17, 0xE4,
    0x17, 0xE4, 0x17, 0xE4, 0x17, 0xE4, 0x17, 0xE4, 0x17, 0xE4, 0x17, 0xE4, 0x17, 0xE4, 0x17, 0xE4,
    0x17, 0xE4, 0x17, 0xE4, 0x17, 0xE4, 0x17, 0xE4, 0x17, 0xE4, 0x17, 0xE4, 0x17, 0xE4, 0x17, 0xE4,
    0x17, 0xE4, 0x17, 0xE4, 0x17, 0xE4, 0x17, 0xE4, 0x17, 0xE4, 0x17, 0xE4, 0x17, 0xE4, 0x17, 0xE4,
    0x17, 0xE4, 0x17, 0xE4, 0x17, 0xE4, 0x17, 0xE4, 0x17, 0xE4, 0x17, 0xE4, 0x17, 0xE4, 0x17, 0xE4,
    0x17, 0xE4, 0x17, 0xE4, 0x17, 0xE4, 0x17, 0xE4, 0x17, 0xE4, 0x17, 0xE4, 0x17, 0xE4, 0x17, 0xE4,
    0x17, 0xE4, 0x17, 0xE4, 0x17, 0xE4, 0x17, 0xE4, 0x17, 0xE4, 0x17, 0xE4, 0x17, 0xE4, 0x17, 0xE4,
    0x17, 0xE4, 0x17, 0xE4, 0x17, 0xE4, 0x17, 0xE4, 0x17, 0xE4, 0x17, 0xE4, 0x17, 0xE4, 0x17, 0xE4,
    0x17, 0xE4, 0x17, 0xE4, 0x17, 0xE4, 0x17, 0xE4, 0x17, 0xE4, 0x17, 0x86, 0xE3, 0x17, 0xE3, 0x3F,
    0xC9, 0xCF, 0xFA, 0x05, 0xFF, 0xFF, 0x9E, 0x9D, 0xD2, 0x47, 0xAA, 0x1F, 0xE4, 0x17, 0xE3, 0x17,
    0xE4, 0x17, 0xE4, 0x17, 0xE4, 0x17, 0xE4, 0x17, 0xE4, 0x17, 0xE4, 0x17, 0xE4, 0x17, 0xE4, 0x17,
    0xE4, 0x17, 0xE4, 0x17, 0xE4, 0x17, 0xE4, 0x17, 0xE4, 0x17, 0xE4, 0x17, 0xE4, 0x17, 0xE4, 0x17,
    0xE4, 0x17, 0xE4, 0x1F, 0xE4, 0x17, 0xE4, 0x1F, 0xE5, 0x35, 0xE5, 0xA5, 0x31, 0xCD, 0xB6, 0xDE,
    0x59, 0xC5, 0xD6, 0xE6, 0xDB, 0xAD, 0x35, 0x55, 0xCB, 0x27, 0xE6, 0x17, 0xE4, 0x17, 0xE4, 0x17,
    0xE4, 0x17, 0xE4, 0x17, 0xE4, 0x17, 0xE4, 0x17, 0xE4, 0x17, 0xE4, 0x17, 0xE4, 0x17, 0xE4, 0x17,
    0xE4, 0x17, 0xE4, 0x17, 0xE4, 0x17, 0xE4, 0x17, 0xE4, 0x17, 0xE4, 0x17, 0xE4, 0x17, 0xE4, 0x17,
    0xE4, 0x17, 0xE4, 0x17, 0xE4, 0x17, 0xE4, 0x17, 0xE4, 0x17, 0xE4, 0x17, 0xE4, 0x17, 0xE4, 0x17,
    0xE4, 0x17, 0xE4, 0x17, 0xE4, 0x17, 0xFF, 0xE4, 0x17, 0xE4, 0x17, 0xE4, 0x17, 0xE4, 0x17, 0xE4,
    0x17, 0xE4, 0x17, 0xE4, 0x17, 0xE4, 0x17, 0xE4, 0x17, 0xE4, 0x17, 0xE4, 0x17, 0xE4, 0x17, 0xE4,
    0x17, 0xE4, 0x17, 0xE4, 0x17, 0xE4, 0x17, 0xE4, 0x17, 0xE4, 0x17, 0xE4, 0x17, 0xE4, 0x17, 0xE4,
    0x17, 0xE4, 0x17, 0xE4, 0x17, 0xE4, 0x17, 0xE4, 0x17, 0xE4, 0x17, 0xE4, 0x17, 0xE4, 0x17, 0xE4,
    0x17, 0xE4, 0x17, 0xE4, 0x17, 0xE4, 0x17, 0xE4, 0x17, 0xE4, 0x17, 0xE4, 0x17, 0xE4, 0x17, 0xE4,
    0x17, 0xE4, 0x17, 0xE4, 0x17, 0xE4, 0x17, 0xE4, 0x17, 0xE4, 0x17, 0xE4, 0x17, 0xE4, 0x17, 0xE4,
    0x17, 0xE4, 0x17, 0xE4, 0x17, 0xE4, 0x17, 0xE4, 0x17, 0xE4, 0x17, 0xE4, 0x17, 0xE4, 0x17, 0xE4,
    0x17, 0xE4, 0x17, 0xE4, 0x17, 0xE4, 0x17, 0xE4, 0x17, 0xE4, 0x17, 0xE4, 0x17, 0xE4, 0x17, 0xE4,
    0x17, 0xE3, 0x17, 0xE3, 0x17, 0xE3, 0x17, 0x86, 0xE3, 0x17, 0xE3, 0x3F, 0xC9, 0xD7, 0xFA, 0x04,
    0xFF, 0xFF, 0xF7, 0x3D, 0x95, 0x71, 0x4F, 0xCA, 0x1F, 0xE4, 0x17, 0xE3, 0x17, 0xE4, 0x17, 0xE4,
    0x17, 0xE4, 0x17, 0xE4, 0x17, 0xE4, 0x17, 0xE4, 0x17, 0xE4, 0x17, 0xE4, 0x17, 0xE4, 0x17, 0xE4,
    0x17, 0xE4, 0x17, 0xE4, 0x17, 0xE4, 0x17, 0xE4, 0x17, 0xE4, 0x17, 0xE4, 0x17, 0xE4, 0x17, 0xE4,
    0x17, 0xE4, 0x17, 0xE4, 0x1F, 0xE4, 0x3E, 0xC7, 0xAD, 0xF3, 0xFF, 0x9E, 0xFF, 0x7D, 0xD6, 0x37,
    0xF7, 0x9D, 0xBD, 0xD7, 0x5D, 0xCB, 0x27, 0xE6, 0x0F, 0xE4, 0x17, 0xE4, 0x17, 0xE4, 0x17, 0xE4,
    0x17, 0xE4, 0x17, 0xE4, 0x17, 0xE4, 0x17, 0xE4, 0x17, 0xE4, 0x17, 0xE4, 0x17, 0xE4, 0x17, 0xE4,
    0x17, 0xE4, 0x17, 0xE4, 0x17, 0xE4, 0x17, 0xE4, 0x17, 0xE4, 0x17, 0xE4, 0x17, 0xE4, 0x17, 0xE4,
    0x17, 0xE4, 0x17, 0xE4, 0x17, 0xE4, 0x17, 0xE4, 0x17, 0xE4, 0x17, 0xE4, 0x17, 0xE4, 0x17, 0xE4,
    0x17, 0xE4, 0xFF, 0x17, 0xE4, 0x17, 0xE4, 0x17, 0xE4, 0x17, 0xE4, 0x17, 0xE4, 0x17, 0xE4, 0x17,
    0xE4, 0x17, 0xE4, 0x17, 0xE4, 0x17, 0xE4, 0x17, 0xE4, 0x17, 0xE4, 0x17, 0xE4, 0x17, 0xE4, 0x17,
    0xE4, 0x17, 0xE4, 0x17, 0xE4, 0x17, 0xE4, 0x17, 0xE4, 0x17, 0xE4, 0x17, 0xE4, 0x17, 0xE4, 0x17,
    0xE4, 0x17, 0xE4, 0x17, 0xE4, 0x17, 0xE4, 0x17, 0xE4, 0x17, 0xE4, 0x17, 0xE4, 0x17, 0xE4, 0x17,
    0xE4, 0x17, 0xE4, 0x17, 0xE4, 0x17, 0xE4, 0x17, 0xE4, 0x17, 0xE4, 0x17, 0xE4, 0x17, 0xE4, 0x17,
    0xE4, 0x17, 0xE4, 0x17, 0xE4, 0x17, 0xE4, 0x17, 0xE4, 0x17, 0xE4, 0x17, 0xE4, 0x17, 0xE4, 0x17,
    0xE4, 0x17, 0xE4, 0x17, 0xE4, 0x17, 0xE4, 0x17, 0xE4, 0x17, 0xE4, 0x17, 0xE4, 0x17, 0xE4, 0x17,
    0xE4, 0x17, 0xE4, 0x17, 0xE4, 0x17, 0xE4, 0x17, 0xE4, 0x17, 0xE4, 0x17, 0xE3, 0x17, 0xE3, 0x17,
    0xE3, 0x17, 0xE3, 0x87, 0x17, 0xE3, 0x17, 0xE4, 0x3F, 0xC9, 0xD7, 0xFB, 0x04, 0xFF, 0xFF, 0xEE,
    0xFC, 0x8D, 0x50, 0x4F, 0xEA, 0x1F, 0xE4, 0x17, 0xE4, 0x17, 0xE4, 0x17, 0xE4, 0x17, 0xE4, 0x17,
    0xE4, 0x17, 0xE4, 0x17, 0xE4, 0x17, 0xE4, 0x17, 0xE4, 0x17, 0xE4, 0x17, 0xE4, 0x17, 0xE4, 0x17,
    0xE4, 0x17, 0xE4, 0x17, 0xE4, 0x17, 0xE4, 0x17, 0xE4, 0x17, 0xE4, 0x17, 0xE4, 0x17, 0xE4, 0x17,
    0xE4, 0x1F, 0xE4, 0x57, 0x49, 0xB6, 0x14, 0xE6, 0x79, 0xDE, 0x58, 0xEE, 0xD9, 0xFF, 0xFE, 0xCD,
    0xF7, 0x5D, 0x8A, 0x27, 0xE6, 0x0F, 0xE3, 0x17, 0xE4, 0x17, 0xE4, 0x17, 0xE4, 0x17, 0xE4, 0x17,
    0xE4, 0x17, 0xE4, 0x17, 0xE4, 0x17, 0xE4, 0x17, 0xE4, 0x17, 0xE4, 0x17, 0xE4, 0x17, 0xE4, 0x17,
    0xE4, 0x17, 0xE4, 0x17, 0xE4, 0x17, 0xE4, 0x17, 0xE4, 0x17, 0xE4, 0x17, 0xE4, 0x17, 0xE4, 0x17,
    0xE4, 0x17, 0xE4, 0x17, 0xE4, 0x17, 0xE4, 0x17, 0xE4, 0x17, 0xE4, 0x17, 0xE4, 0x17, 0xE4, 0xFF,
    0x17, 0xE4, 0x17, 0xE4, 0x17, 0xE4, 0x17, 0xE4, 0x17, 0xE4, 0x17, 0xE4, 0x17, 0xE4, 0x17, 0xE4,
    0x17, 0xE4, 0x17, 0xE4, 0x17, 0xE4, 0x17, 0xE4, 0x17, 0xE4, 0x17, 0xE4, 0x17, 0xE4, 0x17, 0xE4,
    0x17, 0xE4, 0x17, 0xE4, 0x17, 0xE4, 0x17, 0xE4, 0x17, 0xE4, 0x17, 0xE4, 0x17, 0xE4, 0x17, 0xE4,
    0x17, 0xE4, 0x17, 0xE4, 0x17, 0xE4, 0x17, 0xE4, 0x17, 0xE4, 0x17, 0xE4, 0x17, 0xE4, 0x17, 0xE4,
    0x17, 0xE4, 0x17, 0xE4, 0x17, 0xE4, 0x17, 0xE4, 0x17, 0xE4, 0x17, 0xE4, 0x17, 0xE4, 0x17, 0xE4,
    0x17, 0xE4, 0x17, 0xE4, 0x17, 0xE4, 0x17, 0xE4, 0x17, 0xE4, 0x17, 0xE4, 0x17, 0xE4, 0x17, 0xE4,
    0x17, 0xE4, 0x17, 0xE4, 0x17, 0xE4, 0x17, 0xE3, 0x17, 0xE3, 0x17, 0xE3, 0x17, 0xE3, 0x17, 0xE3,
    0x17, 0xE3, 0x17, 0xE3, 0x17, 0xE3, 0x17, 0xE3, 0x17, 0xE3, 0x17, 0xE3, 0x17, 0xE4, 0x17, 0xE3,
    0x87, 0x17, 0xE3, 0x17, 0xE4, 0x47, 0xCB, 0xDF, 0xFC, 0x04, 0xFF, 0xFF, 0xE6, 0xDB, 0x8D, 0x70,
    0x4F, 0xEA, 0x1F, 0xE4, 0x17, 0xE4, 0x17, 0xE4, 0x17, 0xE4, 0x17, 0xE4, 0x17, 0xE4, 0x17, 0xE4,
    0x17, 0xE4, 0x17, 0xE4, 0x17, 0xE4, 0x17, 0xE4, 0x17, 0xE4, 0x17, 0xE4, 0x17, 0xE4, 0x17, 0xE4,
    0x17, 0xE4, 0x17, 0xE4, 0x17, 0xE4, 0x17, 0xE4, 0x17, 0xE4, 0x1F, 0xE4, 0x17, 0xE4, 0x1F, 0xE4,
    0x67, 0x8B, 0xDF, 0x59, 0xE5, 0xD7, 0xE5, 0xF7, 0xF6, 0x58, 0xFE, 0x9A, 0xCD, 0x35, 0x65, 0x4A,
    0x27, 0xE6, 0x0F, 0xE3, 0x17, 0xE3, 0x17, 0xE4, 0x17, 0xE4, 0x17, 0xE4, 0x17, 0xE4, 0x17, 0xE4,
    0x17, 0xE4, 0x17, 0xE4, 0x17, 0xE4, 0x17, 0xE4, 0x17, 0xE4, 0x17, 0xE4, 0x17, 0xE4, 0x17, 0xE4,
    0x17, 0xE4, 0x17, 0xE4, 0x17, 0xE4, 0x17, 0xE4, 0x17, 0xE4, 0x17, 0xE4, 0x17, 0xE4, 0x17, 0xE4,
    0x17, 0xE4, 0x17, 0xE4, 0x17, 0xE4, 0x17, 0xE4, 0x17, 0xE4, 0x17, 0xE4, 0xFF, 0x17, 0xE4, 0x17,
    0xE4, 0x17, 0xE4, 0x17, 0xE4, 0x17, 0xE4, 0x17, 0xE4, 0x17, 0xE4, 0x17, 0xE4, 0x17, 0xE4, 0x17,
    0xE4, 0x17, 0xE4, 0x17, 0xE4, 0x17, 0xE4, 0x17, 0xE4, 0x17, 0xE4, 0x17, 0xE4, 0x17, 0xE4, 0x17,
    0xE4, 0x17, 0xE4, 0x17, 0xE4, 0x17, 0xE4, 0x17, 0xE4, 0x17, 0xE4, 0x17, 0xE4, 0x17, 0xE4, 0x17,
    0xE4, 0x17, 0xE4, 0x17, 0xE4, 0x17, 0xE4, 0x17, 0xE4, 0x17, 0xE4, 0x17, 0xE4, 0x17, 0xE4, 0x17,
    0xE4, 0x17, 0xE4, 0x17, 0xE4, 0x17, 0xE4, 0x17, 0xE4, 0x17, 0xE4, 0x17, 0xE4, 0x17, 0xE4, 0x17,
    0xE4, 0x17, 0xE4, 0x17, 0xE4, 0x17, 0xE4, 0x17, 0xE4, 0x17, 0xE4, 0x17, 0xE4, 0x17, 0xE4, 0x17,
    0xE4, 0x17, 0xE4, 0x17, 0xE3, 0x17, 0xE3, 0x17, 0xE3, 0x17, 0xE3, 0x17, 0xE3, 0x17, 0xE3, 0x17,
    0xE3, 0x17, 0xE3, 0x17, 0xE3, 0x17, 0xE3, 0x17, 0xE3, 0x17, 0xE4, 0x17, 0xE4, 0x87, 0x17, 0xE3,
    0x1F, 0xE5, 0x6F, 0x8E, 0xF7, 0xFE, 0x04, 0xFF, 0xFF, 0xE6, 0x9A, 0x8D, 0x51, 0x57, 0xEB, 0x1F,
    0xE5, 0x17, 0xE4, 0x17, 0xE4, 0x17, 0xE4, 0x17, 0xE4, 0x17, 0xE4, 0x17, 0xE4, 0x17, 0xE4, 0x17,
    0xE4, 0x17, 0xE4, 0x17, 0xE4, 0x17, 0xE4, 0x17, 0xE4, 0x17, 0xE4, 0x17, 0xE4, 0x17, 0xE4, 0x17,
    0xE4, 0x17, 0xE4, 0x17, 0xE4, 0x17, 0xE4, 0x1F, 0xE4, 0x17, 0xE4, 0x1F, 0xE4, 0x4E, 0xA7, 0xB5,
    0x11, 0xB3, 0x2E, 0xB2, 0xCC, 0xAA, 0xCC, 0xB2, 0xCD, 0x92, 0x8B, 0x65, 0x09, 0x27, 0xE6, 0x0F,
    0xE3, 0x17, 0xE3, 0x17, 0xE4, 0x17, 0xE4, 0x17, 0xE4, 0x17, 0xE4, 0x17, 0xE4, 0x17, 0xE4, 0x17,
    0xE4, 0x17, 0xE4, 0x17, 0xE4, 0x17, 0xE4, 0x17, 0xE4, 0x17, 0xE4, 0x17, 0xE4, 0x17, 0xE4, 0x17,
    0xE4, 0x17, 0xE4, 0x17, 0xE4, 0x17, 0xE4, 0x17, 0xE4, 0x17, 0xE4, 0x17, 0xE4, 0x17, 0xE4, 0x17,
    0xE4, 0x17, 0xE4, 0x17, 0xE4, 0x17, 0xE4, 0x17, 0xE4, 0xFF, 0x17, 0xE4, 0x17, 0xE4, 0x17, 0xE4,
    0x17, 0xE4, 0x17, 0xE4, 0x17, 0xE4, 0x17, 0xE4, 0x17, 0xE4, 0x17, 0xE4, 0x17, 0xE4, 0x17, 0xE4,
    0x17, 0xE4, 0x17, 0xE4, 0x17, 0xE4, 0x17, 0xE4, 0x17, 0xE4, 0x17, 0xE4, 0x17, 0xE4, 0x17, 0xE4,
    0x17, 0xE4, 0x17, 0xE4, 0x17, 0xE4, 0x17, 0xE4, 0x17, 0xE4, 0x17, 0xE4, 0x17, 0xE4, 0x17, 0xE4,
    0x17, 0xE4, 0x17, 0xE4, 0x17, 0xE4, 0x17, 0xE4, 0x17, 0xE4, 0x17, 0xE4, 0x17, 0xE4, 0x17, 0xE4,
    0x17, 0xE4, 0x17, 0xE4, 0x17, 0xE4, 0x17, 0xE4, 0x17, 0xE4, 0x17, 0xE4, 0x17, 0xE4, 0x17, 0xE4,
    0x17, 0xE4, 0x17, 0xE4, 0x17, 0xE4, 0x17, 0xE4, 0x17, 0xE4, 0x17, 0xE4, 0x17, 0xE4, 0x17, 0xE4,
    0x17, 0xE3, 0x17, 0xE3, 0x17, 0xE3, 0x17, 0xE3, 0x17, 0xE3, 0x17, 0xE3, 0x17, 0xE3, 0x17, 0xE3,
    0x17, 0xE3, 0x17, 0xE3, 0x17, 0xE3, 0x17, 0xE4, 0x17, 0xE4, 0xFF, 0x1F, 0xE5, 0x2F, 0x07, 0x9E,
    0xD3, 0xFF, 0xBE, 0xFF, 0x9F, 0xFF, 0xDF, 0xE6, 0x7A, 0x7C, 0x6F, 0x5F, 0x8C, 0x27, 0xE5, 0x17,
    0xE4, 0x17, 0xE4, 0x17, 0xE4, 0x17, 0xE4, 0x17, 0xE4, 0x17, 0xE4, 0x17, 0xE4, 0x17, 0xE4, 0x17,
    0xE4, 0x17, 0xE4, 0x17, 0xE4, 0x17, 0xE4, 0x17, 0xE4, 0x17, 0xE4, 0x17, 0xE4, 0x17, 0xE4, 0x17,
    0xE4, 0x17, 0xE4, 0x17, 0xE4, 0x17, 0xE4, 0x17, 0xE4, 0x1F, 0xE4, 0x1D, 0x81, 0x72, 0xE7, 0xAA,
    0x2A, 0xB2, 0x29, 0xB2, 0x4A, 0xBA, 0x6B, 0x92, 0x29, 0x5D, 0x48, 0x27, 0xE6, 0x0F, 0xE3, 0x17,
    0xE4, 0x17, 0xE4, 0x17, 0xE4, 0x17, 0xE4, 0x17, 0xE4, 0x17, 0xE4, 0x17, 0xE4, 0x17, 0xE4, 0x17,
    0xE4, 0x17, 0xE4, 0x17, 0xE4, 0x17, 0xE4, 0x17, 0xE4, 0x17, 0xE4, 0x17, 0xE4, 0x17, 0xE4, 0x17,
    0xE4, 0x17, 0xE4, 0x17, 0xE4, 0x17, 0xE4, 0x17, 0xE4, 0x17, 0xE4, 0xFF, 0x17, 0xE4, 0x17, 0xE4,
    0x17, 0xE4, 0x17, 0xE4, 0x17, 0xE4, 0x17, 0xE4, 0x17, 0xE4, 0x17, 0xE4, 0x17, 0xE4, 0x17, 0xE4,
    0x17, 0xE4, 0x17, 0xE4, 0x17, 0xE4, 0x17, 0xE4, 0x17, 0xE4, 0x17, 0xE4, 0x17, 0xE4, 0x17, 0xE4,
    0x17, 0xE4, 0x17, 0xE4, 0x17, 0xE4, 0x17, 0xE4, 0x17, 0xE4, 0x17, 0xE4, 0x17, 0xE4, 0x17, 0xE4,
    0x17, 0xE4, 0x17, 0xE4, 0x17, 0xE4, 0x17, 0xE4, 0x17, 0xE4, 0x17, 0xE4, 0x17, 0xE4, 0x17, 0xE4,
    0x17, 0xE4, 0x17, 0xE4, 0x17, 0xE4, 0x17, 0xE4, 0x17, 0xE4, 0x17, 0xE4, 0x17, 0xE4, 0x17, 0xE4,
    0x17, 0xE4, 0x17, 0xE4, 0x17, 0xE4, 0x17, 0xE4, 0x17, 0xE4, 0x17, 0xE4, 0x17, 0xE4, 0x17, 0xE4,
    0x17, 0xE4, 0x17, 0xE4, 0x17, 0xE4, 0x17, 0xE4, 0x17, 0xE4, 0x17, 0xE4, 0x17, 0xE4, 0x17, 0xE3,
    0x17, 0xE3, 0x17, 0xE3, 0x17, 0xE3, 0x17, 0xE3, 0x17, 0xE3, 0x17, 0xE3, 0xFF, 0x17, 0xE3, 0x17,
    0xE3, 0x17, 0xE3, 0x17, 0xE3, 0x17, 0xE3, 0x17, 0xE4, 0x27, 0xE6, 0x4D, 0xC9, 0xBE, 0x15, 0xDE,
    0x7A, 0xDE, 0x9A, 0xDE, 0x7A, 0xD6, 0x19, 0x84, 0x0F, 0x5E, 0x4B, 0x2F, 0xE7, 0x17, 0xE3, 0x17,
    0xE4, 0x17, 0xE4, 0x17, 0xE4, 0x17, 0xE4, 0x17, 0xE4, 0x17, 0xE4, 0x17, 0xE4, 0x17, 0xE4, 0x17,
    0xE4, 0x17, 0xE4, 0x17, 0xE4, 0x17, 0xE4, 0x17, 0xE4, 0x17, 0xE4, 0x17, 0xE4, 0x17, 0xE4, 0x17,
    0xE4, 0x17, 0xE4, 0x17, 0xE4, 0x17, 0xE3, 0x17, 0xE4, 0x16, 0x81, 0x5B, 0x65, 0x9A, 0x89, 0xAA,
    0x49, 0xAA, 0x69, 0xA2, 0x89, 0x73, 0x26, 0x56, 0xC8, 0x1F, 0xE5, 0x17, 0xE4, 0x17, 0xE4, 0x17,
    0xE4, 0x17, 0xE4, 0x17, 0xE4, 0x17, 0xE4, 0x17, 0xE4, 0x17, 0xE4, 0x17, 0xE4, 0x17, 0xE4, 0x17,
    0xE4, 0x17, 0xE4, 0x17, 0xE4, 0x17, 0xE4, 0x17, 0xE4, 0x17, 0xE4, 0x17, 0xE4, 0xFF, 0x17, 0xE4,
    0x17, 0xE4, 0x17, 0xE4, 0x17, 0xE4, 0x17, 0xE4, 0x17, 0xE4, 0x17, 0xE4, 0x17, 0xE4, 0x17, 0xE4,
    0x17, 0xE4, 0x17, 0xE4, 0x17, 0xE4, 0x17, 0xE4, 0x17, 0xE4, 0x17, 0xE4, 0x17, 0xE4, 0x17, 0xE4,
    0x17, 0xE4, 0x17, 0xE4, 0x17, 0xE4, 0x17, 0xE4, 0x17, 0xE4, 0x17, 0xE4, 0x17, 0xE4, 0x17, 0xE4,
    0x17, 0xE4, 0x17, 0xE4, 0x17, 0xE4, 0x17, 0xE4, 0x17, 0xE4, 0x17, 0xE4, 0x17, 0xE4, 0x17, 0xE4,
    0x17, 0xE4, 0x17, 0xE4, 0x17, 0xE4, 0x17, 0xE4, 0x17, 0xE4, 0x17, 0xE4, 0x17, 0xE4, 0x17, 0xE4,
    0x17, 0xE4, 0x17, 0xE4, 0x17, 0xE4, 0x17, 0xE4, 0x17, 0xE4, 0x17, 0xE4, 0x17, 0xE4, 0x17, 0xE4,
    0x17, 0xE4, 0x17, 0xE4, 0x17, 0xE4, 0x17, 0xE4, 0x17, 0xE4, 0x17, 0xE4, 0x17, 0xE4, 0x17, 0xE4,
    0x17, 0xE4, 0x17, 0xE4, 0x17, 0xE4, 0x17, 0xE4, 0x17, 0xE4, 0x17, 0xE4, 0x17, 0xE3, 0xFF, 0x17,
    0xE3, 0x17, 0xE3, 0x17, 0xE3, 0x17, 0xE3, 0x17, 0xE3, 0x17, 0xE3, 0x17, 0xE3, 0x17, 0xE3, 0x17,
    0xE3, 0x17, 0xE3, 0x17, 0xE3, 0x1F, 0xE4, 0x2F, 0x45, 0x7D, 0x4D, 0xD5, 0xF7, 0xCE, 0x17, 0xD6,
    0x79, 0xE6, 0xFB, 0xCD, 0xD7, 0x8C, 0x30, 0x65, 0xED, 0x37, 0xE8, 0x17, 0xE4, 0x17, 0xE4, 0x17,
    0xE4, 0x17, 0xE4, 0x17, 0xE4, 0x17, 0xE4, 0x17, 0xE4, 0x17, 0xE4, 0x17, 0xE4, 0x17, 0xE4, 0x17,
    0xE4, 0x17, 0xE4, 0x17, 0xE4, 0x17, 0xE4, 0x17, 0xE4, 0x17, 0xE4, 0x17, 0xE4, 0x17, 0xE4, 0x17,
    0xE4, 0x17, 0xE4, 0x17, 0xE4, 0x17, 0xE4, 0x1F, 0xE3, 0x25, 0x02, 0x53, 0x65, 0x72, 0xC6, 0x6A,
    0xC6, 0x53, 0x45, 0x4D, 0xC7, 0x3F, 0xE7, 0x17, 0xE4, 0x17, 0xE4, 0x17, 0xE4, 0x17, 0xE4, 0x17,
    0xE4, 0x17, 0xE4, 0x17, 0xE4, 0x17, 0xE4, 0x17, 0xE4, 0x17, 0xE4, 0x17, 0xE4, 0x17, 0xE4, 0xFF,
    0x17, 0xE4, 0x17, 0xE4, 0x17, 0xE4, 0x17, 0xE4, 0x17, 0xE4, 0x17, 0xE4, 0x17, 0xE4, 0x17, 0xE4,
    0x17, 0xE4, 0x17, 0xE4, 0x17, 0xE4, 0x17, 0xE4, 0x17, 0xE4, 0x17, 0xE4, 0x17, 0xE4, 0x17, 0xE4,
    0x17, 0xE4, 0x17, 0xE4, 0x17, 0xE4, 0x17, 0xE4, 0x17, 0xE4, 0x17, 0xE4, 0x17, 0xE4, 0x17, 0xE4,
    0x17, 0xE4, 0x17, 0xE4, 0x17, 0xE4, 0x17, 0xE4, 0x17, 0xE4, 0x17, 0xE4, 0x17, 0xE4, 0x17, 0xE4,
    0x17, 0xE4, 0x17, 0xE4, 0x17, 0xE4, 0x17, 0xE4, 0x17, 0xE4, 0x17, 0xE4, 0x17, 0xE4, 0x17, 0xE4,
    0x17, 0xE4, 0x17, 0xE4, 0x17, 0xE4, 0x17, 0xE4, 0x17, 0xE4, 0x17, 0xE4, 0x17, 0xE4, 0x17, 0xE4,
    0x17, 0xE4, 0x17, 0xE4, 0x17, 0xE4, 0x17, 0xE4, 0x17, 0xE4, 0x17, 0xE4, 0x17, 0xE4, 0x17, 0xE4,
    0x17, 0xE4, 0x17, 0xE4, 0x17, 0xE4, 0x17, 0xE4, 0x17, 0xE4, 0x17, 0xE4, 0x17, 0xE4, 0x17, 0xE4,
    0xFF, 0x17, 0xE4, 0x17, 0xE4, 0x17, 0xE4, 0x17, 0xE4, 0x17, 0xE4, 0x17, 0xE3, 0x17, 0xE3, 0x17,
    0xE3, 0x17, 0xE3, 0x17, 0xE3, 0x17, 0xE3, 0x17, 0xE3, 0x17, 0xE3, 0x17, 0xE4, 0x17, 0xE3, 0x17,
    0xE4, 0x0F, 0xE3, 0x27, 0xE5, 0x45, 0xC6, 0x9C, 0x8E, 0xE6, 0x17, 0xE6, 0x38, 0xCD, 0xD6, 0xB5,
    0x54, 0xCD, 0xD7, 0xD6, 0x79, 0x75, 0xEE, 0x3F, 0xE8, 0x17, 0xE4, 0x17, 0xE4, 0x17, 0xE4, 0x17,
    0xE4, 0x17, 0xE4, 0x17, 0xE4, 0x17, 0xE4, 0x17, 0xE4, 0x17, 0xE4, 0x17, 0xE4, 0x17, 0xE4, 0x17,
    0xE4, 0x17, 0xE4, 0x17, 0xE4, 0x17, 0xE4, 0x17, 0xE4, 0x17, 0xE4, 0x17, 0xE4, 0x17, 0xE4, 0x17,
    0xE4, 0x17, 0xE4, 0x17, 0xE3, 0x1F, 0xE4, 0x1F, 0xC3, 0x1D, 0xA1, 0x35, 0x23, 0x2D, 0x64, 0x2E,
    0xA6, 0x37, 0xE7, 0x1F, 0xE5, 0x17, 0xE4, 0x17, 0xE4, 0x17, 0xE4, 0x17, 0xE4, 0x17, 0xE4, 0x17,
    0xE4, 0xFF, 0x17, 0xE4, 0x17, 0xE4, 0x17, 0xE4, 0x17, 0xE4, 0x17, 0xE4, 0x17, 0xE4, 0x17, 0xE4,
    0x17, 0xE4, 0x17, 0xE4, 0x17, 0xE4, 0x17, 0xE4, 0x17, 0xE4, 0x17, 0xE4, 0x17, 0xE4, 0x17, 0xE4,
    0x17, 0xE4, 0x17, 0xE4, 0x17, 0xE4, 0x17, 0xE4, 0x17, 0xE4, 0x17, 0xE4, 0x17, 0xE4, 0x17, 0xE4,
    0x17, 0xE4, 0x17, 0xE4, 0x17, 0xE4, 0x17, 0xE4, 0x17, 0xE4, 0x17, 0xE4, 0x17, 0xE4, 0x17, 0xE4,
    0x17, 0xE4, 0x17, 0xE4, 0x17, 0xE4, 0x17, 0xE4, 0x17, 0xE4, 0x17, 0xE4, 0x17, 0xE4, 0x17, 0xE4,
    0x17, 0xE4, 0x17, 0xE4, 0x17, 0xE4, 0x17, 0xE4, 0x17, 0xE4, 0x17, 0xE4, 0x17, 0xE4, 0x17, 0xE4,
    0x17, 0xE4, 0x17, 0xE4, 0x17, 0xE4, 0x17, 0xE4, 0x17, 0xE4, 0x17, 0xE4, 0x17, 0xE4, 0x17, 0xE4,
    0x17, 0xE4, 0x17, 0xE4, 0x17, 0xE4, 0x17, 0xE4, 0x17, 0xE4, 0x17, 0xE4, 0x17, 0xE4, 0x17, 0xE4,
    0x17, 0xE4, 0xFF, 0x17, 0xE4, 0x17, 0xE4, 0x17, 0xE4, 0x17, 0xE4, 0x17, 0xE4, 0x17, 0xE4, 0x17,
    0xE4, 0x17, 0xE4, 0x17, 0xE4, 0x17, 0xE4, 0x17, 0xE4, 0x17, 0xE4, 0x17, 0xE4, 0x17, 0xE4, 0x17,
    0xE4, 0x17, 0xE4, 0x17, 0xE4, 0x17, 0xE4, 0x17, 0xE4, 0x17, 0xE4, 0x17, 0xE3, 0x17, 0xE3, 0x1F,
    0xE5, 0x37, 0x26, 0xA5, 0xEF, 0xD5, 0x12, 0xD5, 0x13, 0xDD, 0x74, 0xE5, 0xD6, 0xCD, 0xB6, 0xD6,
    0x38, 0xFF, 0xBF, 0x86, 0x10, 0x3F, 0xE8, 0x1F, 0xE4, 0x17, 0xE4, 0x17, 0xE4, 0x17, 0xE4, 0x17,
    0xE4, 0x17, 0xE4, 0x17, 0xE4, 0x17, 0xE4, 0x17, 0xE4, 0x17, 0xE4, 0x17, 0xE4, 0x17, 0xE4, 0x17,
    0xE4, 0x17, 0xE4, 0x17, 0xE4, 0x17, 0xE4, 0x17, 0xE4, 0x17, 0xE4, 0x17, 0xE4, 0x17, 0xE4, 0x17,
    0xE4, 0x17, 0xE4, 0x17, 0xE4, 0x1F, 0xE4, 0x1F, 0xE4, 0x27, 0xE5, 0x27, 0xE5, 0x27, 0xE5, 0x17,
    0xE4, 0x17, 0xE4, 0xFF, 0x17, 0xE4, 0x17, 0xE4, 0x17, 0xE4, 0x17, 0xE4, 0x17, 0xE4, 0x17, 0xE4,
    0x17, 0xE4, 0x17, 0xE4, 0x17, 0xE4, 0x17, 0xE4, 0x17, 0xE4, 0x17, 0xE4, 0x17, 0xE4, 0x17, 0xE4,
    0x17, 0xE4, 0x17, 0xE4, 0x17, 0xE4, 0x17, 0xE4, 0x17, 0xE4, 0x17, 0xE4, 0x17, 0xE4, 0x17, 0xE4,
    0x17, 0xE4, 0x17, 0xE4, 0x17, 0xE4, 0x17, 0xE4, 0x17, 0xE4, 0x17, 0xE4, 0x17, 0xE4, 0x17, 0xE4,
    0x17, 0xE4, 0x17, 0xE4, 0x17, 0xE4, 0x17, 0xE4, 0x17, 0xE4, 0x17, 0xE4, 0x17, 0xE4, 0x17, 0xE4,
    0x17, 0xE4, 0x17, 0xE4, 0x17, 0xE4, 0x17, 0xE4, 0x17, 0xE4, 0x17, 0xE4, 0x17, 0xE4, 0x17, 0xE4,
    0x17, 0xE4, 0x17, 0xE4, 0x17, 0xE4, 0x17, 0xE4, 0x17, 0xE4, 0x17, 0xE4, 0x17, 0xE4, 0x17, 0xE4,
    0x17, 0xE4, 0x17, 0xE4, 0x17, 0xE4, 0x17, 0xE4, 0x17, 0xE4, 0x17, 0xE4, 0x17, 0xE4, 0x17, 0xE4,
    0x17, 0xE4, 0x17, 0xE4, 0xBF, 0x17, 0xE4, 0x17, 0xE4, 0x17, 0xE4, 0x17, 0xE4, 0x17, 0xE4, 0x17,
    0xE4, 0x17, 0xE4, 0x17, 0xE4, 0x17, 0xE4, 0x17, 0xE4, 0x17, 0xE4, 0x17, 0xE4, 0x17, 0xE4, 0x17,
    0xE4, 0x17, 0xE4, 0x17, 0xE4, 0x17, 0xE4, 0x17, 0xE4, 0x17, 0xE4, 0x17, 0xE4, 0x17, 0xE4, 0x17,
    0xE4, 0x17, 0xE4, 0x17, 0xE4, 0x17, 0xE4, 0x17, 0xE4, 0x17, 0xE4, 0x17, 0xE4, 0x1F, 0xE5, 0x35,
    0x04, 0xA4, 0x0B, 0xB2, 0xCB, 0x02, 0xAA, 0xFF, 0xA2, 0xCA, 0xB3, 0x8D, 0xDD, 0x96, 0xFF, 0x7D,
    0xFF, 0x9F, 0x8D, 0xF0, 0x3F, 0xE8, 0x17, 0xE4, 0x17, 0xE4, 0x17, 0xE4, 0x17, 0xE4, 0x17, 0xE4,
    0x17, 0xE4, 0x17, 0xE4, 0x17, 0xE4, 0x17, 0xE4, 0x17, 0xE4, 0x17, 0xE4, 0x17, 0xE4, 0x17, 0xE4,
    0x17, 0xE4, 0x17, 0xE4, 0x17, 0xE4, 0x17, 0xE4, 0x17, 0xE4, 0x17, 0xE4, 0x17, 0xE4, 0x17, 0xE4,
    0x17, 0xE4, 0x17, 0xE3, 0x17, 0xE3, 0x17, 0xE3, 0x17, 0xE4, 0x17, 0xE4, 0x17, 0xE4, 0x17, 0xE4,
    0x17, 0xE4, 0x17, 0xE4, 0x17, 0xE4, 0x17, 0xE4, 0x17, 0xE4, 0x17, 0xE4, 0x17, 0xE4, 0x17, 0xE4,
    0x17, 0xE4, 0x17, 0xE4, 0x17, 0xE4, 0x17, 0xE4, 0x17, 0xE4, 0x17, 0xE4, 0x17, 0xE4, 0x17, 0xE4,
    0x17, 0xE4, 0x17, 0xE4, 0x17, 0xE4, 0x17, 0xE4, 0x17, 0xE4, 0x17, 0xE4, 0x17, 0xE4, 0x17, 0xE4,
    0x17, 0xE4, 0x17, 0xE4, 0x17, 0xE4, 0x17, 0xE4, 0xFF, 0x17, 0xE4, 0x17, 0xE4, 0x17, 0xE4, 0x17,
    0xE4, 0x17, 0xE4, 0x17, 0xE4, 0x17, 0xE4, 0x17, 0xE4, 0x17, 0xE4, 0x17, 0xE4, 0x17, 0xE4, 0x17,
    0xE4, 0x17, 0xE4, 0x17, 0xE4, 0x17, 0xE4, 0x17, 0xE4, 0x17, 0xE4, 0x17, 0xE4, 0x17, 0xE4, 0x17,
    0xE4, 0x17, 0xE4, 0x17, 0xE4, 0x17, 0xE4, 0x17, 0xE4, 0x17, 0xE4, 0x17, 0xE4, 0x17, 0xE4, 0x17,
    0xE4, 0x17, 0xE4, 0x17, 0xE4, 0x17, 0xE4, 0x17, 0xE4, 0x17, 0xE4, 0x17, 0xE4, 0x17, 0xE4, 0x17,
    0xE4, 0x17, 0xE4, 0x17, 0xE4, 0x17, 0xE4, 0x17, 0xE4, 0x17, 0xE4, 0x17, 0xE4, 0x17, 0xE4, 0x17,
    0xE4, 0x17, 0xE4, 0x17, 0xE4, 0x17, 0xE4, 0x17, 0xE4, 0x17, 0xE4, 0x17, 0xE4, 0x17, 0xE4, 0x17,
    0xE4, 0x17, 0xE4, 0x17, 0xE4, 0x17, 0xE4, 0x17, 0xE4, 0x17, 0xE4, 0x17, 0xE4, 0x17, 0xE4, 0x17,
    0xE4, 0x17, 0xE4, 0x17, 0xE4, 0x17, 0xE4, 0x17, 0xE4, 0xFF, 0x17, 0xE4, 0x17, 0x63, 0x4B, 0x83,
    0xA2, 0x89, 0xB2, 0x49, 0xB2, 0x69, 0xB2, 0x49, 0xA2, 0x29, 0xA2, 0xAA, 0xDD, 0x34, 0xFF, 0x5D,
    0x86, 0x0F, 0x37, 0xE8, 0x17, 0xE4, 0x17, 0xE4, 0x17, 0xE4, 0x17, 0xE4, 0x17, 0xE4, 0x17, 0xE4,
    0x17, 0xE4, 0x17, 0xE4, 0x17, 0xE4, 0x17, 0xE4, 0x17, 0xE4, 0x17, 0xE4, 0x17, 0xE4, 0x17, 0xE4,
    0x17, 0xE4, 0x17, 0xE4, 0x17, 0xE4, 0x17, 0xE4, 0x17, 0xE4, 0x17, 0xE4, 0x17, 0xE4, 0x17, 0xE4,
    0x17, 0xE4, 0x17, 0xE4, 0x17, 0xE4, 0x17, 0xE4, 0x17, 0xE4, 0x17, 0xE4, 0x17, 0xE4, 0x17, 0xE4,
    0x17, 0xE4, 0x17, 0xE4, 0x17, 0xE4, 0x17, 0xE4, 0x17, 0xE4, 0x17, 0xE4, 0x17, 0xE4, 0x17, 0xE4,
    0x17, 0xE4, 0x17, 0xE4, 0x17, 0xE4, 0x17, 0xE4, 0x17, 0xE4, 0x17, 0xE4, 0x17, 0xE4, 0x17, 0xE4,
    0x17, 0xE4, 0x17, 0xE4, 0x17, 0xE4, 0x17, 0xE4, 0x17, 0xE4, 0xFF, 0x17, 0xE4, 0x17, 0xE4, 0x17,
    0xE4, 0x17, 0xE4, 0x17, 0xE4, 0x17, 0xE4, 0x17, 0xE4, 0x17, 0xE4, 0x17, 0xE4, 0x17, 0xE4, 0x17,
    0xE4, 0x17, 0xE4, 0x17, 0xE4, 0x17, 0xE4, 0x17, 0xE4, 0x17, 0xE4, 0x17, 0xE4, 0x17, 0xE4, 0x17,
    0xE4, 0x17, 0xE4, 0x17, 0xE4, 0x17, 0xE4, 0x17, 0xE4, 0x17, 0xE4, 0x17, 0xE4, 0x17, 0xE4, 0x17,
    0xE4, 0x17, 0xE4, 0x17, 0xE4, 0x17, 0xE4, 0x17, 0xE4, 0x17, 0xE4, 0x17, 0xE4, 0x17, 0xE4, 0x17,
    0xE4, 0x17, 0xE4, 0x17, 0xE4, 0x17, 0xE4, 0x17, 0xE4, 0x17, 0xE4, 0x17, 0xE4, 0x17, 0xE4, 0x17,
    0xE4, 0x17, 0xE4, 0x17, 0xE4, 0x17, 0xE4, 0x17, 0xE4, 0x17, 0xE4, 0x17, 0xE4, 0x17, 0xE4, 0x17,
    0xE4, 0x17, 0xE4, 0x17, 0xE4, 0x17, 0xE4, 0x17, 0xE4, 0x17, 0xE4, 0x17, 0xE4, 0x17, 0xE4, 0x17,
    0xE4, 0x17, 0xE4, 0x17, 0xE4, 0x17, 0xE4, 0x17, 0xE4, 0x17, 0xE4, 0xFF, 0x17, 0xE4, 0x17, 0xE4,
    0x17, 0xE4, 0x17, 0xE4, 0x17, 0xE4, 0x17, 0xE4, 0x1F, 0xE4, 0x16, 0xE2, 0x5B, 0x64, 0xAA, 0x69,
    0xBA, 0x49, 0xB2, 0x29, 0xBA, 0x49, 0xBA, 0x69, 0xB2, 0x49, 0xAA, 0x6A, 0xD5, 0x14, 0x6D, 0xAC,
    0x37, 0xE8, 0x17, 0xE4, 0x17, 0xE4, 0x17, 0xE4, 0x17, 0xE4, 0x17, 0xE4, 0x17, 0xE4, 0x17, 0xE4,
    0x17, 0xE4, 0x17, 0xE4, 0x17, 0xE4, 0x17, 0xE4, 0x17, 0xE4, 0x17, 0xE4, 0x17, 0xE4, 0x17, 0xE4,
    0x17, 0xE4, 0x17, 0xE4, 0x17, 0xE4, 0x17, 0xE4, 0x17, 0xE4, 0x17, 0xE4, 0x17, 0xE4, 0x17, 0xE4,
    0x17, 0xE4, 0x17, 0xE4, 0x17, 0xE4, 0x17, 0xE4, 0x17, 0xE4, 0x17, 0xE4, 0x17, 0xE4, 0x17, 0xE4,
    0x17, 0xE4, 0x17, 0xE4, 0x17, 0xE4, 0x17, 0xE4, 0x17, 0xE4, 0x17, 0xE4, 0x17, 0xE4, 0x17, 0xE4,
    0x17, 0xE4, 0x17, 0xE4, 0x17, 0xE4, 0x17, 0xE4, 0x17, 0xE4, 0x17, 0xE4, 0xFF, 0x17, 0xE4, 0x17,
    0xE4, 0x17, 0xE4, 0x17, 0xE4, 0x17, 0xE4, 0x17, 0xE4, 0x17, 0xE4, 0x17, 0xE4, 0x17, 0xE4, 0x17,
    0xE4, 0x17, 0xE4, 0x17, 0xE4, 0x17, 0xE4, 0x17, 0xE4, 0x17, 0xE4, 0x17, 0xE4, 0x17, 0xE4, 0x17,
    0xE4, 0x17, 0xE4, 0x17, 0xE4, 0x17, 0xE4, 0x17, 0xE4, 0x17, 0xE4, 0x17, 0xE4, 0x17, 0xE4, 0x17,
    0xE4, 0x17, 0xE4, 0x17, 0xE4, 0x17, 0xE4, 0x17, 0xE4, 0x17, 0xE4, 0x17, 0xE4, 0x17, 0xE4, 0x17,
    0xE4, 0x17, 0xE4, 0x17, 0xE4, 0x17, 0xE4, 0x17, 0xE4, 0x17, 0xE4, 0x17, 0xE4, 0x17, 0xE4, 0x17,
    0xE4, 0x17, 0xE4, 0x17, 0xE4, 0x17, 0xE4, 0x17, 0xE4, 0x17, 0xE4, 0x17, 0xE4, 0x17, 0xE4, 0x17,
    0xE4, 0x17, 0xE4, 0x17, 0xE4, 0x17, 0xE4, 0x17, 0xE4, 0x17, 0xE4, 0x17, 0xE4, 0x17, 0xE4, 0x17,
    0xE4, 0x17, 0xE4, 0x17, 0xE4, 0x17, 0xE4, 0x17, 0xE4, 0x17, 0xE4, 0x17, 0xE4, 0xFF, 0x17, 0xE4,
    0x17, 0xE4, 0x17, 0xE4, 0x17, 0xE4, 0x17, 0xE4, 0x17, 0xE4, 0x17, 0xE4, 0x17, 0xE4, 0x17, 0xE4,
    0x17, 0xE4, 0x17, 0xE4, 0x17, 0xE4, 0x1F, 0xE4, 0x0F, 0x22, 0x43, 0xC3, 0x8A, 0xA7, 0x92, 0x47,
    0x9A, 0x27, 0x9A, 0x47, 0x9A, 0x47, 0xA2, 0x68, 0x92, 0x28, 0x72, 0xA7, 0x55, 0xE9, 0x2F, 0xE7,
    0x17, 0xE4, 0x17, 0xE4, 0x17, 0xE4, 0x17, 0xE4, 0x17, 0xE4, 0x17, 0xE4, 0x17, 0xE4, 0x17, 0xE4,
    0x17, 0xE4, 0x17, 0xE4, 0x17, 0xE4, 0x17, 0xE4, 0x17, 0xE4, 0x17, 0xE4, 0x17, 0xE4, 0x17, 0xE4,
    0x17, 0xE4, 0x17, 0xE4, 0x17, 0xE4, 0x17, 0xE4, 0x17, 0xE4, 0x17, 0xE4, 0x17, 0xE4, 0x17, 0xE4,
    0x17, 0xE4, 0x17, 0xE4, 0x17, 0xE4, 0x17, 0xE4, 0x17, 0xE4, 0x17, 0xE4, 0x17, 0xE4, 0x17, 0xE4,
    0x17, 0xE4, 0x17, 0xE4, 0x17, 0xE4, 0x17, 0xE4, 0x17, 0xE4, 0x17, 0xE4, 0x17, 0xE4, 0xFF, 0x17,
    0xE4, 0x17, 0xE4, 0x17, 0xE4, 0x17, 0xE4, 0x17, 0xE4, 0x17, 0xE4, 0x17, 0xE4, 0x17, 0xE4, 0x17,
    0xE4, 0x17, 0xE4, 0x17, 0xE4, 0x17, 0xE4, 0x17, 0xE4, 0x17, 0xE4, 0x17, 0xE4, 0x17, 0xE4, 0x17,
    0xE4, 0x17, 0xE4, 0x17, 0xE4, 0x17, 0xE4, 0x17, 0xE4, 0x17, 0xE4, 0x17, 0xE4, 0x17, 0xE4, 0x17,
    0xE4, 0x17, 0xE4, 0x17, 0xE4, 0x17, 0xE4, 0x17, 0xE4, 0x17, 0xE4, 0x17, 0xE4, 0x17, 0xE4, 0x17,
    0xE4, 0x17, 0xE4, 0x17, 0xE4, 0x17, 0xE4, 0x17, 0xE4, 0x17, 0xE4, 0x17, 0xE4, 0x17, 0xE4, 0x17,
    0xE4, 0x17, 0xE4, 0x17, 0xE4, 0x17, 0xE4, 0x17, 0xE4, 0x17, 0xE4, 0x17, 0xE4, 0x17, 0xE4, 0x17,
    0xE4, 0x17, 0xE4, 0x17, 0xE4, 0x17, 0xE4, 0x17, 0xE4, 0x17, 0xE4, 0x17, 0xE4, 0x17, 0xE4, 0x17,
    0xE4, 0x17, 0xE4, 0x17, 0xE4, 0x17, 0xE4, 0x17, 0xE4, 0x17, 0xE4, 0x17, 0xE4, 0x17, 0xE4, 0xFF,
    0x17, 0xE4, 0x17, 0xE4, 0x17, 0xE4, 0x17, 0xE4, 0x17, 0xE4, 0x17, 0xE4, 0x17, 0xE4, 0x17, 0xE4,
    0x17, 0xE4, 0x17, 0xE4, 0x17, 0xE4, 0x17, 0xE4, 0x17, 0xE4, 0x17, 0xE4, 0x17, 0xE4, 0x17, 0xE4,
    0x17, 0xE4, 0x17, 0xE4, 0x17, 0xE4, 0x17, 0xE4, 0x1D, 0x82, 0x44, 0x23, 0x53, 0xC4, 0x53, 0xC4,
    0x53, 0xC4, 0x53, 0xC4, 0x53, 0xC4, 0x4C, 0x04, 0x4D, 0x26, 0x47, 0xE8, 0x27, 0xE6, 0x17, 0xE4,
    0x17, 0xE4, 0x17, 0xE4, 0x17, 0xE4, 0x17, 0xE4, 0x17, 0xE4, 0x17, 0xE4, 0x17, 0xE4, 0x17, 0xE4,
    0x17, 0xE4, 0x17, 0xE4, 0x17, 0xE4, 0x17, 0xE4, 0x17, 0xE4, 0x17, 0xE4, 0x17, 0xE4, 0x17, 0xE4,
    0x17, 0xE4, 0x17, 0xE4, 0x17, 0xE4, 0x17, 0xE4, 0x17, 0xE4, 0x17, 0xE4, 0x17, 0xE4, 0x17, 0xE4,
    0x17, 0xE4, 0x17, 0xE4, 0x17, 0xE4, 0x17, 0xE4, 0x17, 0xE4, 0x17, 0xE4, 0x17, 0xE4, 0x17, 0xE4,
    0xFF, 0x17, 0xE4, 0x17, 0xE4, 0x17, 0xE4, 0x17, 0xE4, 0x17, 0xE4, 0x17, 0xE4, 0x17, 0xE4, 0x17,
    0xE4, 0x17, 0xE4, 0x17, 0xE4, 0x17, 0xE4, 0x17, 0xE4, 0x17, 0xE4, 0x17, 0xE4, 0x17, 0xE4, 0x17,
    0xE4, 0x17, 0xE4, 0x17, 0xE4, 0x17, 0xE4, 0x17, 0xE4, 0x17, 0xE4, 0x17, 0xE4, 0x17, 0xE4, 0x17,
    0xE4, 0x17, 0xE4, 0x17, 0xE4, 0x17, 0xE4, 0x17, 0xE4, 0x17, 0xE4, 0x17, 0xE4, 0x17, 0xE4, 0x17,
    0xE4, 0x17, 0xE4, 0x17, 0xE4, 0x17, 0xE4, 0x17, 0xE4, 0x17, 0xE4, 0x17, 0xE4, 0x17, 0xE4, 0x17,
    0xE4, 0x17, 0xE4, 0x17, 0xE4, 0x17, 0xE4, 0x17, 0xE4, 0x17, 0xE4, 0x17, 0xE4, 0x17, 0xE4, 0x17,
    0xE4, 0x17, 0xE4, 0x17, 0xE4, 0x17, 0xE4, 0x17, 0xE4, 0x17, 0xE4, 0x17, 0xE4, 0x17, 0xE4, 0x17,
    0xE4, 0x17, 0xE4, 0x17, 0xE4, 0x17, 0xE4, 0x17, 0xE4, 0x17, 0xE4, 0x17, 0xE4, 0x17, 0xE4, 0x17,
    0xE4, 0xFF, 0x17, 0xE4, 0x17, 0xE4, 0x17, 0xE4, 0x17, 0xE4, 0x17, 0xE4, 0x17, 0xE4, 0x17, 0xE4,
    0x17, 0xE4, 0x17, 0xE4, 0x17, 0xE4, 0x17, 0xE4, 0x17, 0xE4, 0x17, 0xE4, 0x17, 0xE4, 0x17, 0xE4,
    0x17, 0xE4, 0x17, 0xE4, 0x17, 0xE4, 0x17, 0xE4, 0x17, 0xE4, 0x17, 0xE4, 0x17, 0xE4, 0x17, 0xE4,
    0x17, 0xE4, 0x17, 0xE4, 0x17, 0xE4, 0x1F, 0xE4, 0x27, 0xA4, 0x2F, 0x65, 0x2F, 0x45, 0x2F, 0x45,
    0x37, 0x85, 0x37, 0x85, 0x37, 0xC5, 0x2F, 0xE6, 0x27, 0xE5, 0x17, 0xE4, 0x17, 0xE4, 0x17, 0xE4,
    0x17, 0xE4, 0x17, 0xE4, 0x17, 0xE4, 0x17, 0xE4, 0x17, 0xE4, 0x17, 0xE4, 0x17, 0xE4, 0x17, 0xE4,
    0x17, 0xE4, 0x17, 0xE4, 0x17, 0xE4, 0x17, 0xE4, 0x17, 0xE4, 0x17, 0xE4, 0x17, 0xE4, 0x17, 0xE4,
    0x17, 0xE4, 0x17, 0xE4, 0x17, 0xE4, 0x17, 0xE4, 0x17, 0xE4, 0x17, 0xE4, 0x17, 0xE4, 0x17, 0xE4,
    0x17, 0xE4, 0xD7, 0x17, 0xE4, 0x17, 0xE4, 0x17, 0xE4, 0x17, 0xE4, 0x17, 0xE4, 0x17, 0xE4, 0x17,
    0xE4, 0x17, 0xE4, 0x17, 0xE4, 0x17, 0xE4, 0x17, 0xE4, 0x17, 0xE4, 0x17, 0xE4, 0x17, 0xE4, 0x17,
    0xE4, 0x17, 0xE4, 0x17, 0xE4, 0x17, 0xE4, 0x17, 0xE4, 0x17, 0xE4, 0x17, 0xE4, 0x17, 0xE4, 0x17,
    0xE4, 0x17, 0xE4, 0x17, 0xE4, 0x17, 0xE4, 0x17, 0xE4, 0x17, 0xE4, 0x17, 0xE4, 0x17, 0xE4, 0x17,
    0xE4, 0x17, 0xE4, 0x17, 0xE4, 0x17, 0xE4, 0x17, 0xE4, 0x17, 0xE4, 0x17, 0xE4, 0x17, 0xE4, 0x17,
    0xE4, 0x17, 0xE4, 0x17, 0xE4, 0x17, 0xE4, 0x17, 0xE4, 0x17, 0xE4, 0x7F, 0x00, 0x7F, 0x00, 0x7F,
    0x00, 0x7F, 0x00, 0x7F, 0x00, 0x7F, 0x00, 0x7F, 0x00, 0x7F, 0x00, 0x7F, 0x00, 0x7F, 0x00, 0x7F,
    0x00, 0x7F, 0x00, 0x7F, 0x00, 0x7F, 0x00, 0x7F, 0x00, 0x7F, 0x00, 0x7F, 0x00, 0x7F, 0x00, 0x7F,
    0x00, 0x7F, 0x00, 0x7F, 0x00, 0x7F, 0x00, 0x7F, 0x00, 0x7F, 0x00, 0x7F, 0x00, 0x7F, 0x00, 0x7F,
    0x00, 0x7F, 0x00, 0x7F, 0x00, 0x7F, 0x00, 0x7F, 0x00, 0x7F, 0x00, 0x7F, 0x00, 0x7F, 0x00, 0x7F,
    0x00, 0x7F, 0x00, 0x7F, 0x00, 0x7F, 0x00, 0x7F, 0x00, 0x7F, 0x00, 0x7F, 0x00, 0x7F, 0x00, 0x7F,
    0x00, 0x7F, 0x00, 0x7F, 0x00, 0x7F, 0x00, 0x7F, 0x00, 0x7F, 0x00, 0x7F, 0x00, 0x7F, 0x00, 0x7F,
    0x00, 0x7F, 0x00, 0x7F, 0x00, 0x7F, 0x00, 0x7F, 0x00, 0x7F, 0x00, 0x7F, 0x00, 0x7F, 0x00, 0x7F,
    0x00, 0x7F, 0x00, 0x7F, 0x00, 0x7F, 0x00, 0x7F, 0x00, 0x7F, 0x00, 0x7F, 0x00, 0x7F, 0x00, 0x7F,
    0x00, 0x7F, 0x00, 0x7F, 0x00, 0x7F, 0x00, 0x7F, 0x00, 0x7F, 0x00, 0x7F, 0x00, 0x7F, 0x00, 0x7F,
    0x00, 0x7F, 0x00, 0x7F, 0x00, 0x7F, 0x00, 0x7F, 0x00, 0x7F, 0x00, 0x7F, 0x00, 0x7F, 0x00, 0x7F,
    0x00, 0x7F, 0x00, 0x7F, 0x00, 0x7F, 0x00, 0x42, 0x00,
};
// clang-format on
