// Copyright 2026 QMK -- generated source code only, image retains original copyright
// SPDX-License-Identifier: GPL-2.0-or-later

// This file was auto-generated by `painter_convert_graphics` with arguments:
//    format | rgb565
//    output | frames_cropped
//    input  | frame_02.png

// Image's metadata
// ----------------
// Width: 134
// Height: 240
// Single frame

#include <qp.h>

const uint32_t gfx_frame_02_length = 43207;

// clang-format off
const uint8_t gfx_frame_02[43207] = {
    0x00, 0xFF, 0x12, 0x00, 0x00, 0x51, 0x47, 0x46, 0x01, 0xC7, 0xA8, 0x00, 0x00, 0x38, 0x57, 0xFF,
    0xFF, 0x86, 0x00, 0xF0, 0x00, 0x01, 0x00, 0x01, 0xFE, 0x04, 0x00, 0x00, 0x20, 0x00, 0x00, 0x00,
    0x02, 0xFD, 0x06, 0x00, 0x00, 0x08, 0x00, 0x01, 0xFF, 0xE8, 0x03, 0x05, 0xFA, 0x97, 0xA8, 0x00,
    0x7F, 0x00, 0x7F, 0x00, 0x7F, 0x00, 0x7F, 0x00, 0x7F, 0x00, 0x7F, 0x00, 0x7F, 0x00, 0x7F, 0x00,
    0x7F, 0x00, 0x7F, 0x00, 0x7F, 0x00, 0x7F, 0x00, 0x7F, 0x00, 0x7F, 0x00, 0x7F, 0x00, 0x7F, 0x00,
    0x7F, 0x00, 0x7F, 0x00, 0x7F, 0x00, 0x7F, 0x00, 0x7F, 0x00, 0x7F, 0x00, 0x7F, 0x00, 0x7F, 0x00,
    0x7F, 0x00, 0x7F, 0x00, 0x7F, 0x00, 0x7F, 0x00, 0x7F, 0x00, 0x7F, 0x00, 0x7F, 0x00, 0x7F, 0x00,
    0x7F, 0x00, 0x7F, 0x00, 0x7F, 0x00, 0x7F, 0x00, 0x7F, 0x00, 0x7F, 0x00, 0x7F, 0x00, 0x7F, 0x00,
    0x7F, 0x00, 0x7F, 0x00, 0x7F, 0x00, 0x7F, 0x00, 0x7F, 0x00, 0x7F, 0x00, 0x7F, 0x00, 0x7F, 0x00,
    0x7F, 0x00, 0x7F, 0x00, 0x7F, 0x00, 0x7F, 0x00, 0x7F, 0x00, 0x7F, 0x00, 0x7F, 0x00, 0x7F, 0x00,
    0x7F, 0x00, 0x7F, 0x00, 0x7F, 0x00, 0x7F, 0x00, 0x7F, 0x00, 0x7F, 0x00, 0x7F, 0x00, 0x7F, 0x00,
    0x7F, 0x00, 0x7F, 0x00, 0x7F, 0x00, 0x7F, 0x00, 0x7F, 0x00, 0x7F, 0x00, 0x7F, 0x00, 0x7F, 0x00,
    0x7F, 0x00, 0x7F, 0x00, 0x7F, 0x00, 0x7F, 0x00, 0x7F, 0x00, 0x7F, 0x00, 0x7F, 0x00, 0x7F, 0x00,
    0x7F, 0x00, 0x7F, 0x00, 0x7F, 0x00, 0x7F, 0x00, 0x34, 0x00, 0xFF, 0x17, 0xE4, 0x17, 0xE4, 0x17,
    0xE4, 0x17, 0xE4, 0x17, 0xE4, 0x17, 0xE4, 0x17, 0xE4, 0x17, 0xE4, 0x17, 0xE4, 0x17, 0xE4, 0x17,
    0xE4, 0x17, 0xE4, 0x17, 0xE4, 0x17, 0xE4, 0x17, 0xE4, 0x17, 0xE4, 0x17, 0xE4, 0x17, 0xE4, 0x17,
    0xE4, 0x17, 0xE4, 0x17, 0xE4, 0x17, 0xE4, 0x17, 0xE4, 0x17, 0xE4, 0x17, 0xE4, 0x17, 0xE4, 0x17,
    0xE4, 0x17, 0xE4, 0x17, 0xE4, 0x17, 0xE4, 0x17, 0xE4, 0x17, 0xE4, 0x17, 0xE4, 0x17, 0xE4, 0x17,
    0xE4, 0x17, 0xE4, 0x17, 0xE4, 0x17, 0xE4, 0x17, 0xE4, 0x17, 0xE4, 0x17, 0xE4, 0x17, 0xE4, 0x17,
    0xE4, 0x17, 0xE4, 0x17, 0xE4, 0x17, 0xE4, 0x17, 0xE4, 0x17, 0xE4, 0x17, 0xE4, 0x17, 0xE4, 0x17,
    0xE4, 0x17, 0xE4, 0x17, 0xE4, 0x17, 0xE4, 0x17, 0xE4, 0x17, 0xE4, 0x17, 0xE4, 0x17, 0xE4, 0x17,
    0xE4, 0x17, 0xE4, 0x17, 0xE4, 0x17, 0xE4, 0x17, 0xE4, 0x17, 0xE4, 0xFF, 0x17, 0xE4, 0x17, 0xE4,
    0x17, 0xE4, 0x17, 0xE4, 0x17, 0xE4, 0x17, 0xE4, 0x17, 0xE4, 0x17, 0xE4, 0x17, 0xE4, 0x17, 0xE4,
    0x17, 0xE4, 0x17, 0xE4, 0x17, 0xE4, 0x17, 0xE4, 0x17, 0xE4, 0x17, 0xE4, 0x17, 0xE4, 0x17, 0xE4,
    0x17, 0xE4, 0x17, 0xE4, 0x17, 0xE4, 0x17, 0xE4, 0x17, 0xE4, 0x17, 0xE4, 0x17, 0xE4, 0x17, 0xE4,
    0x17, 0xE4, 0x17, 0xE4, 0x17, 0xE4, 0x17, 0xE4, 0x17, 0xE4, 0x17, 0xE4, 0x17, 0xE4, 0x17, 0xE4,
    0x17, 0xE4, 0x17, 0xE4, 0x17, 0xE4, 0x17, 0xE4, 0x17, 0xE4, 0x17, 0xE4, 0x17, 0xE4, 0x17, 0xE4,
    0x17, 0xE4, 0x17, 0xE4, 0x17, 0xE4, 0x17, 0xE4, 0x17, 0xE4, 0x17, 0xE4, 0x17, 0xE4, 0x17, 0xE4,
    0x17, 0xE4, 0x17, 0xE4, 0x17, 0xE4, 0x17, 0xE4, 0x17, 0xE4, 0x17, 0xE4, 0x17, 0xE4, 0x17, 0xE4,
    0x17, 0xE4, 0x17, 0xE4, 0x17, 0xE4, 0x17, 0xE4, 0x17, 0xE4, 0x17, 0xE4, 0xFF, 0x17, 0xE4, 0x17,
    0xE4, 0x17, 0xE4, 0x17, 0xE4, 0x17, 0xE4, 0x17, 0xE4, 0x17, 0xE4, 0x17, 0xE4, 0x17, 0xE4, 0x17,
    0xE4, 0x17, 0xE4, 0x17, 0xE4, 0x17, 0xE4, 0x17, 0xE4, 0x17, 0xE4, 0x17, 0xE4, 0x17, 0xE4, 0x17,
    0xE4, 0x17, 0xE4, 0x17, 0xE4, 0x17, 0xE4, 0x17, 0xE4, 0x17, 0xE4, 0x17, 0xE4, 0x17, 0xE4, 0x17,
    0xE4, 0x17, 0xE4, 0x17, 0xE4, 0x17, 0xE4, 0x17, 0xE4, 0x17, 0xE4, 0x17, 0xE4, 0x17, 0xE4, 0x17,
    0xE4, 0x17, 0xE4, 0x17, 0xE4, 0x17, 0xE4, 0x17, 0xE4, 0x17, 0xE4, 0x17, 0xE4, 0x17, 0xE4, 0x17,
    0xE4, 0x17, 0xE4, 0x17, 0xE4, 0x17, 0xE4, 0x17, 0xE4, 0x17, 0xE4, 0x17, 0xE4, 0x17, 0xE4, 0x17,
    0xE4, 0x17, 0xE4, 0x17, 0xE4, 0x17, 0xE4, 0x17, 0xE4, 0x17, 0xE4, 0x17, 0xE4, 0x17, 0xE4, 0x17,
    0xE4, 0x17, 0xE4, 0x17, 0xE4, 0x17, 0xE4, 0x17, 0xE4, 0x17, 0xE4, 0x17, 0xE4, 0xFF, 0x17, 0xE4,
    0x17, 0xE4, 0x17, 0xE4, 0x17, 0xE4, 0x17, 0xE4, 0x17, 0xE4, 0x17, 0xE4, 0x17, 0xE4, 0x17, 0xE4,
    0x17, 0xE4, 0x17, 0xE4, 0x17, 0xE4, 0x17, 0xE4, 0x17, 0xE4, 0x17, 0xE4, 0x17, 0xE4, 0x17, 0xE4,
    0x17, 0xE4, 0x17, 0xE4, 0x17, 0xE4, 0x17, 0xE4, 0x17, 0xE4, 0x17, 0xE4, 0x17, 0xE4, 0x17, 0xE4,
    0x17, 0xE4, 0x17, 0xE4, 0x17, 0xE4, 0x17, 0xE4, 0x17, 0xE4, 0x17, 0xE4, 0x17, 0xE4, 0x17, 0xE4,
    0x17, 0xE4, 0x17, 0xE4, 0x17, 0xE4, 0x17, 0xE4, 0x17, 0xE4, 0x17, 0xE4, 0x17, 0xE4, 0x17, 0xE4,
    0x17, 0xE4, 0x17, 0xE4, 0x17, 0xE4, 0x17, 0xE4, 0x17, 0xE4, 0x17, 0xE4, 0x17, 0xE4, 0x17, 0xE4,
    0x17, 0xE4, 0x17, 0xE4, 0x17, 0xE4, 0x17, 0xE4, 0x17, 0xE4, 0x17, 0xE4, 0x17, 0xE4, 0x17, 0xE4,
    0x17, 0xE4, 0x17, 0xE4, 0x17, 0xE4, 0x17, 0xE4, 0x17, 0xE4, 0x17, 0xE4, 0x17, 0xE4, 0xFF, 0x17,
    0xE4, 0x17, 0xE4, 0x17, 0xE4, 0x17, 0xE4, 0x17, 0xE4, 0x17, 0xE4, 0x17, 0xE4, 0x17, 0xE4, 0x17,
    0xE4, 0x17, 0xE4, 0x17, 0xE4, 0x17, 0xE4, 0x17, 0xE4, 0x17, 0xE4, 0x17, 0xE4, 0x17, 0xE4, 0x17,
    0xE4, 0x17, 0xE4, 0x17, 0xE4, 0x17, 0xE4, 0x17, 0xE4, 0x17, 0xE4, 0x17, 0xE4, 0x17, 0xE4, 0x17,
    0xE4, 0x17, 0xE4, 0x17, 0xE4, 0x17, 0xE4, 0x17, 0xE4, 0x17, 0xE4, 0x17, 0xE4, 0x17, 0xE4, 0x17,
    0xE4, 0x17, 0xE4, 0x17, 0xE4, 0x17, 0xE4, 0x17, 0xE4, 0x17, 0xE4, 0x17, 0xE4, 0x17, 0xE4, 0x17,
    0xE4, 0x17, 0xE4, 0x17, 0xE4, 0x17, 0xE4, 0x17, 0xE4, 0x17, 0xE4, 0x17, 0xE4, 0x17, 0xE4, 0x17,
    0xE4, 0x17, 0xE4, 0x17, 0xE4, 0x17, 0xE4, 0x17, 0xE4, 0x17, 0xE4, 0x17, 0xE4, 0x17, 0xE4, 0x17,
    0xE4, 0x17, 0xE4, 0x17, 0xE4, 0x17, 0xE4, 0x17, 0xE4, 0x17, 0xE4, 0x17, 0xE4, 0x17, 0xE4, 0xFF,
    0x17, 0xE4, 0x17, 0xE4, 0x17, 0xE4, 0x17, 0xE4, 0x17, 0xE4, 0x17, 0xE4, 0x17, 0xE4, 0x17, 0xE4,
    0x17, 0xE4, 0x17, 0xE4, 0x17, 0xE4, 0x17, 0xE4, 0x17, 0xE4, 0x17, 0xE4, 0x17, 0xE4, 0x17, 0xE4,
    0x17, 0xE4, 0x17, 0xE4, 0x17, 0xE4, 0x17, 0xE4, 0x17, 0xE4, 0x17, 0xE4, 0x17, 0xE4, 0x17, 0xE4,
    0x17, 0xE4, 0x17, 0xE4, 0x17, 0xE4, 0x17, 0xE4, 0x17, 0xE4, 0x17, 0xE4, 0x17, 0xE4, 0x17, 0xE4,
    0x17, 0xE4, 0x17, 0xE4, 0x17, 0xE4, 0x17, 0xE4, 0x17, 0xE4, 0x17, 0xE4, 0x17, 0xE4, 0x17, 0xE4,
    0x17, 0xE4, 0x17, 0xE4, 0x17, 0xE4, 0x17, 0xE4, 0x17, 0xE4, 0x17, 0xE4, 0x17, 0xE4, 0x17, 0xE4,
    0x17, 0xE4, 0x17, 0xE4, 0x17, 0xE4, 0x17, 0xE4, 0x17, 0xE4, 0x17, 0xE4, 0x17, 0xE4, 0x17, 0xE4,
    0x17, 0xE4, 0x17, 0xE4, 0x17, 0xE4, 0x17, 0xE4, 0x17, 0xE4, 0x17, 0xE4, 0x17, 0xE4, 0x17, 0xE4,
    0xFF, 0x17, 0xE4, 0x17, 0xE4, 0x17, 0xE4, 0x17, 0xE4, 0x17, 0xE4, 0x17, 0xE4, 0x17, 0xE4, 0x17,
    0xE4, 0x17, 0xE4, 0x17, 0xE4, 0x17, 0xE4, 0x17, 0xE4, 0x17, 0xE4, 0x17, 0xE4, 0x17, 0xE4, 0x17,
    0xE4, 0x17, 0xE4, 0x17, 0xE4, 0x17, 0xE4, 0x17, 0xE4, 0x17, 0xE4, 0x17, 0xE4, 0x17, 0xE4, 0x17,
    0xE4, 0x17, 0xE4, 0x17, 0xE4, 0x17, 0xE4, 0x17, 0xE4, 0x17, 0xE4, 0x17, 0xE4, 0x17, 0xE4, 0x17,
    0xE4, 0x17, 0xE4, 0x17, 0xE4, 0x17, 0xE4, 0x17, 0xE4, 0x17, 0xE4, 0x17, 0xE4, 0x17, 0xE4, 0x17,
    0xE4, 0x17, 0xE4, 0x17, 0xE4, 0x17, 0xE4, 0x17, 0xE4, 0x17, 0xE4, 0x17, 0xE4, 0x17, 0xE4, 0x17,
    0xE4, 0x17, 0xE4, 0x17, 0xE4, 0x17, 0xE4, 0x17, 0xE4, 0x17, 0xE4, 0x17, 0xE4, 0x17, 0xE4, 0x17,
    0xE4, 0x17, 0xE4, 0x17, 0xE4, 0x17, 0xE4, 0x17, 0xE4, 0x17, 0xE4, 0x17, 0xE4, 0x17, 0xE4, 0x17,
    0xE4, 0xFF, 0x17, 0xE4, 0x17, 0xE4, 0x17, 0xE4, 0x17, 0xE4, 0x17, 0xE4, 0x17, 0xE4, 0x17, 0xE4,
    0x17, 0xE4, 0x17, 0xE4, 0x17, 0xE4, 0x17, 0xE4, 0x17, 0xE4, 0x17, 0xE4, 0x17, 0xE4, 0x17, 0xE4,
    0x17, 0xE4, 0x17, 0xE4, 0x17, 0xE4, 0x17, 0xE4, 0x17, 0xE4, 0x17, 0xE4, 0x17, 0xE4, 0x17, 0xE4,
    0x17, 0xE4, 0x17, 0xE4, 0x17, 0xE4, 0x17, 0xE4, 0x17, 0xE4, 0x17, 0xE4, 0x17, 0xE4, 0x17, 0xE4,
    0x17, 0xE4, 0x17, 0xE4, 0x17, 0xE4, 0x17, 0xE4, 0x17, 0xE4, 0x17, 0xE4, 0x17, 0xE4, 0x17, 0xE4,
    0x17, 0xE4, 0x17, 0xE4, 0x17, 0xE4, 0x17, 0xE4, 0x17, 0xE4, 0x17, 0xE4, 0x17, 0xE4, 0x17, 0xE4,
    0x17, 0xE4, 0x17, 0xE4, 0x17, 0xE4, 0x17, 0xE4, 0x17, 0xE4, 0x17, 0xE4, 0x17, 0xE4, 0x17, 0xE4,
    0x17, 0xE4, 0x17, 0xE4, 0x17, 0xE4, 0x17, 0xE4, 0x17, 0xE4, 0x17, 0xE4, 0x17, 0xE4, 0x17, 0xE4,
    0x17, 0xE4, 0xFF, 0x17, 0xE4, 0x17, 0xE4, 0x17, 0xE4, 0x17, 0xE4, 0x17, 0xE4, 0x17, 0xE4, 0x17,
    0xE4, 0x17, 0xE4, 0x17, 0xE4, 0x17, 0xE4, 0x17, 0xE4, 0x17, 0xE4, 0x17, 0xE4, 0x17, 0xE4, 0x17,
    0xE4, 0x17, 0xE4, 0x17, 0xE4, 0x17, 0xE4, 0x17, 0xE4, 0x17, 0xE4, 0x17, 0xE4, 0x17, 0xE4, 0x17,
    0xE4, 0x17, 0xE4, 0x17, 0xE4, 0x17, 0xE4, 0x17, 0xE4, 0x17, 0xE4, 0x17, 0xE4, 0x17, 0xE4, 0x17,
    0xE4, 0x17, 0xE4, 0x17, 0xE4, 0x17, 0xE4, 0x17, 0xE4, 0x17, 0xE4, 0x17, 0xE4, 0x17, 0xE4, 0x17,
    0xE4, 0x17, 0xE4, 0x17, 0xE4, 0x17, 0xE4, 0x17, 0xE4, 0x17, 0xE4, 0x17, 0xE4, 0x17, 0xE4, 0x17,
    0xE4, 0x17, 0xE4, 0x17, 0xE4, 0x17, 0xE4, 0x17, 0xE4, 0x17, 0xE4, 0x17, 0xE4, 0x17, 0xE4, 0x17,
    0xE4, 0x17, 0xE4, 0x17, 0xE4, 0x17, 0xE4, 0x17, 0xE4, 0x17, 0xE4, 0x17, 0xE4, 0x17, 0xE4, 0x17,
    0xE4, 0x17, 0xE4, 0xFF, 0x17, 0xE4, 0x17, 0xE4, 0x17, 0xE4, 0x17, 0xE4, 0x17, 0xE4, 0x17, 0xE4,
    0x17, 0xE4, 0x17, 0xE4, 0x17, 0xE4, 0x17, 0xE4, 0x17, 0xE4, 0x17, 0xE4, 0x17, 0xE4, 0x17, 0xE4,
    0x17, 0xE4, 0x17, 0xE4, 0x17, 0xE4, 0x17, 0xE4, 0x17, 0xE4, 0x17, 0xE4, 0x17, 0xE4, 0x17, 0xE4,
    0x17, 0xE4, 0x17, 0xE4, 0x17, 0xE4, 0x17, 0xE4, 0x17, 0xE4, 0x17, 0xE4, 0x17, 0xE4, 0x17, 0xE4,
    0x17, 0xE4, 0x17, 0xE4, 0x17, 0xE4, 0x17, 0xE4, 0x17, 0xE4, 0x17, 0xE4, 0x17, 0xE4, 0x17, 0xE4,
    0x17, 0xE4, 0x17, 0xE4, 0x17, 0xE4, 0x17, 0xE4, 0x17, 0xE4, 0x17, 0xE4, 0x17, 0xE4, 0x17, 0xE4,
    0x17, 0xE4, 0x17, 0xE4, 0x17, 0xE4, 0x17, 0xE4, 0x17, 0xE4, 0x17, 0xE4, 0x17, 0xE4, 0x17, 0xE4,
    0x17, 0xE4, 0x17, 0xE4, 0x17, 0xE4, 0x17, 0xE4, 0x17, 0xE4, 0x17, 0xE4, 0x17, 0xE4, 0x17, 0xE4,
    0x17, 0xE4, 0x17, 0xE4, 0xFF, 0x17, 0xE4, 0x17, 0xE4, 0x17, 0xE4, 0x17, 0xE4, 0x17, 0xE4, 0x17,
    0xE4, 0x17, 0xE4, 0x17, 0xE4, 0x17, 0xE4, 0x17, 0xE4, 0x17, 0xE4, 0x17, 0xE4, 0x17, 0xE4, 0x17,
    0xE4, 0x17, 0xE4, 0x17, 0xE4, 0x17, 0xE4, 0x17, 0xE4, 0x17, 0xE4, 0x17, 0xE4, 0x17, 0xE4, 0x17,
    0xE4, 0x17, 0xE4, 0x17, 0xE4, 0x17, 0xE4, 0x17, 0xE4, 0x17, 0xE4, 0x17, 0xE4, 0x17, 0xE4, 0x17,
    0xE4, 0x17, 0xE4, 0x17, 0xE4, 0x17, 0xE4, 0x17, 0xE4, 0x17, 0xE4, 0x17, 0xE4, 0x17, 0xE4, 0x17,
    0xE4, 0x17, 0xE4, 0x17, 0xE4, 0x17, 0xE4, 0x17, 0xE4, 0x17, 0xE4, 0x17, 0xE4, 0x17, 0xE4, 0x17,
    0xE4, 0x17, 0xE4, 0x17, 0xE4, 0x17, 0xE4, 0x17, 0xE4, 0x17, 0xE4, 0x17, 0xE4, 0x17, 0xE4, 0x17,
    0xE4, 0x17, 0xE4, 0x17, 0xE4, 0x17, 0xE4, 0x17, 0xE4, 0x17, 0xE4, 0x17, 0xE4, 0x17, 0xE4, 0x17,
    0xE4, 0x17, 0xE4, 0x17, 0xE4, 0xFF, 0x17, 0xE4, 0x17, 0xE4, 0x17, 0xE4, 0x17, 0xE4, 0x17, 0xE4,
    0x17, 0xE4, 0x17, 0xE4, 0x17, 0xE4, 0x17, 0xE4, 0x17, 0xE4, 0x17, 0xE4, 0x17, 0xE4, 0x17, 0xE4,
    0x17, 0xE4, 0x17, 0xE4, 0x17, 0xE4, 0x17, 0xE4, 0x17, 0xE4, 0x17, 0xE4, 0x17, 0xE4, 0x17, 0xE4,
    0x17, 0xE4, 0x17, 0xE4, 0x17, 0xE4, 0x17, 0xE4, 0x17, 0xE4, 0x17, 0xE4, 0x17, 0xE4, 0x17, 0xE4,
    0x17, 0xE4, 0x17, 0xE4, 0x17, 0xE4, 0x17, 0xE4, 0x17, 0xE4, 0x17, 0xE4, 0x17, 0xE4, 0x17, 0xE4,
    0x17, 0xE4, 0x17, 0xE4, 0x17, 0xE4, 0x17, 0xE4, 0x17, 0xE4, 0x17, 0xE4, 0x17, 0xE4, 0x17, 0xE4,
    0x17, 0xE4, 0x17, 0xE4, 0x17, 0xE4, 0x17, 0xE4, 0x17, 0xE4, 0x17, 0xE4, 0x17, 0xE4, 0x17, 0xE4,
    0x17, 0xE4, 0x17, 0xE4, 0x17, 0xE4, 0x17, 0xE4, 0x17, 0xE4, 0x17, 0xE4, 0x17, 0xE4, 0x17, 0xE4,
    0x17, 0xE4, 0x17, 0xE4, 0x17, 0xE4, 0xFF, 0x17, 0xE4, 0x17, 0xE4, 0x17, 0xE4, 0x17, 0xE4, 0x17,
    0xE4, 0x17, 0xE4, 0x17, 0xE4, 0x17, 0xE4, 0x17, 0xE4, 0x17, 0xE4, 0x17, 0xE4, 0x17, 0xE4, 0x17,
    0xE4, 0x17, 0xE4, 0x17, 0xE4, 0x17, 0xE4, 0x17, 0xE4, 0x17, 0xE4, 0x17, 0xE4, 0x17, 0xE4, 0x17,
    0xE4, 0x17, 0xE4, 0x17, 0xE4, 0x17, 0xE4, 0x17, 0xE4, 0x17, 0xE4, 0x17, 0xE4, 0x17, 0xE4, 0x17,
    0xE4, 0x17, 0xE4, 0x17, 0xE4, 0x17, 0xE4, 0x17, 0xE4, 0x17, 0xE4, 0x17, 0xE4, 0x17, 0xE4, 0x17,
    0xE4, 0x17, 0xE4, 0x17, 0xE4, 0x17, 0xE4, 0x17, 0xE4, 0x17, 0xE4, 0x17, 0xE4, 0x17, 0xE4, 0x17,
    0xE4, 0x17, 0xE4, 0x17, 0xE4, 0x17, 0xE4, 0x17, 0xE4, 0x17, 0xE4, 0x17, 0xE4, 0x17, 0xE4, 0x17,
    0xE4, 0x17, 0xE4, 0x17, 0xE4, 0x17, 0xE4, 0x17, 0xE4, 0x17, 0xE4, 0x17, 0xE4, 0x17, 0xE4, 0x17,
    0xE4, 0x17, 0xE4, 0x17, 0xE4, 0x17, 0xE4, 0xFF, 0x17, 0xE4, 0x17, 0xE4, 0x17, 0xE4, 0x17, 0xE4,
    0x17, 0xE4, 0x17, 0xE4, 0x17, 0xE4, 0x17, 0xE4, 0x17, 0xE4, 0x17, 0xE4, 0x17, 0xE4, 0x17, 0xE4,
    0x17, 0xE4, 0x17, 0xE4, 0x17, 0xE4, 0x17, 0xE4, 0x17, 0xE4, 0x17, 0xE4, 0x17, 0xE4, 0x17, 0xE4,
    0x17, 0xE4, 0x17, 0xE4, 0x17, 0xE4, 0x17, 0xE4, 0x17, 0xE4, 0x17, 0xE4, 0x17, 0xE4, 0x17, 0xE4,
    0x17, 0xE4, 0x17, 0xE4, 0x17, 0xE4, 0x17, 0xE4, 0x17, 0xE4, 0x17, 0xE4, 0x17, 0xE4, 0x17, 0xE4,
    0x17, 0xE4, 0x17, 0xE4, 0x17, 0xE4, 0x17, 0xE4, 0x17, 0xE4, 0x17, 0xE4, 0x17, 0xE4, 0x17, 0xE4,
    0x17, 0xE4, 0x17, 0xE4, 0x17, 0xE4, 0x17, 0xE4, 0x17, 0xE4, 0x17, 0xE4, 0x17, 0xE4, 0x17, 0xE4,
    0x17, 0xE4, 0x17, 0xE4, 0x17, 0xE4, 0x17, 0xE4, 0x17, 0xE4, 0x17, 0xE4, 0x17, 0xE4, 0x17, 0xE4,
    0x17, 0xE4, 0x17, 0xE4, 0x17, 0xE4, 0x17, 0xE4, 0xFF, 0x17, 0xE4, 0x17, 0xE4, 0x17, 0xE4, 0x17,
    0xE4, 0x17, 0xE4, 0x17, 0xE4, 0x17, 0xE4, 0x17, 0xE4, 0x17, 0xE4, 0x17, 0xE4, 0x17, 0xE4, 0x17,
    0xE4, 0x17, 0xE4, 0x17, 0xE4, 0x17, 0xE4, 0x17, 0xE4, 0x17, 0xE4, 0x17, 0xE4, 0x17, 0xE4, 0x17,
    0xE4, 0x17, 0xE4, 0x17, 0xE4, 0x17, 0xE4, 0x17, 0xE4, 0x17, 0xE4, 0x17, 0xE4, 0x17, 0xE4, 0x17,
    0xE4, 0x17, 0xE4, 0x17, 0xE4, 0x17, 0xE4, 0x17, 0xE4, 0x17, 0xE4, 0x17, 0xE4, 0x17, 0xE4, 0x17,
    0xE4, 0x17, 0xE4, 0x17, 0xE4, 0x17, 0xE4, 0x17, 0xE4, 0x17, 0xE4, 0x17, 0xE4, 0x17, 0xE4, 0x17,
    0xE4, 0x17, 0xE4, 0x17, 0xE4, 0x17, 0xE4, 0x17, 0xE4, 0x17, 0xE4, 0x17, 0xE4, 0x17, 0xE4, 0x17,
    0xE4, 0x17, 0xE4, 0x17, 0xE4, 0x17, 0xE4, 0x17, 0xE4, 0x17, 0xE4, 0x17, 0xE4, 0x17, 0xE4, 0x17,
    0xE4, 0x17, 0xE4, 0x17, 0xE4, 0x17, 0xE4, 0x17, 0xE4, 0xFF, 0x17, 0xE4, 0x17, 0xE4, 0x17, 0xE4,
    0x17, 0xE4, 0x17, 0xE4, 0x17, 0xE4, 0x17, 0xE4, 0x17, 0xE4, 0x17, 0xE4, 0x17, 0xE4, 0x17, 0xE4,
    0x17, 0xE4, 0x17, 0xE4, 0x17, 0xE4, 0x17, 0xE4, 0x17, 0xE4, 0x17, 0xE4, 0x17, 0xE4, 0x17, 0xE4,
    0x17, 0xE4, 0x17, 0xE4, 0x17, 0xE4, 0x17, 0xE4, 0x17, 0xE4, 0x17, 0xE4, 0x17, 0xE4, 0x17, 0xE4,
    0x17, 0xE4, 0x17, 0xE4, 0x17, 0xE4, 0x17, 0xE4, 0x17, 0xE4, 0x17, 0xE4, 0x17, 0xE4, 0x17, 0xE4,
    0x17, 0xE4, 0x17, 0xE4, 0x17, 0xE4, 0x17, 0xE4, 0x17, 0xE4, 0x17, 0xE4, 0x17, 0xE4, 0x17, 0xE4,
    0x17, 0xE4, 0x17, 0xE4, 0x17, 0xE4, 0x17, 0xE4, 0x17, 0xE4, 0x17, 0xE4, 0x17, 0xE4, 0x17, 0xE4,
    0x17, 0xE4, 0x17, 0xE4, 0x17, 0xE4, 0x17, 0xE4, 0x17, 0xE4, 0x17, 0xE4, 0x17, 0xE4, 0x17, 0xE4,
    0x17, 0xE4, 0x17, 0xE4, 0x17, 0xE4, 0x17, 0xE4, 0x17, 0xE4, 0xFF, 0x17, 0xE4, 0x17, 0xE4, 0x17,
    0xE4, 0x17, 0xE4, 0x17, 0xE4, 0x17, 0xE4, 0x17, 0xE4, 0x17, 0xE4, 0x17, 0xE4, 0x17, 0xE4, 0x17,
    0xE4, 0x17, 0xE4, 0x17, 0xE4, 0x17, 0xE4, 0x17, 0xE4, 0x17, 0xE4, 0x17, 0xE4, 0x17, 0xE4, 0x17,
    0xE4, 0x17, 0xE4, 0x17, 0xE4, 0x17, 0xE4, 0x17, 0xE4, 0x17, 0xE4, 0x17, 0xE4, 0x17, 0xE4, 0x17,
    0xE4, 0x17, 0xE4, 0x17, 0xE4, 0x17, 0xE4, 0x17, 0xE4, 0x17, 0xE4, 0x17, 0xE4, 0x17, 0xE4, 0x17,
    0xE4, 0x17, 0xE4, 0x17, 0xE4, 0x17, 0xE4, 0x17, 0xE4, 0x17, 0xE4, 0x17, 0xE4, 0x17, 0xE4, 0x17,
    0xE4, 0x17, 0xE4, 0x17, 0xE4, 0x17, 0xE4, 0x17, 0xE4, 0x17, 0xE4, 0x17, 0xE4, 0x17, 0xE4, 0x17,
    0xE4, 0x17, 0xE4, 0x17, 0xE4, 0x17, 0xE4, 0x17, 0xE4, 0x17, 0xE4, 0x17, 0xE4, 0x17, 0xE4, 0x17,
    0xE4, 0x17, 0xE4, 0x17, 0xE4, 0x17, 0xE4, 0x17, 0xE4, 0x17, 0xE4, 0xFF, 0x17, 0xE4, 0x17, 0xE4,
    0x17, 0xE4, 0x17, 0xE4, 0x17, 0xE4, 0x17, 0xE4, 0x17, 0xE4, 0x17, 0xE4, 0x17, 0xE4, 0x17, 0xE4,
    0x17, 0xE4, 0x17, 0xE4, 0x17, 0xE4, 0x17, 0xE4, 0x17, 0xE4, 0x17, 0xE4, 0x17, 0xE4, 0x17, 0xE4,
    0x17, 0xE4, 0x17, 0xE4, 0x17, 0xE4, 0x17, 0xE4, 0x17, 0xE4, 0x17, 0xE4, 0x17, 0xE4, 0x17, 0xE4,
    0x17, 0xE4, 0x17, 0xE4, 0x17, 0xE4, 0x17, 0xE4, 0x17, 0xE4, 0x17, 0xE4, 0x17, 0xE4, 0x17, 0xE4,
    0x17, 0xE4, 0x17, 0xE4, 0x17, 0xE4, 0x17, 0xE4, 0x17, 0xE4, 0x17, 0xE4, 0x17, 0xE4, 0x17, 0xE4,
    0x17, 0xE4, 0x17, 0xE4, 0x17, 0xE4, 0x17, 0xE4, 0x17, 0xE4, 0x17, 0xE4, 0x17, 0xE4, 0x17, 0xE4,
    0x17, 0xE4, 0x17, 0xE4, 0x17, 0xE4, 0x17, 0xE4, 0x17, 0xE4, 0x17, 0xE4, 0x17, 0xE4, 0x17, 0xE4,
    0x17, 0xE4, 0x17, 0xE4, 0x17, 0xE4, 0x17, 0xE4, 0x17, 0xE4, 0x17, 0xE4, 0xFF, 0x17, 0xE4, 0x17,
    0xE4, 0x17, 0xE4, 0x17, 0xE4, 0x17, 0xE4, 0x17, 0xE4, 0x17, 0xE4, 0x17, 0xE4, 0x17, 0xE4, 0x17,
    0xE4, 0x17, 0xE4, 0x17, 0xE4, 0x17, 0xE4, 0x17, 0xE4, 0x17, 0xE4, 0x17, 0xE4, 0x17, 0xE4, 0x17,
    0xE4, 0x17, 0xE4, 0x17, 0xE4, 0x17, 0xE4, 0x17, 0xE4, 0x17, 0xE4, 0x17, 0xE4, 0x17, 0xE4, 0x17,
    0xE4, 0x17, 0xE4, 0x17, 0xE4, 0x17, 0xE4, 0x17, 0xE4, 0x17, 0xE4, 0x17, 0xE4, 0x17, 0xE4, 0x17,
    0xE4, 0x17, 0xE4, 0x17, 0xE4, 0x17, 0xE4, 0x17, 0xE4, 0x17, 0xE4, 0x17, 0xE4, 0x17, 0xE4, 0x17,
    0xE4, 0x17, 0xE4, 0x17, 0xE4, 0x17, 0xE4, 0x17, 0xE4, 0x17, 0xE4, 0x17, 0xE4, 0x17, 0xE4, 0x17,
    0xE4, 0x17, 0xE4, 0x17, 0xE4, 0x17, 0xE4, 0x17, 0xE4, 0x17, 0xE4, 0x17, 0xE4, 0x17, 0xE4, 0x17,
    0xE4, 0x17, 0xE4, 0x17, 0xE4, 0x17, 0xE4, 0x17, 0xE4, 0x17, 0xE4, 0x17, 0xE4, 0xFF, 0x17, 0xE4,
    0x17, 0xE4, 0x17, 0xE4, 0x17, 0xE4, 0x17, 0xE4, 0x17, 0xE4, 0x17, 0xE4, 0x17, 0xE4, 0x17, 0xE4,
    0x17, 0xE4, 0x17, 0xE4, 0x17, 0xE4, 0x17, 0xE4, 0x17, 0xE4, 0x17, 0xE4, 0x17, 0xE4, 0x17, 0xE4,
    0x17, 0xE4, 0x17, 0xE4, 0x17, 0xE4, 0x17, 0xE4, 0x17, 0xE4, 0x17, 0xE4, 0x17, 0xE4, 0x17, 0xE4,
    0x17, 0xE4, 0x17, 0xE4, 0x17, 0xE4, 0x17, 0xE4, 0x17, 0xE4, 0x17, 0xE4, 0x17, 0xE4, 0x17, 0xE4,
    0x17, 0xE4, 0x17, 0xE4, 0x17, 0xE4, 0x17, 0xE4, 0x17, 0xE4, 0x17, 0xE4, 0x17, 0xE4, 0x17, 0xE4,
    0x17, 0xE4, 0x17, 0xE4, 0x17, 0xE4, 0x17, 0xE4, 0x17, 0xE4, 0x17, 0xE4, 0x17, 0xE4, 0x17, 0xE4,
    0x17, 0xE4, 0x17, 0xE4, 0x17, 0xE4, 0x17, 0xE4, 0x17, 0xE4, 0x17, 0xE4, 0x17, 0xE4, 0x17, 0xE4,
    0x17, 0xE4, 0x17, 0xE4, 0x17, 0xE4, 0x17, 0xE4, 0x17, 0xE4, 0x17, 0xE4, 0x17, 0xE4, 0xFF, 0x17,
    0xE4, 0x17, 0xE4, 0x17, 0xE4, 0x17, 0xE4, 0x17, 0xE4, 0x17, 0xE4, 0x17, 0xE4, 0x17, 0xE4, 0x17,
    0xE4, 0x17, 0xE4, 0x17, 0xE4, 0x17, 0xE4, 0x17, 0xE4, 0x17, 0xE4, 0x17, 0xE4, 0x17, 0xE4, 0x17,
    0xE4, 0x17, 0xE4, 0x17, 0xE4, 0x17, 0xE4, 0x17, 0xE4, 0x17, 0xE4, 0x17, 0xE4, 0x17, 0xE4, 0x17,
    0xE4, 0x17, 0xE4, 0x17, 0xE4, 0x17, 0xE4, 0x17, 0xE4, 0x17, 0xE4, 0x17, 0xE4, 0x17, 0xE4, 0x17,
    0xE4, 0x17, 0xE4, 0x17, 0xE4, 0x17, 0xE4, 0x17, 0xE4, 0x17, 0xE4, 0x17, 0xE4, 0x17, 0xE4, 0x17,
    0xE4, 0x17, 0xE4, 0x17, 0xE4, 0x17, 0xE4, 0x17, 0xE4, 0x17, 0xE4, 0x17, 0xE4, 0x17, 0xE4, 0x17,
    0xE4, 0x17, 0xE4, 0x17, 0xE4, 0x17, 0xE4, 0x17, 0xE4, 0x17, 0xE4, 0x17, 0xE4, 0x17, 0xE4, 0x17,
    0xE4, 0x17, 0xE4, 0x17, 0xE4, 0x17, 0xE4, 0x17, 0xE4, 0x17, 0xE4, 0x17, 0xE4, 0x17, 0xE4, 0xFF,
    0x17, 0xE4, 0x17, 0xE4, 0x17, 0xE4, 0x17, 0xE4, 0x17, 0xE4, 0x17, 0xE4, 0x17, 0xE4, 0x17, 0xE4,
    0x17, 0xE4, 0x17, 0xE4, 0x17, 0xE4, 0x17, 0xE4, 0x17, 0xE4, 0x17, 0xE4, 0x17, 0xE4, 0x17, 0xE4,
    0x17, 0xE4, 0x17, 0xE4, 0x17, 0xE4, 0x17, 0xE4, 0x17, 0xE4, 0x17, 0xE4, 0x17, 0xE4, 0x17, 0xE4,
    0x17, 0xE4, 0x17, 0xE4, 0x17, 0xE4, 0x17, 0xE4, 0x17, 0xE4, 0x17, 0xE4, 0x17, 0xE4, 0x17, 0xE4,
    0x17, 0xE4, 0x17, 0xE4, 0x17, 0xE4, 0x17, 0xE4, 0x17, 0xE4, 0x17, 0xE4, 0x17, 0xE4, 0x17, 0xE4,
    0x17, 0xE4, 0x17, 0xE4, 0x17, 0xE4, 0x17, 0xE4, 0x17, 0xE4, 0x17, 0xE4, 0x17, 0xE4, 0x17, 0xE4,
    0x17, 0xE4, 0x17, 0xE4, 0x17, 0xE4, 0x17, 0xE4, 0x17, 0xE4, 0x17, 0xE4, 0x17, 0xE4, 0x17, 0xE4,
    0x17, 0xE4, 0x17, 0xE4, 0x17, 0xE4, 0x17, 0xE4, 0x17, 0xE4, 0x17, 0xE4, 0x17, 0xE4, 0x17, 0xE4,
    0xFF, 0x17, 0xE4, 0x17, 0xE4, 0x17, 0xE4, 0x17, 0xE4, 0x17, 0xE4, 0x17, 0xE4, 0x17, 0xE4, 0x17,
    0xE4, 0x17, 0xE4, 0x17, 0xE4, 0x17, 0xE4, 0x17, 0xE4, 0x17, 0xE3, 0x17, 0xE4, 0x17, 0xE4, 0x17,
    0xE4, 0x17, 0xE4, 0x17, 0xE4, 0x17, 0xE4, 0x17, 0xE4, 0x17, 0xE4, 0x17, 0xE4, 0x17, 0xE4, 0x17,
    0xE4, 0x17, 0xE4, 0x17, 0xE4, 0x17, 0xE4, 0x17, 0xE4, 0x17, 0xE4, 0x17, 0xE4, 0x17, 0xE4, 0x17,
    0xE4, 0x17, 0xE4, 0x17, 0xE4, 0x17, 0xE4, 0x17, 0xE4, 0x17, 0xE4, 0x17, 0xE4, 0x17, 0xE4, 0x17,
    0xE4, 0x17, 0xE4, 0x17, 0xE4, 0x17, 0xE4, 0x17, 0xE4, 0x17, 0xE4, 0x17, 0xE4, 0x17, 0xE4, 0x17,
    0xE4, 0x17, 0xE4, 0x17, 0xE4, 0x17, 0xE4, 0x17, 0xE4, 0x17, 0xE4, 0x17, 0xE4, 0x17, 0xE4, 0x17,
    0xE4, 0x17, 0xE4, 0x17, 0xE4, 0x17, 0xE4, 0x17, 0xE4, 0x17, 0xE4, 0x17, 0xE4, 0x17, 0xE4, 0x17,
    0xE4, 0xFF, 0x17, 0xE4, 0x17, 0xE4, 0x17, 0xE4, 0x17, 0xE4, 0x17, 0xE4, 0x17, 0xE4, 0x17, 0xE4,
    0x17, 0xE4, 0x17, 0xE4, 0x17, 0xE4, 0x17, 0xE4, 0x17, 0xE4, 0x17, 0xE4, 0x17, 0xE4, 0x17, 0xE4,
    0x17, 0xE4, 0x17, 0xE4, 0x17, 0xE4, 0x17, 0xE4, 0x17, 0xE4, 0x17, 0xE4, 0x17, 0xE4, 0x17, 0xE4,
    0x17, 0xE4, 0x17, 0xE4, 0x17, 0xE4, 0x17, 0xE4, 0x17, 0xE4, 0x17, 0xE4, 0x17, 0xE4, 0x17, 0xE4,
    0x17, 0xE4, 0x17, 0xE4, 0x17, 0xE4, 0x17, 0xE4, 0x17, 0xE4, 0x17, 0xE4, 0x17, 0xE4, 0x17, 0xE4,
    0x17, 0xE4, 0x17, 0xE4, 0x17, 0xE4, 0x17, 0xE4, 0x17, 0xE4, 0x17, 0xE4, 0x17, 0xE4, 0x17, 0xE4,
    0x17, 0xE4, 0x17, 0xE4, 0x17, 0xE4, 0x17, 0xE4, 0x17, 0xE4, 0x17, 0xE4, 0x17, 0xE4, 0x17, 0xE4,
    0x17, 0xE4, 0x17, 0xE4, 0x17, 0xE4, 0x17, 0xE4, 0x17, 0xE4, 0x17, 0xE4, 0x17, 0xE4, 0x17, 0xE4,
    0x17, 0xE4, 0xFF, 0x17, 0xE4, 0x17, 0xE4, 0x17, 0xE4, 0x17, 0xE4, 0x17, 0xE4, 0x17, 0xE4, 0x17,
    0xE4, 0x17, 0xE4, 0x17, 0xE4, 0x17, 0xE3, 0x17, 0xE4, 0x17, 0xE4, 0x17, 0xE4, 0x17, 0xE4, 0x17,
    0xE4, 0x17, 0xE4, 0x17, 0xE4, 0x17, 0xE3, 0x17, 0xE4, 0x17, 0xE4, 0x17, 0xE4, 0x17, 0xE4, 0x17,
    0xE4, 0x17, 0xE4, 0x17, 0xE4, 0x17, 0xE4, 0x17, 0xE4, 0x17, 0xE4, 0x17, 0xE4, 0x17, 0xE4, 0x17,
    0xE4, 0x17, 0xE4, 0x17, 0xE4, 0x17, 0xE4, 0x17, 0xE4, 0x17, 0xE4, 0x17, 0xE4, 0x17, 0xE4, 0x17,
    0xE4, 0x17, 0xE4, 0x17, 0xE4, 0x17, 0xE4, 0x17, 0xE4, 0x17, 0xE4, 0x17, 0xE4, 0x17, 0xE4, 0x17,
    0xE4, 0x17, 0xE4, 0x17, 0xE4, 0x17, 0xE4, 0x17, 0xE4, 0x17, 0xE4, 0x17, 0xE4, 0x17, 0xE4, 0x17,
    0xE4, 0x17, 0xE4, 0x17, 0xE4, 0x17, 0xE4, 0x17, 0xE4, 0x17, 0xE4, 0x17, 0xE4, 0x17, 0xE4, 0x17,
    0xE4, 0x17, 0xE4, 0xFF, 0x17, 0xE4, 0x17, 0xE4, 0x17, 0xE4, 0x17, 0xE4, 0x17, 0xE4, 0x17, 0xE4,
    0x17, 0xE4, 0x17, 0xE4, 0x17, 0xE4, 0x17, 0xE4, 0x17, 0xE4, 0x17, 0xE4, 0x17, 0xE4, 0x17, 0xE4,
    0x17, 0xE4, 0x17, 0xE4, 0x17, 0xE4, 0x17, 0xE4, 0x17, 0xE4, 0x17, 0xE4, 0x17, 0xE4, 0x17, 0xE4,
    0x17, 0xE4, 0x17, 0xE4, 0x17, 0xE4, 0x17, 0xE4, 0x17, 0xE4, 0x17, 0xE4, 0x17, 0xE4, 0x17, 0xE4,
    0x17, 0xE4, 0x17, 0xE4, 0x17, 0xE4, 0x17, 0xE4, 0x17, 0xE4, 0x17, 0xE4, 0x17, 0xE4, 0x17, 0xE4,
    0x17, 0xE4, 0x17, 0xE4, 0x17, 0xE4, 0x17, 0xE4, 0x17, 0xE4, 0x17, 0xE4, 0x17, 0xE4, 0x17, 0xE4,
    0x17, 0xE4, 0x17, 0xE4, 0x17, 0xE4, 0x17, 0xE4, 0x17, 0xE4, 0x17, 0xE4, 0x17, 0xE4, 0x17, 0xE4,
    0x17, 0xE4, 0x17, 0xE4, 0x17, 0xE4, 0x17, 0xE4, 0x17, 0xE4, 0x17, 0xE4, 0x17, 0xE4, 0x17, 0xE4,
    0x17, 0xE4, 0x17, 0xE4, 0xFF, 0x17, 0xE4, 0x17, 0xE4, 0x17, 0xE4, 0x17, 0xE4, 0x17, 0xE4, 0x17,
    0xE4, 0x17, 0xE4, 0x17, 0xE4, 0x17, 0xE4, 0x17, 0xE4, 0x17, 0xE4, 0x17, 0xE4, 0x17, 0xE4, 0x17,
    0xE4, 0x17, 0xE3, 0x17, 0xE3, 0x17, 0xE4, 0x1F, 0xE4, 0x1F, 0xE5, 0x27, 0xE5, 0x27, 0xE6, 0x2F,
    0xE6, 0x2F, 0xE7, 0x37, 0xE7, 0x37, 0xE7, 0x2F, 0xE7, 0x2F, 0xE7, 0x27, 0xE6, 0x1F, 0xE5, 0x1F,
    0xE5, 0x1F, 0xE4, 0x17, 0xE4, 0x17, 0xE4, 0x17, 0xE4, 0x17, 0xE4, 0x17, 0xE4, 0x17, 0xE3, 0x17,
    0xE4, 0x17, 0xE4, 0x17, 0xE4, 0x17, 0xE4, 0x17, 0xE4, 0x17, 0xE4, 0x17, 0xE4, 0x17, 0xE4, 0x17,
    0xE4, 0x17, 0xE4, 0x17, 0xE4, 0x17, 0xE4, 0x17, 0xE4, 0x17, 0xE4, 0x17, 0xE4, 0x17, 0xE4, 0x17,
    0xE4, 0x17, 0xE4, 0x17, 0xE4, 0x17, 0xE4, 0x17, 0xE4, 0x17, 0xE4, 0x17, 0xE4, 0x17, 0xE4, 0x17,
    0xE4, 0x17, 0xE4, 0x17, 0xE4, 0xFF, 0x17, 0xE4, 0x17, 0xE4, 0x17, 0xE4, 0x17, 0xE4, 0x17, 0xE4,
    0x17, 0xE4, 0x17, 0xE4, 0x17, 0xE4, 0x17, 0xE4, 0x17, 0xE4, 0x17, 0xE4, 0x17, 0xE4, 0x17, 0xE4,
    0x17, 0xE4, 0x17, 0xE4, 0x17, 0xE4, 0x17, 0xE4, 0x17, 0xE4, 0x17, 0xE4, 0x17, 0xE4, 0x17, 0xE4,
    0x17, 0xE4, 0x17, 0xE4, 0x17, 0xE4, 0x17, 0xE4, 0x17, 0xE4, 0x17, 0xE4, 0x17, 0xE4, 0x17, 0xE4,
    0x17, 0xE4, 0x17, 0xE4, 0x17, 0xE4, 0x17, 0xE4, 0x17, 0xE4, 0x17, 0xE4, 0x17, 0xE4, 0x17, 0xE4,
    0x17, 0xE4, 0x17, 0xE4, 0x17, 0xE4, 0x17, 0xE4, 0x17, 0xE4, 0x17, 0xE4, 0x17, 0xE4, 0x17, 0xE4,
    0x17, 0xE4, 0x17, 0xE4, 0x17, 0xE4, 0x17, 0xE4, 0x17, 0xE4, 0x17, 0xE4, 0x17, 0xE4, 0x17, 0xE4,
    0x17, 0xE4, 0x17, 0xE4, 0x17, 0xE4, 0x17, 0xE4, 0x17, 0xE4, 0x17, 0xE4, 0x17, 0xE4, 0x17, 0xE4,
    0x17, 0xE4, 0x17, 0xE4, 0x17, 0xE4, 0xFF, 0x17, 0xE4, 0x17, 0xE4, 0x17, 0xE4, 0x17, 0xE4, 0x17,
    0xE4, 0x17, 0xE4, 0x17, 0xE4, 0x17, 0xE4, 0x17, 0xE4, 0x17, 0xE4, 0x17, 0xE4, 0x17, 0xE4, 0x17,
    0xE4, 0x17, 0xE4, 0x17, 0xE4, 0x17, 0xE4, 0x17, 0xE4, 0x17, 0xE4, 0x17, 0xE4, 0x17, 0xE4, 0x17,
    0xE4, 0x27, 0xE5, 0x37, 0xE7, 0x3F, 0xE8, 0x47, 0xE9, 0x4F, 0xA9, 0x57, 0x6A, 0x67, 0x2C, 0x66,
    0xEC, 0x66, 0xCC, 0x66, 0xAC, 0x66, 0xAC, 0x66, 0xEC, 0x5F, 0x4B, 0x57, 0x8A, 0x4F, 0xE9, 0x3F,
    0xE8, 0x37, 0xE7, 0x27, 0xE5, 0x1F, 0xE5, 0x17, 0xE4, 0x17, 0xE4, 0x17, 0xE4, 0x17, 0xE4, 0x17,
    0xE4, 0x17, 0xE4, 0x17, 0xE4, 0x17, 0xE4, 0x17, 0xE4, 0x17, 0xE4, 0x17, 0xE4, 0x17, 0xE4, 0x17,
    0xE4, 0x17, 0xE4, 0x17, 0xE4, 0x17, 0xE4, 0x17, 0xE4, 0x17, 0xE4, 0x17, 0xE4, 0x17, 0xE4, 0x17,
    0xE4, 0x17, 0xE4, 0x17, 0xE4, 0x17, 0xE4, 0xFF, 0x17, 0xE4, 0x17, 0xE4, 0x17, 0xE4, 0x17, 0xE4,
    0x17, 0xE4, 0x17, 0xE4, 0x17, 0xE4, 0x17, 0xE4, 0x17, 0xE4, 0x17, 0xE4, 0x17, 0xE4, 0x17, 0xE4,
    0x17, 0xE4, 0x17, 0xE4, 0x17, 0xE4, 0x17, 0xE4, 0x17, 0xE4, 0x17, 0xE4, 0x17, 0xE4, 0x17, 0xE4,
    0x17, 0xE4, 0x17, 0xE4, 0x17, 0xE4, 0x17, 0xE4, 0x17, 0xE4, 0x17, 0xE4, 0x17, 0xE4, 0x17, 0xE4,
    0x17, 0xE4, 0x17, 0xE4, 0x17, 0xE4, 0x17, 0xE4, 0x17, 0xE4, 0x17, 0xE4, 0x17, 0xE4, 0x17, 0xE4,
    0x17, 0xE4, 0x17, 0xE4, 0x17, 0xE4, 0x17, 0xE4, 0x17, 0xE4, 0x17, 0xE4, 0x17, 0xE4, 0x17, 0xE4,
    0x17, 0xE4, 0x17, 0xE4, 0x17, 0xE4, 0x17, 0xE4, 0x17, 0xE4, 0x17, 0xE4, 0x17, 0xE4, 0x17, 0xE4,
    0x17, 0xE4, 0x17, 0xE4, 0x17, 0xE4, 0x17, 0xE4, 0x17, 0xE4, 0x17, 0xE4, 0x17, 0xE4, 0x17, 0xE4,
    0x17, 0xE4, 0x17, 0xE4, 0x17, 0xE4, 0x17, 0xE4, 0xFF, 0x17, 0xE4, 0x17, 0xE4, 0x17, 0xE4, 0x17,
    0xE4, 0x17, 0xE4, 0x17, 0xE4, 0x17, 0xE4, 0x17, 0xE4, 0x17, 0xE4, 0x17, 0xE4, 0x17, 0xE4, 0x17,
    0xE4, 0x17, 0xE4, 0x17, 0xE4, 0x17, 0xE4, 0x17, 0xE4, 0x17, 0xE4, 0x17, 0xE4, 0x17, 0xE4, 0x17,
    0xE4, 0x17, 0xE4, 0x17, 0xE4, 0x17, 0xE4, 0x1F, 0xE4, 0x27, 0xE6, 0x2F, 0xE7, 0x3F, 0xE9, 0x4F,
    0x8A, 0x66, 0xEC, 0x7E, 0xAE, 0x96, 0x90, 0xA6, 0x71, 0xB6, 0x93, 0xC6, 0x95, 0xCE, 0x95, 0xCE,
    0x95, 0xC6, 0x75, 0xC6, 0x55, 0xC6, 0x34, 0xB6, 0x33, 0xA6, 0x10, 0x8D, 0xEE, 0x7E, 0x0D, 0x66,
    0x6B, 0x57, 0x6A, 0x47, 0xE9, 0x37, 0xE8, 0x27, 0xE6, 0x17, 0xE5, 0x17, 0xE4, 0x17, 0xE4, 0x17,
    0xE4, 0x17, 0xE4, 0x17, 0xE4, 0x17, 0xE4, 0x17, 0xE4, 0x17, 0xE4, 0x17, 0xE4, 0x17, 0xE4, 0x17,
    0xE4, 0x17, 0xE4, 0x17, 0xE4, 0x17, 0xE4, 0x17, 0xE4, 0xFF, 0x17, 0xE4, 0x17, 0xE4, 0x17, 0xE4,
    0x17, 0xE4, 0x17, 0xE4, 0x17, 0xE4, 0x17, 0xE4, 0x17, 0xE4, 0x17, 0xE4, 0x17, 0xE4, 0x17, 0xE4,
    0x17, 0xE4, 0x17, 0xE4, 0x17, 0xE4, 0x17, 0xE4, 0x17, 0xE4, 0x17, 0xE4, 0x17, 0xE4, 0x17, 0xE4,
    0x17, 0xE4, 0x17, 0xE4, 0x17, 0xE4, 0x17, 0xE4, 0x17, 0xE4, 0x17, 0xE4, 0x17, 0xE4, 0x17, 0xE4,
    0x17, 0xE4, 0x17, 0xE4, 0x17, 0xE4, 0x17, 0xE4, 0x17, 0xE4, 0x17, 0xE4, 0x17, 0xE4, 0x17, 0xE4,
    0x17, 0xE4, 0x17, 0xE4, 0x17, 0xE4, 0x17, 0xE4, 0x17, 0xE4, 0x17, 0xE4, 0x17, 0xE4, 0x17, 0xE4,
    0x17, 0xE4, 0x17, 0xE4, 0x17, 0xE4, 0x17, 0xE4, 0x17, 0xE4, 0x17, 0xE4, 0x17, 0xE4, 0x17, 0xE4,
    0x17, 0xE4, 0x17, 0xE4, 0x17, 0xE4, 0x17, 0xE4, 0x17, 0xE4, 0x17, 0xE4, 0x17, 0xE4, 0x17, 0xE4,
    0x17, 0xE4, 0x17, 0xE4, 0x17, 0xE4, 0x17, 0xE4, 0x17, 0xE4, 0xFF, 0x17, 0xE4, 0x17, 0xE4, 0x17,
    0xE4, 0x17, 0xE4, 0x17, 0xE4, 0x17, 0xE4, 0x17, 0xE4, 0x17, 0xE4, 0x17, 0xE4, 0x17, 0xE4, 0x17,
    0xE4, 0x17, 0xE4, 0x17, 0xE4, 0x17, 0xE4, 0x17, 0xE4, 0x17, 0xE4, 0x17, 0xE4, 0x17, 0xE4, 0x17,
    0xE4, 0x17, 0xE4, 0x17, 0xE4, 0x17, 0xE4, 0x17, 0xE4, 0x17, 0xE4, 0x17, 0xE4, 0x17, 0xE4, 0x17,
    0xE4, 0x17, 0xE4, 0x27, 0xE6, 0x37, 0xE7, 0x47, 0xA9, 0x5E, 0xEB, 0x86, 0x8E, 0xA6, 0x92, 0xCE,
    0xD6, 0xE6, 0xF8, 0xF6, 0xF9, 0xF6, 0xF9, 0xFE, 0xF9, 0xFE, 0xD9, 0xFE, 0xD9, 0xFE, 0xD9, 0xFE,
    0xFA, 0xFE, 0xD9, 0xFE, 0xDA, 0xFE, 0xB9, 0xF6, 0x98, 0xEE, 0x98, 0xDE, 0x36, 0xC5, 0xF3, 0x9D,
    0xD0, 0x7E, 0x0D, 0x66, 0xCC, 0x57, 0xAA, 0x3F, 0xE8, 0x27, 0xE6, 0x17, 0xE5, 0x17, 0xE4, 0x17,
    0xE4, 0x17, 0xE4, 0x17, 0xE4, 0x17, 0xE4, 0x17, 0xE4, 0x17, 0xE4, 0xFF, 0x17, 0xE4, 0x17, 0xE4,
    0x17, 0xE4, 0x17, 0xE4, 0x17, 0xE4, 0x17, 0xE4, 0x17, 0xE4, 0x17, 0xE4, 0x17, 0xE4, 0x17, 0xE4,
    0x17, 0xE4, 0x17, 0xE4, 0x17, 0xE4, 0x17, 0xE4, 0x17, 0xE4, 0x17, 0xE4, 0x17, 0xE4, 0x17, 0xE4,
    0x17, 0xE4, 0x17, 0xE4, 0x17, 0xE4, 0x17, 0xE4, 0x17, 0xE4, 0x17, 0xE4, 0x17, 0xE4, 0x17, 0xE4,
    0x17, 0xE4, 0x17, 0xE4, 0x17, 0xE4, 0x17, 0xE4, 0x17, 0xE4, 0x17, 0xE4, 0x17, 0xE4, 0x17, 0xE4,
    0x17, 0xE4, 0x17, 0xE4, 0x17, 0xE4, 0x17, 0xE4, 0x17, 0xE4, 0x17, 0xE4, 0x17, 0xE4, 0x17, 0xE4,
    0x17, 0xE4, 0x17, 0xE4, 0x17, 0xE4, 0x17, 0xE4, 0x17, 0xE4, 0x17, 0xE4, 0x17, 0xE4, 0x17, 0xE4,
    0x17, 0xE4, 0x17, 0xE4, 0x17, 0xE4, 0x17, 0xE4, 0x17, 0xE4, 0x17, 0xE4, 0x17, 0xE4, 0x17, 0xE4,
    0x17, 0xE4, 0x17, 0xE4, 0x17, 0xE4, 0x17, 0xE4, 0x17, 0xE4, 0x17, 0xE4, 0xFF, 0x17, 0xE4, 0x17,
    0xE4, 0x17, 0xE4, 0x17, 0xE4, 0x17, 0xE4, 0x17, 0xE4, 0x17, 0xE4, 0x17, 0xE4, 0x17, 0xE4, 0x17,
    0xE4, 0x17, 0xE4, 0x17, 0xE4, 0x17, 0xE4, 0x17, 0xE4, 0x17, 0xE4, 0x17, 0xE4, 0x17, 0xE4, 0x17,
    0xE4, 0x17, 0xE4, 0x17, 0xE4, 0x17, 0xE4, 0x17, 0xE4, 0x17, 0xE4, 0x17, 0xE4, 0x17, 0xE4, 0x17,
    0xE4, 0x17, 0xE4, 0x17, 0xE4, 0x17, 0xE4, 0x17, 0xE4, 0x17, 0xE4, 0x17, 0xE4, 0x1F, 0xE5, 0x37,
    0xE7, 0x4F, 0x89, 0x66, 0x8B, 0x8E, 0x4F, 0xCE, 0xB5, 0xEE, 0xD8, 0xFE, 0xF9, 0xFE, 0xD9, 0xFE,
    0xD9, 0xFE, 0xD9, 0xFE, 0xD9, 0xFE, 0xD9, 0xFE, 0xD9, 0xFE, 0xD9, 0xFE, 0xD9, 0xFE, 0xD9, 0xFE,
    0xB9, 0xFE, 0xB9, 0xFE, 0xB9, 0xFE, 0xB8, 0xEE, 0x57, 0xEE, 0x37, 0xF6, 0x98, 0xF6, 0xB8, 0xDE,
    0x97, 0xB6, 0x13, 0x95, 0xEF, 0x76, 0xAD, 0x57, 0xCA, 0x37, 0xE8, 0x1F, 0xE5, 0xFF, 0x17, 0xE4,
    0x17, 0xE4, 0x17, 0xE4, 0x17, 0xE4, 0x17, 0xE4, 0x17, 0xE4, 0x17, 0xE4, 0x17, 0xE4, 0x17, 0xE4,
    0x17, 0xE4, 0x17, 0xE4, 0x17, 0xE4, 0x17, 0xE4, 0x17, 0xE4, 0x17, 0xE4, 0x17, 0xE4, 0x17, 0xE4,
    0x17, 0xE4, 0x17, 0xE4, 0x17, 0xE4, 0x17, 0xE4, 0x17, 0xE4, 0x17, 0xE4, 0x17, 0xE4, 0x17, 0xE4,
    0x17, 0xE4, 0x17, 0xE4, 0x17, 0xE4, 0x17, 0xE4, 0x17, 0xE4, 0x17, 0xE4, 0x17, 0xE4, 0x17, 0xE4,
    0x17, 0xE4, 0x17, 0xE4, 0x17, 0xE4, 0x17, 0xE4, 0x17, 0xE4, 0x17, 0xE4, 0x17, 0xE4, 0x17, 0xE4,
    0x17, 0xE4, 0x17, 0xE4, 0x17, 0xE4, 0x17, 0xE4, 0x17, 0xE4, 0x17, 0xE4, 0x17, 0xE4, 0x17, 0xE4,
    0x17, 0xE4, 0x17, 0xE4, 0x17, 0xE4, 0x17, 0xE4, 0x17, 0xE4, 0x17, 0xE4, 0x17, 0xE4, 0x17, 0xE4,
    0x17, 0xE4, 0x17, 0xE4, 0x17, 0xE4, 0x17, 0xE4, 0x17, 0xE4, 0x17, 0xE4, 0x17, 0xE4, 0xFF, 0x17,
    0xE4, 0x17, 0xE4, 0x17, 0xE4, 0x17, 0xE4, 0x17, 0xE4, 0x17, 0xE4, 0x17, 0xE4, 0x17, 0xE4, 0x17,
    0xE4, 0x17, 0xE4, 0x17, 0xE4, 0x17, 0xE4, 0x17, 0xE4, 0x17, 0xE4, 0x17, 0xE4, 0x17, 0xE4, 0x17,
    0xE4, 0x17, 0xE4, 0x17, 0xE4, 0x17, 0xE4, 0x17, 0xE4, 0x17, 0xE4, 0x17, 0xE4, 0x17, 0xE4, 0x17,
    0xE4, 0x17, 0xE4, 0x17, 0xE4, 0x17, 0xE4, 0x17, 0xE4, 0x17, 0xE4, 0x17, 0xE4, 0x17, 0xE4, 0x17,
    0xE4, 0x17, 0xE4, 0x17, 0xE4, 0x17, 0xE4, 0x17, 0xE4, 0x27, 0xE6, 0x3F, 0xE9, 0x56, 0xCA, 0x9E,
    0x50, 0xC6, 0x13, 0xE6, 0x77, 0xFE, 0xF9, 0xFE, 0xD9, 0xFE, 0xD9, 0xFE, 0xD9, 0xFE, 0xD9, 0xFE,
    0xD9, 0xFE, 0xD9, 0xFE, 0xD9, 0xFE, 0xD9, 0xFE, 0xD9, 0xFE, 0xB9, 0xFE, 0xB9, 0xFE, 0xD8, 0xFE,
    0xB8, 0xFE, 0xD8, 0xFE, 0xD9, 0xFE, 0xD9, 0xF6, 0xB8, 0xEE, 0x78, 0xE6, 0x36, 0xE6, 0x57, 0xFF,
    0xFE, 0xF9, 0xF6, 0xF9, 0xCE, 0x54, 0x8D, 0xEE, 0x66, 0xEC, 0x47, 0xEA, 0x27, 0xE6, 0x17, 0xE4,
    0x17, 0xE3, 0x17, 0xE4, 0x17, 0xE4, 0x17, 0xE4, 0x17, 0xE4, 0x17, 0xE4, 0x17, 0xE4, 0x17, 0xE4,
    0x17, 0xE4, 0x17, 0xE4, 0x17, 0xE4, 0x17, 0xE4, 0x17, 0xE4, 0x17, 0xE4, 0x17, 0xE4, 0x17, 0xE4,
    0x17, 0xE4, 0x17, 0xE4, 0x17, 0xE4, 0x17, 0xE4, 0x17, 0xE4, 0x17, 0xE4, 0x17, 0xE4, 0x17, 0xE4,
    0x17, 0xE4, 0x17, 0xE4, 0x17, 0xE4, 0x17, 0xE4, 0x17, 0xE4, 0x17, 0xE4, 0x17, 0xE4, 0x17, 0xE4,
    0x17, 0xE4, 0x17, 0xE4, 0x17, 0xE4, 0x17, 0xE4, 0x17, 0xE4, 0x17, 0xE4, 0x17, 0xE4, 0x17, 0xE4,
    0x17, 0xE4, 0x17, 0xE4, 0x17, 0xE4, 0x17, 0xE4, 0x17, 0xE4, 0x17, 0xE4, 0x17, 0xE4, 0x17, 0xE4,
    0x17, 0xE4, 0x17, 0xE4, 0x17, 0xE4, 0x17, 0xE4, 0x17, 0xE4, 0x17, 0xE4, 0x17, 0xE4, 0x17, 0xE4,
    0xFF, 0x17, 0xE4, 0x17, 0xE4, 0x17, 0xE4, 0x17, 0xE4, 0x17, 0xE4, 0x17, 0xE4, 0x17, 0xE4, 0x17,
    0xE4, 0x17, 0xE4, 0x17, 0xE4, 0x17, 0xE4, 0x17, 0xE4, 0x17, 0xE4, 0x17, 0xE4, 0x17, 0xE4, 0x17,
    0xE4, 0x17, 0xE4, 0x17, 0xE4, 0x17, 0xE4, 0x17, 0xE4, 0x17, 0xE4, 0x17, 0xE4, 0x17, 0xE4, 0x17,
    0xE4, 0x17, 0xE4, 0x17, 0xE4, 0x17, 0xE4, 0x17, 0xE4, 0x17, 0xE4, 0x17, 0xE4, 0x17, 0xE4, 0x17,
    0xE4, 0x17, 0xE4, 0x17, 0xE4, 0x17, 0xE4, 0x17, 0xE4, 0x17, 0xE4, 0x17, 0xE4, 0x17, 0xE4, 0x17,
    0xE4, 0x17, 0xE4, 0x17, 0xE4, 0x27, 0xE6, 0x3F, 0x88, 0x6E, 0xAD, 0xBE, 0xF4, 0xE6, 0x97, 0xE6,
    0x16, 0xEE, 0x16, 0xF6, 0x98, 0xFE, 0xD9, 0xFE, 0xD9, 0xFE, 0xD9, 0xFE, 0xD9, 0xFE, 0xD9, 0xFE,
    0xD9, 0xFE, 0xD9, 0xFE, 0xD9, 0xFE, 0xD9, 0xFE, 0xD9, 0xEE, 0x77, 0xEE, 0x97, 0xFE, 0xD9, 0xFE,
    0xD9, 0xFF, 0xF6, 0xD9, 0xF6, 0xF9, 0xF6, 0xD9, 0xF6, 0xD9, 0xF6, 0xD9, 0xE6, 0x57, 0xE6, 0x16,
    0xF6, 0xD9, 0xFF, 0x1A, 0xE6, 0xD8, 0xA5, 0xF1, 0x7E, 0x2D, 0x57, 0xEA, 0x2F, 0xE7, 0x1F, 0xE4,
    0x17, 0xE4, 0x17, 0xE3, 0x17, 0xE3, 0x17, 0xE4, 0x17, 0xE4, 0x17, 0xE4, 0x17, 0xE4, 0x17, 0xE4,
    0x17, 0xE4, 0x17, 0xE4, 0x17, 0xE4, 0x17, 0xE4, 0x17, 0xE4, 0x17, 0xE4, 0x17, 0xE4, 0x17, 0xE4,
    0x17, 0xE4, 0x17, 0xE4, 0x17, 0xE4, 0x17, 0xE4, 0x17, 0xE4, 0x17, 0xE4, 0x17, 0xE4, 0x17, 0xE4,
    0x17, 0xE4, 0x17, 0xE4, 0x17, 0xE4, 0x17, 0xE4, 0x17, 0xE4, 0x17, 0xE4, 0x17, 0xE4, 0x17, 0xE4,
    0x17, 0xE4, 0x17, 0xE4, 0x17, 0xE4, 0x17, 0xE4, 0x17, 0xE4, 0x17, 0xE4, 0x17, 0xE4, 0x17, 0xE4,
    0x17, 0xE4, 0x17, 0xE4, 0x17, 0xE4, 0x17, 0xE4, 0x17, 0xE4, 0x17, 0xE4, 0x17, 0xE4, 0x17, 0xE4,
    0x17, 0xE4, 0xE8, 0x17, 0xE4, 0x17, 0xE4, 0x17, 0xE4, 0x17, 0xE4, 0x17, 0xE4, 0x17, 0xE4, 0x17,
    0xE4, 0x17, 0xE4, 0x17, 0xE4, 0x17, 0xE4, 0x17, 0xE4, 0x17, 0xE4, 0x17, 0xE4, 0x17, 0xE4, 0x17,
    0xE4, 0x17, 0xE4, 0x17, 0xE4, 0x17, 0xE4, 0x17, 0xE4, 0x17, 0xE4, 0x17, 0xE4, 0x17, 0xE4, 0x17,
    0xE4, 0x17, 0xE4, 0x17, 0xE4, 0x17, 0xE4, 0x17, 0xE4, 0x17, 0xE4, 0x17, 0xE4, 0x17, 0xE4, 0x17,
    0xE4, 0x17, 0xE4, 0x17, 0xE4, 0x17, 0xE4, 0x17, 0xE4, 0x17, 0xE4, 0x17, 0xE4, 0x17, 0xE4, 0x17,
    0xE4, 0x17, 0xE4, 0x17, 0xE4, 0x17, 0xE4, 0x17, 0xE4, 0x17, 0xE3, 0x17, 0xE4, 0x17, 0xE3, 0x17,
    0xE4, 0x27, 0xE7, 0x47, 0x69, 0x86, 0x6E, 0xD7, 0x17, 0xEE, 0xF9, 0xDD, 0x02, 0xF6, 0xFF, 0xD8,
    0xEE, 0x57, 0xEE, 0x56, 0xFE, 0xD9, 0xFE, 0xD9, 0xFE, 0xD9, 0xFE, 0xD9, 0xFE, 0xD9, 0xFE, 0xD9,
    0xFE, 0xD9, 0xFE, 0xD8, 0xFE, 0xD9, 0xFE, 0xD9, 0xF6, 0xB8, 0xE6, 0x56, 0xE6, 0x57, 0xF6, 0xB8,
    0xF6, 0xF9, 0xF6, 0xD9, 0xF6, 0xD9, 0xF6, 0xD9, 0xFF, 0x1A, 0xFF, 0x1A, 0xEE, 0xB8, 0xDE, 0x15,
    0xF6, 0xB8, 0xFF, 0x39, 0xFF, 0x39, 0xCE, 0x54, 0x8D, 0xED, 0x67, 0x4B, 0x37, 0xE8, 0x17, 0xE4,
    0x17, 0xE3, 0x17, 0xE3, 0x17, 0xE4, 0x17, 0xE4, 0x17, 0xE4, 0x17, 0xE4, 0x17, 0xE4, 0x17, 0xE4,
    0x17, 0xE4, 0x17, 0xE4, 0x17, 0xE4, 0x17, 0xE4, 0x17, 0xE4, 0x17, 0xE4, 0x17, 0xE4, 0x17, 0xE4,
    0x17, 0xE4, 0x17, 0xE4, 0x17, 0xE4, 0x17, 0xE4, 0x17, 0xE4, 0x17, 0xE4, 0x17, 0xE4, 0x17, 0xE4,
    0x17, 0xE4, 0x17, 0xE4, 0x17, 0xE4, 0x17, 0xE4, 0x17, 0xE4, 0x17, 0xE4, 0x17, 0xE4, 0x17, 0xFF,
    0xE4, 0x17, 0xE4, 0x17, 0xE4, 0x17, 0xE4, 0x17, 0xE4, 0x17, 0xE4, 0x17, 0xE4, 0x17, 0xE4, 0x17,
    0xE4, 0x17, 0xE4, 0x17, 0xE4, 0x17, 0xE4, 0x17, 0xE4, 0x17, 0xE4, 0x17, 0xE4, 0x17, 0xE4, 0x17,
    0xE4, 0x17, 0xE4, 0x17, 0xE4, 0x17, 0xE4, 0x17, 0xE4, 0x17, 0xE4, 0x17, 0xE4, 0x17, 0xE4, 0x17,
    0xE4, 0x17, 0xE4, 0x17, 0xE4, 0x17, 0xE4, 0x17, 0xE4, 0x17, 0xE4, 0x17, 0xE4, 0x17, 0xE4, 0x17,
    0xE4, 0x17, 0xE4, 0x17, 0xE4, 0x17, 0xE4, 0x17, 0xE4, 0x17, 0xE4, 0x17, 0xE4, 0x17, 0xE4, 0x17,
    0xE4, 0x17, 0xE4, 0x17, 0xE4, 0x17, 0xE4, 0x17, 0xE4, 0x17, 0xE4, 0x17, 0xE4, 0x17, 0xE4, 0x17,
    0xE4, 0x17, 0xE4, 0x17, 0xE4, 0x17, 0xE4, 0x17, 0xE4, 0x17, 0xE4, 0x17, 0xE4, 0x17, 0xE4, 0x17,
    0xE4, 0x17, 0xE4, 0x17, 0xE4, 0x17, 0xE4, 0x17, 0xE3, 0x17, 0xE3, 0x1F, 0xE4, 0x2F, 0xE6, 0x4F,
    0xFF, 0x2A, 0xA6, 0xD2, 0xEF, 0x18, 0xFE, 0xF9, 0xEE, 0x57, 0xE6, 0x16, 0xFE, 0xF9, 0xF6, 0xB8,
    0xEE, 0x36, 0xFE, 0xD9, 0xFE, 0xD9, 0xFE, 0xD9, 0xFE, 0xD9, 0xFE, 0xD9, 0xFE, 0xD9, 0xFE, 0xD9,
    0xFE, 0xD9, 0xFE, 0xD9, 0xFE, 0xD9, 0xFE, 0xF9, 0xF6, 0xF9, 0xE6, 0x56, 0xDD, 0xF5, 0xEE, 0x97,
    0xE6, 0x77, 0xF6, 0xD8, 0xFF, 0x1A, 0xFF, 0x3A, 0xFF, 0x5A, 0xFF, 0x5A, 0xF6, 0xF9, 0xDE, 0x16,
    0xEE, 0x97, 0xFF, 0x39, 0xFF, 0x3A, 0xDE, 0x96, 0x95, 0xEF, 0x5F, 0x4C, 0x37, 0xE8, 0x1F, 0xE4,
    0x17, 0xE3, 0x17, 0xE4, 0x17, 0xE4, 0x17, 0xE4, 0x17, 0xE4, 0x17, 0xE4, 0x17, 0xE4, 0x17, 0xE4,
    0x17, 0xE4, 0x17, 0xE4, 0x17, 0xE4, 0x17, 0xE4, 0x17, 0xE4, 0x17, 0xE4, 0x17, 0xE4, 0x17, 0xE4,
    0x17, 0xE4, 0x17, 0xE4, 0x17, 0xE4, 0x17, 0xE4, 0x17, 0xE4, 0x17, 0xE4, 0x17, 0xE4, 0x17, 0xE4,
    0x17, 0xFF, 0xE4, 0x17, 0xE4, 0x17, 0xE4, 0x17, 0xE4, 0x17, 0xE4, 0x17, 0xE4, 0x17, 0xE4, 0x17,
    0xE4, 0x17, 0xE4, 0x17, 0xE4, 0x17, 0xE4, 0x17, 0xE4, 0x17, 0xE4, 0x17, 0xE4, 0x17, 0xE4, 0x17,
    0xE4, 0x17, 0xE4, 0x17, 0xE4, 0x17, 0xE4, 0x17, 0xE4, 0x17, 0xE4, 0x17, 0xE4, 0x17, 0xE4, 0x17,
    0xE4, 0x17, 0xE4, 0x17, 0xE4, 0x17, 0xE4, 0x17, 0xE4, 0x17, 0xE4, 0x17, 0xE4, 0x17, 0xE4, 0x17,
    0xE4, 0x17, 0xE4, 0x17, 0xE4, 0x17, 0xE4, 0x17, 0xE4, 0x17, 0xE4, 0x17, 0xE4, 0x17, 0xE4, 0x17,
    0xE4, 0x17, 0xE4, 0x17, 0xE4, 0x17, 0xE4, 0x17, 0xE4, 0x17, 0xE4, 0x17, 0xE4, 0x17, 0xE4, 0x17,
    0xE4, 0x17, 0xE4, 0x17, 0xE4, 0x17, 0xE4, 0x17, 0xE4, 0x17, 0xE4, 0x17, 0xE4, 0x17, 0xE4, 0x17,
    0xE4, 0x17, 0xE4, 0x17, 0xE4, 0x17, 0xE4, 0x17, 0xE4, 0x17, 0xE4, 0x17, 0xE4, 0x17, 0xE4, 0x17,
    0xE4, 0x17, 0xFF, 0xE4, 0x17, 0xE4, 0x17, 0xE3, 0x17, 0xE4, 0x27, 0xE6, 0x4F, 0x4A, 0xA6, 0xB2,
    0xF7, 0x19, 0xF6, 0xD9, 0xF6, 0xB8, 0xEE, 0x57, 0xF6, 0x98, 0xFE, 0xF9, 0xFE, 0xF9, 0xE6, 0x56,
    0xEE, 0x77, 0xFE, 0xD9, 0xFE, 0xD9, 0xFE, 0xD9, 0xFE, 0xD9, 0xFE, 0xD9, 0xFE, 0xD9, 0xFE, 0xD9,
    0xFE, 0xD9, 0xF6, 0xD9, 0xF6, 0xD9, 0xF6, 0xF9, 0xF7, 0x19, 0xEE, 0x97, 0xDE, 0x15, 0xE6, 0x97,
    0xE6, 0x57, 0xFF, 0x1A, 0xFF, 0x5B, 0xFF, 0x5A, 0xFF, 0x5A, 0xFF, 0x7B, 0xFF, 0x3A, 0xDE, 0x36,
    0xEE, 0x77, 0xFF, 0x1A, 0xFF, 0x5A, 0xE6, 0xF8, 0x96, 0x10, 0x67, 0x6C, 0x37, 0xE7, 0x17, 0xE3,
    0x17, 0xE4, 0x17, 0xE4, 0x17, 0xE4, 0x17, 0xE4, 0x17, 0xE4, 0x17, 0xE4, 0x17, 0xE4, 0x17, 0xE4,
    0x17, 0xE4, 0x17, 0xE4, 0x17, 0xE4, 0x17, 0xE4, 0x17, 0xE4, 0x17, 0xE4, 0x17, 0xE4, 0x17, 0xE4,
    0x17, 0xE4, 0x17, 0xFF, 0xE4, 0x17, 0xE4, 0x17, 0xE4, 0x17, 0xE4, 0x17, 0xE4, 0x17, 0xE4, 0x17,
    0xE4, 0x17, 0xE4, 0x17, 0xE4, 0x17, 0xE4, 0x17, 0xE4, 0x17, 0xE4, 0x17, 0xE4, 0x17, 0xE4, 0x17,
    0xE4, 0x17, 0xE4, 0x17, 0xE4, 0x17, 0xE4, 0x17, 0xE4, 0x17, 0xE4, 0x17, 0xE4, 0x17, 0xE4, 0x17,
    0xE4, 0x17, 0xE4, 0x17, 0xE4, 0x17, 0xE4, 0x17, 0xE4, 0x17, 0xE4, 0x17, 0xE4, 0x17, 0xE4, 0x17,
    0xE4, 0x17, 0xE4, 0x17, 0xE4, 0x17, 0xE4, 0x17, 0xE4, 0x17, 0xE4, 0x17, 0xE4, 0x17, 0xE4, 0x17,
    0xE4, 0x17, 0xE4, 0x17, 0xE4, 0x17, 0xE4, 0x17, 0xE4, 0x17, 0xE4, 0x17, 0xE4, 0x17, 0xE4, 0x17,
    0xE4, 0x17, 0xE4, 0x17, 0xE4, 0x17, 0xE4, 0x17, 0xE4, 0x17, 0xE4, 0x17, 0xE4, 0x17, 0xE4, 0x17,
    0xE4, 0x17, 0xE4, 0x17, 0xE4, 0x17, 0xE4, 0x17, 0xE4, 0x17, 0xE4, 0x17, 0xE4, 0x17, 0xE4, 0x17,
    0xE4, 0x17, 0xE4, 0x17, 0xFF, 0xE4, 0x17, 0xE4, 0x17, 0xE4, 0x17, 0xE4, 0x17, 0xE4, 0x17, 0xE4,
    0x17, 0xE4, 0x17, 0xE3, 0x17, 0xE4, 0x27, 0xE6, 0x47, 0x69, 0x9E, 0xF2, 0xEF, 0x39, 0xF6, 0xD9,
    0xEE, 0x77, 0xF6, 0x98, 0xFE, 0xD9, 0xF6, 0xD8, 0xFE, 0xF9, 0xFE, 0xF9, 0xF6, 0xB8, 0xDD, 0xF5,
    0xF6, 0xB8, 0xFE, 0xD9, 0xFE, 0xD9, 0xFE, 0xD9, 0xFE, 0xD9, 0xF6, 0xD9, 0xF6, 0xD9, 0xF6, 0xF9,
    0xF6, 0xF9, 0xFF, 0x19, 0xF7, 0x19, 0xF7, 0x19, 0xFF, 0x3A, 0xF7, 0x19, 0xE6, 0x77, 0xE6, 0x77,
    0xE6, 0x97, 0xFF, 0x5A, 0xFF, 0x5A, 0xFF, 0x5A, 0xFF, 0x7A, 0xFF, 0x7A, 0xF7, 0x19, 0xDE, 0x36,
    0xEE, 0xB7, 0xFF, 0x5A, 0xFF, 0x5B, 0xE6, 0xD8, 0x96, 0x10, 0x5F, 0x8B, 0x27, 0xE6, 0x17, 0xE4,
    0x17, 0xE4, 0x17, 0xE4, 0x17, 0xE4, 0x17, 0xE4, 0x17, 0xE4, 0x17, 0xE4, 0x17, 0xE4, 0x17, 0xE4,
    0x17, 0xE4, 0x17, 0xE4, 0x17, 0xFF, 0xE4, 0x17, 0xE4, 0x17, 0xE4, 0x17, 0xE4, 0x17, 0xE4, 0x17,
    0xE4, 0x17, 0xE4, 0x17, 0xE4, 0x17, 0xE4, 0x17, 0xE4, 0x17, 0xE4, 0x17, 0xE4, 0x17, 0xE4, 0x17,
    0xE4, 0x17, 0xE4, 0x17, 0xE4, 0x17, 0xE4, 0x17, 0xE4, 0x17, 0xE4, 0x17, 0xE4, 0x17, 0xE4, 0x17,
    0xE4, 0x17, 0xE4, 0x17, 0xE4, 0x17, 0xE4, 0x17, 0xE4, 0x17, 0xE4, 0x17, 0xE4, 0x17, 0xE4, 0x17,
    0xE4, 0x17, 0xE4, 0x17, 0xE4, 0x17, 0xE4, 0x17, 0xE4, 0x17, 0xE4, 0x17, 0xE4, 0x17, 0xE4, 0x17,
    0xE4, 0x17, 0xE4, 0x17, 0xE4, 0x17, 0xE4, 0x17, 0xE4, 0x17, 0xE4, 0x17, 0xE4, 0x17, 0xE4, 0x17,
    0xE4, 0x17, 0xE4, 0x17, 0xE4, 0x17, 0xE4, 0x17, 0xE4, 0x17, 0xE4, 0x17, 0xE4, 0x17, 0xE4, 0x17,
    0xE4, 0x17, 0xE4, 0x17, 0xE4, 0x17, 0xE4, 0x17, 0xE4, 0x17, 0xE4, 0x17, 0xE4, 0x17, 0xE4, 0x17,
    0xE4, 0x17, 0xE4, 0x17, 0xE4, 0x17, 0xFF, 0xE4, 0x17, 0xE4, 0x17, 0xE4, 0x17, 0xE4, 0x17, 0xE4,
    0x17, 0xE4, 0x17, 0xE4, 0x17, 0xE4, 0x17, 0xE4, 0x17, 0xE4, 0x17, 0xE4, 0x17, 0xE4, 0x17, 0xE4,
    0x17, 0xE4, 0x1F, 0xE5, 0x37, 0xC8, 0x8E, 0xF0, 0xEF, 0x39, 0xFE, 0xF9, 0xF6, 0xB8, 0xE6, 0x36,
    0xF6, 0xD8, 0xFE, 0xF9, 0xDE, 0x16, 0xEE, 0x98, 0xFE, 0xF9, 0xFE, 0xF9, 0xEE, 0x97, 0xDD, 0xF5,
    0xF6, 0xB8, 0xF6, 0xD9, 0xFE, 0xD9, 0xF6, 0xD9, 0xF6, 0xF9, 0xF6, 0xF9, 0xFE, 0xF9, 0xFF, 0x19,
    0xFF, 0x3A, 0xFF, 0x3A, 0xFF, 0x3A, 0xFF, 0x5A, 0xFF, 0x7B, 0xF7, 0x39, 0xDE, 0x56, 0xD6, 0x15,
    0xEE, 0xD8, 0xFF, 0x7A, 0xFF, 0x7A, 0xFF, 0x5A, 0xFF, 0x5A, 0xFF, 0x5A, 0xF7, 0x19, 0xCD, 0xF4,
    0xEE, 0xD8, 0xFF, 0x5A, 0xFF, 0x5B, 0xDE, 0x76, 0x7E, 0x0D, 0x4F, 0xE9, 0x1F, 0xE4, 0x17, 0xE3,
    0x17, 0xE4, 0x17, 0xE4, 0x17, 0xE4, 0x17, 0xFF, 0xE4, 0x17, 0xE4, 0x17, 0xE4, 0x17, 0xE4, 0x17,
    0xE4, 0x17, 0xE4, 0x17, 0xE4, 0x17, 0xE4, 0x17, 0xE4, 0x17, 0xE4, 0x17, 0xE4, 0x17, 0xE4, 0x17,
    0xE4, 0x17, 0xE4, 0x17, 0xE4, 0x17, 0xE4, 0x17, 0xE4, 0x17, 0xE4, 0x17, 0xE4, 0x17, 0xE4, 0x17,
    0xE4, 0x17, 0xE4, 0x17, 0xE4, 0x17, 0xE4, 0x17, 0xE4, 0x17, 0xE4, 0x17, 0xE4, 0x17, 0xE4, 0x17,
    0xE4, 0x17, 0xE4, 0x17, 0xE4, 0x17, 0xE4, 0x17, 0xE4, 0x17, 0xE4, 0x17, 0xE4, 0x17, 0xE4, 0x17,
    0xE4, 0x17, 0xE4, 0x17, 0xE4, 0x17, 0xE4, 0x17, 0xE4, 0x17, 0xE4, 0x17, 0xE4, 0x17, 0xE4, 0x17,
    0xE4, 0x17, 0xE4, 0x17, 0xE4, 0x17, 0xE4, 0x17, 0xE4, 0x17, 0xE4, 0x17, 0xE4, 0x17, 0xE4, 0x17,
    0xE4, 0x17, 0xE4, 0x17, 0xE4, 0x17, 0xE4, 0x17, 0xE4, 0x17, 0xE4, 0x17, 0xE4, 0x17, 0xE4, 0x17,
    0xE4, 0x17, 0xE4, 0x17, 0xE4, 0x17, 0xE4, 0x17, 0xFF, 0xE4, 0x17, 0xE4, 0x17, 0xE4, 0x17, 0xE4,
    0x17, 0xE4, 0x17, 0xE4, 0x17, 0xE4, 0x17, 0xE4, 0x17, 0xE4, 0x17, 0xE4, 0x17, 0xE4, 0x17, 0xE4,
    0x17, 0xE4, 0x17, 0xE4, 0x17, 0xE4, 0x17, 0xE4, 0x17, 0xE4, 0x17, 0xE4, 0x17, 0xE4, 0x17, 0xE5,
    0x2F, 0xE7, 0x76, 0xEE, 0xE7, 0x59, 0xFE, 0xF9, 0xFE, 0xF9, 0xEE, 0x77, 0xE6, 0x77, 0xF7, 0x19,
    0xF7, 0x19, 0xE6, 0x97, 0xCD, 0xB4, 0xEE, 0xB8, 0xFE, 0xF9, 0xFE, 0xF9, 0xEE, 0x77, 0xE6, 0x36,
    0xF6, 0xD9, 0xFE, 0xF9, 0xFF, 0x19, 0xFF, 0x1A, 0xFF, 0x1A, 0xFF, 0x3A, 0xFF, 0x3A, 0xFF, 0x5A,
    0xFF, 0x5A, 0xFF, 0x7A, 0xFF, 0x7A, 0xFF, 0x7A, 0xFF, 0x7A, 0xF7, 0x19, 0xDE, 0x56, 0xD5, 0xF5,
    0xF7, 0x19, 0xFF, 0x5A, 0xFF, 0x5A, 0xFF, 0x5A, 0xFF, 0x5A, 0xFF, 0x7B, 0xEE, 0xD8, 0xCD, 0xD4,
    0xF7, 0x19, 0xFF, 0x3A, 0xFF, 0x19, 0xBE, 0x13, 0x76, 0xFF, 0xCC, 0x37, 0xE7, 0x27, 0xE6, 0x2F,
    0xE8, 0x2F, 0xE8, 0x2F, 0xE7, 0x27, 0xE6, 0x1F, 0xE5, 0x17, 0xE4, 0x17, 0xE4, 0x17, 0xE4, 0x17,
    0xE4, 0x17, 0xE4, 0x17, 0xE4, 0x17, 0xE4, 0x17, 0xE4, 0x17, 0xE4, 0x17, 0xE4, 0x17, 0xE4, 0x17,
    0xE4, 0x17, 0xE4, 0x17, 0xE4, 0x17, 0xE4, 0x17, 0xE4, 0x17, 0xE4, 0x17, 0xE4, 0x17, 0xE4, 0x17,
    0xE4, 0x17, 0xE4, 0x17, 0xE4, 0x17, 0xE4, 0x17, 0xE4, 0x17, 0xE4, 0x17, 0xE4, 0x17, 0xE4, 0x17,
    0xE4, 0x17, 0xE4, 0x17, 0xE4, 0x17, 0xE4, 0x17, 0xE4, 0x17, 0xE4, 0x17, 0xE4, 0x17, 0xE4, 0x17,
    0xE4, 0x17, 0xE4, 0x17, 0xE4, 0x17, 0xE4, 0x17, 0xE4, 0x17, 0xE4, 0x17, 0xE4, 0x17, 0xE4, 0x17,
    0xE4, 0x17, 0xE4, 0x17, 0xE4, 0x17, 0xE4, 0x17, 0xE4, 0x17, 0xE4, 0x17, 0xE4, 0x17, 0xE4, 0x17,
    0xE4, 0x17, 0xE4, 0x17, 0xE4, 0x17, 0xE4, 0x17, 0xE4, 0x17, 0xFF, 0xE4, 0x17, 0xE4, 0x17, 0xE4,
    0x17, 0xE4, 0x17, 0xE4, 0x17, 0xE4, 0x17, 0xE4, 0x17, 0xE4, 0x17, 0xE4, 0x17, 0xE4, 0x17, 0xE4,
    0x17, 0xE4, 0x17, 0xE4, 0x17, 0xE4, 0x17, 0xE4, 0x17, 0xE4, 0x17, 0xE4, 0x17, 0xE4, 0x17, 0xE4,
    0x17, 0xE4, 0x17, 0xE4, 0x17, 0xE4, 0x17, 0xE4, 0x17, 0xE4, 0x17, 0xE4, 0x27, 0xE6, 0x5F, 0x2B,
    0xCF, 0x77, 0xFF, 0x3A, 0xFE, 0xF9, 0xFE, 0xF9, 0xE6, 0x56, 0xEE, 0xD8, 0xFF, 0x19, 0xF7, 0x19,
    0xF6, 0xF9, 0xDE, 0x36, 0xCD, 0xB4, 0xF6, 0xB8, 0xFF, 0x1A, 0xFF, 0x19, 0xEE, 0x97, 0xDE, 0x36,
    0xFE, 0xF9, 0xFF, 0x3A, 0xFF, 0x3A, 0xFF, 0x3A, 0xFF, 0x5A, 0xFF, 0x5A, 0xFF, 0x7A, 0xFF, 0x7A,
    0xFF, 0x7A, 0xFF, 0x7A, 0xFF, 0x7A, 0xFF, 0x7A, 0xFF, 0x7A, 0xF7, 0x19, 0xCD, 0xF4, 0xD6, 0x35,
    0xFF, 0x5A, 0xFF, 0x5A, 0xFF, 0x5A, 0xFF, 0x5A, 0xFF, 0x5A, 0xFF, 0xFF, 0x5A, 0xCD, 0xD4, 0xD6,
    0x15, 0xFF, 0x19, 0xF6, 0xF9, 0xEE, 0xD8, 0x9E, 0x0F, 0x5F, 0x8B, 0x4F, 0x6A, 0x5E, 0xCC, 0x5E,
    0xAC, 0x5F, 0x2C, 0x57, 0xEB, 0x3F, 0xE8, 0x2F, 0xE6, 0x1F, 0xE4, 0x17, 0xE4, 0x17, 0xE4, 0x17,
    0xE4, 0x17, 0xE4, 0x17, 0xE4, 0x17, 0xE4, 0x17, 0xE4, 0x17, 0xE4, 0x17, 0xE4, 0x17, 0xE4, 0x17,
    0xE4, 0x17, 0xE4, 0x17, 0xE4, 0x17, 0xE4, 0x17, 0xE4, 0x17, 0xE4, 0x17, 0xE4, 0x17, 0xE4, 0x17,
    0xE4, 0x17, 0xE4, 0x17, 0xE4, 0x17, 0xE4, 0x17, 0xE4, 0x17, 0xE4, 0x17, 0xE4, 0x17, 0xE4, 0x17,
    0xE4, 0x17, 0xE4, 0x17, 0xE4, 0x17, 0xE4, 0x17, 0xE4, 0x17, 0xE4, 0x17, 0xE4, 0x17, 0xE4, 0x17,
    0xE4, 0x17, 0xE4, 0x17, 0xE4, 0x17, 0xE4, 0x17, 0xE4, 0x17, 0xE4, 0x17, 0xE4, 0x17, 0xE4, 0x17,
    0xE4, 0x17, 0xE4, 0x17, 0xE4, 0x17, 0xE4, 0x17, 0xE4, 0x17, 0xE4, 0x17, 0xFF, 0xE4, 0x17, 0xE4,
    0x17, 0xE4, 0x17, 0xE4, 0x17, 0xE4, 0x17, 0xE4, 0x17, 0xE4, 0x17, 0xE4, 0x17, 0xE4, 0x17, 0xE4,
    0x17, 0xE4, 0x17, 0xE4, 0x17, 0xE4, 0x17, 0xE4, 0x17, 0xE4, 0x17, 0xE4, 0x17, 0xE4, 0x17, 0xE4,
    0x17, 0xE4, 0x17, 0xE4, 0x17, 0xE4, 0x17, 0xE4, 0x17, 0xE4, 0x17, 0xE4, 0x17, 0xE4, 0x17, 0xE4,
    0x17, 0xE4, 0x17, 0xE4, 0x17, 0xE4, 0x17, 0xE3, 0x1F, 0xE4, 0x3F, 0xE8, 0xA7, 0x32, 0xFF, 0x9A,
    0xFF, 0x3A, 0xFF, 0x39, 0xFF, 0x39, 0xE6, 0x77, 0xF7, 0x19, 0xFF, 0x3A, 0xFF, 0x19, 0xE6, 0x97,
    0xFF, 0x39, 0xDE, 0x36, 0xCD, 0xB4, 0xF6, 0xD8, 0xFF, 0x3A, 0xFF, 0x5A, 0xF6, 0xD8, 0xDE, 0x15,
    0xEE, 0x97, 0xFF, 0x5A, 0xFF, 0x3A, 0xFF, 0x39, 0xFF, 0x7A, 0xFF, 0x7A, 0xFF, 0x7A, 0xFF, 0x7A,
    0xFF, 0x7A, 0xFF, 0x7A, 0xFF, 0x7A, 0xFF, 0x7A, 0xFF, 0x7A, 0xE6, 0xB7, 0xBD, 0xFF, 0x72, 0xE6,
    0x97, 0xFF, 0x5A, 0xFF, 0x5A, 0xFF, 0x3A, 0xFF, 0x3A, 0xFF, 0x3A, 0xF6, 0xD8, 0xCD, 0x94, 0xE6,
    0x77, 0xF6, 0xF9, 0xF6, 0xFA, 0xBD, 0xD3, 0x6C, 0xCB, 0x96, 0x11, 0xC6, 0x97, 0xC6, 0x77, 0x9D,
    0xD2, 0x7D, 0xCF, 0x6E, 0x8E, 0x57, 0x6C, 0x37, 0xE8, 0x1F, 0xE4, 0x17, 0xE3, 0x17, 0xE4, 0x17,
    0xE4, 0x17, 0xE4, 0x17, 0xE4, 0x17, 0xE4, 0x17, 0xE4, 0x17, 0xE4, 0x17, 0xE4, 0x17, 0xE4, 0x17,
    0xE4, 0x17, 0xE4, 0x17, 0xE4, 0x17, 0xE4, 0x17, 0xE4, 0x17, 0xE4, 0x17, 0xE4, 0x17, 0xE4, 0x17,
    0xE4, 0x17, 0xE4, 0x17, 0xE4, 0x17, 0xE4, 0x17, 0xE4, 0x17, 0xE4, 0x17, 0xE4, 0x17, 0xE4, 0x17,
    0xE4, 0x17, 0xE4, 0x17, 0xE4, 0x17, 0xE4, 0x17, 0xE4, 0x17, 0xE4, 0x17, 0xE4, 0x17, 0xE4, 0x17,
    0xE4, 0x17, 0xE4, 0x17, 0xE4, 0x17, 0xE4, 0x17, 0xE4, 0x17, 0xE4, 0x17, 0xE4, 0x17, 0xFF, 0xE4,
    0x17, 0xE4, 0x17, 0xE4, 0x17, 0xE4, 0x17, 0xE4, 0x17, 0xE4, 0x17, 0xE4, 0x17, 0xE4, 0x17, 0xE4,
    0x17, 0xE4, 0x17, 0xE4, 0x17, 0xE4, 0x17, 0xE4, 0x17, 0xE4, 0x17, 0xE4, 0x17, 0xE4, 0x17, 0xE4,
    0x17, 0xE4, 0x17, 0xE4, 0x17, 0xE4, 0x17, 0xE4, 0x17, 0xE4, 0x17, 0xE4, 0x17, 0xE4, 0x17, 0xE4,
    0x17, 0xE4, 0x17, 0xE4, 0x17, 0xE4, 0x17, 0xE4, 0x17, 0xE4, 0x17, 0xE4, 0x17, 0xE4, 0x17, 0xE4,
    0x17, 0xE4, 0x17, 0xE4, 0x17, 0xE3, 0x27, 0xE5, 0x67, 0x2C, 0xDF, 0xB9, 0xFF, 0x7A, 0xFF, 0x39,
    0xFF, 0x39, 0xFF, 0x39, 0xE6, 0x97, 0xFF, 0x5A, 0xFF, 0x5A, 0xFF, 0x3A, 0xE6, 0x77, 0xFF, 0x5A,
    0xFF, 0x5A, 0xE6, 0x56, 0xCD, 0x93, 0xDE, 0x56, 0xFF, 0x39, 0xFF, 0x7A, 0xF7, 0x19, 0xDE, 0x36,
    0xE6, 0x97, 0xF6, 0xF8, 0xF6, 0xF9, 0xFF, 0x7A, 0xFF, 0x7A, 0xFF, 0x7A, 0xFF, 0x7A, 0xFF, 0xFF,
    0x7A, 0xFF, 0x7A, 0xFF, 0x7A, 0xFF, 0x7B, 0xFF, 0x7A, 0xFF, 0x7A, 0xDE, 0x56, 0xBD, 0x73, 0xF7,
    0x19, 0xFF, 0x19, 0xF7, 0x19, 0xF7, 0x19, 0xF6, 0xF9, 0xFF, 0x1A, 0xE6, 0x56, 0xCD, 0xB4, 0xF6,
    0xD9, 0xD5, 0xF7, 0xC5, 0x95, 0xC5, 0xD6, 0xE6, 0xDB, 0xFF, 0x7E, 0xFF, 0x9F, 0xEF, 0x1C, 0xCE,
    0x59, 0xB5, 0xF7, 0x7D, 0x91, 0x57, 0x8D, 0x2F, 0xE7, 0x17, 0xE4, 0x17, 0xE3, 0x17, 0xE4, 0x17,
    0xE4, 0x17, 0xE4, 0x17, 0xE4, 0x17, 0xE4, 0x17, 0xE4, 0x17, 0xE4, 0x17, 0xE4, 0x17, 0xE4, 0x17,
    0xE4, 0x17, 0xE4, 0x17, 0xE4, 0x17, 0xE4, 0x17, 0xE4, 0x17, 0xE4, 0x17, 0xE4, 0x17, 0xE4, 0x17,
    0xE4, 0x17, 0xE4, 0x17, 0xE4, 0x17, 0xE4, 0x17, 0xE4, 0x17, 0xE4, 0x17, 0xE4, 0x17, 0xE4, 0x17,
    0xE4, 0x17, 0xE4, 0x17, 0xE4, 0x17, 0xE4, 0x17, 0xE4, 0x17, 0xE4, 0x17, 0xE4, 0x17, 0xE4, 0x17,
    0xFF, 0xE4, 0x17, 0xE4, 0x17, 0xE4, 0x17, 0xE4, 0x17, 0xE4, 0x17, 0xE4, 0x17, 0xE4, 0x17, 0xE4,
    0x17, 0xE4, 0x17, 0xE4, 0x17, 0xE4, 0x17, 0xE4, 0x17, 0xE4, 0x17, 0xE4, 0x17, 0xE4, 0x17, 0xE4,
    0x17, 0xE4, 0x17, 0xE4, 0x17, 0xE4, 0x17, 0xE4, 0x17, 0xE4, 0x17, 0xE4, 0x17, 0xE4, 0x17, 0xE4,
    0x17, 0xE4, 0x17, 0xE4, 0x17, 0xE4, 0x17, 0xE4, 0x17, 0xE4, 0x17, 0xE4, 0x17, 0xE4, 0x17, 0xE4,
    0x17, 0xE4, 0x17, 0xE4, 0x17, 0xE4, 0x17, 0xE4, 0x17, 0xE4, 0x17, 0xE4, 0x17, 0xE4, 0x17, 0xE4,
    0x17, 0xE3, 0x1F, 0xE4, 0x37, 0xC7, 0xA7, 0x73, 0xF7, 0xDB, 0xFF, 0x7A, 0xF6, 0xD8, 0xF7, 0x39,
    0xF7, 0x19, 0xE6, 0x77, 0xFF, 0x7A, 0xFF, 0x5A, 0xF7, 0x19, 0xE6, 0x77, 0xFF, 0x5A, 0xFF, 0x7A,
    0xFF, 0x3A, 0xE6, 0x77, 0xCD, 0xB4, 0xCD, 0xB4, 0xE6, 0x56, 0xFF, 0x3A, 0xFF, 0x5A, 0xF7, 0x19,
    0xE6, 0xFF, 0x77, 0xDE, 0x35, 0xF7, 0x19, 0xFF, 0x5A, 0xFF, 0x5A, 0xFF, 0x5A, 0xFF, 0x7A, 0xFF,
    0x7A, 0xFF, 0x39, 0xFF, 0x5A, 0xFF, 0x5A, 0xFF, 0x5A, 0xFF, 0x3A, 0xC5, 0x93, 0xDE, 0x15, 0xF6,
    0xF9, 0xF6, 0xF8, 0xF6, 0xF9, 0xF6, 0xF9, 0xF6, 0xD9, 0xF6, 0xD9, 0xCD, 0xB4, 0xC5, 0x53, 0xC5,
    0x95, 0xF7, 0x1B, 0xF7, 0x5D, 0xFF, 0x9E, 0xFF, 0xDF, 0xFF, 0xDF, 0xFF, 0xDF, 0xFF, 0x9E, 0xF7,
    0x3D, 0xB5, 0xD7, 0x6D, 0x8F, 0x57, 0x8C, 0x2F, 0xE7, 0x17, 0xE4, 0x17, 0xE4, 0x17, 0xE4, 0x17,
    0xE4, 0x17, 0xE4, 0x17, 0xE4, 0x17, 0xE4, 0x17, 0xE4, 0x17, 0xE4, 0x17, 0xE4, 0x17, 0xE4, 0x17,
    0xE4, 0x17, 0xE4, 0x17, 0xE4, 0x17, 0xE4, 0x17, 0xE4, 0x17, 0xE4, 0x17, 0xE4, 0x17, 0xE4, 0x17,
    0xE4, 0x17, 0xE4, 0x17, 0xE4, 0x17, 0xE4, 0x17, 0xE4, 0x17, 0xE4, 0x17, 0xE4, 0x17, 0xE4, 0x17,
    0xE4, 0x17, 0xFF, 0xE4, 0x17, 0xE4, 0x17, 0xE4, 0x17, 0xE4, 0x17, 0xE4, 0x17, 0xE4, 0x17, 0xE4,
    0x17, 0xE4, 0x17, 0xE4, 0x17, 0xE4, 0x17, 0xE4, 0x17, 0xE4, 0x17, 0xE4, 0x17, 0xE4, 0x17, 0xE4,
    0x17, 0xE4, 0x17, 0xE4, 0x17, 0xE4, 0x17, 0xE4, 0x17, 0xE4, 0x17, 0xE4, 0x17, 0xE4, 0x17, 0xE4,
    0x17, 0xE4, 0x17, 0xE4, 0x17, 0xE4, 0x17, 0xE4, 0x17, 0xE4, 0x17, 0xE4, 0x17, 0xE4, 0x17, 0xE4,
    0x17, 0xE4, 0x17, 0xE4, 0x17, 0xE4, 0x17, 0xE4, 0x17, 0xE4, 0x17, 0xE4, 0x17, 0xE4, 0x17, 0xE4,
    0x17, 0xE4, 0x17, 0xE4, 0x17, 0xE4, 0x17, 0xE3, 0x17, 0xE4, 0x17, 0xE4, 0x17, 0xE4, 0x17, 0xE4,
    0x27, 0xE6, 0x5F, 0x2B, 0xDF, 0xD8, 0xFF, 0x9A, 0xFF, 0x59, 0xE6, 0x96, 0xFF, 0x59, 0xEE, 0xD8,
    0xEE, 0xB8, 0xFF, 0x7A, 0xFF, 0x7A, 0xEE, 0xD8, 0xE6, 0x97, 0xFF, 0x7B, 0xFF, 0x5A, 0xFF, 0x7A,
    0xFF, 0x5A, 0xF6, 0xC0, 0xF9, 0xDE, 0x36, 0xCD, 0x93, 0xCD, 0xB4, 0xDE, 0x36, 0xEE, 0xB8, 0xF6,
    0xF8, 0xEE, 0xD8, 0xE6, 0x76, 0xE6, 0x97, 0xE6, 0x97, 0xF6, 0xD8, 0xF6, 0xF9, 0xFF, 0x5A, 0xF7,
    0x19, 0xF6, 0xD8, 0xFF, 0x39, 0xFF, 0x19, 0xFF, 0x19, 0xEE, 0x97, 0xC5, 0x52, 0xEE, 0x97, 0xF6,
    0xD8, 0xF6, 0xD8, 0xF6, 0xD8, 0xF6, 0xD9, 0xF6, 0xF9, 0xE6, 0x37, 0xC5, 0x53, 0xE6, 0x99, 0xFF,
    0x7D, 0xFF, 0xDF, 0xFF, 0xDF, 0x03, 0xFF, 0x80, 0xDF, 0x05, 0xFF, 0xFF, 0xBE, 0xE6, 0xDB, 0xB6,
    0x16, 0x7D, 0xB0, 0x4F, 0xAB, 0x27, 0xE6, 0x17, 0xE4, 0x17, 0xE4, 0x17, 0xE4, 0x17, 0xE4, 0x17,
    0xE4, 0x17, 0xE4, 0x17, 0xE4, 0x17, 0xE4, 0x17, 0xE4, 0x17, 0xE4, 0x17, 0xE4, 0x17, 0xE4, 0x17,
    0xE4, 0x17, 0xE4, 0x17, 0xE4, 0x17, 0xE4, 0x17, 0xE4, 0x17, 0xE4, 0x17, 0xE4, 0x17, 0xE4, 0x17,
    0xE4, 0x17, 0xE4, 0x17, 0xE4, 0x17, 0xE4, 0x17, 0xE4, 0x17, 0xE4, 0x17, 0xE4, 0x17, 0xE4, 0x17,
    0xE4, 0x17, 0xE4, 0x17, 0xE4, 0x17, 0xE4, 0x17, 0xE4, 0x17, 0xE4, 0x17, 0xE4, 0x17, 0xE4, 0x17,
    0xE4, 0x17, 0xE4, 0x17, 0xE4, 0x17, 0xE4, 0x17, 0xE4, 0x17, 0xE4, 0x17, 0xE4, 0x17, 0xE4, 0x17,
    0xE4, 0x17, 0xE4, 0x17, 0xE4, 0x17, 0xE4, 0x17, 0xE4, 0x17, 0xE4, 0x17, 0xE4, 0x17, 0xE4, 0x17,
    0xE4, 0x17, 0xE4, 0x17, 0xE4, 0x17, 0xE4, 0x17, 0xE4, 0x17, 0xE4, 0x17, 0xFF, 0xE4, 0x17, 0xE4,
    0x17, 0xE4, 0x17, 0xE4, 0x17, 0xE4, 0x17, 0xE4, 0x17, 0xE4, 0x17, 0xE4, 0x17, 0xE4, 0x17, 0xE4,
    0x17, 0xE3, 0x17, 0xE3, 0x17, 0xE3, 0x17, 0xE4, 0x27, 0xE6, 0x37, 0xE7, 0x3F, 0x88, 0x9F, 0x52,
    0xF7, 0xBA, 0xFF, 0x7A, 0xF7, 0x38, 0xEE, 0xB7, 0xFF, 0x7A, 0xE6, 0x76, 0xF6, 0xF8, 0xFF, 0x7A,
    0xFF, 0x7B, 0xEE, 0xD8, 0xEE, 0xB8, 0xFF, 0x7B, 0xFF, 0x5A, 0xFF, 0x5A, 0xFF, 0x7A, 0xFF, 0x7B,
    0xFF, 0x5A, 0xF6, 0xF9, 0xDE, 0x56, 0xCD, 0xB4, 0xCD, 0x93, 0xCD, 0xB3, 0xD5, 0xD4, 0xDE, 0x15,
    0xE6, 0x56, 0xDE, 0x36, 0xE6, 0x77, 0xEE, 0xB7, 0xFF, 0x19, 0xFF, 0x19, 0xE6, 0x56, 0xFE, 0xF9,
    0xFE, 0xD9, 0xFE, 0xF9, 0xFE, 0xF9, 0xD5, 0xB4, 0xD5, 0xD4, 0xF6, 0xD8, 0xF6, 0xD8, 0xF6, 0xD8,
    0xFE, 0xD8, 0xF6, 0xD9, 0xEE, 0xB8, 0xDE, 0x36, 0xFF, 0x7C, 0xFF, 0xDE, 0xFF, 0x80, 0xDE, 0x0B,
    0xFF, 0x86, 0xDF, 0xFF, 0xDF, 0xF7, 0x7E, 0xBE, 0x17, 0x02, 0x6E, 0xFF, 0x37, 0xE8, 0x17, 0xE4,
    0x17, 0xE4, 0x17, 0xE4, 0x17, 0xE4, 0x17, 0xE4, 0x17, 0xE4, 0x17, 0xE4, 0x17, 0xE4, 0x17, 0xE4,
    0x17, 0xE4, 0x17, 0xE4, 0x17, 0xE4, 0x17, 0xE4, 0x17, 0xE4, 0x17, 0xE4, 0x17, 0xE4, 0x17, 0xE4,
    0x17, 0xE4, 0x17, 0xE4, 0x17, 0xE4, 0x17, 0xE4, 0x17, 0xE4, 0x17, 0xE4, 0x17, 0xE4, 0x17, 0xE4,
    0x17, 0xE4, 0x17, 0xE4, 0x17, 0xE4, 0x17, 0xE4, 0x17, 0xE4, 0x17, 0xE4, 0x17, 0xE4, 0x17, 0xE4,
    0x17, 0xE4, 0x17, 0xE4, 0x17, 0xE4, 0x17, 0xE4, 0x17, 0xE4, 0x17, 0xE4, 0x17, 0xE4, 0x17, 0xE4,
    0x17, 0xE4, 0x17, 0xE4, 0x17, 0xE4, 0x17, 0xE4, 0x17, 0xE4, 0x17, 0xE4, 0x17, 0xE4, 0x17, 0xE4,
    0x17, 0xE4, 0x17, 0xE4, 0x17, 0xE4, 0x17, 0xE4, 0x17, 0xE4, 0x17, 0xE4, 0x17, 0xE4, 0x17, 0xE4,
    0x17, 0xE4, 0x17, 0xE4, 0x17, 0xE4, 0x17, 0xE4, 0x17, 0xE4, 0x17, 0xE4, 0xF3, 0x17, 0xE4, 0x17,
    0xE4, 0x17, 0xE4, 0x17, 0xE4, 0x17, 0xE4, 0x17, 0xE3, 0x17, 0xE3, 0x17, 0xE4, 0x2F, 0xE8, 0x4F,
    0x4A, 0x56, 0x8B, 0x76, 0x4D, 0xDF, 0x98, 0xFF, 0x9A, 0xFF, 0x9A, 0xEE, 0xF8, 0xEE, 0xF8, 0xFF,
    0x7A, 0xDE, 0x76, 0xF7, 0x19, 0xFF, 0x5A, 0xFF, 0x7A, 0xEE, 0xD8, 0xEE, 0xB8, 0xFF, 0x7B, 0xFF,
    0x7A, 0xFF, 0x7A, 0xFF, 0x7A, 0xFF, 0x7A, 0xFF, 0x7A, 0xFF, 0x7A, 0xFF, 0x5A, 0xF6, 0xF9, 0xE6,
    0x97, 0xDE, 0x35, 0xCD, 0xB4, 0xCD, 0x93, 0xE6, 0x76, 0xEE, 0xB8, 0xF6, 0xF9, 0xFF, 0x19, 0xFE,
    0xF9, 0xF6, 0xF8, 0xD5, 0xF4, 0xF6, 0x97, 0xFE, 0xD9, 0xFE, 0xD8, 0xFE, 0xF9, 0xEE, 0x97, 0xCD,
    0x73, 0xEE, 0x77, 0xFE, 0xD8, 0xF6, 0xB8, 0xFE, 0xD8, 0xF6, 0xD9, 0xF6, 0xD9, 0xDE, 0x57, 0xF7,
    0x5B, 0x0F, 0xFF, 0xFF, 0xDF, 0xFF, 0xDF, 0xFF, 0x9E, 0xD6, 0x5A, 0x7D, 0xF0, 0x3F, 0xE9, 0x17,
    0xE4, 0x17, 0xE4, 0x17, 0xE4, 0x17, 0xE4, 0x17, 0xE4, 0x17, 0xE4, 0x17, 0xE4, 0x17, 0xE4, 0x17,
    0xE4, 0x17, 0xE4, 0x17, 0xE4, 0x17, 0xE4, 0x17, 0xE4, 0x17, 0xE4, 0x17, 0xE4, 0x17, 0xE4, 0x17,
    0xE4, 0x17, 0xE4, 0x17, 0xE4, 0x17, 0xE4, 0x17, 0xE4, 0x17, 0xE4, 0x17, 0xE4, 0x17, 0xE4, 0x17,
    0xE4, 0x17, 0xE4, 0x17, 0xE4, 0x17, 0xE4, 0x17, 0xE4, 0x17, 0xE4, 0x17, 0xE4, 0x17, 0xE4, 0x17,
    0xE4, 0x17, 0xE4, 0x17, 0xE4, 0x17, 0xE4, 0x17, 0xE4, 0x17, 0xE4, 0x17, 0xE4, 0x17, 0xE4, 0x17,
    0xE4, 0x17, 0xE4, 0x17, 0xE4, 0x17, 0xE4, 0x17, 0xE4, 0x17, 0xE4, 0x17, 0xE4, 0x17, 0xE4, 0x17,
    0xE4, 0x17, 0xE4, 0x17, 0xE4, 0x17, 0xE4, 0x17, 0xE4, 0x17, 0xE4, 0x17, 0xE4, 0x17, 0xE4, 0x17,
    0xE4, 0x17, 0xE4, 0x17, 0xFC, 0xE4, 0x17, 0xE4, 0x17, 0xE4, 0x17, 0xE4, 0x17, 0xE4, 0x17, 0xE4,
    0x17, 0xE4, 0x17, 0xE4, 0x17, 0xE4, 0x17, 0xE3, 0x17, 0xE4, 0x27, 0xE6, 0x37, 0xE9, 0x5E, 0xAD,
    0xA6, 0x75, 0xC6, 0x77, 0xC6, 0x55, 0xF7, 0x9A, 0xFF, 0x9A, 0xFF, 0x9A, 0xE6, 0xB7, 0xF7, 0x39,
    0xFF, 0x7A, 0xDE, 0x76, 0xF7, 0x39, 0xFF, 0x7A, 0xFF, 0x7A, 0xE6, 0xB7, 0xD6, 0x35, 0xFF, 0x7B,
    0xFF, 0x7A, 0xFF, 0x7A, 0xFF, 0x7A, 0xFF, 0x7A, 0xFF, 0x7A, 0xFF, 0x7A, 0xFF, 0x7A, 0xFF, 0x5A,
    0xFF, 0x5A, 0xFF, 0x3A, 0xF6, 0xD8, 0xD5, 0xD4, 0xDE, 0x35, 0xDE, 0x36, 0xDE, 0x35, 0xE6, 0x36,
    0xEE, 0x97, 0xF6, 0xF8, 0xDE, 0x36, 0xE6, 0x56, 0xFE, 0xD9, 0xFE, 0xD8, 0xFE, 0xD8, 0xFE, 0xD9,
    0xD5, 0xB4, 0xDD, 0xD4, 0xFE, 0xD8, 0xFE, 0xB8, 0xFE, 0xD8, 0xF6, 0xD9, 0xF6, 0xF9, 0xEE, 0x98,
    0xEE, 0xDA, 0x0D, 0xFF, 0xFF, 0xDF, 0xFF, 0xDF, 0xFF, 0xBF, 0xF7, 0x3D, 0xDE, 0x5A, 0x85, 0x71,
    0x47, 0xEA, 0x17, 0xE4, 0x17, 0xE4, 0x17, 0xE4, 0x17, 0xE4, 0x17, 0xE4, 0x17, 0xE4, 0x17, 0xE4,
    0x17, 0xE4, 0x17, 0xE4, 0x17, 0xE4, 0x17, 0xE4, 0x17, 0xE4, 0x17, 0xE4, 0x17, 0xE4, 0x17, 0xE4,
    0x17, 0xE4, 0x17, 0xE4, 0x17, 0xE4, 0x17, 0xE4, 0x17, 0xE4, 0x17, 0xE4, 0x17, 0xE4, 0x17, 0xE4,
    0x17, 0xE4, 0x17, 0xE4, 0x17, 0xE4, 0x17, 0xE4, 0x17, 0xE4, 0x17, 0xE4, 0x17, 0xE4, 0x17, 0xE4,
    0x17, 0xE4, 0x17, 0xE4, 0x17, 0xE4, 0x17, 0xE4, 0x17, 0xE4, 0x17, 0xE4, 0x17, 0xE4, 0x17, 0xE4,
    0x17, 0xE4, 0x17, 0xE4, 0x17, 0xE4, 0x17, 0xE4, 0x17, 0xE4, 0x17, 0xE4, 0x17, 0xE4, 0x17, 0xE4,
    0x17, 0xE4, 0x17, 0xE4, 0x17, 0xE4, 0x17, 0xE4, 0x17, 0xE4, 0x17, 0xE4, 0x17, 0xE4, 0x17, 0xE4,
    0x17, 0xE4, 0x17, 0xE4, 0x17, 0xFF, 0xE4, 0x17, 0xE4, 0x17, 0xE4, 0x17, 0xE4, 0x17, 0xE4, 0x17,
    0xE4, 0x17, 0xE4, 0x17, 0xE4, 0x17, 0xE4, 0x17, 0xE4, 0x17, 0xE3, 0x2F, 0xE6, 0x4F, 0x4A, 0x6E,
    0x0E, 0xBE, 0x97, 0xF7, 0x7E, 0xEE, 0xDC, 0xE6, 0xB9, 0xFF, 0x7B, 0xFF, 0x9B, 0xFF, 0x5A, 0xE6,
    0x97, 0xFF, 0x3A, 0xFF, 0x5A, 0xDE, 0x56, 0xFF, 0x5A, 0xFF, 0x5A, 0xFF, 0x5A, 0xE6, 0x97, 0xCD,
    0xB4, 0xFF, 0x7B, 0xFF, 0x5A, 0xFF, 0x5A, 0xFF, 0x5A, 0xFF, 0x5A, 0xFF, 0x5A, 0xFF, 0x5A, 0xFF,
    0x3A, 0xFF, 0x3A, 0xFF, 0x3A, 0xFF, 0x3A, 0xFF, 0x3A, 0xE6, 0x36, 0xE6, 0x56, 0xEE, 0xB8, 0xE6,
    0x77, 0xDE, 0x35, 0xD5, 0xF5, 0xE6, 0x56, 0xEE, 0x76, 0xDD, 0xD5, 0xFE, 0xB8, 0xFE, 0xD8, 0xFE,
    0xD8, 0xFE, 0xD8, 0xEE, 0x77, 0xCD, 0x73, 0xF6, 0x98, 0xFE, 0xD8, 0xFE, 0xD9, 0xFE, 0xD9, 0xF6,
    0xF9, 0xF6, 0xB9, 0xE6, 0x99, 0xFF, 0x82, 0xDE, 0xFF, 0xFE, 0x07, 0xFF, 0xFF, 0xDF, 0xFF, 0xDF,
    0xFF, 0xDF, 0xF7, 0x5D, 0xE6, 0xDC, 0xE6, 0x9C, 0x95, 0xD4, 0x47, 0xCA, 0x17, 0xE4, 0x17, 0xE4,
    0x17, 0xE4, 0x17, 0xE4, 0x17, 0xE4, 0x17, 0xE4, 0x17, 0xE4, 0x17, 0xE4, 0x17, 0xE4, 0x17, 0xE4,
    0x17, 0xE4, 0x17, 0xE4, 0x17, 0xE4, 0x17, 0xE4, 0x17, 0xE4, 0x17, 0xE4, 0x17, 0xE4, 0x17, 0xE4,
    0x17, 0xE4, 0x17, 0xE4, 0x17, 0xE4, 0x17, 0xE4, 0x17, 0xE4, 0x17, 0xE4, 0x17, 0xE4, 0x17, 0xE4,
    0x17, 0xE4, 0x17, 0xE4, 0x17, 0xE4, 0x17, 0xE4, 0x17, 0xE4, 0x17, 0xE4, 0x17, 0xE4, 0x17, 0xE4,
    0x17, 0xE4, 0x17, 0xE4, 0x17, 0xE4, 0x17, 0xE4, 0x17, 0xE4, 0x17, 0xE4, 0x17, 0xE4, 0x17, 0xE4,
    0x17, 0xE4, 0x17, 0xE4, 0x17, 0xE4, 0x17, 0xE4, 0x17, 0xE4, 0x17, 0xE4, 0x17, 0xE4, 0x17, 0xE4,
    0x17, 0xE4, 0x17, 0xE4, 0x17, 0xE4, 0x17, 0xE4, 0x17, 0xE4, 0x17, 0xE4, 0x17, 0xFF, 0xE4, 0x17,
    0xE4, 0x17, 0xE4, 0x17, 0xE4, 0x17, 0xE4, 0x17, 0xE4, 0x17, 0xE4, 0x17, 0xE4, 0x17, 0xE4, 0x17,
    0xE4, 0x17, 0xE3, 0x1F, 0xE5, 0x3F, 0x88, 0x8E, 0x71, 0xDE, 0xFA, 0xF7, 0x5E, 0xFF, 0xBF, 0xDE,
    0x5A, 0xEE, 0xBA, 0xFF, 0x5B, 0xFF, 0x5A, 0xFF, 0x19, 0xEE, 0x77, 0xFF, 0x3A, 0xF6, 0xF9, 0xDE,
    0x15, 0xFF, 0x3A, 0xFF, 0x3A, 0xFF, 0x5B, 0xEE, 0x98, 0xB5, 0x11, 0xF6, 0xF9, 0xFF, 0x5A, 0xFF,
    0x3A, 0xFF, 0x1A, 0xFF, 0x19, 0xFF, 0x19, 0xF7, 0x19, 0xF6, 0xF9, 0xFE, 0xF9, 0xFE, 0xD9, 0xFE,
    0xD9, 0xFE, 0xF9, 0xEE, 0x77, 0xD5, 0xF5, 0xF6, 0xD8, 0xF6, 0xD8, 0xFE, 0xF9, 0xF6, 0xB8, 0xE6,
    0x36, 0xE6, 0x16, 0xDD, 0xD4, 0xF6, 0x77, 0xFE, 0xD9, 0xFE, 0xB8, 0xFE, 0xD8, 0xF6, 0xD8, 0xD5,
    0xB4, 0xE6, 0x16, 0xFE, 0xF9, 0xFE, 0xD9, 0xFE, 0xD9, 0xF6, 0xD9, 0xF6, 0xD9, 0xDE, 0xFF, 0x37,
    0xF7, 0x5C, 0xFF, 0xDE, 0xFF, 0xDF, 0xFF, 0xDF, 0xFF, 0xDF, 0xFF, 0xBF, 0xFF, 0xBF, 0xF7, 0x5D,
    0xE6, 0xDC, 0xE6, 0xBC, 0xE6, 0x9C, 0x8D, 0xB3, 0x47, 0xCA, 0x17, 0xE4, 0x17, 0xE4, 0x17, 0xE4,
    0x17, 0xE4, 0x17, 0xE4, 0x17, 0xE4, 0x17, 0xE4, 0x17, 0xE4, 0x17, 0xE4, 0x17, 0xE4, 0x17, 0xE4,
    0x17, 0xE4, 0x17, 0xE4, 0x17, 0xE4, 0x17, 0xE4, 0x17, 0xE4, 0x17, 0xE4, 0x17, 0xE4, 0x17, 0xE4,
    0x17, 0xE4, 0x17, 0xE4, 0x17, 0xE4, 0x17, 0xE4, 0x17, 0xE4, 0x17, 0xE4, 0x17, 0xE4, 0x17, 0xE4,
    0x17, 0xE4, 0x17, 0xE4, 0x17, 0xE4, 0x17, 0xE4, 0x17, 0xE4, 0x17, 0xE4, 0x17, 0xE4, 0x17, 0xE4,
    0x17, 0xE4, 0x17, 0xE4, 0x17, 0xE4, 0x17, 0xE4, 0x17, 0xE4, 0x17, 0xE4, 0x17, 0xE4, 0x17, 0xE4,
    0x17, 0xE4, 0x17, 0xE4, 0x17, 0xE4, 0x17, 0xE4, 0x17, 0xE4, 0x17, 0xE4, 0x17, 0xE4, 0x17, 0xFF,
    0xE4, 0x17, 0xE4, 0x17, 0xE4, 0x17, 0xE4, 0x17, 0xE4, 0x17, 0xE4, 0x17, 0xE4, 0x17, 0xE4, 0x17,
    0xE4, 0x17, 0xE4, 0x17, 0xE4, 0x17, 0xE4, 0x17, 0xE4, 0x17, 0xE4, 0x17, 0xE4, 0x17, 0xE3, 0x1F,
    0xE4, 0x2F, 0xE6, 0x5E, 0x4C, 0xCE, 0xF8, 0xFF, 0xBF, 0xFF, 0xDF, 0xFF, 0x9F, 0xD6, 0x18, 0xF6,
    0xDA, 0xFE, 0xFA, 0xFE, 0xFA, 0xEE, 0x77, 0xE6, 0x36, 0xFF, 0x1A, 0xEE, 0x77, 0xCD, 0x93, 0xFE,
    0xF9, 0xFF, 0x19, 0xFE, 0xD9, 0xD5, 0xB4, 0xBC, 0xD1, 0xF6, 0x98, 0xFF, 0x1A, 0xFE, 0xF9, 0xFE,
    0xF9, 0xF6, 0xD9, 0xF6, 0xD9, 0xF6, 0xD9, 0xFE, 0xD9, 0xFE, 0xD8, 0xFE, 0xD8, 0xFE, 0xD8, 0xFE,
    0xD9, 0xF6, 0xD8, 0xD5, 0xD4, 0xEE, 0x97, 0xFE, 0xD9, 0xFE, 0xD9, 0xFE, 0xD9, 0xFE, 0xD9, 0xF6,
    0xB8, 0xDD, 0xF5, 0xEE, 0x36, 0xFE, 0xB8, 0xFE, 0xB8, 0xFE, 0xB8, 0xFE, 0xD9, 0xE6, 0x36, 0xD5,
    0xFF, 0xB4, 0xF6, 0xB8, 0xFE, 0xD9, 0xFE, 0xD9, 0xFE, 0xD9, 0xF6, 0xD9, 0xDE, 0x16, 0xE6, 0x99,
    0xFF, 0x7D, 0xFF, 0x7D, 0xFF, 0x7D, 0xF7, 0x3C, 0xEF, 0x3C, 0xEF, 0x1B, 0xEE, 0xDB, 0xE6, 0xDB,
    0xEE, 0xDC, 0xD5, 0xF9, 0x75, 0x4F, 0x47, 0xE9, 0x17, 0xE4, 0x17, 0xE4, 0x17, 0xE4, 0x17, 0xE4,
    0x17, 0xE4, 0x17, 0xE4, 0x17, 0xE4, 0x17, 0xE4, 0x17, 0xE4, 0x17, 0xE4, 0x17, 0xE4, 0x17, 0xE4,
    0x17, 0xE4, 0x17, 0xE4, 0x17, 0xE4, 0x17, 0xE4, 0x17, 0xE4, 0x17, 0xE4, 0x17, 0xE4, 0x17, 0xE4,
    0x17, 0xE4, 0x17, 0xE4, 0x17, 0xE4, 0x17, 0xE4, 0x17, 0xE4, 0x17, 0xE4, 0x17, 0xE4, 0x17, 0xE4,
    0x17, 0xE4, 0x17, 0xE4, 0x17, 0xE4, 0x17, 0xE4, 0x17, 0xE4, 0x17, 0xE4, 0x17, 0xE4, 0x17, 0xE4,
    0x17, 0xE4, 0x17, 0xE4, 0x17, 0xE4, 0x17, 0xE4, 0x17, 0xE4, 0x17, 0xE4, 0x17, 0xE4, 0x17, 0xE4,
    0x17, 0xB4, 0xE4, 0x17, 0xE4, 0x17, 0xE4, 0x17, 0xE4, 0x17, 0xE4, 0x17, 0xE4, 0x17, 0xE4, 0x17,
    0xE4, 0x17, 0xE4, 0x17, 0xE4, 0x17, 0xE4, 0x17, 0xE4, 0x17, 0xE4, 0x17, 0xE4, 0x17, 0xE4, 0x17,
    0xE4, 0x17, 0xE4, 0x17, 0xE4, 0x17, 0xE4, 0x17, 0xE4, 0x17, 0xE4, 0x17, 0xE3, 0x1F, 0xE5, 0x3F,
    0x48, 0x9E, 0x73, 0xEF, 0x3C, 0xFF, 0xDF, 0x02, 0xFF, 0xFF, 0xF7, 0x5E, 0xD6, 0x38, 0xF6, 0xDA,
    0xFE, 0xD9, 0xFE, 0xF9, 0xE6, 0x36, 0xE5, 0xF6, 0xFE, 0xF9, 0xE5, 0xF5, 0xCD, 0x33, 0xFE, 0xB8,
    0xF6, 0x98, 0xDD, 0xD5, 0xE5, 0xF6, 0xC5, 0x12, 0xE6, 0x16, 0xFE, 0xF9, 0xFE, 0xD9, 0xFE, 0xD9,
    0xF6, 0xD9, 0xF6, 0xD9, 0xF6, 0xD9, 0xF6, 0xD9, 0xFE, 0xD9, 0xFE, 0xD8, 0xFE, 0xD8, 0xFE, 0xD9,
    0xFE, 0xD9, 0xE6, 0x16, 0xE6, 0x16, 0xFE, 0xD9, 0xFE, 0xD9, 0xFE, 0xD9, 0xFE, 0xD9, 0xFE, 0xD9,
    0xF6, 0x98, 0xDD, 0xF5, 0xF6, 0x98, 0xFE, 0xB8, 0xFE, 0xB8, 0xF6, 0xB8, 0xF6, 0x98, 0xD5, 0x94,
    0xEE, 0x77, 0xFE, 0xD9, 0xFE, 0xD9, 0xFE, 0xD9, 0xFE, 0xD9, 0xD5, 0xF6, 0xD5, 0xD6, 0xEE, 0xDB,
    0xEE, 0xDB, 0xE6, 0xDB, 0xE6, 0xDB, 0xE6, 0xDB, 0xE6, 0xDA, 0xE6, 0xBA, 0xEE, 0xBB, 0xEE, 0xBB,
    0xD6, 0x39, 0x76, 0x0F, 0x37, 0xE8, 0x17, 0xE3, 0x17, 0xE4, 0xFF, 0x17, 0xE4, 0x17, 0xE4, 0x17,
    0xE4, 0x17, 0xE4, 0x17, 0xE4, 0x17, 0xE4, 0x17, 0xE4, 0x17, 0xE4, 0x17, 0xE4, 0x17, 0xE4, 0x17,
    0xE4, 0x17, 0xE4, 0x17, 0xE4, 0x17, 0xE4, 0x17, 0xE4, 0x17, 0xE4, 0x17, 0xE4, 0x17, 0xE4, 0x17,
    0xE4, 0x17, 0xE4, 0x17, 0xE4, 0x17, 0xE4, 0x17, 0xE4, 0x17, 0xE4, 0x17, 0xE4, 0x17, 0xE4, 0x17,
    0xE4, 0x17, 0xE4, 0x17, 0xE4, 0x17, 0xE4, 0x17, 0xE4, 0x17, 0xE4, 0x17, 0xE4, 0x17, 0xE4, 0x17,
    0xE4, 0x17, 0xE4, 0x17, 0xE4, 0x17, 0xE4, 0x17, 0xE4, 0x17, 0xE4, 0x17, 0xE4, 0x17, 0xE4, 0x17,
    0xE4, 0x17, 0xE4, 0x17, 0xE4, 0x17, 0xE4, 0x17, 0xE4, 0x17, 0xE4, 0x17, 0xE4, 0x17, 0xE4, 0x17,
    0xE4, 0x17, 0xE4, 0x17, 0xE4, 0x17, 0xE4, 0x17, 0xE4, 0x17, 0xE4, 0x17, 0xE4, 0x17, 0xE4, 0x17,
    0xE4, 0x17, 0xE4, 0x17, 0xE4, 0x17, 0xE4, 0x17, 0xE4, 0x17, 0xE3, 0x87, 0x1F, 0xE4, 0x67, 0x2D,
    0xDF, 0x5B, 0xFF, 0x9F, 0x04, 0xFF, 0xFF, 0xEF, 0x1D, 0xDE, 0x58, 0xF6, 0xDA, 0xF6, 0xD9, 0xFE,
    0xD9, 0xE6, 0x16, 0xE5, 0xF5, 0xFE, 0xF9, 0xDD, 0xB5, 0xCD, 0x53, 0xFE, 0x98, 0xE6, 0x37, 0xEE,
    0x57, 0xFE, 0xB9, 0xCD, 0x53, 0xCD, 0x53, 0xF6, 0x98, 0xFE, 0xD9, 0xFE, 0xD9, 0xFE, 0xD9, 0xF6,
    0xD9, 0xF6, 0xD9, 0xFE, 0xD9, 0xFE, 0xD8, 0xFE, 0xD9, 0xFE, 0xB8, 0xFE, 0xD9, 0xFE, 0xD9, 0xF6,
    0x77, 0xD5, 0x94, 0xF6, 0x98, 0xFE, 0xD9, 0xFE, 0xD9, 0xFE, 0xD9, 0xFE, 0xD9, 0xFE, 0xD9, 0xE6,
    0x36, 0xEE, 0x36, 0xFE, 0xB9, 0xFE, 0xB8, 0xFE, 0xB8, 0xFE, 0xB8, 0xDD, 0xD5, 0xDD, 0xF5, 0xFE,
    0xD9, 0xF6, 0xD9, 0xFE, 0xD9, 0xF6, 0x98, 0xD5, 0xB5, 0xCD, 0xB5, 0xEE, 0xDA, 0xE6, 0xBA, 0xE6,
    0xDB, 0xE6, 0xDB, 0xEE, 0xDB, 0xEE, 0xBB, 0xEE, 0xBB, 0xEE, 0xBB, 0xE6, 0xDB, 0xBE, 0x57, 0x5E,
    0xAD, 0x27, 0xE6, 0x17, 0xE4, 0x17, 0xE4, 0xFF, 0x17, 0xE4, 0x17, 0xE4, 0x17, 0xE4, 0x17, 0xE4,
    0x17, 0xE4, 0x17, 0xE4, 0x17, 0xE4, 0x17, 0xE4, 0x17, 0xE4, 0x17, 0xE4, 0x17, 0xE4, 0x17, 0xE4,
    0x17, 0xE4, 0x17, 0xE4, 0x17, 0xE4, 0x17, 0xE4, 0x17, 0xE4, 0x17, 0xE4, 0x17, 0xE4, 0x17, 0xE4,
    0x17, 0xE4, 0x17, 0xE4, 0x17, 0xE4, 0x17, 0xE4, 0x17, 0xE4, 0x17, 0xE4, 0x17, 0xE4, 0x17, 0xE4,
    0x17, 0xE4, 0x17, 0xE4, 0x17, 0xE4, 0x17, 0xE4, 0x17, 0xE4, 0x17, 0xE4, 0x17, 0xE4, 0x17, 0xE4,
    0x17, 0xE4, 0x17, 0xE4, 0x17, 0xE4, 0x17, 0xE4, 0x17, 0xE4, 0x17, 0xE4, 0x17, 0xE4, 0x17, 0xE4,
    0x17, 0xE4, 0x17, 0xE4, 0x17, 0xE4, 0x17, 0xE4, 0x17, 0xE4, 0x17, 0xE4, 0x17, 0xE4, 0x17, 0xE4,
    0x17, 0xE4, 0x17, 0xE4, 0x17, 0xE4, 0x17, 0xE4, 0x17, 0xE4, 0x17, 0xE4, 0x17, 0xE4, 0x17, 0xE4,
    0x17, 0xE4, 0x17, 0xE4, 0x17, 0xE4, 0x17, 0xE3, 0x89, 0x1F, 0xE4, 0x77, 0x6E, 0xE7, 0x7B, 0xFF,
    0xBF, 0xFF, 0xDF, 0x02, 0xFF, 0xFF, 0xE6, 0xDC, 0xE6, 0x79, 0xF6, 0xFA, 0xF6, 0xD9, 0xFE, 0xD9,
    0xDD, 0xF5, 0xE5, 0xF5, 0xFE, 0xD9, 0xD5, 0x94, 0xD5, 0x74, 0xF6, 0x77, 0xF6, 0x99, 0xFE, 0xD9,
    0xFE, 0xDA, 0xDD, 0xB5, 0xCD, 0x32, 0xE6, 0x16, 0xFE, 0xD9, 0xFE, 0xD9, 0xFE, 0xD9, 0xFE, 0xD9,
    0xFE, 0xD9, 0xFE, 0xD9, 0xFE, 0xD9, 0xFE, 0xD9, 0xFE, 0xD9, 0xFE, 0xD9, 0xFE, 0xD9, 0xFE, 0xB9,
    0xDD, 0x94, 0xED, 0xF6, 0xFE, 0xD9, 0xFE, 0xD9, 0xFE, 0xD9, 0xFE, 0xD9, 0xFE, 0xD9, 0xF6, 0x98,
    0xE5, 0xF5, 0xF6, 0xB8, 0xFE, 0xB8, 0xFE, 0xD8, 0xFE, 0xD9, 0xEE, 0x36, 0xD5, 0x93, 0xF6, 0xB8,
    0xFE, 0xD9, 0xF6, 0xB8, 0xEE, 0x57, 0xD5, 0x95, 0xCD, 0x95, 0xEE, 0xBA, 0xEE, 0xBA, 0xEE, 0xBB,
    0xEE, 0xBB, 0xEE, 0xBB, 0xEE, 0xBB, 0xEE, 0xBC, 0xEE, 0xDC, 0xC6, 0x98, 0x6E, 0x0E, 0x3F, 0xC9,
    0x1F, 0xE5, 0x17, 0xE4, 0x17, 0xE4, 0xFF, 0x17, 0xE4, 0x17, 0xE4, 0x17, 0xE4, 0x17, 0xE4, 0x17,
    0xE4, 0x17, 0xE4, 0x17, 0xE4, 0x17, 0xE4, 0x17, 0xE4, 0x17, 0xE4, 0x17, 0xE4, 0x17, 0xE4, 0x17,
    0xE4, 0x17, 0xE4, 0x17, 0xE4, 0x17, 0xE4, 0x17, 0xE4, 0x17, 0xE4, 0x17, 0xE4, 0x17, 0xE4, 0x17,
    0xE4, 0x17, 0xE4, 0x17, 0xE4, 0x17, 0xE4, 0x17, 0xE4, 0x17, 0xE4, 0x17, 0xE4, 0x17, 0xE4, 0x17,
    0xE4, 0x17, 0xE4, 0x17, 0xE4, 0x17, 0xE4, 0x17, 0xE4, 0x17, 0xE4, 0x17, 0xE4, 0x17, 0xE4, 0x17,
    0xE4, 0x17, 0xE4, 0x17, 0xE4, 0x17, 0xE4, 0x17, 0xE4, 0x17, 0xE4, 0x17, 0xE4, 0x17, 0xE4, 0x17,
    0xE4, 0x17, 0xE4, 0x17, 0xE4, 0x17, 0xE4, 0x17, 0xE4, 0x17, 0xE4, 0x17, 0xE4, 0x17, 0xE4, 0x17,
    0xE4, 0x17, 0xE4, 0x17, 0xE4, 0x17, 0xE4, 0x17, 0xE4, 0x17, 0xE4, 0x17, 0xE4, 0x17, 0xE4, 0x17,
    0xE4, 0x17, 0xE4, 0x17, 0xE4, 0x17, 0xE3, 0x89, 0x1F, 0xE5, 0x5E, 0xEC, 0xDF, 0x1A, 0xFF, 0x7E,
    0xFF, 0xDF, 0x02, 0xFF, 0xFF, 0xDE, 0x9B, 0xE6, 0x99, 0xFE, 0xFA, 0xF6, 0xD9, 0xFE, 0xD9, 0xDD,
    0xF5, 0xE5, 0xF5, 0xFE, 0xB8, 0xD5, 0x94, 0xD5, 0x94, 0xEE, 0x17, 0xFE, 0xB9, 0xFE, 0xB9, 0xFE,
    0xDA, 0xEE, 0x37, 0xD5, 0x74, 0xD5, 0x94, 0xFE, 0xB9, 0xFE, 0xD9, 0xFE, 0xB9, 0xFE, 0xD9, 0xFE,
    0xD9, 0xFE, 0xD9, 0xFE, 0xD9, 0xFE, 0xB9, 0xF6, 0x77, 0xEE, 0x37, 0xED, 0xF6, 0xE5, 0xD5, 0xE5,
    0x94, 0xDD, 0x94, 0xFE, 0x98, 0xFE, 0xD9, 0xFE, 0xD9, 0xFE, 0xD9, 0xFE, 0xD9, 0xFE, 0xD9, 0xE6,
    0x16, 0xF6, 0x77, 0xFE, 0xD8, 0xFE, 0xB9, 0xFE, 0xD9, 0xF6, 0x77, 0xCD, 0x73, 0xF6, 0x77, 0xFE,
    0xD9, 0xF6, 0x78, 0xE6, 0x16, 0xDD, 0xB5, 0xCD, 0x74, 0xEE, 0x99, 0xEE, 0xDA, 0xEE, 0xBB, 0xEE,
    0xBA, 0xEE, 0xBB, 0xEE, 0xDB, 0xE6, 0xBB, 0xB5, 0x55, 0x7D, 0x2F, 0x4F, 0x4B, 0x27, 0xE7, 0x17,
    0xE4, 0x17, 0xE4, 0x17, 0xE4, 0xFF, 0x17, 0xE4, 0x17, 0xE4, 0x17, 0xE4, 0x17, 0xE4, 0x17, 0xE4,
    0x17, 0xE4, 0x17, 0xE4, 0x17, 0xE4, 0x17, 0xE4, 0x17, 0xE4, 0x17, 0xE4, 0x17, 0xE4, 0x17, 0xE4,
    0x17, 0xE4, 0x17, 0xE4, 0x17, 0xE4, 0x17, 0xE4, 0x17, 0xE4, 0x17, 0xE4, 0x17, 0xE4, 0x17, 0xE4,
    0x17, 0xE4, 0x17, 0xE4, 0x17, 0xE4, 0x17, 0xE4, 0x17, 0xE4, 0x17, 0xE4, 0x17, 0xE4, 0x17, 0xE4,
    0x17, 0xE4, 0x17, 0xE4, 0x17, 0xE4, 0x17, 0xE4, 0x17, 0xE4, 0x17, 0xE4, 0x17, 0xE4, 0x17, 0xE4,
    0x17, 0xE4, 0x17, 0xE4, 0x17, 0xE4, 0x17, 0xE4, 0x17, 0xE4, 0x17, 0xE4, 0x17, 0xE4, 0x17, 0xE4,
    0x17, 0xE4, 0x17, 0xE4, 0x17, 0xE4, 0x17, 0xE4, 0x17, 0xE4, 0x17, 0xE4, 0x17, 0xE4, 0x17, 0xE4,
    0x17, 0xE4, 0x17, 0xE4, 0x17, 0xE4, 0x17, 0xE4, 0x17, 0xE4, 0x17, 0xE4, 0x17, 0xE4, 0x17, 0xE4,
    0x17, 0xE4, 0x17, 0xE4, 0x17, 0xE3, 0xFF, 0x1F, 0xE4, 0x56, 0xEB, 0xD7, 0x19, 0xEE, 0xFC, 0xF7,
    0x5E, 0xFF, 0xDF, 0xDE, 0x9A, 0xEE, 0x9A, 0xFE, 0xFA, 0xFE, 0xD9, 0xFE, 0xD9, 0xDD, 0xF5, 0xE5,
    0xD5, 0xEE, 0x57, 0xD5, 0x74, 0xE5, 0xF6, 0xEE, 0x37, 0xFE, 0xBA, 0xFE, 0xB9, 0xFE, 0xD9, 0xF6,
    0x98, 0xD5, 0x74, 0xD5, 0x74, 0xEE, 0x37, 0xFE, 0xD9, 0xFE, 0xB9, 0xFE, 0xD9, 0xFE, 0xB9, 0xF6,
    0x98, 0xEE, 0x37, 0xDD, 0x95, 0xDD, 0x53, 0xDD, 0x33, 0xDD, 0x54, 0xE5, 0x94, 0xED, 0xB5, 0xE5,
    0x94, 0xE5, 0xB5, 0xE5, 0xD5, 0xE5, 0xD5, 0xE5, 0xD5, 0xE5, 0xD5, 0xE5, 0xD5, 0xDD, 0x74, 0xE5,
    0xB5, 0xFE, 0xB8, 0xFE, 0xB9, 0xFE, 0xD9, 0xFE, 0xB8, 0xDD, 0xB4, 0xE5, 0xD5, 0xF6, 0x77, 0xE5,
    0xF6, 0xDD, 0xD5, 0xDD, 0xD6, 0xBC, 0xF2, 0xCD, 0x75, 0xEE, 0x79, 0xEE, 0x79, 0xEE, 0x59, 0xEE,
    0x79, 0xE6, 0x58, 0xB5, 0xB3, 0x95, 0x30, 0xFF, 0x85, 0x8F, 0x4F, 0xEB, 0x1F, 0xE5, 0x17, 0xE4,
    0x17, 0xE4, 0x17, 0xE4, 0x17, 0xE4, 0x17, 0xE4, 0x17, 0xE4, 0x17, 0xE4, 0x17, 0xE4, 0x17, 0xE4,
    0x17, 0xE4, 0x17, 0xE4, 0x17, 0xE4, 0x17, 0xE4, 0x17, 0xE4, 0x17, 0xE4, 0x17, 0xE4, 0x17, 0xE4,
    0x17, 0xE4, 0x17, 0xE4, 0x17, 0xE4, 0x17, 0xE4, 0x17, 0xE4, 0x17, 0xE4, 0x17, 0xE4, 0x17, 0xE4,
    0x17, 0xE4, 0x17, 0xE4, 0x17, 0xE4, 0x17, 0xE4, 0x17, 0xE4, 0x17, 0xE4, 0x17, 0xE4, 0x17, 0xE4,
    0x17, 0xE4, 0x17, 0xE4, 0x17, 0xE4, 0x17, 0xE4, 0x17, 0xE4, 0x17, 0xE4, 0x17, 0xE4, 0x17, 0xE4,
    0x17, 0xE4, 0x17, 0xE4, 0x17, 0xE4, 0x17, 0xE4, 0x17, 0xE4, 0x17, 0xE4, 0x17, 0xE4, 0x17, 0xE4,
    0x17, 0xE4, 0x17, 0xE4, 0x17, 0xE4, 0x17, 0xE4, 0x17, 0xE4, 0x17, 0xE4, 0x17, 0xE4, 0x17, 0xE4,
    0x17, 0xE4, 0x17, 0xE4, 0x17, 0xE4, 0x17, 0xE4, 0xFF, 0x17, 0xE4, 0x17, 0xE4, 0x17, 0xE4, 0x17,
    0xE4, 0x17, 0xE4, 0x17, 0xE3, 0x17, 0xE4, 0x4F, 0xAB, 0xCF, 0x79, 0xE6, 0xBB, 0xEE, 0xDC, 0xEF,
    0x1C, 0xDE, 0x5A, 0xEE, 0x9A, 0xFE, 0xFA, 0xFE, 0xD9, 0xFE, 0xD9, 0xDD, 0xF5, 0xDD, 0xB4, 0xE5,
    0xF5, 0xD5, 0x74, 0xF6, 0x57, 0xEE, 0x37, 0xF6, 0xB9, 0xFE, 0xBA, 0xFE, 0xB9, 0xFE, 0xB9, 0xE5,
    0xB5, 0xE5, 0x95, 0xE5, 0x95, 0xFE, 0x78, 0xFE, 0xB9, 0xF6, 0x58, 0xE5, 0xB5, 0xDD, 0x54, 0xDD,
    0x54, 0xE5, 0x75, 0xED, 0xB5, 0xED, 0xD6, 0xED, 0xB5, 0xED, 0x95, 0xED, 0xB5, 0xED, 0xB5, 0xE5,
    0x95, 0xE5, 0x95, 0xE5, 0x75, 0xE5, 0x75, 0xE5, 0x74, 0xE5, 0x74, 0xE5, 0x74, 0xE5, 0x54, 0xED,
    0xD6, 0xF6, 0x37, 0xF6, 0x16, 0xED, 0xF6, 0xDD, 0x94, 0xDD, 0x94, 0xE5, 0xD5, 0xE5, 0xB5, 0xDD,
    0xB5, 0xDD, 0xD5, 0xBC, 0xB1, 0xAC, 0x0F, 0xCD, 0x33, 0xFF, 0xCD, 0x53, 0xCD, 0x53, 0xCD, 0x54,
    0xA4, 0x70, 0x6C, 0xED, 0x8E, 0xB1, 0x9E, 0x31, 0x57, 0x4B, 0x27, 0xE6, 0x17, 0xE4, 0x17, 0xE4,
    0x17, 0xE4, 0x17, 0xE4, 0x17, 0xE4, 0x17, 0xE4, 0x17, 0xE4, 0x17, 0xE4, 0x17, 0xE4, 0x17, 0xE4,
    0x17, 0xE4, 0x17, 0xE4, 0x17, 0xE4, 0x17, 0xE4, 0x17, 0xE4, 0x17, 0xE4, 0x17, 0xE4, 0x17, 0xE4,
    0x17, 0xE4, 0x17, 0xE4, 0x17, 0xE4, 0x17, 0xE4, 0x17, 0xE4, 0x17, 0xE4, 0x17, 0xE4, 0x17, 0xE4,
    0x17, 0xE4, 0x17, 0xE4, 0x17, 0xE4, 0x17, 0xE4, 0x17, 0xE4, 0x17, 0xE4, 0x17, 0xE4, 0x17, 0xE4,
    0x17, 0xE4, 0x17, 0xE4, 0x17, 0xE4, 0x17, 0xE4, 0x17, 0xE4, 0x17, 0xE4, 0x17, 0xE4, 0x17, 0xE4,
    0x17, 0xE4, 0x17, 0xE4, 0x17, 0xE4, 0x17, 0xE4, 0x17, 0xE4, 0x17, 0xE4, 0x17, 0xE4, 0x17, 0xE4,
    0x17, 0xE4, 0x17, 0xE4, 0x17, 0xE4, 0x17, 0xE4, 0x17, 0xE4, 0xFF, 0x17, 0xE4, 0x17, 0xE4, 0x17,
    0xE4, 0x17, 0xE4, 0x17, 0xE4, 0x17, 0xE4, 0x17, 0xE4, 0x17, 0xE4, 0x17, 0xE4, 0x17, 0xE4, 0x17,
    0xE4, 0x17, 0xE4, 0x17, 0xE3, 0x2F, 0xC6, 0x97, 0x13, 0xDE, 0xDA, 0xEE, 0xBB, 0xE6, 0xDB, 0xD6,
    0x18, 0xEE, 0x99, 0xFE, 0xFA, 0xFE, 0xB9, 0xFE, 0xD9, 0xE5, 0xF5, 0xD5, 0x93, 0xD5, 0x94, 0xDD,
    0x94, 0xFE, 0xB9, 0xF6, 0x78, 0xEE, 0x78, 0xF6, 0xB9, 0xFE, 0xB9, 0xFE, 0xBA, 0xFE, 0x38, 0xDD,
    0x74, 0xED, 0xD6, 0xE5, 0xB5, 0xE5, 0xB6, 0xD5, 0x33, 0xE5, 0x75, 0xED, 0xB5, 0xF5, 0xB6, 0xED,
    0xB6, 0xED, 0xB6, 0xED, 0xD6, 0xED, 0xF7, 0xF6, 0x17, 0xF6, 0x37, 0xF6, 0x37, 0xED, 0xF6, 0xE5,
    0xB5, 0xE5, 0xB5, 0xE5, 0xB6, 0xE5, 0xB5, 0xED, 0xB5, 0xED, 0xB5, 0xE5, 0xB5, 0xDD, 0x54, 0xDD,
    0x54, 0xDD, 0x53, 0xD5, 0x32, 0xDD, 0x73, 0xE5, 0xB5, 0xE5, 0xB5, 0xFF, 0xE5, 0xB5, 0xE5, 0xB5,
    0xE5, 0xB5, 0xC4, 0xD1, 0xB4, 0x4F, 0xDD, 0x94, 0xDD, 0x94, 0xDD, 0xD5, 0xE5, 0xF6, 0xC5, 0x53,
    0x7E, 0x10, 0x66, 0xCE, 0x9E, 0xD2, 0x66, 0xCC, 0x2F, 0xE6, 0x17, 0xE4, 0x17, 0xE4, 0x17, 0xE4,
    0x17, 0xE4, 0x17, 0xE4, 0x17, 0xE4, 0x17, 0xE4, 0x17, 0xE4, 0x17, 0xE4, 0x17, 0xE4, 0x17, 0xE4,
    0x17, 0xE4, 0x17, 0xE4, 0x17, 0xE4, 0x17, 0xE4, 0x17, 0xE4, 0x17, 0xE4, 0x17, 0xE4, 0x17, 0xE4,
    0x17, 0xE4, 0x17, 0xE4, 0x17, 0xE4, 0x17, 0xE4, 0x17, 0xE4, 0x17, 0xE4, 0x17, 0xE4, 0x17, 0xE4,
    0x17, 0xE4, 0x17, 0xE4, 0x17, 0xE4, 0x17, 0xE4, 0x17, 0xE4, 0x17, 0xE4, 0x17, 0xE4, 0x17, 0xE4,
    0x17, 0xE4, 0x17, 0xE4, 0x17, 0xE4, 0x17, 0xE4, 0x17, 0xE4, 0x17, 0xE4, 0x17, 0xE4, 0x17, 0xE4,
    0x17, 0xE4, 0x17, 0xE4, 0x17, 0xE4, 0x17, 0xE4, 0x17, 0xE4, 0x17, 0xE4, 0xFF, 0x17, 0xE4, 0x17,
    0xE4, 0x17, 0xE4, 0x17, 0xE4, 0x17, 0xE4, 0x17, 0xE4, 0x17, 0xE4, 0x17, 0xE4, 0x17, 0xE4, 0x17,
    0xE4, 0x17, 0xE4, 0x17, 0xE4, 0x17, 0xE4, 0x17, 0xE4, 0x17, 0xE4, 0x17, 0xE4, 0x17, 0xE4, 0x1F,
    0xE4, 0x17, 0xE3, 0x17, 0xE4, 0x4E, 0xCA, 0xCF, 0x39, 0xE6, 0xBB, 0xE6, 0xBB, 0xD5, 0xF8, 0xE6,
    0x38, 0xFE, 0xD9, 0xFE, 0xB8, 0xFE, 0xD9, 0xE6, 0x16, 0xD5, 0x73, 0xD5, 0x53, 0xDD, 0xB5, 0xFE,
    0xDA, 0xFE, 0xFA, 0xE6, 0x58, 0xFE, 0xDA, 0xFE, 0x99, 0xED, 0xF6, 0xE5, 0x95, 0xED, 0xB5, 0xED,
    0xF6, 0xED, 0xF6, 0xE5, 0xB5, 0xE5, 0xB6, 0xED, 0xD6, 0xED, 0xD6, 0xED, 0xF6, 0xEE, 0x17, 0xF6,
    0x58, 0xFE, 0x99, 0xFE, 0xDA, 0xFF, 0x1B, 0xFF, 0x1B, 0xFF, 0x1B, 0xF6, 0xDA, 0xF6, 0x99, 0xEE,
    0x99, 0xF6, 0x99, 0xF6, 0x78, 0xF6, 0x78, 0xF6, 0x78, 0xEE, 0x37, 0xE5, 0xD5, 0xFF, 0xE5, 0xB5,
    0xE5, 0xB5, 0xDD, 0x74, 0xE5, 0x94, 0xE5, 0xB5, 0xE5, 0x95, 0xE5, 0x95, 0xE5, 0xB5, 0xE5, 0xB5,
    0xC4, 0xB1, 0xB4, 0x6F, 0xDD, 0x94, 0xE5, 0xB5, 0xE5, 0xF5, 0xF6, 0x77, 0xE6, 0x36, 0x9D, 0x8F,
    0x5E, 0xED, 0x87, 0x11, 0x7E, 0xAE, 0x37, 0xE7, 0x17, 0xE4, 0x17, 0xE4, 0x17, 0xE4, 0x17, 0xE4,
    0x17, 0xE4, 0x17, 0xE4, 0x17, 0xE4, 0x17, 0xE4, 0x17, 0xE4, 0x17, 0xE4, 0x17, 0xE4, 0x17, 0xE4,
    0x17, 0xE4, 0x17, 0xE4, 0x17, 0xE4, 0x17, 0xE4, 0x17, 0xE4, 0x17, 0xE4, 0x17, 0xE4, 0x17, 0xE4,
    0x17, 0xE4, 0x17, 0xE4, 0x17, 0xE4, 0x17, 0xE4, 0x17, 0xE4, 0x17, 0xE4, 0x17, 0xE4, 0x17, 0xE4,
    0x17, 0xE4, 0x17, 0xE4, 0x17, 0xE4, 0x17, 0xE4, 0x17, 0xE4, 0x17, 0xE4, 0x17, 0xE4, 0x17, 0xE4,
    0x17, 0xE4, 0x17, 0xE4, 0x17, 0xE4, 0x17, 0xE4, 0x17, 0xE4, 0x17, 0xE4, 0x17, 0xE4, 0xFF, 0x17,
    0xE4, 0x17, 0xE4, 0x17, 0xE4, 0x17, 0xE4, 0x17, 0xE4, 0x17, 0xE4, 0x17, 0xE4, 0x17, 0xE4, 0x17,
    0xE4, 0x17, 0xE4, 0x17, 0xE4, 0x17, 0xE4, 0x17, 0xE4, 0x17, 0xE4, 0x17, 0xE4, 0x17, 0xE4, 0x17,
    0xE4, 0x17, 0xE4, 0x17, 0xE4, 0x17, 0xE4, 0x17, 0xE4, 0x17, 0xE4, 0x17, 0xE4, 0x17, 0xE4, 0x17,
    0xE4, 0x1F, 0xE4, 0x2F, 0xE7, 0x87, 0x72, 0xCF, 0x5A, 0xE6, 0xDB, 0xD5, 0xF8, 0xD5, 0xB6, 0xF6,
    0x78, 0xFE, 0xB8, 0xFE, 0xD9, 0xEE, 0x57, 0xD5, 0x73, 0xD5, 0x33, 0xE5, 0xB5, 0xFE, 0xFA, 0xFF,
    0x3B, 0xEE, 0xB9, 0xE6, 0x58, 0xDD, 0xB5, 0xD5, 0x54, 0xE5, 0x95, 0xED, 0xD6, 0xED, 0xD6, 0xF6,
    0x58, 0xF6, 0x58, 0xE5, 0xF7, 0xEE, 0x17, 0xF6, 0x78, 0xFE, 0xFA, 0xFF, 0x1B, 0xFF, 0x3B, 0xFF,
    0x3B, 0xFF, 0x5C, 0xFF, 0x5B, 0xFF, 0x5B, 0xFF, 0x5B, 0xFF, 0x5B, 0xFF, 0x5B, 0xFF, 0x5C, 0x8E,
    0xFF, 0x5C, 0xFF, 0x5B, 0xFF, 0x5B, 0xFF, 0x5B, 0xFF, 0x1A, 0xEE, 0x57, 0xDD, 0xD5, 0xDD, 0x02,
    0xD5, 0xFF, 0x53, 0xE5, 0x94, 0xE5, 0x94, 0xE5, 0x95, 0xE5, 0x95, 0xDD, 0x74, 0xDD, 0x74, 0xC4,
    0xB1, 0xBC, 0x4F, 0xDD, 0x94, 0xDD, 0xB4, 0xE5, 0xD5, 0xF6, 0x77, 0xFE, 0xB8, 0xC5, 0xB1, 0x76,
    0x6D, 0x7F, 0x10, 0x86, 0xEF, 0x2F, 0xE6, 0x17, 0xE3, 0x17, 0xE4, 0x17, 0xE4, 0x17, 0xE4, 0x17,
    0xE4, 0x17, 0xE4, 0x17, 0xE4, 0x17, 0xE4, 0x17, 0xE4, 0x17, 0xE4, 0x17, 0xE4, 0x17, 0xE4, 0x17,
    0xE4, 0x17, 0xE4, 0x17, 0xE4, 0x17, 0xE4, 0x17, 0xE4, 0x17, 0xE4, 0x17, 0xE4, 0x17, 0xE4, 0x17,
    0xE4, 0x17, 0xE4, 0x17, 0xE4, 0x17, 0xE4, 0x17, 0xE4, 0x17, 0xE4, 0x17, 0xE4, 0x17, 0xE4, 0x17,
    0xE4, 0x17, 0xE4, 0x17, 0xE4, 0x17, 0xE4, 0x17, 0xE4, 0x17, 0xE4, 0x17, 0xE4, 0x17, 0xE4, 0x17,
    0xE4, 0x17, 0xE4, 0x17, 0xE4, 0x17, 0xE4, 0x17, 0xE4, 0x17, 0xE4, 0x17, 0xE4, 0x17, 0xE4, 0x17,
    0xE4, 0x17, 0xBB, 0xE4, 0x17, 0xE4, 0x17, 0xE4, 0x17, 0xE4, 0x17, 0xE4, 0x17, 0xE4, 0x17, 0xE4,
    0x17, 0xE4, 0x17, 0xE4, 0x17, 0xE4, 0x17, 0xE4, 0x17, 0xE4, 0x17, 0xE4, 0x17, 0xE4, 0x17, 0xE4,
    0x17, 0xE4, 0x17, 0xE4, 0x17, 0xE4, 0x17, 0xE4, 0x17, 0xE4, 0x17, 0xE4, 0x17, 0xE4, 0x17, 0xE4,
    0x17, 0xE4, 0x1F, 0xE5, 0x2F, 0x67, 0x77, 0x4F, 0xAF, 0x15, 0xB6, 0x55, 0xCD, 0x74, 0xE5, 0x02,
    0xF6, 0xFF, 0xB8, 0xFE, 0xD9, 0xF6, 0x78, 0xDD, 0x94, 0xD5, 0x33, 0xE5, 0xD6, 0xFE, 0xFA, 0xFF,
    0x5B, 0xFF, 0x3B, 0xEE, 0x78, 0xE6, 0x17, 0xE5, 0xD6, 0xE5, 0xB5, 0xED, 0xD6, 0xEE, 0x37, 0xFE,
    0xDA, 0xFF, 0x1A, 0xFE, 0xDA, 0xFE, 0xFA, 0xFF, 0x3B, 0xFF, 0x5C, 0xFF, 0x5C, 0xFF, 0x5C, 0xFF,
    0x5C, 0xFF, 0x5C, 0xFF, 0x5C, 0xFF, 0x5C, 0xFF, 0x5C, 0xFF, 0x5B, 0xFF, 0x5C, 0xFF, 0x5B, 0xFF,
    0x5C, 0xFF, 0x5B, 0xFF, 0x5B, 0xFF, 0x5B, 0xFF, 0x5B, 0xFF, 0x1A, 0xEE, 0x98, 0xE6, 0x16, 0xD5,
    0x53, 0xE5, 0x94, 0xE5, 0x95, 0xE5, 0x95, 0xED, 0xB5, 0xDD, 0x33, 0xDD, 0x74, 0xC4, 0xB0, 0xBC,
    0x4F, 0xDD, 0x94, 0xE5, 0x94, 0xE5, 0xD5, 0xF6, 0x77, 0xFE, 0xB8, 0xE6, 0x35, 0x8D, 0xAE, 0x86,
    0x4F, 0x7E, 0xCF, 0x2F, 0xE7, 0x0F, 0xE3, 0x17, 0xE4, 0x17, 0xE4, 0x17, 0xE4, 0x17, 0xE4, 0x17,
    0xE4, 0x17, 0xFF, 0xE4, 0x17, 0xE4, 0x17, 0xE4, 0x17, 0xE4, 0x17, 0xE4, 0x17, 0xE4, 0x17, 0xE4,
    0x17, 0xE4, 0x17, 0xE4, 0x17, 0xE4, 0x17, 0xE4, 0x17, 0xE4, 0x17, 0xE4, 0x17, 0xE4, 0x17, 0xE4,
    0x17, 0xE4, 0x17, 0xE4, 0x17, 0xE4, 0x17, 0xE4, 0x17, 0xE4, 0x17, 0xE4, 0x17, 0xE4, 0x17, 0xE4,
    0x17, 0xE4, 0x17, 0xE4, 0x17, 0xE4, 0x17, 0xE4, 0x17, 0xE4, 0x17, 0xE4, 0x17, 0xE4, 0x17, 0xE4,
    0x17, 0xE4, 0x17, 0xE4, 0x17, 0xE4, 0x17, 0xE4, 0x17, 0xE4, 0x17, 0xE4, 0x17, 0xE4, 0x17, 0xE4,
    0x17, 0xE4, 0x17, 0xE4, 0x17, 0xE4, 0x17, 0xE4, 0x17, 0xE4, 0x17, 0xE4, 0x17, 0xE4, 0x17, 0xE4,
    0x17, 0xE4, 0x17, 0xE4, 0x17, 0xE4, 0x17, 0xE4, 0x17, 0xE4, 0x17, 0xE4, 0x17, 0xE4, 0x17, 0xE4,
    0x17, 0xE4, 0x17, 0xE4, 0x17, 0xE4, 0x17, 0xE4, 0x17, 0xE4, 0x17, 0xE4, 0x17, 0xE4, 0x17, 0xE4,
    0x1F, 0xE4, 0x1F, 0xFF, 0xE5, 0x27, 0xE5, 0x37, 0x08, 0x65, 0x6C, 0xC5, 0x53, 0xD5, 0x74, 0xE6,
    0x16, 0xFE, 0x98, 0xFE, 0xB8, 0xDD, 0x94, 0xCD, 0x12, 0xE5, 0xD6, 0xFE, 0xFA, 0xFF, 0x5B, 0xFF,
    0x5C, 0xFF, 0x5C, 0xFF, 0x1B, 0xEE, 0x78, 0xE5, 0xF7, 0xEE, 0x58, 0xFE, 0xFA, 0xFF, 0x3B, 0xFF,
    0x3B, 0xFF, 0x5B, 0xFF, 0x5C, 0xFF, 0x5C, 0xFF, 0x5C, 0xFF, 0x5C, 0xFF, 0x5C, 0xFF, 0x5C, 0xFF,
    0x5C, 0xFF, 0x5C, 0xFF, 0x3B, 0xFF, 0x3B, 0xFF, 0x5B, 0xFF, 0x5B, 0xFF, 0x5B, 0xFF, 0x5B, 0xFF,
    0x5B, 0xFF, 0x5B, 0xFF, 0x3B, 0xFF, 0x3B, 0xFF, 0x5B, 0xFF, 0x3B, 0xFE, 0xD9, 0xD5, 0xB4, 0xDD,
    0x74, 0xE5, 0x95, 0xE5, 0x95, 0xE5, 0x95, 0xD4, 0xF2, 0xDD, 0x73, 0xC4, 0x90, 0xBC, 0x50, 0xDD,
    0x94, 0xE5, 0x95, 0xE5, 0xD5, 0xF6, 0x77, 0xFE, 0xB9, 0xF6, 0xB8, 0xA5, 0x4F, 0x7C, 0xED, 0x76,
    0xCF, 0x2F, 0xE7, 0x17, 0xFF, 0xE3, 0x17, 0xE3, 0x17, 0xE4, 0x17, 0xE4, 0x17, 0xE4, 0x17, 0xE4,
    0x17, 0xE4, 0x17, 0xE4, 0x17, 0xE4, 0x17, 0xE4, 0x17, 0xE4, 0x17, 0xE4, 0x17, 0xE4, 0x17, 0xE4,
    0x17, 0xE4, 0x17, 0xE4, 0x17, 0xE4, 0x17, 0xE4, 0x17, 0xE4, 0x17, 0xE4, 0x17, 0xE4, 0x17, 0xE4,
    0x17, 0xE4, 0x17, 0xE4, 0x17, 0xE4, 0x17, 0xE4, 0x17, 0xE4, 0x17, 0xE4, 0x17, 0xE4, 0x17, 0xE4,
    0x17, 0xE4, 0x17, 0xE4, 0x17, 0xE4, 0x17, 0xE4, 0x17, 0xE4, 0x17, 0xE4, 0x17, 0xE4, 0x17, 0xE4,
    0x17, 0xE4, 0x17, 0xE4, 0x17, 0xE4, 0x17, 0xE4, 0x17, 0xE4, 0x17, 0xE4, 0x17, 0xE4, 0x17, 0xE4,
    0x17, 0xE4, 0x17, 0xE4, 0x17, 0xE4, 0x17, 0xE4, 0x17, 0xE4, 0x17, 0xE4, 0x17, 0xE4, 0x17, 0xE4,
    0x17, 0xE4, 0x17, 0xE4, 0x17, 0xE4, 0x17, 0xE4, 0x17, 0xE4, 0x17, 0xE4, 0x17, 0xE4, 0x17, 0xE4,
    0x17, 0xE4, 0x17, 0xE4, 0x17, 0xFF, 0xE4, 0x17, 0xE4, 0x17, 0xE4, 0x17, 0xE4, 0x17, 0xE4, 0x17,
    0xE4, 0x17, 0xE4, 0x1F, 0xE4, 0x27, 0xE6, 0x55, 0xCA, 0xBD, 0x32, 0xD5, 0x53, 0xE5, 0xB4, 0xEE,
    0x15, 0xFE, 0x77, 0xE5, 0xB4, 0xCD, 0x12, 0xE5, 0xD6, 0xFE, 0xFA, 0xFF, 0x5B, 0xFF, 0x5B, 0xFF,
    0x5C, 0xFF, 0x5C, 0xFF, 0x3B, 0xF7, 0x1B, 0xFF, 0x3B, 0xFF, 0x5C, 0xFF, 0x5C, 0xFF, 0x3B, 0xFF,
    0x5C, 0xFF, 0x5C, 0xFF, 0x5C, 0xFF, 0x5C, 0xFF, 0x5C, 0xFF, 0x5C, 0xFF, 0x5C, 0xFF, 0x5C, 0xFF,
    0x3B, 0xEE, 0xD9, 0xEE, 0xB9, 0xF6, 0xD9, 0xFF, 0x1B, 0xFF, 0x5B, 0xFF, 0x3B, 0xFF, 0x3B, 0xFF,
    0x5B, 0xFF, 0x3B, 0xFF, 0x5B, 0xFF, 0x5B, 0xFF, 0x5B, 0xFF, 0x3A, 0xDD, 0xF5, 0xDD, 0x74, 0xE5,
    0x95, 0xE5, 0xB5, 0xE5, 0xB5, 0xCC, 0xF2, 0xDD, 0x73, 0xC4, 0x90, 0xBC, 0x50, 0xDD, 0x55, 0xE5,
    0x95, 0xE5, 0xD5, 0xFE, 0x78, 0xFE, 0xFF, 0xB9, 0xFE, 0xFA, 0xDE, 0x56, 0x8C, 0x4D, 0x66, 0xAC,
    0x2F, 0xE7, 0x17, 0xE3, 0x17, 0xE3, 0x17, 0xE4, 0x17, 0xE4, 0x17, 0xE4, 0x17, 0xE4, 0x17, 0xE4,
    0x17, 0xE4, 0x17, 0xE4, 0x17, 0xE4, 0x17, 0xE4, 0x17, 0xE4, 0x17, 0xE4, 0x17, 0xE4, 0x17, 0xE4,
    0x17, 0xE4, 0x17, 0xE4, 0x17, 0xE4, 0x17, 0xE4, 0x17, 0xE4, 0x17, 0xE4, 0x17, 0xE4, 0x17, 0xE4,
    0x17, 0xE4, 0x17, 0xE4, 0x17, 0xE4, 0x17, 0xE4, 0x17, 0xE4, 0x17, 0xE4, 0x17, 0xE4, 0x17, 0xE4,
    0x17, 0xE4, 0x17, 0xE4, 0x17, 0xE4, 0x17, 0xE4, 0x17, 0xE4, 0x17, 0xE4, 0x17, 0xE4, 0x17, 0xE4,
    0x17, 0xE4, 0x17, 0xE4, 0x17, 0xE4, 0x17, 0xE4, 0x17, 0xE4, 0x17, 0xE4, 0x17, 0xE4, 0x17, 0xE4,
    0x17, 0xE4, 0x17, 0xE4, 0x17, 0xE4, 0x17, 0xE4, 0x17, 0xE4, 0x17, 0xE4, 0x17, 0xE4, 0x17, 0xE4,
    0x17, 0xE4, 0x17, 0xE4, 0x17, 0xE4, 0x17, 0xFF, 0xE4, 0x17, 0xE4, 0x17, 0xE4, 0x17, 0xE4, 0x17,
    0xE4, 0x17, 0xE4, 0x17, 0xE4, 0x17, 0xE4, 0x17, 0xE4, 0x17, 0xE4, 0x17, 0xE4, 0x17, 0xE4, 0x17,
    0xE4, 0x17, 0xE4, 0x17, 0xE5, 0x76, 0x8D, 0xBD, 0x52, 0xD5, 0x12, 0xE5, 0xB4, 0xE5, 0xD4, 0xED,
    0xF5, 0xDD, 0x93, 0xC4, 0xD1, 0xE5, 0xD5, 0xFF, 0x1A, 0xFF, 0x5B, 0xFF, 0x5C, 0xFF, 0x5C, 0xFF,
    0x5C, 0xFF, 0x5C, 0xFF, 0x5C, 0xFF, 0x5B, 0xEE, 0xDA, 0xEE, 0xDA, 0xFF, 0x5C, 0xFF, 0x5C, 0xFF,
    0x5C, 0xFF, 0x5C, 0xFF, 0x5C, 0xFF, 0x5C, 0xFF, 0x5C, 0xFF, 0x5C, 0xFF, 0x5C, 0xFF, 0x7C, 0xEE,
    0xB9, 0xCD, 0x95, 0xDE, 0x16, 0xEE, 0x99, 0xF6, 0xFA, 0xFF, 0x3B, 0xFF, 0x5B, 0xFF, 0x5C, 0xFF,
    0x5C, 0xFF, 0x5B, 0xFF, 0x1B, 0xFF, 0x1A, 0xFF, 0x1A, 0xDD, 0xF6, 0xDD, 0x94, 0xE5, 0xB5, 0xE5,
    0xB5, 0xDD, 0x94, 0xC4, 0xD1, 0xDD, 0x73, 0xBC, 0x90, 0x70, 0xB4, 0x2F, 0xD5, 0x34, 0xE5, 0xB6,
    0xE5, 0xD6, 0xFE, 0x78, 0xFE, 0xB9, 0xF6, 0xD9, 0xFE, 0xFA, 0x02, 0xD5, 0x02, 0x8D, 0xFF, 0x5F,
    0x8B, 0x37, 0xE7, 0x1F, 0xE5, 0x17, 0xE4, 0x17, 0xE4, 0x17, 0xE4, 0x17, 0xE4, 0x17, 0xE4, 0x17,
    0xE4, 0x17, 0xE4, 0x17, 0xE4, 0x17, 0xE4, 0x17, 0xE4, 0x17, 0xE4, 0x17, 0xE4, 0x17, 0xE4, 0x17,
    0xE4, 0x17, 0xE4, 0x17, 0xE4, 0x17, 0xE4, 0x17, 0xE4, 0x17, 0xE4, 0x17, 0xE4, 0x17, 0xE4, 0x17,
    0xE4, 0x17, 0xE4, 0x17, 0xE4, 0x17, 0xE4, 0x17, 0xE4, 0x17, 0xE4, 0x17, 0xE4, 0x17, 0xE4, 0x17,
    0xE4, 0x17, 0xE4, 0x17, 0xE4, 0x17, 0xE4, 0x17, 0xE4, 0x17, 0xE4, 0x17, 0xE4, 0x17, 0xE4, 0x17,
    0xE4, 0x17, 0xE4, 0x17, 0xE4, 0x17, 0xE4, 0x17, 0xE4, 0x17, 0xE4, 0x17, 0xE4, 0x17, 0xE4, 0x17,
    0xE4, 0x17, 0xE4, 0x17, 0xE4, 0x17, 0xE4, 0x17, 0xE4, 0x17, 0xE4, 0x17, 0xE4, 0x17, 0xE4, 0x17,
    0xE4, 0x17, 0xE4, 0x17, 0xE4, 0x17, 0xE4, 0x17, 0xE4, 0x17, 0xE4, 0x17, 0xE4, 0x17, 0xE4, 0xFF,
    0x17, 0xE4, 0x17, 0xE4, 0x17, 0xE4, 0x17, 0xE4, 0x17, 0xE4, 0x17, 0xE4, 0x17, 0xE4, 0x17, 0xE4,
    0x17, 0xE4, 0x17, 0xE4, 0x86, 0xAE, 0xC5, 0x32, 0xD5, 0x12, 0xDD, 0xB3, 0xE5, 0xD4, 0xE5, 0xB4,
    0xDD, 0x73, 0xBC, 0x70, 0xDD, 0x94, 0xFF, 0x1A, 0xFF, 0x5B, 0xFF, 0x5C, 0xFF, 0x5C, 0xFF, 0x5C,
    0xFF, 0x5C, 0xFF, 0x3B, 0xEE, 0xD9, 0xE6, 0xB9, 0xEE, 0xDA, 0xFF, 0x5B, 0xFF, 0x5C, 0xFF, 0x5C,
    0xFF, 0x5C, 0xFF, 0x5C, 0xFF, 0x5C, 0xFF, 0x5C, 0xFF, 0x5C, 0xFF, 0x5C, 0xFF, 0x3B, 0x9C, 0x2F,
    0x41, 0x43, 0x49, 0x64, 0x62, 0x27, 0x7A, 0xEA, 0x8B, 0x4C, 0x93, 0x8C, 0x93, 0xAD, 0x93, 0xAD,
    0x83, 0x0A, 0x93, 0x8D, 0xE6, 0x37, 0xFF, 0x1A, 0xDD, 0xF6, 0xD5, 0x94, 0xE5, 0xB5, 0xE5, 0xB5,
    0xCC, 0xF1, 0xC4, 0xB0, 0xD5, 0x32, 0xB4, 0x4F, 0x94, 0x0D, 0xB5, 0x32, 0xDE, 0x16, 0xE5, 0xD6,
    0xFF, 0xFE, 0x78, 0xFE, 0xB8, 0xF6, 0xB8, 0xF6, 0xD9, 0xFE, 0xD9, 0xD5, 0xD4, 0x85, 0xAE, 0x67,
    0x0C, 0x47, 0xE9, 0x27, 0xE6, 0x17, 0xE4, 0x0F, 0xE4, 0x17, 0xE4, 0x17, 0xE4, 0x17, 0xE4, 0x17,
    0xE4, 0x17, 0xE4, 0x17, 0xE4, 0x17, 0xE4, 0x17, 0xE4, 0x17, 0xE4, 0x17, 0xE4, 0x17, 0xE4, 0x17,
    0xE4, 0x17, 0xE4, 0x17, 0xE4, 0x17, 0xE4, 0x17, 0xE4, 0x17, 0xE4, 0x17, 0xE4, 0x17, 0xE4, 0x17,
    0xE4, 0x17, 0xE4, 0x17, 0xE4, 0x17, 0xE4, 0x17, 0xE4, 0x17, 0xE4, 0x17, 0xE4, 0x17, 0xE4, 0x17,
    0xE4, 0x17, 0xE4, 0x17, 0xE4, 0x17, 0xE4, 0x17, 0xE4, 0x17, 0xE4, 0x17, 0xE4, 0x17, 0xE4, 0x17,
    0xE4, 0x17, 0xE4, 0x17, 0xE4, 0x17, 0xE4, 0x17, 0xE4, 0x17, 0xE4, 0x17, 0xE4, 0x17, 0xE4, 0x17,
    0xE4, 0x17, 0xE4, 0x17, 0xE4, 0x17, 0xE4, 0x17, 0xE4, 0x17, 0xE4, 0x17, 0xE4, 0x17, 0xE4, 0x17,
    0xE4, 0xFF, 0x17, 0xE4, 0x17, 0xE4, 0x17, 0xE4, 0x17, 0xE4, 0x17, 0xE4, 0x17, 0xE4, 0x17, 0xE4,
    0x17, 0xE4, 0x17, 0xE4, 0x17, 0xE4, 0x17, 0xE4, 0x17, 0xE4, 0x17, 0xE4, 0x17, 0xE4, 0x17, 0xE4,
    0x1F, 0xE4, 0x8E, 0x8F, 0xCD, 0x52, 0xCD, 0x31, 0xD5, 0x52, 0xE5, 0xD4, 0xE5, 0xB4, 0xDD, 0x93,
    0xB4, 0x4F, 0xC4, 0xD1, 0xFF, 0x1A, 0xFF, 0x5B, 0xFF, 0x5B, 0xFF, 0x5C, 0xFF, 0x5C, 0xFF, 0x7C,
    0xFF, 0x5C, 0xE6, 0x78, 0xAC, 0x91, 0xC5, 0x94, 0xFF, 0x1B, 0xFF, 0x5C, 0xFF, 0x5C, 0xFF, 0x5C,
    0xFF, 0x5C, 0xFF, 0x5C, 0xFF, 0x5C, 0xFF, 0x5C, 0xFF, 0x7C, 0xFF, 0x3B, 0xBD, 0x53, 0x72, 0xEA,
    0x49, 0x84, 0x49, 0x84, 0x59, 0xA5, 0x51, 0xA5, 0x41, 0x02, 0x38, 0xA1, 0x38, 0xA0, 0x40, 0xE1,
    0x61, 0xE6, 0xC5, 0x33, 0xFF, 0x1B, 0xDD, 0xD5, 0xDD, 0x94, 0xE5, 0xB5, 0xE5, 0x94, 0xBC, 0x90,
    0xC4, 0xF1, 0x8A, 0xD5, 0x32, 0xAC, 0x6F, 0x6C, 0x49, 0x6D, 0x4C, 0xC6, 0x55, 0xE5, 0x02, 0xF6,
    0xFF, 0x77, 0xFE, 0xB8, 0xF6, 0xD8, 0xF6, 0xD8, 0xFE, 0xD9, 0xFE, 0xF9, 0xD6, 0x35, 0x8D, 0x4E,
    0x66, 0x8C, 0x47, 0xEA, 0x2F, 0xE7, 0x1F, 0xE4, 0x17, 0xE4, 0x17, 0xE4, 0x17, 0xE4, 0x17, 0xE4,
    0x17, 0xE4, 0x17, 0xE4, 0x17, 0xE4, 0x17, 0xE4, 0x17, 0xE4, 0x17, 0xE4, 0x17, 0xE4, 0x17, 0xE4,
    0x17, 0xE4, 0x17, 0xE4, 0x17, 0xE4, 0x17, 0xE4, 0x17, 0xE4, 0x17, 0xE4, 0x17, 0xE4, 0x17, 0xE4,
    0x17, 0xE4, 0x17, 0xE4, 0x17, 0xE4, 0x17, 0xE4, 0x17, 0xE4, 0x17, 0xE4, 0x17, 0xE4, 0x17, 0xE4,
    0x17, 0xE4, 0x17, 0xE4, 0x17, 0xE4, 0x17, 0xE4, 0x17, 0xE4, 0x17, 0xE4, 0x17, 0xE4, 0x17, 0xE4,
    0x17, 0xE4, 0x17, 0xE4, 0x17, 0xE4, 0x17, 0xE4, 0x17, 0xE4, 0x17, 0xE4, 0x17, 0xE4, 0x17, 0xE4,
    0x17, 0xE4, 0x17, 0xE4, 0x17, 0xE4, 0x17, 0xE4, 0x17, 0xE4, 0x17, 0xE4, 0x17, 0xE4, 0x17, 0xE4,
    0x17, 0xFF, 0xE4, 0x17, 0xE4, 0x17, 0xE4, 0x17, 0xE4, 0x17, 0xE4, 0x17, 0xE4, 0x17, 0xE4, 0x17,
    0xE4, 0x17, 0xE4, 0x17, 0xE4, 0x17, 0xE4, 0x17, 0xE4, 0x17, 0xE4, 0x17, 0xE4, 0x17, 0xE4, 0x1F,
    0xE4, 0x96, 0x8F, 0xCD, 0x93, 0xCD, 0x31, 0xD5, 0x31, 0xDD, 0x93, 0xDD, 0x93, 0xE5, 0xB4, 0xBC,
    0x90, 0xAC, 0x2F, 0xF6, 0xB9, 0xFF, 0x5B, 0xFF, 0x5B, 0xFF, 0x7C, 0xFF, 0x7C, 0xF6, 0xB9, 0xB4,
    0x91, 0x61, 0xE7, 0x30, 0xA1, 0x62, 0x47, 0xDE, 0x57, 0xFF, 0x7C, 0xFF, 0x5C, 0xFF, 0x5C, 0xFF,
    0x5C, 0xFF, 0x5C, 0xFF, 0x5C, 0xFF, 0x5C, 0xFF, 0x5C, 0xFF, 0x7C, 0xFF, 0x9C, 0xFF, 0x3B, 0xDE,
    0x36, 0xBD, 0x33, 0xA4, 0x2F, 0x9B, 0xEE, 0x9B, 0xEE, 0xA4, 0x0F, 0xB4, 0xB1, 0xD5, 0xB5, 0xEE,
    0x99, 0xFE, 0xFA, 0xFF, 0x1B, 0xD5, 0xB5, 0xDD, 0x95, 0xE5, 0xB5, 0xCC, 0xB1, 0xBC, 0x6F, 0xC4,
    0xD1, 0xDD, 0xFF, 0x94, 0xB5, 0x51, 0x66, 0x0B, 0x3F, 0x08, 0x7E, 0xAE, 0xCE, 0x55, 0xEE, 0x97,
    0xF6, 0xB8, 0xFE, 0xD8, 0xFE, 0xD8, 0xFE, 0xD8, 0xFE, 0xB9, 0xFE, 0xB9, 0xF6, 0x98, 0xC6, 0x53,
    0x86, 0x4E, 0x5E, 0xEA, 0x47, 0xE8, 0x3F, 0xE8, 0x27, 0xE6, 0x1F, 0xE5, 0x1F, 0xE4, 0x17, 0xE4,
    0x17, 0xE4, 0x17, 0xE4, 0x17, 0xE4, 0x17, 0xE4, 0x17, 0xE4, 0x17, 0xE4, 0x17, 0xE4, 0x17, 0xE4,
    0x17, 0xE4, 0x17, 0xE4, 0x17, 0xE4, 0x17, 0xE4, 0x17, 0xE4, 0x17, 0xE4, 0x17, 0xE4, 0x17, 0xE4,
    0x17, 0xE4, 0x17, 0xE4, 0x17, 0xE4, 0x17, 0xE4, 0x17, 0xE4, 0x17, 0xE4, 0x17, 0xE4, 0x17, 0xE4,
    0x17, 0xE4, 0x17, 0xE4, 0x17, 0xE4, 0x17, 0xE4, 0x17, 0xE4, 0x17, 0xE4, 0x17, 0xE4, 0x17, 0xE4,
    0x17, 0xE4, 0x17, 0xE4, 0x17, 0xE4, 0x17, 0xE4, 0x17, 0xE4, 0x17, 0xE4, 0x17, 0xE4, 0x17, 0xE4,
    0x17, 0xE4, 0x17, 0xFF, 0xE4, 0x17, 0xE4, 0x17, 0xE4, 0x17, 0xE4, 0x17, 0xE4, 0x17, 0xE4, 0x17,
    0xE4, 0x17, 0xE4, 0x17, 0xE4, 0x17, 0xE4, 0x17, 0xE4, 0x17, 0xE4, 0x17, 0xE4, 0x17, 0xE4, 0x17,
    0xE4, 0x17, 0xE4, 0x17, 0xE4, 0x17, 0xE4, 0x17, 0xE4, 0x17, 0xE4, 0x17, 0xE4, 0x1F, 0xC4, 0x96,
    0x8F, 0xD5, 0xD4, 0xCD, 0x31, 0xD5, 0x52, 0xD5, 0x31, 0xE5, 0x93, 0xE5, 0xD4, 0xD5, 0x12, 0xAC,
    0x0E, 0xEE, 0x37, 0xFF, 0x3B, 0xFF, 0x1B, 0xE6, 0x17, 0xA4, 0x2F, 0x72, 0x69, 0x51, 0x65, 0x40,
    0xE2, 0x6A, 0x48, 0xCD, 0x95, 0xFF, 0x3B, 0xFF, 0x7C, 0xFF, 0x5C, 0xFF, 0x5C, 0xFF, 0x5C, 0xFF,
    0x5C, 0xFF, 0x5C, 0xFF, 0x5C, 0xFF, 0x5C, 0xFF, 0x5C, 0xFF, 0x5C, 0xFF, 0x5C, 0xFF, 0x9C, 0xFF,
    0x9C, 0xFF, 0x7C, 0xFF, 0x5C, 0xFF, 0x5C, 0xFF, 0x7C, 0xFF, 0x5C, 0xFF, 0x5C, 0xFF, 0x5C, 0xFF,
    0x3B, 0xFF, 0x1B, 0xD5, 0xFF, 0x95, 0xD5, 0x95, 0xD5, 0x33, 0xC4, 0x91, 0xBC, 0x90, 0xC4, 0xB1,
    0xEE, 0x16, 0xB5, 0xF2, 0x57, 0x49, 0x27, 0xE5, 0x37, 0x26, 0xA6, 0xB2, 0xDE, 0x36, 0xF6, 0x97,
    0xFE, 0xB8, 0xFE, 0xD8, 0xFE, 0xD8, 0xFE, 0xB8, 0xFE, 0xB9, 0xFE, 0xD9, 0xF6, 0xD8, 0xDE, 0xD6,
    0xBE, 0x52, 0x86, 0x2E, 0x66, 0xCD, 0x57, 0x8C, 0x3F, 0xE9, 0x27, 0xE6, 0x17, 0xE4, 0x17, 0xE4,
    0x17, 0xE4, 0x17, 0xE4, 0x17, 0xE4, 0x17, 0xE4, 0x17, 0xE4, 0x17, 0xE4, 0x17, 0xE4, 0x17, 0xE4,
    0x17, 0xE4, 0x17, 0xE4, 0x17, 0xE4, 0x17, 0xE4, 0x17, 0xE4, 0x17, 0xE4, 0x17, 0xE4, 0x17, 0xE4,
    0x17, 0xE4, 0x17, 0xE4, 0x17, 0xE4, 0x17, 0xE4, 0x17, 0xE4, 0x17, 0xE4, 0x17, 0xE4, 0x17, 0xE4,
    0x17, 0xE4, 0x17, 0xE4, 0x17, 0xE4, 0x17, 0xE4, 0x17, 0xE4, 0x17, 0xE4, 0x17, 0xE4, 0x17, 0xE4,
    0x17, 0xE4, 0x17, 0xE4, 0x17, 0xFF, 0xE4, 0x17, 0xE4, 0x17, 0xE4, 0x17, 0xE4, 0x17, 0xE4, 0x17,
    0xE4, 0x17, 0xE4, 0x17, 0xE4, 0x17, 0xE4, 0x17, 0xE4, 0x17, 0xE4, 0x17, 0xE4, 0x17, 0xE4, 0x17,
    0xE4, 0x17, 0xE4, 0x17, 0xE4, 0x17, 0xE4, 0x17, 0xE4, 0x17, 0xE4, 0x17, 0xE4, 0x17, 0xE4, 0x17,
    0xE4, 0x17, 0xE4, 0x17, 0xE4, 0x17, 0xE4, 0x17, 0xE3, 0x17, 0xE3, 0x1F, 0xA4, 0x9E, 0x90, 0xDE,
    0x15, 0xCD, 0x52, 0xD5, 0x52, 0xCC, 0xF0, 0xD5, 0x32, 0xED, 0xD4, 0xE5, 0x94, 0xBC, 0x4F, 0xDD,
    0xB4, 0xDD, 0xF5, 0x83, 0x2A, 0x51, 0x64, 0x49, 0x23, 0x61, 0xC6, 0x7A, 0x89, 0xAC, 0x71, 0xF6,
    0xB9, 0xFF, 0x7C, 0xFF, 0x5C, 0xFF, 0x5C, 0xFF, 0x5C, 0xFF, 0x5C, 0xFF, 0x5C, 0xFF, 0x5C, 0xFF,
    0x7C, 0xFF, 0x7C, 0xFF, 0x5C, 0xFF, 0x5C, 0xFF, 0x5C, 0xFF, 0x5C, 0xFF, 0x5C, 0xFF, 0x5C, 0xFF,
    0x5C, 0xFF, 0x5C, 0xFF, 0x3B, 0xFF, 0xFF, 0x1B, 0xFE, 0xFB, 0xFE, 0xFA, 0xFE, 0xFA, 0xFF, 0x3B,
    0xFE, 0xFA, 0xCD, 0x74, 0xCD, 0x54, 0xCD, 0x12, 0xDD, 0x54, 0xCC, 0xF2, 0xDD, 0x94, 0xFF, 0x1A,
    0xAE, 0x52, 0x47, 0xA8, 0x1F, 0xE5, 0x17, 0xE3, 0x5F, 0x0B, 0xC6, 0x53, 0xEE, 0x36, 0xFE, 0xB8,
    0xFE, 0xD8, 0xFE, 0xD9, 0xFE, 0xB8, 0xFE, 0xB9, 0xFE, 0xD9, 0xF6, 0xB7, 0xD5, 0xD4, 0xC5, 0x93,
    0xB6, 0xF4, 0x87, 0x30, 0x5E, 0xCC, 0x3F, 0x09, 0x27, 0xE7, 0x1F, 0xE4, 0x17, 0xE3, 0x17, 0xE4,
    0x17, 0xE4, 0x17, 0xE4, 0x17, 0xE4, 0x17, 0xE4, 0x17, 0xE4, 0x17, 0xE4, 0x17, 0xE4, 0x17, 0xE4,
    0x17, 0xE4, 0x17, 0xE4, 0x17, 0xE4, 0x17, 0xE4, 0x17, 0xE4, 0x17, 0xE4, 0x17, 0xE4, 0x17, 0xE4,
    0x17, 0xE4, 0x17, 0xE4, 0x17, 0xE4, 0x17, 0xE4, 0x17, 0xE4, 0x17, 0xE4, 0x17, 0xE4, 0x17, 0xE4,
    0x17, 0xE4, 0x17, 0xE4, 0x17, 0xE4, 0x17, 0xFF, 0xE4, 0x17, 0xE4, 0x17, 0xE4, 0x17, 0xE4, 0x17,
    0xE4, 0x17, 0xE4, 0x17, 0xE4, 0x17, 0xE4, 0x17, 0xE4, 0x17, 0xE4, 0x17, 0xE4, 0x17, 0xE4, 0x17,
    0xE4, 0x17, 0xE4, 0x17, 0xE4, 0x17, 0xE4, 0x17, 0xE4, 0x17, 0xE4, 0x17, 0xE4, 0x17, 0xE4, 0x17,
    0xE4, 0x17, 0xE4, 0x17, 0xE4, 0x17, 0xE4, 0x17, 0xE4, 0x17, 0xE4, 0x17, 0xE4, 0x17, 0xE4, 0x17,
    0xE4, 0x17, 0xE4, 0x17, 0xE4, 0x17, 0xE3, 0x17, 0xE3, 0x1F, 0x84, 0xA6, 0xD0, 0xE6, 0x35, 0xDD,
    0x93, 0xCD, 0x32, 0xCD, 0x11, 0xC4, 0xAF, 0xDD, 0x73, 0xE5, 0xB4, 0xCC, 0xF1, 0xD5, 0x53, 0xBC,
    0xD1, 0x41, 0x22, 0x59, 0xC5, 0x7A, 0xEA, 0xB4, 0xB1, 0xEE, 0x99, 0xFF, 0x7C, 0xFF, 0x5C, 0xFF,
    0x5C, 0xFF, 0x5B, 0xFF, 0x5C, 0xFF, 0x5C, 0xFF, 0x5C, 0xFF, 0x5C, 0xFF, 0x5C, 0xFF, 0x5C, 0xFF,
    0x3B, 0xFF, 0x5C, 0xFF, 0x5C, 0xFF, 0x5C, 0xFF, 0xFF, 0x5C, 0xFF, 0x5C, 0xFF, 0x5C, 0xFF, 0x5C,
    0xFF, 0x3B, 0xFF, 0x1B, 0xF6, 0xDA, 0xFE, 0xDA, 0xFE, 0xBA, 0xFE, 0xDA, 0xFF, 0x1B, 0xEE, 0x79,
    0xBD, 0x12, 0xBC, 0xD2, 0xD5, 0x74, 0xE5, 0xB5, 0xDD, 0xB5, 0xF6, 0xD9, 0xF7, 0x9A, 0x86, 0xAF,
    0x37, 0xE8, 0x17, 0xE5, 0x17, 0xE4, 0x27, 0x65, 0x8E, 0xCF, 0xD6, 0x74, 0xEE, 0x97, 0xF6, 0xD8,
    0xF6, 0xB9, 0xFE, 0xB9, 0xFE, 0xB9, 0xFE, 0xD9, 0xFE, 0xF9, 0xF6, 0x97, 0xAC, 0xAF, 0x75, 0x8D,
    0x4F, 0x6B, 0x37, 0xE7, 0x2F, 0xE7, 0x1F, 0xE6, 0x17, 0xE4, 0x17, 0xE3, 0x17, 0xE3, 0x17, 0xE4,
    0x17, 0xE4, 0x17, 0xE4, 0x17, 0xE4, 0x17, 0xE4, 0x17, 0xE4, 0x17, 0xE4, 0x17, 0xE4, 0x17, 0xE4,
    0x17, 0xE4, 0x17, 0xE4, 0x17, 0xE4, 0x17, 0xE4, 0x17, 0xE4, 0x17, 0xE4, 0x17, 0xE4, 0x17, 0xE4,
    0x17, 0xE4, 0x17, 0xE4, 0x17, 0xE4, 0x17, 0xE4, 0x17, 0xFF, 0xE4, 0x17, 0xE4, 0x17, 0xE4, 0x17,
    0xE4, 0x17, 0xE4, 0x17, 0xE4, 0x17, 0xE4, 0x17, 0xE4, 0x17, 0xE4, 0x17, 0xE4, 0x17, 0xE4, 0x17,
    0xE4, 0x17, 0xE4, 0x17, 0xE4, 0x17, 0xE4, 0x17, 0xE4, 0x17, 0xE4, 0x17, 0xE4, 0x17, 0xE4, 0x17,
    0xE4, 0x17, 0xE4, 0x17, 0xE4, 0x17, 0xE4, 0x17, 0xE4, 0x17, 0xE4, 0x17, 0xE4, 0x17, 0xE4, 0x17,
    0xE4, 0x17, 0xE4, 0x17, 0xE4, 0x17, 0xE4, 0x17, 0xE4, 0x17, 0xE4, 0x17, 0xE4, 0x17, 0xE4, 0x17,
    0xE4, 0x17, 0xE4, 0x17, 0xE3, 0x17, 0xE3, 0x1F, 0xC4, 0xA7, 0x31, 0xE6, 0x76, 0xE5, 0xD4, 0xCD,
    0x32, 0xD5, 0x53, 0xCC, 0xF0, 0xCC, 0xF0, 0xE5, 0x93, 0xDD, 0x94, 0xC5, 0x12, 0xEE, 0x57, 0xE6,
    0x36, 0xF6, 0xB9, 0xFF, 0x3B, 0xFF, 0x7C, 0xFF, 0x7C, 0xFF, 0x5C, 0xFF, 0x5C, 0xFF, 0x5C, 0xFF,
    0x5C, 0xFF, 0x5C, 0xFF, 0x5C, 0xFF, 0x3C, 0xEE, 0x99, 0xE5, 0xFF, 0xF7, 0xE5, 0xD6, 0xE5, 0xD6,
    0xF6, 0x99, 0xFF, 0x5C, 0xFF, 0x5C, 0xFF, 0x5C, 0xFF, 0x5C, 0xFF, 0x7C, 0xFF, 0x5C, 0xFF, 0x3C,
    0xF6, 0xFB, 0xF6, 0xDA, 0xFE, 0xBA, 0xF6, 0xBA, 0xF6, 0xBA, 0xF6, 0xDA, 0xDD, 0xF6, 0xC5, 0x53,
    0xD5, 0x95, 0xC5, 0x13, 0xD5, 0x95, 0xF6, 0xD9, 0xF7, 0x9A, 0xB7, 0x34, 0x57, 0x4A, 0x27, 0xE7,
    0x0F, 0xE4, 0x17, 0xE4, 0x17, 0xE5, 0x3F, 0x49, 0x96, 0xF0, 0xD6, 0xD5, 0xEE, 0x97, 0xFE, 0x98,
    0xF6, 0xB8, 0xFE, 0xB9, 0xF6, 0xD9, 0xFE, 0xD9, 0xFE, 0xF9, 0xF6, 0xB8, 0x9D, 0xD0, 0x5F, 0x8C,
    0x2F, 0xE6, 0x17, 0xE4, 0x0F, 0xE4, 0x17, 0xE4, 0x17, 0xE4, 0x17, 0xE3, 0x17, 0xE3, 0x17, 0xE4,
    0x17, 0xE4, 0x17, 0xE4, 0x17, 0xE4, 0x17, 0xE4, 0x17, 0xE4, 0x17, 0xE4, 0x17, 0xE4, 0x17, 0xE4,
    0x17, 0xE4, 0x17, 0xE4, 0x17, 0xE4, 0x17, 0xE4, 0x17, 0xE4, 0x17, 0xFF, 0xE4, 0x17, 0xE4, 0x17,
    0xE4, 0x17, 0xE4, 0x17, 0xE4, 0x17, 0xE4, 0x17, 0xE4, 0x17, 0xE4, 0x17, 0xE4, 0x17, 0xE4, 0x17,
    0xE4, 0x17, 0xE4, 0x17, 0xE4, 0x17, 0xE4, 0x17, 0xE4, 0x17, 0xE4, 0x17, 0xE4, 0x17, 0xE4, 0x17,
    0xE4, 0x17, 0xE4, 0x17, 0xE4, 0x17, 0xE4, 0x17, 0xE4, 0x17, 0xE4, 0x17, 0xE4, 0x17, 0xE4, 0x17,
    0xE4, 0x17, 0xE4, 0x17, 0xE4, 0x17, 0xE4, 0x17, 0xE4, 0x17, 0xE4, 0x17, 0xE4, 0x17, 0xE4, 0x17,
    0xE4, 0x17, 0xE4, 0x17, 0xE4, 0x17, 0xE4, 0x17, 0xE4, 0x17, 0xE4, 0x17, 0xE4, 0x17, 0xE4, 0x17,
    0xE4, 0x17, 0xE4, 0x17, 0xE4, 0x0F, 0xE3, 0x7F, 0x6D, 0xEF, 0x17, 0xDD, 0xB4, 0xDD, 0x93, 0xCD,
    0x12, 0xD5, 0x52, 0xCC, 0xF1, 0xCD, 0x11, 0xDD, 0xB4, 0xCD, 0x33, 0xF6, 0x98, 0xFF, 0x5B, 0xFF,
    0x5B, 0xFF, 0x3B, 0xFF, 0x3B, 0xFF, 0x3C, 0xFF, 0x5C, 0xFF, 0x5C, 0xFF, 0xFF, 0x5C, 0xFF, 0x5C,
    0xFF, 0x5C, 0xFF, 0x7C, 0xE6, 0x38, 0xD5, 0x75, 0xE5, 0x76, 0xED, 0x76, 0xE5, 0x55, 0xE5, 0xB6,
    0xFF, 0x1B, 0xFF, 0x5C, 0xFF, 0x5C, 0xFF, 0x5C, 0xFF, 0x5C, 0xFF, 0x5C, 0xFF, 0x3C, 0xFE, 0xFB,
    0xF6, 0xDA, 0xF6, 0xBA, 0xF6, 0xBA, 0xF6, 0xBA, 0xF6, 0xBA, 0xF6, 0xB9, 0xFE, 0xD9, 0xF6, 0xF9,
    0xE6, 0xB9, 0xEF, 0x19, 0xDF, 0x79, 0x9F, 0x52, 0x57, 0x0A, 0x2F, 0xE7, 0x17, 0xE5, 0x17, 0xE4,
    0x17, 0xE3, 0x17, 0xE4, 0x1F, 0xE5, 0x37, 0x67, 0x8F, 0x0E, 0xD6, 0xD5, 0xF6, 0x97, 0xF6, 0xB7,
    0xF6, 0xB8, 0xF6, 0xB8, 0xF6, 0xD8, 0xF6, 0xD8, 0xFE, 0xF9, 0xD6, 0x35, 0x7E, 0x2D, 0x47, 0xE9,
    0x1F, 0xE4, 0x17, 0xE3, 0x17, 0xE4, 0x17, 0xE4, 0x17, 0xE3, 0x17, 0xE3, 0x17, 0xE4, 0x17, 0xE4,
    0x17, 0xE4, 0x17, 0xE4, 0x17, 0xE4, 0x17, 0xE4, 0x17, 0xE4, 0x17, 0xE4, 0x17, 0xFF, 0xE4, 0x17,
    0xE4, 0x17, 0xE4, 0x17, 0xE4, 0x17, 0xE4, 0x17, 0xE4, 0x17, 0xE4, 0x17, 0xE4, 0x17, 0xE4, 0x17,
    0xE4, 0x17, 0xE4, 0x17, 0xE4, 0x17, 0xE4, 0x17, 0xE4, 0x17, 0xE4, 0x17, 0xE4, 0x17, 0xE4, 0x17,
    0xE4, 0x17, 0xE4, 0x17, 0xE4, 0x17, 0xE4, 0x17, 0xE4, 0x17, 0xE4, 0x17, 0xE4, 0x17, 0xE4, 0x17,
    0xE4, 0x17, 0xE4, 0x17, 0xE4, 0x17, 0xE4, 0x17, 0xE4, 0x17, 0xE4, 0x17, 0xE4, 0x17, 0xE4, 0x17,
    0xE4, 0x17, 0xE4, 0x17, 0xE4, 0x17, 0xE4, 0x17, 0xE4, 0x17, 0xE4, 0x17, 0xE4, 0x17, 0xE4, 0x17,
    0xE4, 0x17, 0xE4, 0x17, 0xE4, 0x17, 0xE4, 0x17, 0xE4, 0x17, 0xE4, 0x17, 0xE4, 0x17, 0xE4, 0x17,
    0xE3, 0x17, 0xE4, 0x0F, 0xE3, 0x4F, 0x69, 0xE7, 0x97, 0xDD, 0xF5, 0xD5, 0x93, 0xD5, 0x53, 0xCD,
    0x11, 0xD5, 0x32, 0xD5, 0x32, 0xBD, 0x31, 0xBD, 0xB3, 0xD5, 0xB4, 0xFE, 0xF9, 0xFF, 0xDD, 0x1A,
    0xF6, 0xFA, 0xF6, 0xFA, 0xFF, 0x1B, 0xFF, 0x1B, 0xFF, 0x3C, 0xFF, 0x5C, 0xFF, 0x5C, 0xFF, 0x5C,
    0xFF, 0x7C, 0xE6, 0x38, 0xDD, 0x75, 0xED, 0x96, 0xF5, 0x56, 0xF5, 0x76, 0xE5, 0x75, 0xFE, 0xFB,
    0xFF, 0x5C, 0xFF, 0x5C, 0xFF, 0x5C, 0xFF, 0x5C, 0xFF, 0x5C, 0xFF, 0x5C, 0xFF, 0x1B, 0xFE, 0xFB,
    0xFE, 0xDB, 0xFE, 0xDA, 0xF6, 0xDA, 0xFE, 0xFB, 0xEE, 0x79, 0xC5, 0xB3, 0xBE, 0xB4, 0xAF, 0x74,
    0x8F, 0x71, 0x57, 0x0B, 0x3F, 0xA8, 0x2F, 0xE6, 0x1F, 0xE5, 0x17, 0xE4, 0x17, 0xE4, 0x17, 0xE4,
    0x17, 0xE3, 0x17, 0xE4, 0x1F, 0xE5, 0x37, 0x87, 0x76, 0xCC, 0xC6, 0xD3, 0xE6, 0x02, 0xF6, 0xFF,
    0xF7, 0xF6, 0xD7, 0xF6, 0xD8, 0xF6, 0xD9, 0xFE, 0xD9, 0xFE, 0xD9, 0xAE, 0x11, 0x5F, 0x4B, 0x27,
    0xE5, 0x17, 0xE3, 0x17, 0xE4, 0x17, 0xE3, 0x17, 0xE3, 0x17, 0xE3, 0x17, 0xE4, 0x17, 0xE4, 0x17,
    0xE4, 0x17, 0xE4, 0x17, 0xE4, 0x17, 0xE4, 0x17, 0xE4, 0x17, 0xE4, 0x17, 0xE4, 0x17, 0xE4, 0x17,
    0xE4, 0x17, 0xE4, 0x17, 0xE4, 0x17, 0xE4, 0x17, 0xE4, 0x17, 0xE4, 0x17, 0xE4, 0x17, 0xE4, 0x17,
    0xE4, 0x17, 0xE4, 0x17, 0xE4, 0x17, 0xE4, 0x17, 0xE4, 0x17, 0xE4, 0x17, 0xE4, 0x17, 0xE4, 0x17,
    0xE4, 0x17, 0xE4, 0x17, 0xE4, 0x17, 0xE4, 0x17, 0xE4, 0x17, 0xE4, 0x17, 0xE4, 0x17, 0xE4, 0x17,
    0xE4, 0x17, 0xE4, 0x17, 0xE4, 0x17, 0xE4, 0x17, 0xE4, 0x17, 0xE4, 0x17, 0xE4, 0x17, 0xE4, 0x17,
    0xE4, 0x17, 0xE4, 0x17, 0xE4, 0x17, 0xE4, 0x17, 0xE4, 0x17, 0xE4, 0x17, 0xE4, 0x17, 0xE4, 0x17,
    0xFF, 0xE4, 0x17, 0xE4, 0x17, 0xE4, 0x17, 0xE4, 0x17, 0xE4, 0x17, 0xE4, 0x17, 0xE4, 0x17, 0xE4,
    0x17, 0xE4, 0x17, 0xE3, 0x27, 0xA5, 0xC7, 0xD5, 0xE6, 0x96, 0xCD, 0x53, 0xDD, 0xB4, 0xD5, 0x52,
    0xCC, 0xD0, 0xDD, 0x53, 0x9D, 0x2F, 0x85, 0xAF, 0xBD, 0x92, 0xE5, 0xF5, 0xFE, 0xDA, 0xF6, 0xD9,
    0xF6, 0xDA, 0xFE, 0xDA, 0xFE, 0xFB, 0xFF, 0x3B, 0xFF, 0x5C, 0xFF, 0x5C, 0xFF, 0x5C, 0xFF, 0x7C,
    0xF6, 0xFA, 0xDD, 0x96, 0xED, 0x96, 0xF5, 0x96, 0xED, 0x75, 0xE5, 0x75, 0xFE, 0xFA, 0xFF, 0x5C,
    0xFF, 0x5C, 0xFF, 0x5C, 0xFF, 0x5C, 0xFF, 0x5C, 0xFF, 0x5C, 0xFF, 0x5C, 0xFF, 0x3C, 0xFF, 0x3C,
    0xFF, 0x1B, 0xFF, 0x3C, 0xEE, 0xFA, 0x9D, 0x51, 0x5D, 0x0A, 0x4E, 0x28, 0x3F, 0xA7, 0x27, 0xE6,
    0x17, 0xE5, 0x17, 0xE5, 0x17, 0xE4, 0x17, 0xE3, 0x17, 0xE4, 0x17, 0xE4, 0x17, 0xE4, 0x17, 0xE4,
    0x17, 0xFF, 0xE4, 0x17, 0xE4, 0x1F, 0xE5, 0x1F, 0x85, 0x46, 0xC8, 0x8E, 0xEF, 0xC7, 0x33, 0xE7,
    0x37, 0xEE, 0xF8, 0xF6, 0xF8, 0xF6, 0xD8, 0xFE, 0xD9, 0xD6, 0x76, 0x6E, 0xAD, 0x2F, 0xE6, 0x17,
    0xE3, 0x17, 0xE4, 0x17, 0xE4, 0x17, 0xE4, 0x17, 0xE4, 0x17, 0xE4, 0x17, 0xE4, 0x17, 0xE4, 0x17,
    0xE4, 0x17, 0xE4, 0x17, 0xE4, 0x17, 0xE4, 0x17, 0xE4, 0x17, 0xE4, 0x17, 0xE4, 0x17, 0xE4, 0x17,
    0xE4, 0x17, 0xE4, 0x17, 0xE4, 0x17, 0xE4, 0x17, 0xE4, 0x17, 0xE4, 0x17, 0xE4, 0x17, 0xE4, 0x17,
    0xE4, 0x17, 0xE4, 0x17, 0xE4, 0x17, 0xE4, 0x17, 0xE4, 0x17, 0xE4, 0x17, 0xE4, 0x17, 0xE4, 0x17,
    0xE4, 0x17, 0xE4, 0x17, 0xE4, 0x17, 0xE4, 0x17, 0xE4, 0x17, 0xE4, 0x17, 0xE4, 0x17, 0xE4, 0x17,
    0xE4, 0x17, 0xE4, 0x17, 0xE4, 0x17, 0xE4, 0x17, 0xE4, 0x17, 0xE4, 0x17, 0xE4, 0x17, 0xE4, 0x17,
    0xE4, 0x17, 0xFF, 0xE4, 0x17, 0xE4, 0x17, 0xE4, 0x17, 0xE4, 0x17, 0xE4, 0x17, 0xE4, 0x17, 0xE4,
    0x17, 0xE4, 0x17, 0xE4, 0x17, 0xE4, 0x17, 0xE4, 0x17, 0xE4, 0x17, 0xE4, 0x17, 0xE4, 0x17, 0xE4,
    0x17, 0xE3, 0x17, 0xE3, 0x8F, 0x2F, 0xF7, 0x39, 0xD5, 0xB4, 0xD5, 0x73, 0xDD, 0xB4, 0xD5, 0x52,
    0xCC, 0xF1, 0x85, 0x8E, 0x4E, 0x09, 0xAE, 0x70, 0xDE, 0x15, 0xF6, 0xB9, 0xF6, 0xB9, 0xF6, 0xDA,
    0xF6, 0xDA, 0xFE, 0xFB, 0xFF, 0x3B, 0xFF, 0x5C, 0xFF, 0x5C, 0xFF, 0x5C, 0xFF, 0x5C, 0xFF, 0x5C,
    0xEE, 0x79, 0xDD, 0xB6, 0xE5, 0xB6, 0xDD, 0xB5, 0xEE, 0x17, 0xFF, 0x3B, 0xFF, 0x5C, 0xFF, 0x5C,
    0xFF, 0x5C, 0xFF, 0x5C, 0xFF, 0x5C, 0xFF, 0x7C, 0xFF, 0x5C, 0xFF, 0x5C, 0xFF, 0x5C, 0xFF, 0x5D,
    0xEF, 0x5B, 0x95, 0xD0, 0x4D, 0x68, 0x3F, 0x48, 0x37, 0xE8, 0x1F, 0xE5, 0x17, 0xE4, 0x17, 0xE4,
    0x17, 0xE3, 0x17, 0xFF, 0xE3, 0x17, 0xE3, 0x17, 0xE4, 0x17, 0xE4, 0x17, 0xE4, 0x17, 0xE4, 0x17,
    0xE4, 0x17, 0xE4, 0x17, 0xE4, 0x17, 0xE4, 0x17, 0xE4, 0x1F, 0xC4, 0x3E, 0xE7, 0x7E, 0xED, 0xA7,
    0x72, 0xCF, 0x96, 0xDF, 0x18, 0xEE, 0xF8, 0xEE, 0xD8, 0x86, 0x4F, 0x37, 0xE9, 0x17, 0xE4, 0x1F,
    0xE4, 0x17, 0xE4, 0x17, 0xE4, 0x17, 0xE4, 0x17, 0xE4, 0x17, 0xE4, 0x17, 0xE4, 0x17, 0xE4, 0x17,
    0xE4, 0x17, 0xE4, 0x17, 0xE4, 0x17, 0xE4, 0x17, 0xE4, 0x17, 0xE4, 0x17, 0xE4, 0x17, 0xE4, 0x17,
    0xE4, 0x17, 0xE4, 0x17, 0xE4, 0x17, 0xE4, 0x17, 0xE4, 0x17, 0xE4, 0x17, 0xE4, 0x17, 0xE4, 0x17,
    0xE4, 0x17, 0xE4, 0x17, 0xE4, 0x17, 0xE4, 0x17, 0xE4, 0x17, 0xE4, 0x17, 0xE4, 0x17, 0xE4, 0x17,
    0xE4, 0x17, 0xE4, 0x17, 0xE4, 0x17, 0xE4, 0x17, 0xE4, 0x17, 0xE4, 0x17, 0xE4, 0x17, 0xE4, 0x17,
    0xE4, 0x17, 0xE4, 0x17, 0xFF, 0xE4, 0x17, 0xE4, 0x17, 0xE4, 0x17, 0xE4, 0x17, 0xE4, 0x17, 0xE4,
    0x17, 0xE4, 0x17, 0xE4, 0x17, 0xE4, 0x17, 0xE4, 0x17, 0xE4, 0x17, 0xE4, 0x17, 0xE4, 0x17, 0xE4,
    0x17, 0xE4, 0x17, 0xE4, 0x17, 0xE4, 0x17, 0xE4, 0x17, 0xE4, 0x17, 0xE4, 0x17, 0xE4, 0x17, 0xE4,
    0x0F, 0xE4, 0x6F, 0x4D, 0xEF, 0x58, 0xEE, 0x97, 0xC5, 0x32, 0xD5, 0x73, 0xE5, 0xB4, 0xD5, 0x32,
    0x7D, 0xED, 0x47, 0x69, 0x7F, 0x6E, 0xDF, 0xB9, 0xEF, 0x1A, 0xF6, 0xFA, 0xFE, 0xFB, 0xFE, 0xFB,
    0xFF, 0x1B, 0xFF, 0x3C, 0xFF, 0x5C, 0xFF, 0x5C, 0xFF, 0x5C, 0xFF, 0x5C, 0xFF, 0x5C, 0xFF, 0x3C,
    0xF6, 0xD9, 0xEE, 0xB9, 0xEE, 0xD9, 0xFF, 0x3B, 0xFF, 0x5C, 0xFF, 0x5C, 0xFF, 0x5C, 0xFF, 0x5C,
    0xFF, 0x5C, 0xFF, 0x5C, 0xFF, 0x5C, 0xFF, 0x5C, 0xFF, 0x5C, 0xF7, 0x7C, 0xD7, 0x38, 0x7E, 0x0E,
    0x46, 0x88, 0x37, 0xE8, 0x2F, 0xFF, 0xE6, 0x1F, 0xE4, 0x17, 0xE3, 0x17, 0xE3, 0x17, 0xE4, 0x17,
    0xE3, 0x17, 0xE3, 0x17, 0xE3, 0x17, 0xE3, 0x17, 0xE4, 0x17, 0xE4, 0x17, 0xE4, 0x17, 0xE4, 0x17,
    0xE4, 0x17, 0xE4, 0x17, 0xE4, 0x17, 0xE4, 0x17, 0xE4, 0x1F, 0xE5, 0x17, 0xE4, 0x2F, 0xC6, 0x57,
    0x4A, 0x8F, 0x2F, 0xC7, 0x75, 0xE7, 0x79, 0x96, 0x71, 0x3F, 0xE9, 0x17, 0xE5, 0x17, 0xE4, 0x17,
    0xE4, 0x17, 0xE4, 0x17, 0xE4, 0x17, 0xE4, 0x17, 0xE4, 0x17, 0xE4, 0x17, 0xE4, 0x17, 0xE4, 0x17,
    0xE4, 0x17, 0xE4, 0x17, 0xE4, 0x17, 0xE4, 0x17, 0xE4, 0x17, 0xE4, 0x17, 0xE4, 0x17, 0xE4, 0x17,
    0xE4, 0x17, 0xE4, 0x17, 0xE4, 0x17, 0xE4, 0x17, 0xE4, 0x17, 0xE4, 0x17, 0xE4, 0x17, 0xE4, 0x17,
    0xE4, 0x17, 0xE4, 0x17, 0xE4, 0x17, 0xE4, 0x17, 0xE4, 0x17, 0xE4, 0x17, 0xE4, 0x17, 0xE4, 0x17,
    0xE4, 0x17, 0xE4, 0x17, 0xE4, 0x17, 0xFF, 0xE4, 0x17, 0xE4, 0x17, 0xE4, 0x17, 0xE4, 0x17, 0xE4,
    0x17, 0xE4, 0x17, 0xE4, 0x17, 0xE4, 0x17, 0xE4, 0x17, 0xE4, 0x17, 0xE4, 0x17, 0xE4, 0x17, 0xE4,
    0x17, 0xE4, 0x17, 0xE4, 0x17, 0xE4, 0x17, 0xE4, 0x17, 0xE4, 0x17, 0xE4, 0x17, 0xE4, 0x17, 0xE4,
    0x17, 0xE4, 0x17, 0xE4, 0x17, 0xE4, 0x17, 0xE4, 0x17, 0xE4, 0x17, 0xE4, 0x17, 0xE4, 0x17, 0xE5,
    0x4F, 0x8A, 0xD7, 0x15, 0xF6, 0xB8, 0xE6, 0x36, 0xC5, 0x11, 0xD5, 0x73, 0xCD, 0x32, 0x86, 0x2D,
    0x3F, 0xE8, 0x37, 0xC7, 0x97, 0xD2, 0xDF, 0xDA, 0xF7, 0x3B, 0xFF, 0x3C, 0xFF, 0x3C, 0xFF, 0x3C,
    0xFF, 0x5C, 0xFF, 0x5C, 0xFF, 0x5C, 0xFF, 0x5C, 0xFF, 0x5C, 0xFF, 0x5C, 0xFF, 0x5C, 0xFF, 0x5C,
    0xFF, 0x7C, 0xFF, 0x7C, 0xFF, 0x7C, 0xFF, 0x5C, 0xFF, 0x5C, 0xFF, 0x5C, 0xFF, 0x5C, 0xFF, 0x5C,
    0xFF, 0x7C, 0xFF, 0x7C, 0xFF, 0x7C, 0xEF, 0xFF, 0xBB, 0xB7, 0x75, 0x5E, 0x8B, 0x3F, 0x87, 0x2F,
    0xE6, 0x1F, 0xE5, 0x17, 0xE4, 0x17, 0xE3, 0x17, 0xE3, 0x17, 0xE3, 0x17, 0xE4, 0x17, 0xE4, 0x17,
    0xE3, 0x17, 0xE3, 0x17, 0xE4, 0x17, 0xE4, 0x17, 0xE4, 0x17, 0xE4, 0x17, 0xE4, 0x17, 0xE4, 0x17,
    0xE4, 0x17, 0xE3, 0x17, 0xE3, 0x17, 0xE3, 0x17, 0xE4, 0x17, 0xE4, 0x1F, 0xE5, 0x27, 0xE5, 0x2F,
    0xE5, 0x57, 0x4A, 0x9F, 0xD4, 0x87, 0x10, 0x3F, 0xE8, 0x17, 0xE4, 0x17, 0xE4, 0x17, 0xE4, 0x17,
    0xE4, 0x17, 0xE4, 0x17, 0xE4, 0x17, 0xE4, 0x17, 0xE4, 0x17, 0xE4, 0x17, 0xE4, 0x17, 0xE4, 0x17,
    0xE4, 0x17, 0xE4, 0x17, 0xE4, 0x17, 0xE4, 0x17, 0xE4, 0x17, 0xE4, 0x17, 0xE4, 0x17, 0xE4, 0x17,
    0xE4, 0x17, 0xE4, 0x17, 0xE4, 0x17, 0xE4, 0x17, 0xE4, 0x17, 0xE4, 0x17, 0xE4, 0x17, 0xE4, 0x17,
    0xE4, 0x17, 0xE4, 0x17, 0xE4, 0x17, 0xE4, 0x17, 0xFF, 0xE4, 0x17, 0xE4, 0x17, 0xE4, 0x17, 0xE4,
    0x17, 0xE4, 0x17, 0xE4, 0x17, 0xE4, 0x17, 0xE4, 0x17, 0xE4, 0x17, 0xE4, 0x17, 0xE4, 0x17, 0xE4,
    0x17, 0xE4, 0x17, 0xE4, 0x17, 0xE4, 0x17, 0xE4, 0x17, 0xE4, 0x17, 0xE4, 0x17, 0xE4, 0x17, 0xE4,
    0x17, 0xE4, 0x17, 0xE4, 0x17, 0xE4, 0x17, 0xE4, 0x17, 0xE4, 0x17, 0xE4, 0x17, 0xE4, 0x17, 0xE4,
    0x17, 0xE4, 0x17, 0xE4, 0x17, 0xE4, 0x17, 0xE4, 0x17, 0xE4, 0x17, 0xE4, 0x17, 0xE4, 0x2F, 0xE6,
    0xAF, 0x53, 0xDE, 0x36, 0xF6, 0x57, 0xE6, 0x36, 0xCD, 0x52, 0xC4, 0xF1, 0x86, 0x0E, 0x3F, 0xE9,
    0x1F, 0xE5, 0x37, 0xC7, 0x8F, 0xF1, 0xDF, 0xF9, 0xF7, 0x9C, 0xFF, 0x5C, 0xFF, 0x5D, 0xFF, 0x5D,
    0xFF, 0x5D, 0xFF, 0x5C, 0xFF, 0x5C, 0xFF, 0x5C, 0xFF, 0x5C, 0xFF, 0x5C, 0xFF, 0x5C, 0xFF, 0x5C,
    0xFF, 0x7C, 0xFF, 0x7C, 0xFF, 0x5C, 0xFF, 0x5C, 0xFF, 0xFF, 0x5C, 0xFF, 0x5C, 0xFF, 0x5C, 0xFF,
    0x7C, 0xFF, 0x7D, 0xDF, 0x7A, 0x8F, 0x51, 0x47, 0x6A, 0x2F, 0xE7, 0x27, 0xE5, 0x17, 0xE3, 0x17,
    0xE3, 0x17, 0xE3, 0x17, 0xE4, 0x17, 0xE4, 0x17, 0xE4, 0x17, 0xE4, 0x17, 0xE4, 0x17, 0xE4, 0x17,
    0xE3, 0x17, 0xE3, 0x17, 0xE4, 0x17, 0xE4, 0x17, 0xE4, 0x17, 0xE4, 0x17, 0xE4, 0x17, 0xE4, 0x17,
    0xE4, 0x17, 0xE4, 0x17, 0xE4, 0x17, 0xE4, 0x17, 0xE4, 0x17, 0xE4, 0x1F, 0xE4, 0x1F, 0xE4, 0x1F,
    0xE5, 0x37, 0xA8, 0x4F, 0x6B, 0x37, 0xE7, 0x17, 0xE4, 0x17, 0xE4, 0x17, 0xE4, 0x17, 0xE4, 0x17,
    0xE4, 0x17, 0xE4, 0x17, 0xE4, 0x17, 0xE4, 0x17, 0xE4, 0x17, 0xE4, 0x17, 0xE4, 0x17, 0xE4, 0x17,
    0xE4, 0x17, 0xE4, 0x17, 0xE4, 0x17, 0xE4, 0x17, 0xE4, 0x17, 0xE4, 0x17, 0xE4, 0x17, 0xE4, 0x17,
    0xE4, 0x17, 0xE4, 0x17, 0xE4, 0x17, 0xE4, 0x17, 0xE4, 0x17, 0xFF, 0xE4, 0x17, 0xE4, 0x17, 0xE4,
    0x17, 0xE4, 0x17, 0xE4, 0x17, 0xE4, 0x17, 0xE4, 0x17, 0xE4, 0x17, 0xE4, 0x17, 0xE4, 0x17, 0xE4,
    0x17, 0xE4, 0x17, 0xE4, 0x17, 0xE4, 0x17, 0xE4, 0x17, 0xE4, 0x17, 0xE4, 0x17, 0xE4, 0x17, 0xE4,
    0x17, 0xE4, 0x17, 0xE4, 0x17, 0xE4, 0x17, 0xE4, 0x17, 0xE4, 0x17, 0xE4, 0x17, 0xE4, 0x17, 0xE4,
    0x17, 0xE4, 0x17, 0xE4, 0x17, 0xE4, 0x17, 0xE4, 0x17, 0xE4, 0x17, 0xE4, 0x17, 0xE4, 0x17, 0xE4,
    0x17, 0xE4, 0x17, 0xE4, 0x17, 0xE4, 0x17, 0xE4, 0x17, 0xE4, 0x17, 0xE4, 0x1F, 0xE5, 0x7F, 0x6F,
    0xD6, 0xF7, 0xD5, 0xB5, 0xDD, 0xF5, 0xE6, 0x15, 0xD5, 0x93, 0x86, 0x0F, 0x3F, 0xE9, 0x1F, 0xE4,
    0x1F, 0xE4, 0x27, 0xC7, 0x67, 0x8E, 0xAF, 0xF5, 0xDF, 0xFA, 0xF7, 0xDC, 0xF7, 0x9C, 0xFF, 0x7D,
    0xFF, 0x5C, 0xFF, 0x5C, 0xFF, 0x5C, 0xFF, 0x5C, 0xFF, 0x5C, 0xFF, 0xFF, 0x5C, 0xFF, 0x5C, 0xFF,
    0x7C, 0xFF, 0x5C, 0xFF, 0x5C, 0xFF, 0x5C, 0xFF, 0x7C, 0xFF, 0x7C, 0xFF, 0x5C, 0xEE, 0xBA, 0xBD,
    0x75, 0x85, 0x90, 0x47, 0x8A, 0x2F, 0xE7, 0x1F, 0xE5, 0x17, 0xE4, 0x17, 0xE4, 0x17, 0xE4, 0x17,
    0xE4, 0x1F, 0xE4, 0x17, 0xE4, 0x17, 0xE4, 0x17, 0xE4, 0x17, 0xE4, 0x17, 0xE4, 0x17, 0xE4, 0x17,
    0xE4, 0x17, 0xE4, 0x17, 0xE4, 0x17, 0xE4, 0x17, 0xE4, 0x17, 0xE4, 0x17, 0xE4, 0x17, 0xE4, 0x17,
    0xE4, 0x17, 0xE4, 0x17, 0xE4, 0x17, 0xE4, 0x17, 0xE4, 0x17, 0xE4, 0x17, 0xE4, 0x17, 0xE3, 0x1F,
    0xE4, 0x1F, 0xE5, 0x27, 0xE5, 0x17, 0xE4, 0x17, 0xE4, 0x17, 0xE4, 0x17, 0xE4, 0x17, 0xE4, 0x17,
    0xE4, 0x17, 0xE4, 0x17, 0xE4, 0x17, 0xE4, 0x17, 0xE4, 0x17, 0xE4, 0x17, 0xE4, 0x17, 0xE4, 0x17,
    0xE4, 0x17, 0xE4, 0x17, 0xE4, 0x17, 0xE4, 0x17, 0xE4, 0x17, 0xE4, 0x17, 0xFF, 0xE4, 0x17, 0xE4,
    0x17, 0xE4, 0x17, 0xE4, 0x17, 0xE4, 0x17, 0xE4, 0x17, 0xE4, 0x17, 0xE4, 0x17, 0xE4, 0x17, 0xE4,
    0x17, 0xE4, 0x17, 0xE4, 0x17, 0xE4, 0x17, 0xE4, 0x17, 0xE4, 0x17, 0xE4, 0x17, 0xE4, 0x17, 0xE4,
    0x17, 0xE4, 0x17, 0xE4, 0x17, 0xE4, 0x17, 0xE4, 0x17, 0xE4, 0x17, 0xE4, 0x17, 0xE4, 0x17, 0xE4,
    0x17, 0xE4, 0x17, 0xE4, 0x17, 0xE4, 0x17, 0xE4, 0x17, 0xE4, 0x17, 0xE4, 0x17, 0xE4, 0x17, 0xE4,
    0x17, 0xE4, 0x17, 0xE4, 0x17, 0xE4, 0x17, 0xE4, 0x17, 0xE4, 0x17, 0xE4, 0x17, 0xE4, 0x17, 0xE4,
    0x17, 0xE4, 0x17, 0xE4, 0x17, 0xE4, 0x17, 0xE4, 0x1F, 0xE4, 0x1F, 0xE4, 0x37, 0xA7, 0xAF, 0xB3,
    0xDE, 0x96, 0xD5, 0xB4, 0xD5, 0x93, 0xC5, 0x12, 0x75, 0xCD, 0x37, 0xE8, 0x1F, 0xE4, 0x1F, 0xE4,
    0x1F, 0xE5, 0x1F, 0xE5, 0x2F, 0xA7, 0x57, 0xCC, 0x87, 0xF1, 0xB7, 0xF6, 0xD7, 0xFF, 0xF9, 0xE7,
    0xFA, 0xEF, 0xDB, 0xF7, 0xBB, 0xF7, 0xBC, 0xF7, 0xBC, 0xF7, 0xDC, 0xF7, 0xDC, 0xF7, 0xBC, 0xFF,
    0x7C, 0xF7, 0x5B, 0xF7, 0x1B, 0xF6, 0xDA, 0xEE, 0x99, 0xDE, 0x38, 0xBD, 0x34, 0x9C, 0x91, 0x8D,
    0x90, 0x5F, 0xAC, 0x4F, 0xE9, 0x47, 0xE9, 0x47, 0xE9, 0x47, 0xE8, 0x4F, 0xE8, 0x4F, 0xE8, 0x4F,
    0xE8, 0x47, 0xE7, 0x37, 0xE6, 0x1F, 0xE4, 0x17, 0xE4, 0x17, 0xE4, 0x17, 0xE4, 0x17, 0xE4, 0x17,
    0xE4, 0x17, 0xE4, 0x17, 0xE4, 0x17, 0xE4, 0x17, 0xE4, 0x17, 0xE4, 0x17, 0xE4, 0x17, 0xE4, 0x17,
    0xE4, 0x17, 0xE4, 0x17, 0xE4, 0x17, 0xE4, 0x17, 0xE4, 0x17, 0xE4, 0x17, 0xE4, 0x17, 0xE4, 0x17,
    0xE4, 0x17, 0xE4, 0x17, 0xE4, 0x17, 0xE4, 0x17, 0xE4, 0x17, 0xE4, 0x17, 0xE4, 0x17, 0xE4, 0x17,
    0xE4, 0x17, 0xE4, 0x17, 0xE4, 0x17, 0xE4, 0x17, 0xE4, 0x17, 0xE4, 0x17, 0xE4, 0x17, 0xFF, 0xE4,
    0x17, 0xE4, 0x17, 0xE4, 0x17, 0xE4, 0x17, 0xE4, 0x17, 0xE4, 0x17, 0xE4, 0x17, 0xE4, 0x17, 0xE4,
    0x17, 0xE4, 0x17, 0xE4, 0x17, 0xE4, 0x17, 0xE4, 0x17, 0xE4, 0x17, 0xE4, 0x17, 0xE4, 0x17, 0xE4,
    0x17, 0xE4, 0x17, 0xE4, 0x17, 0xE4, 0x17, 0xE4, 0x17, 0xE4, 0x17, 0xE4, 0x17, 0xE4, 0x17, 0xE4,
    0x17, 0xE4, 0x17, 0xE4, 0x17, 0xE4, 0x17, 0xE4, 0x17, 0xE4, 0x17, 0xE4, 0x17, 0xE4, 0x17, 0xE4,
    0x17, 0xE4, 0x17, 0xE4, 0x17, 0xE4, 0x17, 0xE4, 0x17, 0xE4, 0x17, 0xE4, 0x17, 0xE4, 0x17, 0xE4,
    0x17, 0xE4, 0x17, 0xE4, 0x17, 0xE4, 0x17, 0xE4, 0x17, 0xE4, 0x17, 0xE4, 0x17, 0xE4, 0x17, 0xE4,
    0x17, 0xE4, 0x17, 0xE4, 0x17, 0xE4, 0x17, 0xE4, 0x17, 0xE4, 0x1F, 0xE5, 0x67, 0xED, 0xD7, 0x77,
    0xDE, 0x15, 0xE5, 0xD5, 0xC5, 0x12, 0x7E, 0x0E, 0x3F, 0xE8, 0x1F, 0xE4, 0x17, 0xE4, 0x17, 0xFF,
    0xE4, 0x17, 0xE4, 0x1F, 0xE4, 0x17, 0xE4, 0x17, 0xE5, 0x27, 0xA7, 0x4F, 0xAB, 0x6F, 0xEE, 0x77,
    0xEF, 0x77, 0xEF, 0x87, 0xF2, 0x8F, 0xF1, 0x8F, 0xD0, 0x97, 0x91, 0x96, 0xB2, 0xA5, 0xB3, 0xC5,
    0x94, 0xC5, 0x95, 0xD5, 0xB6, 0xCD, 0x95, 0xC5, 0x54, 0xD5, 0xF6, 0xFF, 0x3C, 0xDE, 0xD8, 0x75,
    0x0C, 0x5C, 0xE8, 0x64, 0xA8, 0x6C, 0xA8, 0x64, 0x47, 0x6C, 0x07, 0x74, 0x28, 0x7C, 0x48, 0x7C,
    0xC9, 0x6E, 0xAB, 0x47, 0xE8, 0x17, 0xE4, 0x17, 0xE4, 0x17, 0xE4, 0x17, 0xE4, 0x17, 0xE4, 0x17,
    0xE4, 0x17, 0xE4, 0x17, 0xE4, 0x17, 0xE4, 0x17, 0xE4, 0x17, 0xE4, 0x17, 0xE4, 0x17, 0xE4, 0x17,
    0xE4, 0x17, 0xE4, 0x17, 0xE4, 0x17, 0xE4, 0x17, 0xE4, 0x17, 0xE4, 0x17, 0xE4, 0x17, 0xE4, 0x17,
    0xE4, 0x17, 0xE4, 0x17, 0xE4, 0x17, 0xE4, 0x17, 0xE4, 0x17, 0xE4, 0x17, 0xE4, 0x17, 0xE4, 0x17,
    0xFF, 0xE4, 0x17, 0xE4, 0x17, 0xE4, 0x17, 0xE4, 0x17, 0xE4, 0x17, 0xE4, 0x17, 0xE4, 0x17, 0xE4,
    0x17, 0xE4, 0x17, 0xE4, 0x17, 0xE4, 0x17, 0xE4, 0x17, 0xE4, 0x17, 0xE4, 0x17, 0xE4, 0x17, 0xE4,
    0x17, 0xE4, 0x17, 0xE4, 0x17, 0xE4, 0x17, 0xE4, 0x17, 0xE4, 0x17, 0xE4, 0x17, 0xE4, 0x17, 0xE4,
    0x17, 0xE4, 0x17, 0xE4, 0x17, 0xE4, 0x17, 0xE4, 0x17, 0xE4, 0x17, 0xE4, 0x17, 0xE4, 0x17, 0xE4,
    0x17, 0xE4, 0x17, 0xE4, 0x17, 0xE4, 0x17, 0xE4, 0x17, 0xE4, 0x17, 0xE4, 0x17, 0xE4, 0x17, 0xE4,
    0x17, 0xE4, 0x17, 0xE4, 0x17, 0xE4, 0x17, 0xE4, 0x17, 0xE4, 0x17, 0xE4, 0x17, 0xE4, 0x17, 0xE4,
    0x17, 0xE4, 0x17, 0xE4, 0x17, 0xE4, 0x17, 0xE4, 0x17, 0xE4, 0x17, 0xE4, 0x17, 0xE4, 0x17, 0xE4,
    0x17, 0xE4, 0x17, 0xE4, 0x17, 0xE4, 0x17, 0xE4, 0x17, 0xE4, 0x37, 0xE7, 0x97, 0xD1, 0xD6, 0xB6,
    0xE5, 0x02, 0xD5, 0xFF, 0x54, 0x8D, 0xAF, 0x4F, 0xE9, 0x1F, 0xE4, 0x17, 0xE3, 0x17, 0xE4, 0x17,
    0xE4, 0x17, 0xE4, 0x17, 0xE4, 0x17, 0xE4, 0x1F, 0xE5, 0x1F, 0xE5, 0x1F, 0xE5, 0x1F, 0xE4, 0x17,
    0xE5, 0x0F, 0xE5, 0x27, 0xE5, 0x3F, 0xC7, 0x57, 0x0A, 0x5D, 0x6A, 0x94, 0xEF, 0xC5, 0x54, 0xC5,
    0x33, 0xCD, 0x74, 0xD5, 0x95, 0xEE, 0x58, 0xFF, 0x7C, 0xFF, 0xBD, 0xFF, 0x7D, 0x93, 0xAD, 0x48,
    0xE2, 0x71, 0xA5, 0x81, 0xE7, 0x81, 0xA6, 0x71, 0x65, 0x79, 0xA6, 0x81, 0xE7, 0x81, 0xC6, 0x83,
    0x49, 0x66, 0xEC, 0x27, 0xE6, 0x17, 0xE4, 0x17, 0xE4, 0x17, 0xE4, 0x17, 0xE4, 0x17, 0xE4, 0x17,
    0xE4, 0x17, 0xE4, 0x17, 0xE4, 0x17, 0xE4, 0x17, 0xE4, 0x17, 0xE4, 0x17, 0xE4, 0x17, 0xE4, 0x17,
    0xE4, 0x17, 0xE4, 0x17, 0xE4, 0x17, 0xE4, 0x17, 0xE4, 0x17, 0xE4, 0x17, 0xE4, 0x17, 0xE4, 0x17,
    0xE4, 0x17, 0xE4, 0x17, 0xFF, 0xE4, 0x17, 0xE4, 0x17, 0xE4, 0x17, 0xE4, 0x17, 0xE4, 0x17, 0xE4,
    0x17, 0xE4, 0x17, 0xE4, 0x17, 0xE4, 0x17, 0xE4, 0x17, 0xE4, 0x17, 0xE4, 0x17, 0xE4, 0x17, 0xE4,
    0x17, 0xE4, 0x17, 0xE4, 0x17, 0xE4, 0x17, 0xE4, 0x17, 0xE4, 0x17, 0xE4, 0x17, 0xE4, 0x17, 0xE4,
    0x17, 0xE4, 0x17, 0xE4, 0x17, 0xE4, 0x17, 0xE4, 0x17, 0xE4, 0x17, 0xE4, 0x17, 0xE4, 0x17, 0xE4,
    0x17, 0xE4, 0x17, 0xE4, 0x17, 0xE4, 0x17, 0xE4, 0x17, 0xE4, 0x17, 0xE4, 0x17, 0xE4, 0x17, 0xE4,
    0x17, 0xE4, 0x17, 0xE4, 0x17, 0xE4, 0x17, 0xE4, 0x17, 0xE4, 0x17, 0xE4, 0x17, 0xE4, 0x17, 0xE4,
    0x17, 0xE4, 0x17, 0xE4, 0x17, 0xE4, 0x17, 0xE4, 0x17, 0xE4, 0x17, 0xE4, 0x17, 0xE4, 0x17, 0xE4,
    0x17, 0xE4, 0x17, 0xE4, 0x17, 0xE4, 0x17, 0xE4, 0x17, 0xE4, 0x17, 0xE4, 0x17, 0xE4, 0x17, 0xE4,
    0x17, 0xE4, 0x17, 0xE4, 0x17, 0xFF, 0xE4, 0x17, 0xE4, 0x1F, 0xE4, 0x37, 0xC8, 0xA7, 0x93, 0xDE,
    0x76, 0xD5, 0x94, 0x9D, 0x4F, 0x57, 0xA9, 0x27, 0xE4, 0x17, 0xE3, 0x17, 0xE4, 0x17, 0xE4, 0x17,
    0xE4, 0x17, 0xE4, 0x17, 0xE4, 0x17, 0xE3, 0x17, 0xE3, 0x17, 0xE3, 0x1F, 0xE3, 0x17, 0xE4, 0x1F,
    0xE5, 0x3F, 0xE6, 0x56, 0x07, 0x53, 0xC5, 0x6B, 0x27, 0xD5, 0x94, 0xED, 0xB6, 0xDD, 0x34, 0xE5,
    0x55, 0xDD, 0x34, 0xED, 0x96, 0xE5, 0x55, 0xDC, 0xF3, 0xD4, 0x92, 0xA2, 0xCB, 0x70, 0xA3, 0x99,
    0xA7, 0xA1, 0xE8, 0xA2, 0x08, 0x92, 0x49, 0x69, 0xA7, 0x59, 0x24, 0x71, 0x24, 0x79, 0xA6, 0x7D,
    0x4C, 0x3F, 0xE8, 0x17, 0xE4, 0x17, 0xE4, 0x17, 0xE4, 0x17, 0xE4, 0x17, 0xE4, 0x17, 0xE4, 0x17,
    0xE4, 0x17, 0xE4, 0x17, 0xE4, 0x17, 0xE4, 0x17, 0xE4, 0x17, 0xE4, 0x17, 0xE4, 0x17, 0xE4, 0x17,
    0xE4, 0x17, 0xE4, 0x17, 0xE4, 0x17, 0xFF, 0xE4, 0x17, 0xE4, 0x17, 0xE4, 0x17, 0xE4, 0x17, 0xE4,
    0x17, 0xE4, 0x17, 0xE4, 0x17, 0xE4, 0x17, 0xE4, 0x17, 0xE4, 0x17, 0xE4, 0x17, 0xE4, 0x17, 0xE4,
    0x17, 0xE4, 0x17, 0xE4, 0x17, 0xE4, 0x17, 0xE4, 0x17, 0xE4, 0x17, 0xE4, 0x17, 0xE4, 0x17, 0xE4,
    0x17, 0xE4, 0x17, 0xE4, 0x17, 0xE4, 0x17, 0xE4, 0x17, 0xE4, 0x17, 0xE4, 0x17, 0xE4, 0x17, 0xE4,
    0x17, 0xE4, 0x17, 0xE4, 0x17, 0xE4, 0x17, 0xE4, 0x17, 0xE4, 0x17, 0xE4, 0x17, 0xE4, 0x17, 0xE4,
    0x17, 0xE4, 0x17, 0xE4, 0x17, 0xE4, 0x17, 0xE4, 0x17, 0xE4, 0x17, 0xE4, 0x17, 0xE4, 0x17, 0xE4,
    0x17, 0xE4, 0x17, 0xE4, 0x17, 0xE4, 0x17, 0xE4, 0x17, 0xE4, 0x17, 0xE4, 0x17, 0xE4, 0x17, 0xE4,
    0x17, 0xE4, 0x17, 0xE4, 0x17, 0xE4, 0x17, 0xE4, 0x17, 0xE4, 0x17, 0xE4, 0x17, 0xE4, 0x17, 0xE4,
    0x17, 0xE4, 0x17, 0xE4, 0x17, 0xE4, 0x17, 0xFF, 0xE4, 0x17, 0xE4, 0x17, 0xE4, 0x17, 0xE4, 0x17,
    0xE4, 0x17, 0xE4, 0x17, 0xE4, 0x17, 0xE4, 0x1F, 0xE4, 0x17, 0xE5, 0x47, 0x8A, 0x9F, 0x52, 0xCE,
    0xB4, 0xA5, 0x90, 0x5E, 0xEB, 0x27, 0xE6, 0x17, 0xE4, 0x17, 0xE4, 0x17, 0xE4, 0x17, 0xE4, 0x17,
    0xE4, 0x17, 0xE4, 0x17, 0xE3, 0x17, 0xE3, 0x17, 0xE3, 0x17, 0xE3, 0x1F, 0xE5, 0x37, 0xE7, 0x3C,
    0xC2, 0x51, 0xC0, 0x68, 0xA1, 0x91, 0x86, 0xBA, 0xCB, 0xB2, 0xAB, 0xB2, 0xAC, 0xB2, 0x8B, 0xB2,
    0x6A, 0xB2, 0x2A, 0xA9, 0xE9, 0xA9, 0xE9, 0xA9, 0xC8, 0xA9, 0xE8, 0x99, 0xA7, 0xA1, 0x87, 0xA9,
    0xC8, 0x99, 0xE8, 0xC4, 0x10, 0xEE, 0x99, 0x94, 0x2F, 0x72, 0x07, 0x71, 0x64, 0x7B, 0xA9, 0x5F,
    0xAB, 0x1F, 0xE6, 0x17, 0xE3, 0x17, 0xE4, 0x17, 0xE4, 0x17, 0xE4, 0x17, 0xE4, 0x17, 0xE4, 0x17,
    0xE4, 0x17, 0xE4, 0x17, 0xE4, 0x17, 0xE4, 0x17, 0xFF, 0xE4, 0x17, 0xE4, 0x17, 0xE4, 0x17, 0xE4,
    0x17, 0xE4, 0x17, 0xE4, 0x17, 0xE4, 0x17, 0xE4, 0x17, 0xE4, 0x17, 0xE4, 0x17, 0xE4, 0x17, 0xE4,
    0x17, 0xE4, 0x17, 0xE4, 0x17, 0xE4, 0x17, 0xE4, 0x17, 0xE4, 0x17, 0xE4, 0x17, 0xE4, 0x17, 0xE4,
    0x17, 0xE4, 0x17, 0xE4, 0x17, 0xE4, 0x17, 0xE4, 0x17, 0xE4, 0x17, 0xE4, 0x17, 0xE4, 0x17, 0xE4,
    0x17, 0xE4, 0x17, 0xE4, 0x17, 0xE4, 0x17, 0xE4, 0x17, 0xE4, 0x17, 0xE4, 0x17, 0xE4, 0x17, 0xE4,
    0x17, 0xE4, 0x17, 0xE4, 0x17, 0xE4, 0x17, 0xE4, 0x17, 0xE4, 0x17, 0xE4, 0x17, 0xE4, 0x17, 0xE4,
    0x17, 0xE4, 0x17, 0xE4, 0x17, 0xE4, 0x17, 0xE4, 0x17, 0xE4, 0x17, 0xE4, 0x17, 0xE4, 0x17, 0xE4,
    0x17, 0xE4, 0x17, 0xE4, 0x17, 0xE4, 0x17, 0xE4, 0x17, 0xE4, 0x17, 0xE4, 0x17, 0xE4, 0x17, 0xE4,
    0x17, 0xE4, 0x17, 0xE4, 0x17, 0xE4, 0x17, 0xE4, 0x17, 0xFF, 0xE4, 0x17, 0xE4, 0x17, 0xE4, 0x17,
    0xE4, 0x17, 0xE4, 0x17, 0xE4, 0x17, 0xE4, 0x17, 0xE4, 0x17, 0xE4, 0x17, 0xE4, 0x17, 0xE4, 0x17,
    0xE4, 0x17, 0xE4, 0x17, 0xE4, 0x17, 0xE3, 0x17, 0xE4, 0x1F, 0xE5, 0x3F, 0x68, 0x87, 0x8E, 0x96,
    0xF0, 0x66, 0xAB, 0x2F, 0xE7, 0x17, 0xE4, 0x17, 0xE4, 0x17, 0xE4, 0x17, 0xE4, 0x17, 0xE4, 0x17,
    0xE4, 0x17, 0xE3, 0x17, 0xE3, 0x17, 0xE4, 0x17, 0xE4, 0x2F, 0xE7, 0x45, 0xE7, 0x52, 0x42, 0x89,
    0x64, 0xB1, 0xA7, 0xC2, 0x09, 0xBA, 0x09, 0xB1, 0xE8, 0xB1, 0xE9, 0xA1, 0xC8, 0xA9, 0xC8, 0xB1,
    0xC9, 0xB9, 0xC9, 0xC1, 0xE9, 0xC2, 0x0A, 0xBA, 0x4A, 0xB1, 0xE9, 0xA9, 0xA8, 0xA9, 0xA8, 0x99,
    0xE8, 0xD4, 0x72, 0xFF, 0xBD, 0xFF, 0x9C, 0xAC, 0xB1, 0x72, 0x07, 0x6A, 0x27, 0x76, 0x0B, 0x37,
    0xE7, 0x17, 0xE3, 0x17, 0xE4, 0x17, 0xE4, 0x17, 0xE4, 0x17, 0xFF, 0xE4, 0x17, 0xE4, 0x17, 0xE4,
    0x17, 0xE4, 0x17, 0xE4, 0x17, 0xE4, 0x17, 0xE4, 0x17, 0xE4, 0x17, 0xE4, 0x17, 0xE4, 0x17, 0xE4,
    0x17, 0xE4, 0x17, 0xE4, 0x17, 0xE4, 0x17, 0xE4, 0x17, 0xE4, 0x17, 0xE4, 0x17, 0xE4, 0x17, 0xE4,
    0x17, 0xE4, 0x17, 0xE4, 0x17, 0xE4, 0x17, 0xE4, 0x17, 0xE4, 0x17, 0xE4, 0x17, 0xE4, 0x17, 0xE4,
    0x17, 0xE4, 0x17, 0xE4, 0x17, 0xE4, 0x17, 0xE4, 0x17, 0xE4, 0x17, 0xE4, 0x17, 0xE4, 0x17, 0xE4,
    0x17, 0xE4, 0x17, 0xE4, 0x17, 0xE4, 0x17, 0xE4, 0x17, 0xE4, 0x17, 0xE4, 0x17, 0xE4, 0x17, 0xE4,
    0x17, 0xE4, 0x17, 0xE4, 0x17, 0xE4, 0x17, 0xE4, 0x17, 0xE4, 0x17, 0xE4, 0x17, 0xE4, 0x17, 0xE4,
    0x17, 0xE4, 0x17, 0xE4, 0x17, 0xE4, 0x17, 0xE4, 0x17, 0xE4, 0x17, 0xE4, 0x17, 0xE4, 0x17, 0xE4,
    0x17, 0xE4, 0x17, 0xE4, 0x17, 0xE4, 0x17, 0xE4, 0x17, 0xE4, 0x17, 0xB3, 0xE4, 0x17, 0xE4, 0x17,
    0xE4, 0x17, 0xE4, 0x17, 0xE4, 0x17, 0xE4, 0x17, 0xE4, 0x17, 0xE4, 0x17, 0xE4, 0x17, 0xE4, 0x17,
    0xE4, 0x17, 0xE4, 0x17, 0xE4, 0x17, 0xE4, 0x17, 0xE4, 0x17, 0xE4, 0x17, 0xE4, 0x17, 0xE4, 0x17,
    0xE4, 0x17, 0xE4, 0x17, 0xE4, 0x17, 0xE3, 0x17, 0xE4, 0x1F, 0xE5, 0x27, 0xE5, 0x3F, 0x88, 0x37,
    0x02, 0x27, 0xFF, 0xE6, 0x17, 0xE4, 0x17, 0xE4, 0x17, 0xE4, 0x17, 0xE4, 0x17, 0xE4, 0x17, 0xE4,
    0x17, 0xE4, 0x1F, 0xE4, 0x1F, 0xE5, 0x27, 0xE7, 0x46, 0xC8, 0x53, 0x05, 0x79, 0x65, 0xB2, 0x29,
    0xCA, 0x4A, 0xC2, 0x29, 0xB9, 0xE8, 0xA9, 0x67, 0xA1, 0xA7, 0x99, 0xE7, 0x91, 0x86, 0x99, 0x46,
    0xA9, 0x67, 0xB1, 0xA8, 0xB9, 0xC9, 0xBA, 0x2A, 0xA9, 0xC8, 0xA1, 0xA8, 0xA1, 0xC8, 0x99, 0xC8,
    0xD4, 0xB3, 0xFF, 0x7C, 0xFF, 0xFE, 0xF7, 0x7C, 0x9C, 0x0F, 0x61, 0x66, 0x7C, 0x6A, 0x4F, 0xE9,
    0x17, 0xE4, 0x17, 0xE4, 0x17, 0xE4, 0x17, 0xE4, 0x17, 0xE4, 0x17, 0xE4, 0x17, 0xE4, 0x17, 0xE4,
    0x17, 0xE4, 0x17, 0xE4, 0x17, 0xE4, 0x17, 0xE4, 0x17, 0xE4, 0x17, 0xE4, 0x17, 0xE4, 0x17, 0xE4,
    0x17, 0xE4, 0x17, 0xE4, 0x17, 0xE4, 0x17, 0xE4, 0x17, 0xE4, 0x17, 0xE4, 0x17, 0xE4, 0x17, 0xE4,
    0x17, 0xE4, 0x17, 0xFF, 0xE4, 0x17, 0xE4, 0x17, 0xE4, 0x17, 0xE4, 0x17, 0xE4, 0x17, 0xE4, 0x17,
    0xE4, 0x17, 0xE4, 0x17, 0xE4, 0x17, 0xE4, 0x17, 0xE4, 0x17, 0xE4, 0x17, 0xE4, 0x17, 0xE3, 0x17,
    0xE3, 0x17, 0xE3, 0x17, 0xE4, 0x17, 0xE4, 0x17, 0xE4, 0x17, 0xE4, 0x17, 0xE4, 0x17, 0xE4, 0x17,
    0xE4, 0x17, 0xE4, 0x17, 0xE4, 0x17, 0xE4, 0x17, 0xE4, 0x17, 0xE4, 0x17, 0xE4, 0x17, 0xE4, 0x17,
    0xE4, 0x17, 0xE4, 0x17, 0xE4, 0x17, 0xE4, 0x17, 0xE4, 0x17, 0xE4, 0x17, 0xE4, 0x17, 0xE4, 0x17,
    0xE4, 0x17, 0xE4, 0x17, 0xE4, 0x17, 0xE4, 0x17, 0xE4, 0x17, 0xE4, 0x17, 0xE4, 0x17, 0xE4, 0x17,
    0xE4, 0x17, 0xE4, 0x17, 0xE4, 0x17, 0xE4, 0x17, 0xE4, 0x17, 0xE4, 0x17, 0xE4, 0x17, 0xE4, 0x17,
    0xE4, 0x17, 0xE4, 0x17, 0xE4, 0x17, 0xE4, 0x17, 0xE4, 0x17, 0xE4, 0x17, 0xE4, 0x17, 0xE4, 0x17,
    0xE4, 0x17, 0xE4, 0x17, 0xC8, 0xE4, 0x17, 0xE4, 0x17, 0xE4, 0x17, 0xE4, 0x17, 0xE4, 0x1F, 0xE4,
    0x1F, 0xE4, 0x17, 0xE4, 0x17, 0xE4, 0x17, 0xE4, 0x17, 0xE4, 0x17, 0xE4, 0x17, 0xE4, 0x17, 0xE4,
    0x1F, 0xE5, 0x1F, 0xE6, 0x2F, 0xE8, 0x75, 0xCB, 0x7A, 0x67, 0x81, 0x45, 0xBA, 0x6A, 0xBA, 0x09,
    0xA9, 0x87, 0xA1, 0x45, 0x99, 0x45, 0xDB, 0xCF, 0xEC, 0xD3, 0xA2, 0x8A, 0xA1, 0xC8, 0xA9, 0x46,
    0xB1, 0xA7, 0xA9, 0xC8, 0xA2, 0x09, 0x91, 0xC8, 0xA1, 0xE8, 0xA1, 0xC8, 0x99, 0xC8, 0x02, 0xD4,
    0x84, 0xFF, 0x3C, 0xFF, 0xDE, 0xFF, 0x02, 0xDE, 0xFF, 0x59, 0x69, 0xE8, 0x73, 0xAA, 0x57, 0xEB,
    0x0F, 0xE4, 0x17, 0xE4, 0x1F, 0xE4, 0x17, 0xE4, 0x17, 0xE4, 0x17, 0xE4, 0x17, 0xE4, 0x17, 0xE4,
    0x17, 0xE4, 0x17, 0xE4, 0x17, 0xE4, 0x17, 0xE4, 0x17, 0xE4, 0x17, 0xE4, 0x17, 0xE4, 0x17, 0xE4,
    0x17, 0xE4, 0x17, 0xE4, 0x17, 0xE4, 0x17, 0xE4, 0x17, 0xE4, 0x17, 0xE4, 0x17, 0xE4, 0x17, 0xE4,
    0x17, 0xE4, 0x17, 0xE4, 0x17, 0xE4, 0x17, 0xE4, 0x17, 0xE4, 0x17, 0xE4, 0x17, 0xE4, 0x17, 0xE4,
    0x17, 0xE4, 0x17, 0xE4, 0x17, 0xE4, 0x17, 0xE4, 0x17, 0xE4, 0x17, 0xE3, 0x17, 0xE3, 0x17, 0xE3,
    0x17, 0xE3, 0x17, 0xE3, 0x17, 0xE3, 0x17, 0xE4, 0x17, 0xE4, 0x17, 0xE4, 0x17, 0xE4, 0x17, 0xE4,
    0x17, 0xE4, 0x17, 0xE4, 0x17, 0xE4, 0x17, 0xE4, 0x17, 0xE4, 0x17, 0xE4, 0x17, 0xE4, 0x17, 0xE4,
    0x17, 0xE4, 0x17, 0xE4, 0x17, 0xE4, 0x17, 0xE4, 0x17, 0xFF, 0xE4, 0x17, 0xE4, 0x17, 0xE4, 0x17,
    0xE4, 0x17, 0xE4, 0x17, 0xE4, 0x17, 0xE4, 0x17, 0xE4, 0x17, 0xE4, 0x17, 0xE4, 0x17, 0xE4, 0x17,
    0xE4, 0x17, 0xE4, 0x17, 0xE4, 0x17, 0xE4, 0x17, 0xE4, 0x17, 0xE4, 0x17, 0xE4, 0x17, 0xE4, 0x17,
    0xE4, 0x17, 0xE4, 0x17, 0xE4, 0x17, 0xE4, 0x17, 0xE4, 0x17, 0xE4, 0x17, 0xE4, 0x17, 0xE4, 0x17,
    0xE4, 0x17, 0xE4, 0x17, 0xE4, 0x17, 0xE4, 0x17, 0xE4, 0x17, 0xE4, 0x17, 0xE3, 0x17, 0xE3, 0x17,
    0xE3, 0x17, 0xE4, 0x17, 0xE4, 0x17, 0xE4, 0x17, 0xE4, 0x17, 0xE4, 0x17, 0xE4, 0x17, 0xE4, 0x1F,
    0xE4, 0x27, 0xE6, 0x47, 0x2A, 0x95, 0x70, 0x71, 0xA7, 0x79, 0x25, 0xA2, 0x09, 0xA1, 0xA8, 0x99,
    0x26, 0xA1, 0x25, 0xB1, 0xC8, 0xF4, 0xD4, 0xF5, 0xB6, 0xA3, 0x0C, 0xB2, 0x4A, 0xC2, 0x09, 0xCA,
    0x6A, 0xC2, 0xCC, 0x79, 0x24, 0x69, 0x44, 0x91, 0xE8, 0xA1, 0x86, 0xE8, 0x99, 0xC8, 0xCC, 0x93,
    0xEE, 0xFB, 0x05, 0xFF, 0xFF, 0xBE, 0xA4, 0x31, 0x63, 0x4A, 0x57, 0xCC, 0x17, 0xE5, 0x17, 0xE4,
    0x1F, 0xE5, 0x17, 0xE4, 0x17, 0xE4, 0x17, 0xE4, 0x17, 0xE4, 0x17, 0xE4, 0x17, 0xE4, 0x17, 0xE4,
    0x17, 0xE4, 0x17, 0xE4, 0x17, 0xE4, 0x17, 0xE4, 0x17, 0xE4, 0x17, 0xE4, 0x17, 0xE4, 0x17, 0xE4,
    0x17, 0xE4, 0x17, 0xE4, 0x17, 0xE4, 0x17, 0xE4, 0x17, 0xE4, 0x17, 0xE4, 0x17, 0xE4, 0x17, 0xE4,
    0x17, 0xE4, 0x17, 0xE4, 0x17, 0xE4, 0x17, 0xE4, 0x17, 0xE4, 0x17, 0xE4, 0x17, 0xE4, 0x17, 0xE4,
    0x17, 0xE4, 0x17, 0xE4, 0x17, 0xE4, 0x17, 0xE3, 0x17, 0xE3, 0x17, 0xE3, 0x17, 0xE3, 0x17, 0xE3,
    0x17, 0xE3, 0x17, 0xE4, 0x17, 0xE4, 0x17, 0xE4, 0x17, 0xE4, 0x17, 0xE4, 0x17, 0xE4, 0x17, 0xE4,
    0x17, 0xE4, 0x17, 0xE4, 0x17, 0xE3, 0x17, 0xE4, 0x17, 0xE4, 0x17, 0xE4, 0x17, 0xE4, 0x17, 0xE4,
    0x17, 0xE4, 0x17, 0xE4, 0x17, 0xFF, 0xE4, 0x17, 0xE4, 0x17, 0xE4, 0x17, 0xE4, 0x17, 0xE4, 0x17,
    0xE4, 0x17, 0xE4, 0x17, 0xE4, 0x17, 0xE4, 0x17, 0xE4, 0x17, 0xE4, 0x17, 0xE4, 0x17, 0xE4, 0x17,
    0xE4, 0x17, 0xE4, 0x17, 0xE4, 0x17, 0xE4, 0x17, 0xE4, 0x17, 0xE4, 0x17, 0xE4, 0x17, 0xE4, 0x17,
    0xE4, 0x17, 0xE4, 0x17, 0xE4, 0x17, 0xE4, 0x17, 0xE4, 0x17, 0xE4, 0x17, 0xE4, 0x17, 0xE4, 0x17,
    0xE4, 0x17, 0xE4, 0x17, 0xE4, 0x17, 0xE4, 0x17, 0xE3, 0x17, 0xE3, 0x17, 0xE3, 0x17, 0xE4, 0x17,
    0xE4, 0x17, 0xE4, 0x17, 0xE4, 0x17, 0xE4, 0x17, 0xE4, 0x17, 0xE3, 0x1F, 0xE4, 0x1F, 0xE5, 0x6E,
    0xCE, 0xA4, 0x90, 0x71, 0x46, 0x68, 0xE4, 0x68, 0xE4, 0x89, 0x46, 0xA1, 0xA8, 0xB1, 0xA8, 0xB1,
    0xE9, 0xDC, 0x72, 0xD4, 0xF4, 0x9B, 0x2D, 0xB2, 0x6B, 0xCA, 0x2A, 0xC2, 0x09, 0xA9, 0xC8, 0x60,
    0x82, 0x59, 0x23, 0x89, 0xC7, 0x99, 0x86, 0xC8, 0x99, 0xC8, 0xC4, 0x11, 0xEE, 0xDB, 0x05, 0xFF,
    0xFF, 0xDE, 0xE6, 0x9B, 0x74, 0x0E, 0x57, 0x4C, 0x1F, 0xE6, 0x17, 0xE4, 0x1F, 0xE4, 0x17, 0xE4,
    0x17, 0xE4, 0x17, 0xE4, 0x17, 0xE4, 0x17, 0xE4, 0x17, 0xE4, 0x17, 0xE4, 0x17, 0xE4, 0x17, 0xE4,
    0x17, 0xE4, 0x17, 0xE4, 0x17, 0xE4, 0x17, 0xE4, 0x17, 0xE4, 0x17, 0xE4, 0x17, 0xE4, 0x17, 0xE4,
    0x17, 0xE4, 0x17, 0xE4, 0x17, 0xE4, 0x17, 0xE4, 0x17, 0xE4, 0x17, 0xE4, 0x17, 0xE4, 0x17, 0xE4,
    0x17, 0xE4, 0x17, 0xE4, 0x17, 0xE4, 0x17, 0xE4, 0x17, 0xE4, 0x17, 0xE4, 0x17, 0xE4, 0x17, 0xE4,
    0x17, 0xE4, 0x17, 0xE3, 0x17, 0xE3, 0x17, 0xE3, 0x17, 0xE3, 0x17, 0xE3, 0x17, 0xE3, 0x17, 0xE4,
    0x17, 0xE4, 0x17, 0xE4, 0x17, 0xE4, 0x17, 0xE4, 0x17, 0xE4, 0x17, 0xE4, 0x17, 0xE4, 0x17, 0xE4,
    0x17, 0xE4, 0x17, 0xE4, 0x17, 0xE4, 0x17, 0xE3, 0x17, 0xE3, 0x17, 0xE3, 0x17, 0xE3, 0x17, 0xE3,
    0x17, 0xFF, 0xE3, 0x17, 0xE3, 0x17, 0xE3, 0x17, 0xE3, 0x17, 0xE3, 0x17, 0xE4, 0x17, 0xE4, 0x17,
    0xE4, 0x17, 0xE4, 0x17, 0xE4, 0x17, 0xE4, 0x17, 0xE4, 0x17, 0xE4, 0x17, 0xE4, 0x17, 0xE4, 0x17,
    0xE4, 0x17, 0xE4, 0x17, 0xE4, 0x17, 0xE4, 0x17, 0xE4, 0x17, 0xE4, 0x17, 0xE4, 0x17, 0xE4, 0x17,
    0xE4, 0x17, 0xE4, 0x17, 0xE4, 0x17, 0xE4, 0x17, 0xE4, 0x17, 0xE4, 0x17, 0xE4, 0x17, 0xE4, 0x17,
    0xE4, 0x17, 0xE4, 0x17, 0xE4, 0x17, 0xE3, 0x17, 0xE4, 0x17, 0xE4, 0x17, 0xE4, 0x17, 0xE4, 0x17,
    0xE4, 0x17, 0xE4, 0x17, 0xE4, 0x17, 0xE4, 0x1F, 0xE4, 0x2F, 0xC7, 0x96, 0x52, 0xA3, 0xCF, 0x68,
    0xE5, 0x60, 0xC4, 0x50, 0x82, 0x79, 0x46, 0xA9, 0xC9, 0xC1, 0xC9, 0xA9, 0xA8, 0x81, 0xA8, 0x61,
    0x88, 0x61, 0xA8, 0xAA, 0x8B, 0xCA, 0x2A, 0xCA, 0x0A, 0xB1, 0xA8, 0x79, 0x04, 0x69, 0x65, 0x91,
    0xC8, 0xA1, 0x86, 0xC8, 0x99, 0xC9, 0xB3, 0xD0, 0xEE, 0xFB, 0x05, 0xFF, 0xFF, 0xDF, 0xFF, 0x9F,
    0xB5, 0xD5, 0x66, 0x8D, 0x2F, 0xE7, 0x17, 0xE4, 0x17, 0xE4, 0x1F, 0xE4, 0x17, 0xE4, 0x17, 0xE4,
    0x17, 0xE4, 0x17, 0xE4, 0x17, 0xE4, 0x17, 0xE4, 0x17, 0xE4, 0x17, 0xE4, 0x17, 0xE4, 0x17, 0xE4,
    0x17, 0xE4, 0x17, 0xE4, 0x17, 0xE4, 0x17, 0xE4, 0x17, 0xE4, 0x17, 0xE4, 0x17, 0xE4, 0x17, 0xE4,
    0x17, 0xE4, 0x17, 0xE4, 0x17, 0xE4, 0x17, 0xE4, 0x17, 0xE4, 0x17, 0xE4, 0x17, 0xE4, 0x17, 0xE4,
    0x17, 0xE4, 0x17, 0xE4, 0x17, 0xE4, 0x17, 0xE4, 0x17, 0xE4, 0x17, 0xE4, 0x17, 0xE4, 0x17, 0xE3,
    0x17, 0xE3, 0x17, 0xE3, 0x17, 0xE3, 0x17, 0xE3, 0x17, 0xE3, 0x17, 0xE4, 0x17, 0xE4, 0x17, 0xE4,
    0x17, 0xE4, 0x17, 0xE4, 0x17, 0xE4, 0x17, 0xE4, 0x17, 0xE4, 0x17, 0xE4, 0x17, 0xE4, 0x17, 0xE4,
    0x17, 0xE3, 0x17, 0xE3, 0x17, 0xE3, 0x17, 0xE3, 0x17, 0xE3, 0x17, 0xE3, 0x17, 0xFF, 0xE3, 0x17,
    0xE3, 0x17, 0xE3, 0x17, 0xE3, 0x17, 0xE3, 0x17, 0xE3, 0x17, 0xE3, 0x17, 0xE3, 0x17, 0xE3, 0x17,
    0xE4, 0x17, 0xE4, 0x17, 0xE4, 0x17, 0xE4, 0x17, 0xE4, 0x17, 0xE4, 0x17, 0xE4, 0x17, 0xE4, 0x17,
    0xE4, 0x17, 0xE4, 0x17, 0xE4, 0x17, 0xE4, 0x17, 0xE4, 0x17, 0xE4, 0x17, 0xE4, 0x17, 0xE4, 0x17,
    0xE4, 0x17, 0xE4, 0x17, 0xE4, 0x17, 0xE4, 0x17, 0xE3, 0x17, 0xE4, 0x17, 0xE4, 0x17, 0xE4, 0x17,
    0xE4, 0x17, 0xE4, 0x17, 0xE4, 0x17, 0xE4, 0x17, 0xE4, 0x17, 0xE4, 0x17, 0xE4, 0x17, 0xE4, 0x17,
    0xE4, 0x17, 0xE4, 0x1F, 0xE6, 0x4F, 0x2A, 0xB6, 0x14, 0x93, 0x2C, 0x58, 0xE4, 0x50, 0xC3, 0x50,
    0xC4, 0x89, 0xA8, 0xB1, 0xEA, 0xC1, 0xEA, 0x99, 0x67, 0x69, 0x06, 0x49, 0x47, 0x39, 0x46, 0x8A,
    0x4A, 0xBA, 0x4B, 0xCA, 0x4B, 0xCA, 0x2A, 0x99, 0x87, 0x69, 0x24, 0x89, 0xC7, 0xA1, 0x86, 0xE8,
    0x99, 0xC9, 0xBB, 0xD0, 0xF7, 0x3C, 0x05, 0xFF, 0xFF, 0xDF, 0xFF, 0xDF, 0xEF, 0x3B, 0x86, 0x2F,
    0x47, 0xE9, 0x17, 0xE5, 0x17, 0xE4, 0x1F, 0xE4, 0x17, 0xE4, 0x17, 0xE4, 0x17, 0xE4, 0x17, 0xE4,
    0x17, 0xE4, 0x17, 0xE4, 0x17, 0xE4, 0x17, 0xE4, 0x17, 0xE4, 0x17, 0xE4, 0x17, 0xE4, 0x17, 0xE4,
    0x17, 0xE4, 0x17, 0xE4, 0x17, 0xE4, 0x17, 0xE4, 0x17, 0xE4, 0x17, 0xE4, 0x17, 0xE4, 0x17, 0xE4,
    0x17, 0xE4, 0x17, 0xE4, 0x17, 0xE4, 0x17, 0xE4, 0x17, 0xE4, 0x17, 0xE4, 0x17, 0xE4, 0x17, 0xE4,
    0x17, 0xE4, 0x17, 0xE4, 0x17, 0xE4, 0x17, 0xE4, 0x17, 0xE4, 0x17, 0xE3, 0x17, 0xE3, 0x17, 0xE3,
    0x17, 0xE3, 0x17, 0xE4, 0x17, 0xE4, 0x17, 0xE4, 0x17, 0xE4, 0x17, 0xE4, 0x17, 0xE4, 0x17, 0xE4,
    0x17, 0xE4, 0x17, 0xE4, 0x17, 0xE4, 0x17, 0xE3, 0x17, 0xE4, 0x17, 0xE3, 0x17, 0xE3, 0x17, 0xE3,
    0x17, 0xE3, 0x17, 0xE3, 0x17, 0xE3, 0x17, 0xE3, 0x17, 0xFF, 0xE3, 0x17, 0xE3, 0x17, 0xE3, 0x17,
    0xE3, 0x17, 0xE3, 0x17, 0xE3, 0x17, 0xE4, 0x17, 0xE4, 0x17, 0xE4, 0x17, 0xE4, 0x17, 0xE4, 0x17,
    0xE4, 0x17, 0xE4, 0x17, 0xE4, 0x17, 0xE4, 0x17, 0xE4, 0x17, 0xE4, 0x17, 0xE4, 0x17, 0xE4, 0x17,
    0xE4, 0x17, 0xE4, 0x17, 0xE4, 0x17, 0xE4, 0x17, 0xE4, 0x17, 0xE4, 0x17, 0xE4, 0x17, 0xE4, 0x17,
    0xE4, 0x17, 0xE4, 0x17, 0xE3, 0x17, 0xE4, 0x17, 0xE4, 0x17, 0xE4, 0x17, 0xE4, 0x17, 0xE4, 0x17,
    0xE4, 0x17, 0xE4, 0x17, 0xE4, 0x17, 0xE4, 0x17, 0xE4, 0x17, 0xE4, 0x17, 0xE4, 0x17, 0xE5, 0x2F,
    0xE7, 0x6E, 0xAE, 0xCE, 0x37, 0x8A, 0xEB, 0x50, 0xC3, 0x48, 0xC3, 0x61, 0x26, 0xA2, 0x4A, 0xC2,
    0x0A, 0xC9, 0xEA, 0x99, 0x67, 0x61, 0x47, 0x41, 0xA9, 0x31, 0x67, 0x69, 0xC9, 0xB2, 0x8B, 0xCA,
    0x4B, 0xD2, 0x2A, 0xC2, 0x2A, 0x81, 0x66, 0x79, 0x66, 0x99, 0x86, 0xE8, 0x91, 0xC8, 0xC4, 0x11,
    0xFF, 0x7D, 0x03, 0xFF, 0xFF, 0xDF, 0xFF, 0xDF, 0xFF, 0xBF, 0xFF, 0xBE, 0xAE, 0x94, 0x57, 0x6C,
    0x1F, 0xE6, 0x17, 0xE4, 0x1F, 0xE4, 0x17, 0xE4, 0x17, 0xE4, 0x17, 0xE4, 0x17, 0xE4, 0x17, 0xE4,
    0x17, 0xE4, 0x17, 0xE4, 0x17, 0xE4, 0x17, 0xE4, 0x17, 0xE4, 0x17, 0xE4, 0x17, 0xE4, 0x17, 0xE4,
    0x17, 0xE4, 0x17, 0xE4, 0x17, 0xE4, 0x17, 0xE4, 0x17, 0xE4, 0x17, 0xE4, 0x17, 0xE4, 0x17, 0xE4,
    0x17, 0xE4, 0x17, 0xE4, 0x17, 0xE4, 0x17, 0xE4, 0x17, 0xE4, 0x17, 0xE4, 0x17, 0xE4, 0x17, 0xE4,
    0x17, 0xE4, 0x17, 0xE4, 0x17, 0xE4, 0x17, 0xE4, 0x17, 0xE4, 0x17, 0xE4, 0x17, 0xE4, 0x17, 0xE4,
    0x17, 0xE4, 0x17, 0xE4, 0x17, 0xE4, 0x17, 0xE4, 0x17, 0xE4, 0x17, 0xE4, 0x17, 0xE4, 0x17, 0xE4,
    0x17, 0xE4, 0x17, 0xE3, 0x17, 0xE3, 0x17, 0xE3, 0x17, 0xE3, 0x17, 0xE3, 0x17, 0xE3, 0x17, 0xE3,
    0x17, 0xE3, 0x17, 0xE3, 0x17, 0xFF, 0xE3, 0x17, 0xE3, 0x17, 0xE4, 0x17, 0xE4, 0x17, 0xE4, 0x17,
    0xE3, 0x17, 0xE4, 0x17, 0xE4, 0x17, 0xE4, 0x17, 0xE4, 0x17, 0xE4, 0x17, 0xE4, 0x17, 0xE4, 0x17,
    0xE4, 0x17, 0xE4, 0x17, 0xE4, 0x17, 0xE4, 0x17, 0xE4, 0x17, 0xE4, 0x17, 0xE4, 0x17, 0xE4, 0x17,
    0xE4, 0x17, 0xE4, 0x17, 0xE4, 0x17, 0xE4, 0x17, 0xE4, 0x17, 0xE4, 0x17, 0xE4, 0x17, 0xE4, 0x17,
    0xE4, 0x17, 0xE4, 0x17, 0xE4, 0x17, 0xE4, 0x17, 0xE4, 0x17, 0xE4, 0x17, 0xE4, 0x17, 0xE4, 0x17,
    0xE4, 0x17, 0xE4, 0x17, 0xE3, 0x17, 0xE4, 0x17, 0xE3, 0x17, 0xE3, 0x1F, 0xE5, 0x3F, 0x88, 0x8E,
    0x51, 0xDE, 0x19, 0x8A, 0xCB, 0x50, 0xA3, 0x48, 0xC3, 0x71, 0x87, 0xB2, 0x4B, 0xCA, 0x2B, 0xCA,
    0x0A, 0x91, 0x87, 0x51, 0x67, 0x39, 0xC9, 0x31, 0x88, 0x51, 0x68, 0xAA, 0x8C, 0xC2, 0x4B, 0xD2,
    0x2A, 0xCA, 0x2B, 0xA1, 0xE9, 0x81, 0x88, 0x66, 0x99, 0xE8, 0x91, 0xA8, 0xBC, 0x11, 0xFF, 0xDE,
    0x07, 0xFF, 0xFF, 0xBE, 0xF7, 0x7D, 0xDF, 0x1B, 0x76, 0x70, 0x37, 0xE9, 0x1F, 0xE4, 0x1F, 0xE4,
    0x17, 0xE4, 0x17, 0xE4, 0x17, 0xE4, 0x17, 0xE4, 0x17, 0xE3, 0x17, 0xE4, 0x17, 0xE4, 0x17, 0xE4,
    0x17, 0xE4, 0x17, 0xE4, 0x17, 0xE4, 0x17, 0xE4, 0x17, 0xE4, 0x17, 0xE4, 0x17, 0xE4, 0x17, 0xE4,
    0x17, 0xE4, 0x17, 0xE4, 0x17, 0xE4, 0x17, 0xE4, 0x17, 0xE4, 0x17, 0xE4, 0x17, 0xE4, 0x17, 0xE4,
    0x17, 0xE4, 0x17, 0xE4, 0x17, 0xE4, 0x17, 0xE4, 0x17, 0xE4, 0x17, 0xE4, 0x17, 0xE4, 0x17, 0xE4,
    0x17, 0xE4, 0x17, 0xE4, 0x17, 0xE4, 0x17, 0xE4, 0x17, 0xE4, 0x17, 0xE4, 0x17, 0xE4, 0x17, 0xE4,
    0x17, 0xE4, 0x17, 0xE4, 0x17, 0xE4, 0x17, 0xE4, 0x17, 0xE4, 0x17, 0xE3, 0x17, 0xE4, 0x17, 0xE3,
    0x17, 0xE3, 0x17, 0xE3, 0x17, 0xE3, 0x17, 0xE3, 0x17, 0xE3, 0x17, 0xE3, 0x17, 0xE3, 0x17, 0xE3,
    0x17, 0xE3, 0x17, 0xFF, 0xE4, 0x17, 0xE4, 0x17, 0xE4, 0x17, 0xE4, 0x17, 0xE4, 0x17, 0xE4, 0x17,
    0xE4, 0x17, 0xE4, 0x17, 0xE4, 0x17, 0xE4, 0x17, 0xE4, 0x17, 0xE4, 0x17, 0xE4, 0x17, 0xE4, 0x17,
    0xE4, 0x17, 0xE4, 0x17, 0xE4, 0x17, 0xE4, 0x17, 0xE4, 0x17, 0xE4, 0x17, 0xE4, 0x17, 0xE4, 0x17,
    0xE4, 0x17, 0xE4, 0x17, 0xE4, 0x17, 0xE4, 0x17, 0xE4, 0x17, 0xE4, 0x17, 0xE4, 0x17, 0xE4, 0x17,
    0xE4, 0x17, 0xE4, 0x17, 0xE4, 0x17, 0xE4, 0x17, 0xE4, 0x17, 0xE4, 0x17, 0xE4, 0x17, 0xE3, 0x17,
    0xE4, 0x17, 0xE3, 0x17, 0xE3, 0x27, 0xE5, 0x4E, 0xA9, 0xAE, 0x14, 0xDD, 0xF8, 0x8A, 0xAB, 0x48,
    0xA2, 0x48, 0xC3, 0x81, 0xC9, 0xB2, 0x4C, 0xC2, 0x2B, 0xC2, 0x2B, 0x81, 0x47, 0x51, 0x67, 0x39,
    0xC9, 0x39, 0xCA, 0x41, 0x27, 0x8A, 0x2B, 0xBA, 0x8C, 0xC2, 0x4B, 0xBA, 0x6B, 0x9A, 0x09, 0x71,
    0x66, 0x81, 0xA7, 0x81, 0x84, 0x66, 0xAB, 0x4E, 0xFF, 0x7E, 0x07, 0xFF, 0x85, 0xDF, 0xEF, 0x5D,
    0xEE, 0xFC, 0xB6, 0x02, 0x57, 0xFF, 0x2C, 0x2F, 0xE7, 0x1F, 0xE4, 0x17, 0xE4, 0x17, 0xE4, 0x17,
    0xE4, 0x17, 0xE4, 0x17, 0xE3, 0x17, 0xE4, 0x17, 0xE4, 0x17, 0xE4, 0x17, 0xE4, 0x17, 0xE4, 0x17,
    0xE4, 0x17, 0xE4, 0x17, 0xE4, 0x17, 0xE4, 0x17, 0xE4, 0x17, 0xE4, 0x17, 0xE4, 0x17, 0xE4, 0x17,
    0xE4, 0x17, 0xE4, 0x17, 0xE4, 0x17, 0xE4, 0x17, 0xE4, 0x17, 0xE4, 0x17, 0xE4, 0x17, 0xE4, 0x17,
    0xE4, 0x17, 0xE4, 0x17, 0xE4, 0x17, 0xE4, 0x17, 0xE4, 0x17, 0xE4, 0x17, 0xE4, 0x17, 0xE4, 0x17,
    0xE4, 0x17, 0xE4, 0x17, 0xE4, 0x17, 0xE4, 0x17, 0xE4, 0x17, 0xE4, 0x17, 0xE4, 0x17, 0xE4, 0x17,
    0xE4, 0x17, 0xE4, 0x17, 0xE4, 0x17, 0xE4, 0x17, 0xE4, 0x17, 0xE3, 0x17, 0xE3, 0x17, 0xE3, 0x17,
    0xE3, 0x17, 0xE3, 0x17, 0xE3, 0x17, 0xE3, 0x17, 0xE3, 0x17, 0xE3, 0x17, 0xE4, 0x17, 0xE4, 0x17,
    0xE4, 0x17, 0xE4, 0x17, 0xE4, 0x17, 0xFF, 0xE4, 0x17, 0xE4, 0x17, 0xE4, 0x17, 0xE4, 0x17, 0xE4,
    0x17, 0xE4, 0x17, 0xE4, 0x17, 0xE4, 0x17, 0xE4, 0x17, 0xE4, 0x17, 0xE4, 0x17, 0xE4, 0x17, 0xE4,
    0x17, 0xE4, 0x17, 0xE4, 0x17, 0xE4, 0x17, 0xE4, 0x17, 0xE4, 0x17, 0xE4, 0x17, 0xE4, 0x17, 0xE4,
    0x17, 0xE4, 0x17, 0xE4, 0x17, 0xE4, 0x17, 0xE4, 0x17, 0xE4, 0x17, 0xE4, 0x17, 0xE4, 0x17, 0xE4,
    0x17, 0xE4, 0x17, 0xE4, 0x17, 0xE4, 0x17, 0xE4, 0x17, 0xE3, 0x17, 0xE3, 0x17, 0xE3, 0x17, 0xE4,
    0x1F, 0xE5, 0x6E, 0x4C, 0xC6, 0x17, 0xDD, 0xD8, 0x82, 0xAA, 0x48, 0xA2, 0x48, 0xE4, 0x82, 0x0A,
    0xAA, 0x6C, 0xBA, 0x4C, 0xBA, 0x2B, 0x81, 0x27, 0x49, 0x67, 0x39, 0xC9, 0x39, 0xA9, 0x39, 0x48,
    0x59, 0x88, 0xA2, 0xAC, 0x9A, 0x4B, 0x79, 0xA8, 0x48, 0xE5, 0x49, 0x05, 0x69, 0x87, 0x69, 0x25,
    0x92, 0x6A, 0xFE, 0xBB, 0xFF, 0xDE, 0xFF, 0x07, 0xFF, 0xFF, 0xF7, 0x3D, 0xCE, 0x58, 0x7E, 0x10,
    0x47, 0xAB, 0x27, 0xE6, 0x1F, 0xE4, 0x17, 0xE3, 0x17, 0xE4, 0x17, 0xE4, 0x17, 0xE3, 0x17, 0xE4,
    0x17, 0xE4, 0x17, 0xE4, 0x17, 0xE4, 0x17, 0xE4, 0x17, 0xE4, 0x17, 0xE4, 0x17, 0xE4, 0x17, 0xE4,
    0x17, 0xE4, 0x17, 0xE4, 0x17, 0xE4, 0x17, 0xE4, 0x17, 0xE4, 0x17, 0xE4, 0x17, 0xE4, 0x17, 0xE4,
    0x17, 0xE4, 0x17, 0xE4, 0x17, 0xE4, 0x17, 0xE4, 0x17, 0xE4, 0x17, 0xE4, 0x17, 0xE4, 0x17, 0xE4,
    0x17, 0xE4, 0x17, 0xE4, 0x17, 0xE4, 0x17, 0xE4, 0x17, 0xE4, 0x17, 0xE4, 0x17, 0xE4, 0x17, 0xE4,
    0x17, 0xE3, 0x17, 0xE4, 0x17, 0xE4, 0x17, 0xE4, 0x17, 0xE4, 0x17, 0xE4, 0x17, 0xE4, 0x17, 0xE3,
    0x17, 0xE3, 0x17, 0xE3, 0x17, 0xE3, 0x17, 0xE3, 0x17, 0xE3, 0x17, 0xE3, 0x17, 0xE3, 0x17, 0xE3,
    0x17, 0xE3, 0x17, 0xE3, 0x17, 0xE3, 0x17, 0xE3, 0x17, 0xE3, 0xFF, 0x17, 0xE3, 0x17, 0xE3, 0x17,
    0xE4, 0x17, 0xE4, 0x17, 0xE4, 0x17, 0xE4, 0x17, 0xE4, 0x17, 0xE4, 0x17, 0xE4, 0x17, 0xE4, 0x17,
    0xE4, 0x17, 0xE4, 0x17, 0xE4, 0x17, 0xE4, 0x17, 0xE4, 0x17, 0xE4, 0x17, 0xE4, 0x17, 0xE4, 0x17,
    0xE4, 0x17, 0xE4, 0x17, 0xE4, 0x17, 0xE4, 0x17, 0xE4, 0x17, 0xE4, 0x17, 0xE4, 0x17, 0xE4, 0x17,
    0xE4, 0x17, 0xE4, 0x17, 0xE4, 0x17, 0xE4, 0x17, 0xE4, 0x17, 0xE4, 0x17, 0xE4, 0x17, 0xE4, 0x17,
    0xE4, 0x17, 0xE4, 0x17, 0xE3, 0x17, 0xE3, 0x17, 0xE4, 0x37, 0x68, 0x96, 0x72, 0xD5, 0xD8, 0xDD,
    0xD8, 0x8A, 0xCC, 0x48, 0x83, 0x48, 0xE5, 0x59, 0x47, 0x79, 0xCA, 0x92, 0x4B, 0x9A, 0x2B, 0x69,
    0x68, 0x49, 0x68, 0x39, 0xC9, 0x39, 0xA9, 0x31, 0x88, 0x39, 0x47, 0x51, 0xA9, 0x49, 0x47, 0x30,
    0xA5, 0x30, 0xE6, 0x39, 0x48, 0x49, 0x26, 0x58, 0xC4, 0x79, 0x87, 0x83, 0xED, 0xF8, 0xFF, 0xBE,
    0x0A, 0xFF, 0xFF, 0xF7, 0x7D, 0xAD, 0xF5, 0x76, 0x10, 0x57, 0xCC, 0x2F, 0xE7, 0x17, 0xE4, 0x17,
    0xE4, 0x17, 0xE3, 0x17, 0xE3, 0x17, 0xE3, 0x17, 0xE4, 0x17, 0xE4, 0x17, 0xE4, 0x17, 0xE4, 0x17,
    0xE4, 0x17, 0xE4, 0x17, 0xE4, 0x17, 0xE4, 0x17, 0xE4, 0x17, 0xE4, 0x17, 0xE4, 0x17, 0xE4, 0x17,
    0xE4, 0x17, 0xE4, 0x17, 0xE4, 0x17, 0xE4, 0x17, 0xE4, 0x17, 0xE4, 0x17, 0xE4, 0x17, 0xE4, 0x17,
    0xE4, 0x17, 0xE4, 0x17, 0xE4, 0x17, 0xE4, 0x17, 0xE4, 0x17, 0xE4, 0x17, 0xE4, 0x17, 0xE4, 0x17,
    0xE3, 0x17, 0xE3, 0x17, 0xE3, 0x17, 0xE3, 0x17, 0xE3, 0x17, 0xE4, 0x17, 0xE4, 0x17, 0xE4, 0x17,
    0xE4, 0x17, 0xE4, 0x17, 0xE4, 0x17, 0xE4, 0x17, 0xE3, 0x17, 0xE3, 0x17, 0xE3, 0x17, 0xE3, 0x17,
    0xE3, 0x17, 0xE3, 0x17, 0xE3, 0x17, 0xE3, 0x17, 0xE3, 0x17, 0xE3, 0x17, 0xE3, 0x17, 0xE3, 0x17,
    0xE3, 0x17, 0xE3, 0xFF, 0x17, 0xE3, 0x17, 0xE3, 0x17, 0xE3, 0x17, 0xE4, 0x17, 0xE4, 0x17, 0xE4,
    0x17, 0xE4, 0x17, 0xE4, 0x17, 0xE4, 0x17, 0xE4, 0x17, 0xE4, 0x17, 0xE4, 0x17, 0xE4, 0x17, 0xE4,
    0x17, 0xE4, 0x17, 0xE4, 0x17, 0xE4, 0x17, 0xE4, 0x17, 0xE4, 0x17, 0xE4, 0x17, 0xE4, 0x17, 0xE4,
    0x17, 0xE4, 0x17, 0xE4, 0x17, 0xE4, 0x17, 0xE4, 0x17, 0xE4, 0x17, 0xE4, 0x17, 0xE4, 0x17, 0xE4,
    0x17, 0xE4, 0x17, 0xE4, 0x17, 0xE4, 0x17, 0xE4, 0x17, 0xE3, 0x17, 0xE3, 0x1F, 0xE4, 0x27, 0xE6,
    0x5E, 0xEC, 0xBE, 0x55, 0xD5, 0xD7, 0xE5, 0xF8, 0x93, 0x2D, 0x48, 0xA3, 0x48, 0xE5, 0x40, 0xE6,
    0x38, 0xE6, 0x41, 0x06, 0x51, 0x67, 0x41, 0x26, 0x39, 0x47, 0x39, 0x88, 0x31, 0xA9, 0x31, 0x89,
    0x29, 0x27, 0x28, 0xC5, 0x28, 0xE5, 0x31, 0x47, 0x39, 0x89, 0x41, 0x69, 0x39, 0x06, 0x48, 0xA3,
    0x60, 0xE4, 0xD4, 0xF4, 0x83, 0xFF, 0x7E, 0xFF, 0xDF, 0x0A, 0xFF, 0xFF, 0xF7, 0xBE, 0xB6, 0x75,
    0x7E, 0x0F, 0x57, 0xAC, 0x2F, 0xE8, 0x17, 0xE5, 0x0F, 0xE3, 0x17, 0xE3, 0x17, 0xE3, 0x17, 0xE4,
    0x17, 0xE4, 0x17, 0xE4, 0x17, 0xE4, 0x17, 0xE4, 0x17, 0xE4, 0x17, 0xE4, 0x17, 0xE4, 0x17, 0xE4,
    0x17, 0xE4, 0x17, 0xE4, 0x17, 0xE4, 0x17, 0xE4, 0x17, 0xE4, 0x17, 0xE4, 0x17, 0xE4, 0x17, 0xE4,
    0x17, 0xE4, 0x17, 0xE4, 0x17, 0xE4, 0x17, 0xE4, 0x17, 0xE4, 0x17, 0xE4, 0x17, 0xE4, 0x17, 0xE4,
    0x17, 0xE4, 0x17, 0xE4, 0x17, 0xE4, 0x17, 0xE4, 0x17, 0xE4, 0x17, 0xE4, 0x17, 0xE4, 0x17, 0xE4,
    0x17, 0xE4, 0x17, 0xE4, 0x17, 0xE4, 0x17, 0xE4, 0x17, 0xE4, 0x17, 0xE4, 0x17, 0xE4, 0x17, 0xE4,
    0x17, 0xE4, 0x17, 0xE3, 0x17, 0xE3, 0x17, 0xE4, 0x17, 0xE4, 0x17, 0xE4, 0x17, 0xE4, 0x17, 0xE4,
    0x17, 0xE4, 0x17, 0xE4, 0x17, 0xE4, 0x17, 0xE4, 0x17, 0xE4, 0x17, 0xE4, 0xF4, 0x17, 0xE4, 0x17,
    0xE4, 0x17, 0xE4, 0x17, 0xE4, 0x17, 0xE4, 0x17, 0xE4, 0x17, 0xE4, 0x17, 0xE4, 0x17, 0xE4, 0x17,
    0xE4, 0x17, 0xE4, 0x17, 0xE4, 0x17, 0xE4, 0x17, 0xE4, 0x17, 0xE4, 0x17, 0xE4, 0x17, 0xE4, 0x17,
    0xE4, 0x17, 0xE4, 0x17, 0xE4, 0x17, 0xE4, 0x17, 0xE4, 0x17, 0xE4, 0x17, 0xE4, 0x17, 0xE4, 0x17,
    0xE4, 0x17, 0xE4, 0x17, 0xE4, 0x17, 0xE4, 0x17, 0xE4, 0x17, 0xE4, 0x17, 0xE4, 0x17, 0xE4, 0x17,
    0xE3, 0x17, 0xE3, 0x1F, 0xE5, 0x37, 0x28, 0x9E, 0x92, 0xD5, 0xF6, 0xD5, 0xB7, 0xDD, 0xF8, 0xAB,
    0xF0, 0x50, 0xC4, 0x48, 0xC5, 0x49, 0x48, 0x39, 0x48, 0x28, 0xE6, 0x28, 0xE5, 0x28, 0xC4, 0x30,
    0xC4, 0x28, 0xC4, 0x28, 0xE5, 0x31, 0x05, 0x28, 0xE5, 0x28, 0xE5, 0x31, 0x26, 0x39, 0x68, 0x39,
    0x89, 0x31, 0x02, 0x28, 0xFF, 0xE5, 0x40, 0xA4, 0x50, 0xA4, 0xB3, 0xB0, 0xFE, 0xDC, 0xFF, 0xDF,
    0xF7, 0xBE, 0xE7, 0x1C, 0xDE, 0xDB, 0xDE, 0xDB, 0xDE, 0xFB, 0xDE, 0xFB, 0xDF, 0x3B, 0xAD, 0xD5,
    0x75, 0xEF, 0x57, 0x4C, 0x3F, 0xE9, 0x27, 0xE6, 0x1F, 0xE4, 0x17, 0xE4, 0x17, 0xE3, 0x17, 0xE4,
    0x17, 0xE3, 0x17, 0xE4, 0x17, 0xE4, 0x17, 0xE4, 0x17, 0xE4, 0x17, 0xE4, 0x17, 0xE4, 0x17, 0xE4,
    0x17, 0xE4, 0x17, 0xE4, 0x17, 0xE4, 0x17, 0xE4, 0x17, 0xE4, 0x17, 0xE4, 0x17, 0xE4, 0x17, 0xE4,
    0x17, 0xE4, 0x17, 0xE4, 0x17, 0xE4, 0x17, 0xE4, 0x17, 0xE4, 0x17, 0xE4, 0x17, 0xE4, 0x17, 0xE4,
    0x17, 0xE4, 0x17, 0xE4, 0x17, 0xE4, 0x17, 0xE4, 0x17, 0xE4, 0x17, 0xE4, 0x17, 0xE4, 0x17, 0xE4,
    0x17, 0xE4, 0x17, 0xE4, 0x17, 0xE4, 0x17, 0xE4, 0x17, 0xE4, 0x17, 0xE4, 0x17, 0xE4, 0x17, 0xE4,
    0x17, 0xE4, 0x17, 0xE4, 0x17, 0xFF, 0xE4, 0x17, 0xE4, 0x17, 0xE4, 0x17, 0xE4, 0x17, 0xE4, 0x17,
    0xE4, 0x17, 0xE4, 0x17, 0xE4, 0x17, 0xE4, 0x17, 0xE4, 0x17, 0xE4, 0x17, 0xE4, 0x17, 0xE4, 0x17,
    0xE4, 0x17, 0xE4, 0x17, 0xE4, 0x17, 0xE4, 0x17, 0xE4, 0x17, 0xE4, 0x17, 0xE4, 0x17, 0xE4, 0x17,
    0xE4, 0x17, 0xE4, 0x17, 0xE4, 0x17, 0xE4, 0x17, 0xE4, 0x17, 0xE4, 0x17, 0xE4, 0x17, 0xE4, 0x17,
    0xE4, 0x17, 0xE4, 0x17, 0xE4, 0x17, 0xE4, 0x17, 0xE4, 0x17, 0xE4, 0x17, 0xE4, 0x17, 0xE4, 0x17,
    0xE4, 0x17, 0xE4, 0x17, 0xE4, 0x17, 0xE4, 0x17, 0xE4, 0x17, 0xE4, 0x17, 0xE4, 0x17, 0xE3, 0x17,
    0xE3, 0x2F, 0xE7, 0x6E, 0x8E, 0xBE, 0x16, 0xD5, 0xD7, 0xD5, 0xD7, 0xDD, 0xF8, 0xC4, 0xB3, 0x60,
    0xE5, 0x50, 0x84, 0x49, 0x06, 0x31, 0x07, 0x20, 0xE6, 0x20, 0xC5, 0x28, 0xA4, 0x41, 0x25, 0x49,
    0x86, 0x51, 0xA7, 0x51, 0xA7, 0x51, 0xFF, 0xA6, 0x41, 0x45, 0x28, 0xC4, 0x28, 0xE6, 0x20, 0xE6,
    0x18, 0xE6, 0x20, 0xE5, 0x38, 0xE5, 0x48, 0xA4, 0x8A, 0x8C, 0xF6, 0x7A, 0xFF, 0xBE, 0xDE, 0xBA,
    0xBD, 0xD7, 0xBD, 0xD7, 0xBD, 0xD7, 0xBD, 0xD7, 0xCE, 0x38, 0xE7, 0x3C, 0xF7, 0x7D, 0xCE, 0xB8,
    0x9E, 0x33, 0x7E, 0x0F, 0x66, 0xCD, 0x4F, 0xEB, 0x2F, 0xE7, 0x17, 0xE4, 0x17, 0xE3, 0x17, 0xE3,
    0x17, 0xE4, 0x17, 0xE4, 0x1F, 0xE4, 0x17, 0xE4, 0x17, 0xE4, 0x17, 0xE4, 0x17, 0xE4, 0x17, 0xE4,
    0x17, 0xE4, 0x17, 0xE4, 0x17, 0xE4, 0x17, 0xE4, 0x17, 0xE4, 0x17, 0xE4, 0x17, 0xE4, 0x17, 0xE4,
    0x17, 0xE4, 0x17, 0xE4, 0x17, 0xE4, 0x17, 0xE4, 0x17, 0xE4, 0x17, 0xE4, 0x17, 0xE4, 0x17, 0xE4,
    0x17, 0xE4, 0x17, 0xE4, 0x17, 0xE4, 0x17, 0xE4, 0x17, 0xE4, 0x17, 0xE4, 0x17, 0xE4, 0x17, 0xE4,
    0x17, 0xE4, 0x17, 0xE4, 0x17, 0xE4, 0x17, 0xFF, 0xE4, 0x17, 0xE4, 0x17, 0xE4, 0x17, 0xE4, 0x17,
    0xE4, 0x17, 0xE4, 0x17, 0xE4, 0x17, 0xE4, 0x17, 0xE4, 0x17, 0xE4, 0x17, 0xE4, 0x17, 0xE4, 0x17,
    0xE4, 0x17, 0xE4, 0x17, 0xE4, 0x17, 0xE4, 0x17, 0xE4, 0x17, 0xE4, 0x17, 0xE4, 0x17, 0xE4, 0x17,
    0xE4, 0x17, 0xE4, 0x17, 0xE4, 0x17, 0xE4, 0x17, 0xE4, 0x17, 0xE4, 0x17, 0xE4, 0x17, 0xE4, 0x17,
    0xE4, 0x17, 0xE4, 0x17, 0xE4, 0x17, 0xE4, 0x17, 0xE4, 0x17, 0xE4, 0x17, 0xE4, 0x17, 0xE4, 0x17,
    0xE4, 0x17, 0xE4, 0x17, 0xE4, 0x17, 0xE4, 0x17, 0xE4, 0x17, 0xE4, 0x17, 0xE4, 0x17, 0xE4, 0x17,
    0xE4, 0x17, 0xE4, 0x17, 0xE4, 0x17, 0xE4, 0x17, 0xE4, 0x17, 0xE4, 0x17, 0xE5, 0x2F, 0xE8, 0x5E,
    0x8D, 0xAE, 0x35, 0xCD, 0xF8, 0xD5, 0xB7, 0xD5, 0xB7, 0xDD, 0xD7, 0xD5, 0x36, 0x71, 0xA8, 0x48,
    0x64, 0x40, 0xA5, 0x30, 0xC6, 0x20, 0xC6, 0x20, 0xFF, 0xC5, 0x41, 0x67, 0x59, 0xE8, 0x51, 0xA7,
    0x51, 0xA7, 0x51, 0xA7, 0x59, 0xC8, 0x6A, 0x4A, 0x30, 0xC4, 0x20, 0xC5, 0x20, 0xE6, 0x18, 0xE7,
    0x20, 0xE6, 0x30, 0xE5, 0x38, 0xE5, 0x69, 0xE9, 0xDD, 0x97, 0xF7, 0x7E, 0xEF, 0x3C, 0xE6, 0xFB,
    0xE6, 0xFB, 0xE7, 0x1C, 0xF7, 0x7D, 0xFF, 0xBF, 0xFF, 0xDF, 0xFF, 0xDF, 0xFF, 0xDF, 0xFF, 0xDE,
    0xDF, 0x3B, 0xA5, 0xF4, 0x7D, 0xCF, 0x5F, 0x4D, 0x37, 0xE7, 0x17, 0xE4, 0x17, 0xE3, 0x17, 0xE4,
    0x17, 0xE4, 0x1F, 0xE4, 0x17, 0xE4, 0x17, 0xE4, 0x17, 0xE4, 0x17, 0xE4, 0x17, 0xE4, 0x17, 0xE4,
    0x17, 0xE4, 0x17, 0xE4, 0x17, 0xE4, 0x17, 0xE4, 0x17, 0xE4, 0x17, 0xE4, 0x17, 0xE4, 0x17, 0xE4,
    0x17, 0xE4, 0x17, 0xE4, 0x17, 0xE4, 0x17, 0xE4, 0x17, 0xE4, 0x17, 0xE4, 0x17, 0xE4, 0x17, 0xE4,
    0x17, 0xE4, 0x17, 0xE4, 0x17, 0xE4, 0x17, 0xE4, 0x17, 0xFF, 0xE4, 0x17, 0xE4, 0x17, 0xE4, 0x17,
    0xE4, 0x17, 0xE4, 0x17, 0xE4, 0x17, 0xE4, 0x17, 0xE4, 0x17, 0xE4, 0x17, 0xE4, 0x17, 0xE4, 0x17,
    0xE4, 0x17, 0xE4, 0x17, 0xE4, 0x17, 0xE4, 0x17, 0xE4, 0x17, 0xE4, 0x17, 0xE4, 0x17, 0xE4, 0x17,
    0xE4, 0x17, 0xE4, 0x17, 0xE4, 0x17, 0xE4, 0x17, 0xE4, 0x17, 0xE4, 0x17, 0xE4, 0x17, 0xE4, 0x17,
    0xE4, 0x17, 0xE4, 0x17, 0xE4, 0x17, 0xE4, 0x17, 0xE4, 0x17, 0xE4, 0x17, 0xE4, 0x17, 0xE4, 0x17,
    0xE4, 0x17, 0xE4, 0x17, 0xE4, 0x17, 0xE4, 0x17, 0xE4, 0x17, 0xE4, 0x17, 0xE4, 0x17, 0xE4, 0x17,
    0xE4, 0x17, 0xE4, 0x17, 0xE4, 0x17, 0xE4, 0x17, 0xE4, 0x17, 0xE4, 0x17, 0xE4, 0x17, 0xE4, 0x17,
    0xE4, 0x17, 0xE4, 0x17, 0xE4, 0x1F, 0xE4, 0x27, 0xE6, 0x37, 0xE9, 0x6E, 0xEF, 0xCF, 0x59, 0xF7,
    0x7E, 0xEE, 0xDB, 0xD5, 0xF8, 0xC5, 0x55, 0xC5, 0x15, 0xDD, 0xB0, 0x97, 0xB3, 0xF1, 0x51, 0x06,
    0x40, 0x85, 0x30, 0xA5, 0x28, 0xE6, 0x28, 0xE6, 0x62, 0x6A, 0x51, 0xE8, 0x39, 0x25, 0x41, 0x47,
    0x41, 0x47, 0x49, 0x87, 0x83, 0x4E, 0x41, 0x67, 0x31, 0x27, 0x29, 0x28, 0x29, 0x28, 0x20, 0xE6,
    0x28, 0xC6, 0x28, 0xE5, 0x41, 0x26, 0x93, 0xD1, 0xE6, 0xDC, 0xFF, 0xDF, 0x0D, 0xFF, 0x82, 0xDF,
    0xFF, 0xDF, 0x05, 0xFF, 0xFF, 0xDF, 0xDE, 0xFB, 0x9E, 0x33, 0x5F, 0x2D, 0x2F, 0xE7, 0x17, 0xE3,
    0x17, 0xE4, 0x17, 0xE4, 0x1F, 0xE4, 0x17, 0xE4, 0x17, 0xE4, 0x17, 0xE4, 0x17, 0xE4, 0x17, 0xE4,
    0x17, 0xE4, 0x17, 0xE4, 0x17, 0xE4, 0x17, 0xE4, 0x17, 0xE4, 0x17, 0xE4, 0x17, 0xE4, 0x17, 0xE4,
    0x17, 0xE4, 0x17, 0xE4, 0x17, 0xE4, 0x17, 0xE4, 0x17, 0xE4, 0x17, 0xE4, 0x17, 0xE4, 0x17, 0xE4,
    0x17, 0xE4, 0x17, 0xE4, 0x17, 0xE4, 0x17, 0xE4, 0x17, 0xE4, 0x17, 0xE4, 0x17, 0xE4, 0x17, 0xE4,
    0x17, 0xE4, 0x17, 0xE4, 0x17, 0xE4, 0x17, 0xE4, 0x17, 0xE4, 0x17, 0xE4, 0x17, 0xE4, 0x17, 0xE4,
    0x17, 0xE4, 0x17, 0xE4, 0x17, 0xE4, 0x17, 0xE4, 0x17, 0xE4, 0x17, 0xE4, 0x17, 0xE4, 0x17, 0xE4,
    0x17, 0xE4, 0x17, 0xE4, 0x17, 0xE4, 0x17, 0xE4, 0x17, 0xE4, 0x17, 0xE4, 0x17, 0xE4, 0x17, 0xE4,
    0x17, 0xE4, 0x17, 0xE4, 0x17, 0xE9, 0xE4, 0x17, 0xE4, 0x17, 0xE4, 0x17, 0xE4, 0x17, 0xE4, 0x17,
    0xE4, 0x17, 0xE4, 0x17, 0xE4, 0x17, 0xE4, 0x17, 0xE4, 0x17, 0xE4, 0x17, 0xE4, 0x17, 0xE4, 0x17,
    0xE4, 0x17, 0xE4, 0x17, 0xE4, 0x17, 0xE4, 0x17, 0xE4, 0x17, 0xE4, 0x17, 0xE4, 0x17, 0xE4, 0x17,
    0xE4, 0x1F, 0xE4, 0x1F, 0xE5, 0x2F, 0xE7, 0x37, 0xE8, 0x47, 0x6A, 0x76, 0xD0, 0xDF, 0x7B, 0xFF,
    0xBF, 0xFF, 0xBF, 0xFF, 0x7E, 0xEE, 0xDB, 0xD5, 0xF8, 0xCD, 0x76, 0xCD, 0x56, 0xDD, 0xB8, 0xA3,
    0xF1, 0x41, 0x06, 0x30, 0xC6, 0x31, 0x28, 0x39, 0x68, 0x72, 0xED, 0x6A, 0xAB, 0x49, 0x66, 0x49,
    0x87, 0x51, 0xA7, 0x5A, 0x08, 0x93, 0xD0, 0x49, 0xE9, 0x39, 0x89, 0x39, 0x8A, 0x31, 0x8A, 0x29,
    0x02, 0x28, 0x94, 0xE7, 0x28, 0xC6, 0x28, 0xA5, 0x5A, 0x4B, 0xC5, 0xD9, 0xF7, 0x7F, 0xFF, 0xDF,
    0xFF, 0xDF, 0xFF, 0xDF, 0xFF, 0xDF, 0xFF, 0xDF, 0x05, 0xFF, 0xFF, 0xDF, 0xF7, 0x9E, 0xF7, 0x7E,
    0xFF, 0xBF, 0xFF, 0xDF, 0xF7, 0x7D, 0x96, 0x53, 0x47, 0xCA, 0x1F, 0xE5, 0x17, 0xE4, 0x1F, 0xE4,
    0x1F, 0xE4, 0x17, 0xE4, 0x17, 0xE4, 0x17, 0xE4, 0x17, 0xE4, 0x17, 0xE4, 0x17, 0xE4, 0x17, 0xE4,
    0x17, 0xE4, 0x17, 0xE4, 0x17, 0xE4, 0x17, 0xE4, 0x17, 0xE4, 0x17, 0xE4, 0x17, 0xE4, 0x17, 0xE4,
    0x17, 0xE4, 0x17, 0xE4, 0x17, 0xE4, 0x17, 0xE4, 0x17, 0xE4, 0x17, 0xE4, 0x17, 0xE4, 0x17, 0xE4,
    0x17, 0xE4, 0x17, 0xE4, 0x17, 0xE4, 0x17, 0xE4, 0x17, 0xE4, 0x17, 0xE4, 0x17, 0xE4, 0x17, 0xE4,
    0x17, 0xE4, 0x17, 0xE4, 0x17, 0xE4, 0x17, 0xE4, 0x17, 0xE4, 0x17, 0xE4, 0x17, 0xE4, 0x17, 0xE4,
    0x17, 0xE4, 0x17, 0xE4, 0x17, 0xE4, 0x17, 0xE4, 0x17, 0xE4, 0x17, 0xE4, 0x17, 0xE4, 0x17, 0xE4,
    0x17, 0xE4, 0x17, 0xE4, 0x17, 0xE4, 0x17, 0xE4, 0x17, 0xE4, 0x17, 0xCF, 0xE4, 0x17, 0xE4, 0x17,
    0xE4, 0x17, 0xE4, 0x17, 0xE4, 0x17, 0xE4, 0x17, 0xE4, 0x17, 0xE4, 0x17, 0xE4, 0x17, 0xE4, 0x17,
    0xE4, 0x17, 0xE4, 0x17, 0xE4, 0x17, 0xE4, 0x17, 0xE4, 0x17, 0xE4, 0x17, 0xE4, 0x17, 0xE4, 0x17,
    0xE4, 0x17, 0xE4, 0x17, 0xE4, 0x17, 0xE4, 0x17, 0xE4, 0x17, 0xE4, 0x17, 0xE3, 0x1F, 0xE5, 0x37,
    0xE8, 0x5F, 0x0D, 0x76, 0xCF, 0x96, 0x32, 0xCE, 0xB9, 0xE6, 0xBC, 0xDE, 0x9B, 0xD6, 0x5A, 0xD6,
    0x19, 0xC5, 0xB7, 0xC5, 0x96, 0xCD, 0x97, 0xCD, 0x97, 0xD5, 0xD8, 0x94, 0x02, 0x31, 0xB4, 0x26,
    0x31, 0x28, 0x39, 0x8A, 0x41, 0xAA, 0x6A, 0xCE, 0x94, 0x12, 0x8B, 0x8F, 0x8B, 0xAF, 0x8B, 0xAF,
    0x93, 0xD0, 0x83, 0xB0, 0x41, 0x89, 0x39, 0x8A, 0x39, 0x8A, 0x39, 0x6A, 0x29, 0x49, 0x31, 0x69,
    0x31, 0x48, 0x28, 0xC6, 0x29, 0x06, 0x94, 0x53, 0xDE, 0xBC, 0xFF, 0x7F, 0xFF, 0xDF, 0xFF, 0xDF,
    0xFF, 0xDF, 0xFF, 0xDF, 0x03, 0xFF, 0xFF, 0xBF, 0xEE, 0xFC, 0xE6, 0xDB, 0xEF, 0x3D, 0xFF, 0x9F,
    0xF7, 0x5D, 0xEE, 0xFC, 0xC6, 0x57, 0x66, 0xAE, 0x37, 0xE9, 0x1F, 0xE5, 0x17, 0xE4, 0x17, 0xE4,
    0x17, 0xE4, 0x17, 0xE4, 0x17, 0xE4, 0x17, 0xE4, 0x17, 0xE4, 0x17, 0xE4, 0x17, 0xE4, 0x17, 0xE4,
    0x17, 0xE4, 0x17, 0xE4, 0x17, 0xE4, 0x17, 0xE4, 0x17, 0xE4, 0x17, 0xE4, 0x17, 0xE4, 0x17, 0xE4,
    0x17, 0xE4, 0x17, 0xE4, 0x17, 0xE4, 0x17, 0xE4, 0x17, 0xE4, 0x17, 0xE4, 0x17, 0xE4, 0x17, 0xE4,
    0x17, 0xE4, 0x17, 0xE4, 0x17, 0xE4, 0x17, 0xE4, 0x17, 0xE4, 0x17, 0xE4, 0x17, 0xE4, 0x17, 0xE4,
    0x17, 0xE4, 0x17, 0xE4, 0x17, 0xE4, 0x17, 0xE4, 0x17, 0xE4, 0x17, 0xE4, 0x17, 0xE4, 0x17, 0xE4,
    0x17, 0xE4, 0x17, 0xE4, 0x17, 0xE4, 0x17, 0xE4, 0x17, 0xE4, 0x17, 0xE4, 0x17, 0xE4, 0x17, 0xE4,
    0x17, 0xE4, 0x17, 0xE4, 0x17, 0xE4, 0x17, 0xFF, 0xE4, 0x17, 0xE4, 0x17, 0xE4, 0x17, 0xE4, 0x17,
    0xE4, 0x17, 0xE4, 0x17, 0xE4, 0x17, 0xE4, 0x17, 0xE4, 0x17, 0xE4, 0x17, 0xE4, 0x17, 0xE4, 0x17,
    0xE4, 0x17, 0xE4, 0x17, 0xE4, 0x17, 0xE4, 0x17, 0xE4, 0x17, 0xE4, 0x17, 0xE4, 0x17, 0xE4, 0x17,
    0xE4, 0x17, 0xE4, 0x17, 0xE4, 0x1F, 0xE3, 0x17, 0xE4, 0x17, 0xE4, 0x2F, 0xE7, 0x6E, 0xCE, 0xCF,
    0x7A, 0xEF, 0xDD, 0xF7, 0xDE, 0xFF, 0x9F, 0xFF, 0x9F, 0xFF, 0xBF, 0xF7, 0x9F, 0xF7, 0x7E, 0xF7,
    0x5D, 0xEE, 0xFC, 0xD5, 0xF8, 0xD5, 0xD8, 0xBD, 0x15, 0x39, 0xE9, 0x29, 0x48, 0x31, 0x6A, 0x39,
    0xAB, 0x39, 0xAB, 0x41, 0x8A, 0x52, 0x0C, 0x5A, 0x4C, 0x5A, 0x2C, 0x52, 0x0B, 0x49, 0xEB, 0x39,
    0x69, 0x31, 0x49, 0x39, 0xAA, 0x39, 0xAA, 0x39, 0xAA, 0x31, 0x69, 0x31, 0x69, 0x39, 0xAA, 0x39,
    0x8A, 0x29, 0x07, 0x41, 0xCA, 0xAD, 0x16, 0xDE, 0x90, 0xBD, 0xF7, 0x7F, 0xFF, 0xDF, 0xFF, 0xDF,
    0xFF, 0xDF, 0xFF, 0xBF, 0xEF, 0x1C, 0xE6, 0xFC, 0xFF, 0xBF, 0x03, 0xFF, 0xFF, 0xDF, 0xEF, 0x5D,
    0xE6, 0xFB, 0xCE, 0x58, 0x85, 0x6F, 0x5F, 0x6C, 0x37, 0xE8, 0x1F, 0xE5, 0x17, 0xE4, 0x17, 0xE4,
    0x17, 0xE4, 0x17, 0xE4, 0x17, 0xE4, 0x17, 0xE4, 0x17, 0xE4, 0x17, 0xE4, 0x17, 0xE4, 0x17, 0xE4,
    0x17, 0xE4, 0x17, 0xE4, 0x17, 0xE4, 0x17, 0xE4, 0x17, 0xE4, 0x17, 0xE4, 0x17, 0xE4, 0x17, 0xE4,
    0x17, 0xE4, 0x17, 0xE4, 0x17, 0xE4, 0x17, 0xE4, 0x17, 0xE4, 0x17, 0xE4, 0x17, 0xE4, 0x17, 0xE4,
    0x17, 0xE4, 0x17, 0xE4, 0x17, 0xE4, 0x17, 0xE4, 0x17, 0xE4, 0x17, 0xE4, 0x17, 0xE4, 0x17, 0xE4,
    0x17, 0xE4, 0x17, 0xE4, 0x17, 0xE4, 0x17, 0xE4, 0x17, 0xE4, 0x17, 0xE4, 0x17, 0xE4, 0x17, 0xE4,
    0x17, 0xE4, 0x17, 0xE4, 0x17, 0xE4, 0x17, 0xE4, 0x17, 0xE4, 0x17, 0xE4, 0x17, 0xE4, 0x17, 0xE4,
    0x17, 0xE4, 0x17, 0xE4, 0x17, 0xE4, 0x17, 0xE4, 0x17, 0xE4, 0x17, 0xE4, 0x17, 0xAE, 0xE4, 0x17,
    0xE4, 0x17, 0xE4, 0x17, 0xE4, 0x17, 0xE4, 0x17, 0xE4, 0x17, 0xE4, 0x17, 0xE3, 0x17, 0xE3, 0x17,
    0xE3, 0x17, 0xE4, 0x17, 0xE4, 0x17, 0xE4, 0x17, 0xE4, 0x1F, 0xE4, 0x17, 0xE4, 0x17, 0xE4, 0x17,
    0xE4, 0x17, 0xE4, 0x17, 0xE4, 0x1F, 0xE4, 0x1F, 0xE6, 0x67, 0x6D, 0xDF, 0xFA, 0x03, 0xFF, 0x86,
    0xDE, 0xFF, 0xDF, 0xFF, 0xDF, 0xFF, 0xDF, 0x09, 0xFF, 0xFF, 0x7E, 0xDE, 0x3A, 0xDE, 0x19, 0x8B,
    0xB0, 0x31, 0x48, 0x31, 0x6A, 0x31, 0x4A, 0x39, 0xCC, 0x39, 0xCB, 0x31, 0x6A, 0x31, 0x4A, 0x39,
    0x8B, 0x41, 0xAB, 0x39, 0xAB, 0x39, 0xAB, 0x39, 0x8A, 0x31, 0x49, 0x39, 0xAB, 0x39, 0xAB, 0x39,
    0xAB, 0x39, 0xAB, 0x31, 0x69, 0x31, 0x6A, 0x39, 0xAB, 0x39, 0x8A, 0x29, 0x07, 0x4A, 0x0B, 0xB5,
    0x58, 0xDE, 0x5B, 0xEE, 0xBC, 0xFF, 0x5E, 0xFF, 0xBF, 0xFF, 0x7E, 0xFF, 0x7D, 0xFF, 0xBE, 0xFF,
    0xDE, 0xE7, 0x1B, 0xC5, 0xF7, 0xAD, 0x14, 0xAD, 0x34, 0xC5, 0xF7, 0xAD, 0x53, 0x85, 0x4E, 0x5E,
    0xEC, 0x37, 0xE8, 0x1F, 0xE5, 0x1F, 0xE4, 0x1F, 0xE4, 0x17, 0xE4, 0x17, 0xE4, 0x17, 0xE4, 0x17,
    0xE4, 0x17, 0xE4, 0x17, 0xE4, 0x17, 0xE4, 0x17, 0xE4, 0x17, 0xE4, 0x17, 0xE4, 0x17, 0xE4, 0x17,
    0xE4, 0x17, 0xE4, 0x17, 0xE4, 0x17, 0xE4, 0x17, 0xE4, 0x17, 0xF8, 0xE4, 0x17, 0xE4, 0x17, 0xE4,
    0x17, 0xE4, 0x17, 0xE4, 0x17, 0xE4, 0x17, 0xE4, 0x17, 0xE4, 0x17, 0xE4, 0x17, 0xE4, 0x17, 0xE4,
    0x17, 0xE4, 0x17, 0xE4, 0x17, 0xE4, 0x17, 0xE4, 0x17, 0xE4, 0x17, 0xE4, 0x17, 0xE4, 0x17, 0xE4,
    0x17, 0xE4, 0x17, 0xE4, 0x17, 0xE4, 0x17, 0xE4, 0x17, 0xE4, 0x17, 0xE4, 0x17, 0xE4, 0x17, 0xE4,
    0x17, 0xE4, 0x17, 0xE4, 0x17, 0xE4, 0x17, 0xE4, 0x17, 0xE4, 0x17, 0xE4, 0x17, 0xE4, 0x17, 0xE4,
    0x17, 0xE4, 0x17, 0xE4, 0x17, 0xE4, 0x17, 0xE4, 0x17, 0xE4, 0x17, 0xE4, 0x17, 0xE4, 0x17, 0xE4,
    0x17, 0xE4, 0x17, 0xE3, 0x17, 0xE3, 0x17, 0xE3, 0x17, 0xE4, 0x17, 0xE4, 0x17, 0xE4, 0x17, 0xE4,
    0x1F, 0xE4, 0x1F, 0xE4, 0x1F, 0xE4, 0x1F, 0xE5, 0x1F, 0xE5, 0x27, 0xE6, 0x2F, 0xE7, 0x3F, 0x49,
    0xB7, 0xB6, 0xFF, 0xFE, 0x03, 0xFF, 0xFF, 0xDF, 0xFF, 0xDF, 0xFF, 0xDF, 0xFF, 0xDF, 0xFF, 0xDF,
    0xFF, 0xDF, 0xFF, 0xDF, 0xFF, 0xDF, 0xEE, 0xFC, 0xD6, 0x19, 0xCD, 0x97, 0x62, 0x6B, 0x39, 0x69,
    0x31, 0x4A, 0x31, 0x6A, 0x39, 0xAB, 0x39, 0xCC, 0x39, 0x8B, 0x31, 0x6A, 0x39, 0xAB, 0x39, 0xAB,
    0x39, 0xAB, 0x39, 0xCB, 0x39, 0xAB, 0x31, 0x6A, 0x39, 0xAB, 0x39, 0xAB, 0x41, 0xAB, 0x41, 0xCB,
    0x39, 0x8A, 0x31, 0x49, 0x39, 0xAB, 0x41, 0xCB, 0x39, 0x8A, 0x29, 0x28, 0x5A, 0x8D, 0xBD, 0x78,
    0xCD, 0xF9, 0xDE, 0x3A, 0xEE, 0xFC, 0xE6, 0x9B, 0xF7, 0x1C, 0xFF, 0xDF, 0xE6, 0xDB, 0xBD, 0xB6,
    0xD6, 0x59, 0xE6, 0xDB, 0xE6, 0xFB, 0xF7, 0x1C, 0xFF, 0x5D, 0xEE, 0xDA, 0x9E, 0x13, 0x66, 0xED,
    0x3F, 0xE9, 0x1F, 0xE4, 0x17, 0xE4, 0x1F, 0xE4, 0x17, 0xE4, 0x17, 0xE4, 0x17, 0xE4, 0x17, 0xE4,
    0x17, 0xE4, 0x17, 0xE4, 0x17, 0xE4, 0x17, 0xFF, 0xE4, 0x17, 0xE4, 0x17, 0xE4, 0x17, 0xE4, 0x17,
    0xE4, 0x17, 0xE4, 0x17, 0xE4, 0x17, 0xE4, 0x17, 0xE4, 0x17, 0xE4, 0x17, 0xE4, 0x17, 0xE4, 0x17,
    0xE4, 0x17, 0xE4, 0x17, 0xE4, 0x17, 0xE4, 0x17, 0xE4, 0x17, 0xE4, 0x17, 0xE4, 0x17, 0xE4, 0x17,
    0xE4, 0x17, 0xE4, 0x17, 0xE4, 0x17, 0xE4, 0x17, 0xE4, 0x17, 0xE4, 0x17, 0xE4, 0x17, 0xE4, 0x17,
    0xE4, 0x17, 0xE4, 0x17, 0xE4, 0x17, 0xE4, 0x17, 0xE4, 0x17, 0xE4, 0x17, 0xE4, 0x17, 0xE4, 0x17,
    0xE4, 0x17, 0xE4, 0x17, 0xE4, 0x17, 0xE4, 0x17, 0xE4, 0x17, 0xE4, 0x17, 0xE4, 0x17, 0xE4, 0x17,
    0xE4, 0x17, 0xE4, 0x17, 0xE4, 0x17, 0xE4, 0x17, 0xE4, 0x17, 0xE4, 0x17, 0xE4, 0x17, 0xE4, 0x17,
    0xE4, 0x17, 0xE4, 0x17, 0xE3, 0x17, 0xE4, 0x1F, 0xE4, 0x27, 0xE6, 0x37, 0xE6, 0x37, 0xE6, 0x3F,
    0xE7, 0x37, 0xE7, 0x37, 0xE8, 0x3F, 0xE8, 0x3F, 0xFF, 0x68, 0x5E, 0xEC, 0x9E, 0xF3, 0xEF, 0xDC,
    0xEF, 0x3C, 0xF7, 0x5D, 0xFF, 0xDE, 0xFF, 0xDE, 0xFF, 0xDF, 0xFF, 0xDF, 0xFF, 0xDF, 0xFF, 0xDF,
    0xFF, 0xDF, 0xFF, 0xBF, 0xDE, 0x9A, 0xD5, 0xF8, 0xAC, 0xD4, 0x49, 0xC9, 0x39, 0x8A, 0x31, 0x4A,
    0x31, 0x8B, 0x39, 0xAB, 0x39, 0xAB, 0x39, 0x8B, 0x31, 0x6A, 0x39, 0xAB, 0x39, 0xAB, 0x39, 0xAB,
    0x39, 0xCB, 0x39, 0xAB, 0x39, 0x8A, 0x39, 0xAB, 0x39, 0xAB, 0x39, 0xAB, 0x39, 0xCB, 0x39, 0xAB,
    0x39, 0x8A, 0x39, 0x8B, 0x39, 0xCB, 0x39, 0xAB, 0x39, 0xAA, 0x39, 0x69, 0x6A, 0xEF, 0xC5, 0x78,
    0xCD, 0xFA, 0xD6, 0x19, 0xC5, 0xB7, 0xD6, 0x39, 0xFF, 0x7E, 0xBD, 0x76, 0xD6, 0x59, 0xFF, 0x7D,
    0xEF, 0x3C, 0xE6, 0xBA, 0xE6, 0x99, 0xFF, 0x1B, 0xFE, 0xFC, 0xE6, 0xFB, 0xA6, 0x13, 0x6E, 0xAE,
    0x2F, 0xE8, 0x17, 0xE4, 0x17, 0xE4, 0x17, 0xE4, 0x17, 0xFF, 0xE4, 0x17, 0xE4, 0x17, 0xE4, 0x17,
    0xE4, 0x17, 0xE4, 0x17, 0xE4, 0x17, 0xE4, 0x17, 0xE4, 0x17, 0xE4, 0x17, 0xE4, 0x17, 0xE4, 0x17,
    0xE4, 0x17, 0xE4, 0x17, 0xE4, 0x17, 0xE4, 0x17, 0xE4, 0x17, 0xE4, 0x17, 0xE4, 0x17, 0xE4, 0x17,
    0xE4, 0x17, 0xE4, 0x17, 0xE4, 0x17, 0xE4, 0x17, 0xE4, 0x17, 0xE4, 0x17, 0xE4, 0x17, 0xE4, 0x17,
    0xE4, 0x17, 0xE4, 0x17, 0xE4, 0x17, 0xE4, 0x17, 0xE4, 0x17, 0xE4, 0x17, 0xE4, 0x17, 0xE4, 0x17,
    0xE4, 0x17, 0xE4, 0x17, 0xE4, 0x17, 0xE4, 0x17, 0xE4, 0x17, 0xE4, 0x17, 0xE4, 0x17, 0xE4, 0x17,
    0xE4, 0x17, 0xE4, 0x17, 0xE4, 0x17, 0xE4, 0x17, 0xE4, 0x17, 0xE4, 0x17, 0xE4, 0x17, 0xE4, 0x17,
    0xE4, 0x17, 0xE4, 0x17, 0xE4, 0x17, 0xE4, 0x17, 0xE4, 0x17, 0xE4, 0x17, 0xE4, 0x17, 0xE4, 0x17,
    0xE4, 0x17, 0xE4, 0x17, 0xE4, 0x2F, 0xE6, 0x47, 0x69, 0x6E, 0x90, 0xCD, 0x76, 0x8D, 0x6E, 0x6C,
    0x66, 0x8C, 0x5E, 0x2B, 0x6E, 0x2D, 0x9E, 0xD2, 0xE7, 0xFA, 0xFF, 0xFE, 0x03, 0xFF, 0xFF, 0x7D,
    0xDE, 0x9A, 0xF7, 0x7D, 0xFF, 0xDE, 0xFF, 0xDF, 0xFF, 0xDF, 0xFF, 0xDF, 0xFF, 0xDF, 0xFF, 0xDF,
    0xEF, 0x3D, 0xCE, 0x39, 0xD6, 0x18, 0xA4, 0x72, 0x49, 0xA9, 0x41, 0xAA, 0x31, 0x6A, 0x39, 0x8B,
    0x39, 0xAB, 0x39, 0xAB, 0x39, 0xAB, 0x31, 0x6A, 0x39, 0xAB, 0x39, 0xAB, 0x39, 0xAB, 0x39, 0xAB,
    0x39, 0xAB, 0x39, 0xAB, 0x39, 0xAB, 0x39, 0xAB, 0x39, 0xAB, 0x39, 0xAB, 0x39, 0xCB, 0x39, 0xAB,
    0x39, 0xAB, 0x39, 0xAB, 0x39, 0xAB, 0x39, 0xAB, 0x39, 0xAA, 0x39, 0x49, 0x6A, 0xEE, 0xC5, 0x78,
    0xCD, 0xF9, 0xCD, 0xD8, 0xBD, 0x76, 0xEE, 0xDC, 0xC5, 0x97, 0xCD, 0xD7, 0xFF, 0x7D, 0xDE, 0x79,
    0xB5, 0x13, 0xCD, 0xF6, 0xFF, 0x1B, 0xE6, 0x58, 0xFF, 0x1B, 0xE6, 0xDA, 0x95, 0xF2, 0x4F, 0xEB,
    0x1F, 0xE5, 0x17, 0xE4, 0x17, 0xE4, 0x17, 0xE4, 0x17, 0xE4, 0x17, 0xE4, 0x17, 0xE4, 0x17, 0xFF,
    0xE4, 0x17, 0xE4, 0x17, 0xE4, 0x17, 0xE4, 0x17, 0xE4, 0x17, 0xE4, 0x17, 0xE4, 0x17, 0xE4, 0x17,
    0xE4, 0x17, 0xE4, 0x17, 0xE4, 0x17, 0xE4, 0x17, 0xE4, 0x17, 0xE4, 0x17, 0xE4, 0x17, 0xE4, 0x17,
    0xE4, 0x17, 0xE4, 0x17, 0xE4, 0x17, 0xE4, 0x17, 0xE4, 0x17, 0xE4, 0x17, 0xE4, 0x17, 0xE4, 0x17,
    0xE4, 0x17, 0xE4, 0x17, 0xE4, 0x17, 0xE4, 0x17, 0xE4, 0x17, 0xE4, 0x17, 0xE4, 0x17, 0xE4, 0x17,
    0xE4, 0x17, 0xE4, 0x17, 0xE4, 0x17, 0xE4, 0x17, 0xE4, 0x17, 0xE4, 0x17, 0xE4, 0x17, 0xE4, 0x17,
    0xE4, 0x17, 0xE4, 0x17, 0xE4, 0x17, 0xE4, 0x17, 0xE4, 0x17, 0xE4, 0x17, 0xE4, 0x17, 0xE4, 0x17,
    0xE4, 0x17, 0xE4, 0x17, 0xE4, 0x17, 0xE4, 0x17, 0xE4, 0x17, 0xE4, 0x17, 0xE4, 0x17, 0xE4, 0x17,
    0xE4, 0x17, 0xE4, 0x37, 0xC7, 0x8E, 0xD1, 0xDF, 0x5A, 0xE7, 0x3A, 0xD6, 0xB8, 0xBE, 0x35, 0xA5,
    0x88, 0x31, 0xA5, 0x33, 0xB5, 0x95, 0xDE, 0xBA, 0xFF, 0xBE, 0x04, 0xFF, 0x89, 0xF7, 0x5C, 0xE7,
    0x1B, 0xFF, 0xDE, 0xFF, 0xDE, 0xFF, 0xDF, 0x05, 0xFF, 0xC7, 0x9E, 0xD6, 0x5A, 0xCD, 0xD8, 0xD5,
    0xF8, 0x83, 0x6E, 0x41, 0x88, 0x41, 0xAA, 0x39, 0xAB, 0x39, 0xAB, 0x39, 0xAB, 0x39, 0xAB, 0x39,
    0xAB, 0x39, 0x8B, 0x39, 0xAB, 0x39, 0xAB, 0x39, 0xAB, 0x39, 0xCB, 0x39, 0xCB, 0x39, 0xCB, 0x39,
    0xAB, 0x39, 0xAB, 0x39, 0xCB, 0x39, 0xAB, 0x39, 0xAB, 0x39, 0xAB, 0x39, 0xAC, 0x39, 0xAB, 0x39,
    0xCB, 0x39, 0xAB, 0x39, 0xAB, 0x39, 0x8A, 0x31, 0x07, 0x62, 0xAD, 0xAC, 0xF6, 0xCD, 0xD9, 0xC5,
    0x97, 0xC5, 0x02, 0xD6, 0xFF, 0x58, 0xB5, 0x34, 0xEE, 0xFB, 0xE6, 0xBA, 0xB5, 0x13, 0xDE, 0x38,
    0xF6, 0xDB, 0xE6, 0x99, 0xFF, 0x3B, 0xE6, 0x78, 0xCE, 0x56, 0x67, 0x0C, 0x27, 0xE6, 0x17, 0xE4,
    0x17, 0xE4, 0x17, 0xE4, 0x17, 0xE4, 0x17, 0xE4, 0x17, 0xE4, 0x17, 0xE4, 0x17, 0xE4, 0x17, 0xE4,
    0x17, 0xE4, 0x17, 0xE4, 0x17, 0xE4, 0x17, 0xE4, 0x17, 0xE4, 0x17, 0xE4, 0x17, 0xE4, 0x17, 0xE4,
    0x17, 0xE4, 0x17, 0xE4, 0x17, 0xE4, 0x17, 0xE4, 0x17, 0xE4, 0x17, 0xE4, 0x17, 0xE4, 0x17, 0xE4,
    0x17, 0xE4, 0x17, 0xE4, 0x17, 0xE4, 0x17, 0xE4, 0x17, 0xE4, 0x17, 0xE4, 0x17, 0xE4, 0x17, 0xE4,
    0x17, 0xE4, 0x17, 0xE4, 0x17, 0xE4, 0x17, 0xE4, 0x17, 0xE4, 0x17, 0xE4, 0x17, 0xE4, 0x17, 0xE4,
    0x17, 0xE4, 0x17, 0xE4, 0x17, 0xE4, 0x17, 0xE4, 0x17, 0xE4, 0x17, 0xE4, 0x17, 0xE4, 0x17, 0xE4,
    0x17, 0xE4, 0x17, 0xE4, 0x17, 0xBC, 0xE4, 0x17, 0xE4, 0x17, 0xE4, 0x17, 0xE4, 0x17, 0xE4, 0x17,
    0xE4, 0x17, 0xE4, 0x17, 0xE4, 0x17, 0xE4, 0x17, 0xE4, 0x17, 0xE4, 0x17, 0xE4, 0x1F, 0xE4, 0x37,
    0x28, 0xC7, 0x57, 0xD6, 0x38, 0xCD, 0xF6, 0xCD, 0xF6, 0xCE, 0x16, 0xF7, 0x1A, 0xFF, 0x3C, 0xEE,
    0xDB, 0xC5, 0xB6, 0xE6, 0xDA, 0xFF, 0xDE, 0xFF, 0xFE, 0xFF, 0xDE, 0xF7, 0x7D, 0xFF, 0xBE, 0xFF,
    0xDF, 0xFF, 0xDF, 0x03, 0xFF, 0xFF, 0xDF, 0xEF, 0x1D, 0xC6, 0x18, 0xBE, 0x36, 0x95, 0x70, 0x42,
    0x27, 0x41, 0xA9, 0x41, 0xAB, 0x39, 0xCB, 0x39, 0xAB, 0x39, 0xAB, 0x39, 0xAB, 0x39, 0xAB, 0x39,
    0xAB, 0x39, 0xAB, 0x39, 0xAB, 0x39, 0xAB, 0x39, 0xAB, 0x39, 0xAB, 0x39, 0xAB, 0x39, 0xAB, 0x39,
    0xAB, 0x39, 0xAB, 0x39, 0xAB, 0x39, 0xAB, 0x39, 0xAB, 0x39, 0xAB, 0x39, 0xAB, 0x39, 0xAB, 0x39,
    0xAB, 0x39, 0xAB, 0x41, 0xAA, 0x39, 0x8A, 0x29, 0x28, 0x49, 0xEB, 0x83, 0x91, 0x9D, 0x74, 0x75,
    0x6F, 0x6D, 0x8D, 0x6D, 0x6E, 0xA6, 0x94, 0xD7, 0x79, 0xBE, 0x15, 0xDE, 0xD8, 0xEF, 0x3A, 0xF7,
    0x3B, 0xEE, 0xB9, 0xF6, 0xDA, 0xC5, 0xF4, 0x6E, 0x6C, 0x2F, 0xE7, 0x17, 0xE4, 0x17, 0xE4, 0x17,
    0xE4, 0x17, 0xE4, 0x17, 0xE4, 0x17, 0xE4, 0x17, 0xE4, 0x17, 0xE4, 0x17, 0xE4, 0x17, 0xE4, 0x17,
    0xE4, 0x17, 0xE4, 0x17, 0xE4, 0x17, 0xFF, 0xE4, 0x17, 0xE4, 0x17, 0xE4, 0x17, 0xE4, 0x17, 0xE4,
    0x17, 0xE4, 0x17, 0xE4, 0x17, 0xE4, 0x17, 0xE4, 0x17, 0xE4, 0x17, 0xE4, 0x17, 0xE4, 0x17, 0xE4,
    0x17, 0xE4, 0x17, 0xE4, 0x17, 0xE4, 0x17, 0xE4, 0x17, 0xE4, 0x17, 0xE4, 0x17, 0xE4, 0x17, 0xE4,
    0x17, 0xE4, 0x17, 0xE4, 0x17, 0xE4, 0x17, 0xE4, 0x17, 0xE4, 0x17, 0xE4, 0x17, 0xE4, 0x17, 0xE4,
    0x17, 0xE4, 0x17, 0xE4, 0x17, 0xE4, 0x17, 0xE4, 0x17, 0xE4, 0x17, 0xE4, 0x17, 0xE4, 0x17, 0xE4,
    0x17, 0xE4, 0x17, 0xE4, 0x17, 0xE4, 0x17, 0xE4, 0x17, 0xE4, 0x17, 0xE4, 0x17, 0xE4, 0x17, 0xE4,
    0x17, 0xE4, 0x17, 0xE4, 0x17, 0xE4, 0x17, 0xE3, 0x17, 0xE3, 0x17, 0xE4, 0x37, 0x47, 0xB6, 0xF5,
    0xD6, 0x37, 0xDE, 0x57, 0xEE, 0xF9, 0xF7, 0x3A, 0xFF, 0x5B, 0xFF, 0x5B, 0xFF, 0x7C, 0xE6, 0x78,
    0xCD, 0xD6, 0xFF, 0x7D, 0xFF, 0xDE, 0xFF, 0xDD, 0xBE, 0xE6, 0xDB, 0xF7, 0x5D, 0xFF, 0xDF, 0xFF,
    0xDF, 0xFF, 0xDF, 0xEF, 0x5D, 0xD6, 0x7A, 0xAE, 0x36, 0x76, 0x6F, 0x3D, 0xE8, 0x12, 0x85, 0x39,
    0xCA, 0x39, 0xCB, 0x39, 0xAB, 0x39, 0xAB, 0x39, 0xAB, 0x39, 0xAB, 0x39, 0xAB, 0x39, 0xAB, 0x39,
    0xCB, 0x39, 0xAB, 0x39, 0xAB, 0x39, 0xAB, 0x39, 0xAB, 0x39, 0xAB, 0x39, 0xCB, 0x39, 0xAB, 0x39,
    0xAB, 0x39, 0xAB, 0x39, 0xAB, 0x39, 0xAB, 0x39, 0xAB, 0x39, 0xAB, 0x39, 0xAB, 0x39, 0xAB, 0x39,
    0xAB, 0x39, 0xAB, 0x39, 0xCB, 0x31, 0x8A, 0x29, 0x28, 0x39, 0x69, 0x7D, 0x11, 0x5E, 0xED, 0x37,
    0x88, 0x37, 0xA9, 0x47, 0x4A, 0x77, 0x02, 0x6E, 0xFF, 0x6D, 0x8E, 0xD0, 0xAF, 0x33, 0xB7, 0x34,
    0xBE, 0xB5, 0xBE, 0x95, 0x96, 0x10, 0x66, 0xCB, 0x37, 0xE7, 0x17, 0xE5, 0x17, 0xE4, 0x17, 0xE4,
    0x17, 0xE4, 0x17, 0xE4, 0x17, 0xE4, 0x17, 0xE4, 0x17, 0xE4, 0x17, 0xE4, 0x17, 0xE4, 0x17, 0xE4,
    0x17, 0xE4, 0x17, 0xE4, 0x17, 0xE4, 0x17, 0xE4, 0x17, 0xE4, 0x17, 0xE4, 0x17, 0xE4, 0x17, 0xE4,
    0x17, 0xE4, 0x17, 0xE4, 0x17, 0xE4, 0x17, 0xE4, 0x17, 0xE4, 0x17, 0xE4, 0x17, 0xE4, 0x17, 0xE4,
    0x17, 0xE4, 0x17, 0xE4, 0x17, 0xE4, 0x17, 0xE4, 0x17, 0xE4, 0x17, 0xE4, 0x17, 0xE4, 0x17, 0xE4,
    0x17, 0xE4, 0x17, 0xE4, 0x17, 0xE4, 0x17, 0xE4, 0x17, 0xE4, 0x17, 0xE4, 0x17, 0xE4, 0x17, 0xE4,
    0x17, 0xE4, 0x17, 0xE4, 0x17, 0xE4, 0x17, 0xE4, 0x17, 0xE4, 0x17, 0xE4, 0x17, 0xE4, 0x17, 0xE4,
    0x17, 0xE4, 0x17, 0xE4, 0x17, 0xE4, 0x17, 0xE4, 0x17, 0xFF, 0xE4, 0x17, 0xE4, 0x17, 0xE4, 0x17,
    0xE4, 0x17, 0xE4, 0x17, 0xE3, 0x17, 0xE3, 0x17, 0xE3, 0x17, 0xE3, 0x2F, 0xC7, 0xB7, 0x95, 0xE6,
    0xF9, 0xCD, 0xD5, 0xBD, 0x53, 0xCE, 0x35, 0xE7, 0x19, 0xF7, 0x5A, 0xF7, 0x5A, 0xD6, 0x56, 0xB5,
    0x53, 0xF7, 0x5B, 0xFF, 0xBD, 0xDE, 0xDA, 0xC6, 0x37, 0xE6, 0xFB, 0xF7, 0x9D, 0xFF, 0xDE, 0xEF,
    0x7C, 0xC6, 0xB8, 0x96, 0x53, 0x5E, 0x8D, 0x3F, 0xE8, 0x1F, 0x44, 0x12, 0xC3, 0x39, 0xAA, 0x39,
    0xCB, 0x39, 0xAB, 0x39, 0xCB, 0x39, 0xCB, 0x39, 0xCB, 0x39, 0xAB, 0x39, 0xAB, 0x39, 0xAB, 0x39,
    0xAB, 0x39, 0xAB, 0x39, 0xAB, 0x39, 0xAB, 0x39, 0xAB, 0x39, 0xAB, 0x39, 0xAB, 0x39, 0xAB, 0x39,
    0xAB, 0x39, 0xAB, 0x39, 0xAB, 0x39, 0xAB, 0x39, 0xAB, 0x39, 0xAB, 0x39, 0xAB, 0x39, 0xAB, 0x39,
    0xAB, 0x39, 0xCB, 0x39, 0xCB, 0x31, 0x8A, 0x20, 0xE8, 0x31, 0xFF, 0xC9, 0x6D, 0xCF, 0x57, 0xEB,
    0x27, 0xE5, 0x1F, 0xE5, 0x1F, 0xE5, 0x27, 0xE5, 0x27, 0xC6, 0x2F, 0x66, 0x2F, 0x06, 0x46, 0xC9,
    0x4E, 0xA9, 0x4F, 0x08, 0x3F, 0xE7, 0x27, 0xE6, 0x17, 0xE5, 0x17, 0xE4, 0x17, 0xE4, 0x17, 0xE4,
    0x17, 0xE4, 0x17, 0xE4, 0x17, 0xE4, 0x17, 0xE4, 0x17, 0xE4, 0x17, 0xE4, 0x17, 0xE4, 0x17, 0xE4,
    0x17, 0xE4, 0x17, 0xE4, 0x17, 0xE4, 0x17, 0xE4, 0x17, 0xE4, 0x17, 0xE4, 0x17, 0xE4, 0x17, 0xE4,
    0x17, 0xE4, 0x17, 0xE4, 0x17, 0xE4, 0x17, 0xE4, 0x17, 0xE4, 0x17, 0xE4, 0x17, 0xE4, 0x17, 0xE4,
    0x17, 0xE4, 0x17, 0xE4, 0x17, 0xE4, 0x17, 0xE4, 0x17, 0xE4, 0x17, 0xE4, 0x17, 0xE4, 0x17, 0xE4,
    0x17, 0xE4, 0x17, 0xE4, 0x17, 0xE4, 0x17, 0xE4, 0x17, 0xE4, 0x17, 0xE4, 0x17, 0xE4, 0x17, 0xE4,
    0x17, 0xE4, 0x17, 0xE4, 0x17, 0xE4, 0x17, 0xE4, 0x17, 0xE4, 0x17, 0xFF, 0xE4, 0x17, 0xE4, 0x17,
    0xE4, 0x17, 0xE4, 0x17, 0xE4, 0x17, 0xE4, 0x17, 0xE4, 0x17, 0xE4, 0x17, 0xE4, 0x17, 0xE4, 0x17,
    0xE4, 0x17, 0xE3, 0x17, 0xE3, 0x17, 0xE3, 0x17, 0xE3, 0x1F, 0xE4, 0x6F, 0x4D, 0xC7, 0x56, 0xBE,
    0x53, 0x9D, 0xAF, 0x7D, 0xAD, 0x7E, 0x0E, 0x8E, 0x70, 0x8E, 0x2F, 0x85, 0xEE, 0x86, 0x0F, 0xAF,
    0x74, 0x96, 0xD2, 0x7E, 0x2F, 0x86, 0x50, 0x8E, 0x91, 0x8E, 0xD1, 0x8F, 0x12, 0x86, 0xF0, 0x5E,
    0x8C, 0x47, 0x2A, 0x37, 0xE8, 0x1F, 0xE5, 0x1F, 0x42, 0x12, 0xC2, 0x39, 0xAA, 0x39, 0xCB, 0x39,
    0xAB, 0x39, 0xAB, 0x39, 0xCB, 0x39, 0xCB, 0x39, 0xAB, 0x39, 0xAB, 0x39, 0xAB, 0x39, 0xAB, 0x39,
    0xAB, 0x39, 0xAB, 0x39, 0xAB, 0x39, 0xAB, 0x39, 0xAB, 0x39, 0xAB, 0x39, 0xAB, 0x39, 0xAB, 0x39,
    0xAB, 0x39, 0xAB, 0x39, 0xAB, 0x39, 0xAB, 0x39, 0xAB, 0x39, 0xAB, 0x39, 0xFF, 0xCB, 0x39, 0xAB,
    0x39, 0xAB, 0x39, 0xCB, 0x39, 0xAA, 0x31, 0x4A, 0x20, 0xA7, 0x32, 0x08, 0x65, 0xED, 0x57, 0xEB,
    0x27, 0xE6, 0x17, 0xE4, 0x17, 0xE4, 0x17, 0xE4, 0x1F, 0xE5, 0x1F, 0xE5, 0x27, 0xE5, 0x27, 0xE5,
    0x27, 0xE5, 0x1F, 0xE4, 0x17, 0xE4, 0x17, 0xE4, 0x17, 0xE4, 0x17, 0xE4, 0x17, 0xE4, 0x17, 0xE4,
    0x17, 0xE4, 0x17, 0xE4, 0x17, 0xE4, 0x17, 0xE4, 0x17, 0xE4, 0x17, 0xE4, 0x17, 0xE4, 0x17, 0xE4,
    0x17, 0xE4, 0x17, 0xE4, 0x17, 0xE4, 0x17, 0xE4, 0x17, 0xE4, 0x17, 0xE4, 0x17, 0xE4, 0x17, 0xE4,
    0x17, 0xE4, 0x17, 0xE4, 0x17, 0xE4, 0x17, 0xE4, 0x17, 0xE4, 0x17, 0xE4, 0x17, 0xE4, 0x17, 0xE4,
    0x17, 0xE4, 0x17, 0xE4, 0x17, 0xE4, 0x17, 0xE4, 0x17, 0xE4, 0x17, 0xE4, 0x17, 0xE4, 0x17, 0xE4,
    0x17, 0xE4, 0x17, 0xE4, 0x17, 0xE4, 0x17, 0xE4, 0x17, 0xE4, 0x17, 0xE4, 0x17, 0xFF, 0xE4, 0x17,
    0xE4, 0x17, 0xE4, 0x17, 0xE4, 0x17, 0xE4, 0x17, 0xE4, 0x17, 0xE4, 0x17, 0xE4, 0x17, 0xE4, 0x17,
    0xE4, 0x17, 0xE4, 0x17, 0xE4, 0x17, 0xE4, 0x17, 0xE4, 0x17, 0xE4, 0x17, 0xE4, 0x17, 0xE4, 0x17,
    0xE4, 0x17, 0xE3, 0x17, 0xE3, 0x17, 0xE2, 0x17, 0xE3, 0x1F, 0xA4, 0x6F, 0x8D, 0x7E, 0xED, 0x56,
    0x88, 0x3F, 0x07, 0x2F, 0x67, 0x37, 0x47, 0x37, 0x48, 0x37, 0x67, 0x2F, 0x47, 0x37, 0x87, 0x37,
    0x86, 0x2F, 0xA6, 0x2F, 0xC7, 0x27, 0xC6, 0x1F, 0xC6, 0x27, 0xE6, 0x2F, 0xE6, 0x2F, 0xE6, 0x27,
    0xE6, 0x1F, 0xE5, 0x17, 0xE4, 0x1F, 0x62, 0x12, 0xC2, 0x39, 0xAA, 0x39, 0xAB, 0x39, 0xAB, 0x39,
    0xAB, 0x39, 0xAB, 0x39, 0xAB, 0x39, 0xAB, 0x39, 0xAB, 0x39, 0xAB, 0x39, 0xAB, 0x39, 0xAB, 0x39,
    0xAB, 0x39, 0xAB, 0x39, 0xAB, 0x39, 0xAB, 0x39, 0xAB, 0x39, 0xAB, 0x39, 0xAB, 0x39, 0xFF, 0xAB,
    0x39, 0xAB, 0x39, 0xAB, 0x39, 0xAB, 0x39, 0xAB, 0x39, 0xAB, 0x39, 0xAB, 0x39, 0xAB, 0x39, 0xAB,
    0x39, 0xAB, 0x39, 0xCB, 0x39, 0xAB, 0x29, 0x49, 0x18, 0xC7, 0x31, 0xE8, 0x65, 0x0E, 0x5F, 0xCD,
    0x2F, 0xE7, 0x17, 0xE4, 0x17, 0xE4, 0x17, 0xE4, 0x17, 0xE4, 0x1F, 0xE4, 0x1F, 0xE4, 0x17, 0xE4,
    0x17, 0xE4, 0x17, 0xE4, 0x17, 0xE4, 0x17, 0xE4, 0x17, 0xE4, 0x17, 0xE4, 0x17, 0xE4, 0x17, 0xE4,
    0x17, 0xE4, 0x17, 0xE4, 0x17, 0xE4, 0x17, 0xE4, 0x17, 0xE4, 0x17, 0xE4, 0x17, 0xE4, 0x17, 0xE4,
    0x17, 0xE4, 0x17, 0xE4, 0x17, 0xE4, 0x17, 0xE4, 0x17, 0xE4, 0x17, 0xE4, 0x17, 0xE4, 0x17, 0xE4,
    0x17, 0xE4, 0x17, 0xE4, 0x17, 0xE4, 0x17, 0xE4, 0x17, 0xE4, 0x17, 0xE4, 0x17, 0xE4, 0x17, 0xE4,
    0x17, 0xE4, 0x17, 0xE4, 0x17, 0xE4, 0x17, 0xE4, 0x17, 0xE4, 0x17, 0xE4, 0x17, 0xE4, 0x17, 0xFF,
    0xE4, 0x17, 0xE4, 0x17, 0xE4, 0x17, 0xE4, 0x17, 0xE4, 0x17, 0xE4, 0x17, 0xE4, 0x17, 0xE4, 0x17,
    0xE4, 0x17, 0xE4, 0x17, 0xE4, 0x17, 0xE4, 0x17, 0xE4, 0x17, 0xE4, 0x17, 0xE4, 0x17, 0xE4, 0x17,
    0xE4, 0x17, 0xE4, 0x17, 0xE4, 0x17, 0xE4, 0x17, 0xE4, 0x17, 0xE4, 0x17, 0xE4, 0x17, 0xE4, 0x17,
    0xE4, 0x17, 0xE3, 0x17, 0xE3, 0x17, 0xE3, 0x1F, 0xE4, 0x1F, 0xE5, 0x2F, 0xE6, 0x27, 0xE5, 0x27,
    0xE5, 0x1F, 0xE6, 0x27, 0xE6, 0x27, 0xE6, 0x27, 0xE6, 0x1F, 0xE5, 0x1F, 0xE4, 0x1F, 0xE4, 0x1F,
    0xE4, 0x1F, 0xE4, 0x17, 0xE4, 0x17, 0xE4, 0x17, 0xE4, 0x1F, 0xE5, 0x17, 0xE4, 0x17, 0xE4, 0x17,
    0xE4, 0x17, 0xE4, 0x17, 0x82, 0x12, 0xE2, 0x39, 0xAA, 0x39, 0xAB, 0x39, 0xCB, 0x39, 0xAB, 0x39,
    0xAB, 0x39, 0xAB, 0x39, 0xAB, 0x39, 0xAB, 0x39, 0xAB, 0x39, 0xAB, 0x39, 0xAB, 0x39, 0xAB, 0x39,
    0xA4, 0xAB, 0x39, 0xAB, 0x39, 0xAB, 0x39, 0xAB, 0x39, 0xAB, 0x39, 0xAB, 0x39, 0xAB, 0x39, 0xAB,
    0x39, 0xAB, 0x39, 0xAB, 0x39, 0xAB, 0x39, 0xAB, 0x39, 0xAB, 0x39, 0xAB, 0x39, 0xCB, 0x39, 0xAB,
    0x39, 0xCB, 0x39, 0xCB, 0x39, 0xAB, 0x02, 0x29, 0xFF, 0x18, 0xA7, 0x21, 0x67, 0x4C, 0xAC, 0x57,
    0xAC, 0x37, 0xE8, 0x1F, 0xE5, 0x17, 0xE4, 0x17, 0xE3, 0x17, 0xE4, 0x17, 0xE4, 0x17, 0xE4, 0x17,
    0xE4, 0x17, 0xE4, 0x17, 0xE4, 0x17, 0xE4, 0x17, 0xE4, 0x17, 0xE4, 0x17, 0xE4, 0x17, 0xE4, 0x17,
    0xE4, 0x17, 0xE4, 0x17, 0xE4, 0x17, 0xE4, 0x17, 0xE4, 0x17, 0xE4, 0x17, 0xE4, 0x17, 0xE4, 0x17,
    0xE4, 0x17, 0xE4, 0x17, 0xE4, 0x17, 0xE4, 0x17, 0xE4, 0x17, 0xE4, 0x17, 0xE4, 0x17, 0xE4, 0x17,
    0xE4, 0x17, 0xE4, 0x17, 0xE4, 0x17, 0xE4, 0x17, 0xE4, 0x17, 0xE4, 0x17, 0xE4, 0x17, 0xE4, 0x17,
    0xE4, 0x17, 0xE4, 0x17, 0xE4, 0x17, 0xE4, 0x17, 0xE4, 0x17, 0xE4, 0x17, 0xE4, 0x17, 0xE4, 0x17,
    0xE4, 0x17, 0xE4, 0x17, 0xE4, 0x17, 0xE4, 0x17, 0xE4, 0x17, 0xE4, 0x17, 0xE4, 0x17, 0xE4, 0x17,
    0xE4, 0x17, 0xE4, 0x17, 0xE4, 0x17, 0xE4, 0x17, 0xE4, 0xFF, 0x17, 0xE4, 0x17, 0xE4, 0x17, 0xE4,
    0x17, 0xE4, 0x17, 0xE4, 0x17, 0xE4, 0x17, 0xE4, 0x17, 0xE4, 0x17, 0xE4, 0x17, 0xE4, 0x17, 0xE4,
    0x17, 0xE4, 0x17, 0xE4, 0x17, 0xE3, 0x17, 0xE4, 0x1F, 0xE4, 0x17, 0xE4, 0x17, 0xE4, 0x17, 0xE3,
    0x17, 0xE3, 0x17, 0xE3, 0x17, 0xE4, 0x17, 0xE4, 0x1F, 0xE4, 0x17, 0xE4, 0x17, 0xE4, 0x17, 0xE4,
    0x17, 0xE4, 0x17, 0xE4, 0x17, 0xE4, 0x17, 0xE4, 0x17, 0xE4, 0x17, 0xE4, 0x17, 0xE4, 0x17, 0xE3,
    0x17, 0xE4, 0x1F, 0x62, 0x12, 0xE2, 0x39, 0xCA, 0x39, 0xAC, 0x39, 0xAB, 0x39, 0xAB, 0x39, 0xAB,
    0x39, 0xAB, 0x39, 0xAB, 0x39, 0xAB, 0x39, 0xAB, 0x39, 0xAB, 0x39, 0xAB, 0x39, 0xAB, 0x39, 0xAB,
    0x39, 0xAB, 0x39, 0xAB, 0x39, 0xAB, 0x39, 0xAB, 0x39, 0xAB, 0x39, 0xAB, 0x39, 0xAB, 0x39, 0xAB,
    0x39, 0xAB, 0x39, 0xAB, 0x39, 0xAB, 0x39, 0xAB, 0x39, 0xAB, 0xFF, 0x39, 0xAB, 0x39, 0xAB, 0x39,
    0xAB, 0x39, 0xCB, 0x39, 0xAB, 0x31, 0x6A, 0x20, 0xE8, 0x18, 0xC7, 0x11, 0x26, 0x3B, 0xC9, 0x57,
    0x2C, 0x3F, 0xE9, 0x1F, 0xE5, 0x17, 0xE4, 0x17, 0xE3, 0x1F, 0xE4, 0x17, 0xE4, 0x17, 0xE4, 0x17,
    0xE4, 0x17, 0xE4, 0x17, 0xE4, 0x17, 0xE4, 0x17, 0xE4, 0x17, 0xE4, 0x17, 0xE4, 0x17, 0xE4, 0x17,
    0xE4, 0x17, 0xE4, 0x17, 0xE4, 0x17, 0xE4, 0x17, 0xE4, 0x17, 0xE4, 0x17, 0xE4, 0x17, 0xE4, 0x17,
    0xE4, 0x17, 0xE4, 0x17, 0xE4, 0x17, 0xE4, 0x17, 0xE4, 0x17, 0xE4, 0x17, 0xE4, 0x17, 0xE4, 0x17,
    0xE4, 0x17, 0xE4, 0x17, 0xE4, 0x17, 0xE4, 0x17, 0xE4, 0x17, 0xE4, 0x17, 0xE4, 0x17, 0xE4, 0x17,
    0xE4, 0x17, 0xE4, 0x17, 0xE4, 0x17, 0xE4, 0x17, 0xE4, 0x17, 0xE4, 0x17, 0xE4, 0x17, 0xE4, 0x17,
    0xE4, 0x17, 0xE4, 0x17, 0xE4, 0x17, 0xE4, 0x17, 0xE4, 0x17, 0xE4, 0xFF, 0x17, 0xE4, 0x17, 0xE4,
    0x17, 0xE4, 0x17, 0xE4, 0x17, 0xE4, 0x17, 0xE4, 0x17, 0xE4, 0x17, 0xE4, 0x17, 0xE4, 0x17, 0xE4,
    0x17, 0xE4, 0x17, 0xE4, 0x17, 0xE4, 0x17, 0xE4, 0x17, 0xE4, 0x17, 0xE4, 0x17, 0xE4, 0x17, 0xE4,
    0x17, 0xE4, 0x17, 0xE4, 0x17, 0xE3, 0x17, 0xE4, 0x17, 0xE4, 0x17, 0xE4, 0x17, 0xE4, 0x17, 0xE3,
    0x17, 0xE4, 0x17, 0xE4, 0x17, 0xE4, 0x17, 0xE4, 0x17, 0xE4, 0x17, 0xE4, 0x17, 0xE4, 0x17, 0xE4,
    0x17, 0xE4, 0x17, 0xE4, 0x17, 0xE4, 0x17, 0xE4, 0x17, 0xE4, 0x17, 0xE4, 0x17, 0xE4, 0x17, 0xE4,
    0x1F, 0x42, 0x12, 0xC2, 0x39, 0xCB, 0x39, 0xAB, 0x39, 0xAB, 0x39, 0xAB, 0x39, 0xAB, 0x39, 0xAB,
    0x39, 0xAB, 0x39, 0xAB, 0x39, 0xAB, 0x39, 0xAB, 0x39, 0xAB, 0x39, 0xAB, 0x39, 0xAB, 0x39, 0xAB,
    0x39, 0xAB, 0x39, 0xAB, 0x39, 0xAB, 0x39, 0xAB, 0x39, 0xAB, 0x39, 0xAB, 0xFF, 0x39, 0xAB, 0x39,
    0xAB, 0x39, 0xAB, 0x39, 0xAB, 0x39, 0xAB, 0x39, 0xAB, 0x39, 0xAB, 0x39, 0xAB, 0x39, 0xAB, 0x39,
    0xAB, 0x39, 0xAB, 0x31, 0x8A, 0x31, 0x4A, 0x20, 0xE8, 0x18, 0xA7, 0x10, 0xE5, 0x2B, 0x07, 0x66,
    0x8D, 0x47, 0xEA, 0x1F, 0xE5, 0x17, 0xE4, 0x17, 0xE4, 0x17, 0xE4, 0x17, 0xE4, 0x17, 0xE4, 0x17,
    0xE4, 0x17, 0xE4, 0x17, 0xE4, 0x17, 0xE4, 0x17, 0xE4, 0x17, 0xE4, 0x17, 0xE4, 0x17, 0xE4, 0x17,
    0xE4, 0x17, 0xE4, 0x17, 0xE4, 0x17, 0xE4, 0x17, 0xE4, 0x17, 0xE4, 0x17, 0xE4, 0x17, 0xE4, 0x17,
    0xE4, 0x17, 0xE4, 0x17, 0xE4, 0x17, 0xE4, 0x17, 0xE4, 0x17, 0xE4, 0x17, 0xE4, 0x17, 0xE4, 0x17,
    0xE4, 0x17, 0xE4, 0x17, 0xE4, 0x17, 0xE4, 0x17, 0xE4, 0x17, 0xE4, 0x17, 0xE4, 0x17, 0xE4, 0x17,
    0xE4, 0x17, 0xE4, 0x17, 0xE4, 0x17, 0xE4, 0x17, 0xE4, 0x17, 0xE4, 0x17, 0xE4, 0xFF, 0x17, 0xE4,
    0x17, 0xE4, 0x17, 0xE4, 0x17, 0xE4, 0x17, 0xE4, 0x17, 0xE4, 0x17, 0xE4, 0x17, 0xE4, 0x17, 0xE4,
    0x17, 0xE4, 0x17, 0xE4, 0x17, 0xE4, 0x17, 0xE4, 0x17, 0xE4, 0x17, 0xE4, 0x17, 0xE4, 0x17, 0xE4,
    0x17, 0xE4, 0x17, 0xE4, 0x17, 0xE4, 0x17, 0xE4, 0x17, 0xE4, 0x17, 0xE4, 0x17, 0xE4, 0x17, 0xE4,
    0x17, 0xE4, 0x17, 0xE4, 0x17, 0xE4, 0x17, 0xE4, 0x17, 0xE4, 0x17, 0xE4, 0x17, 0xE4, 0x17, 0xE3,
    0x17, 0xE4, 0x17, 0xE4, 0x17, 0xE4, 0x17, 0xE4, 0x17, 0xE4, 0x17, 0xE4, 0x17, 0xE4, 0x17, 0xE4,
    0x17, 0xE4, 0x17, 0xE4, 0x17, 0xE4, 0x17, 0xE4, 0x17, 0xE4, 0x17, 0xE4, 0x17, 0xE4, 0x1F, 0x22,
    0x12, 0xA3, 0x39, 0xCB, 0x39, 0xAB, 0x39, 0xAB, 0x39, 0xAB, 0x39, 0xAB, 0x39, 0xAB, 0x39, 0xAB,
    0x39, 0xAB, 0x39, 0xAB, 0x39, 0xAB, 0x39, 0xAB, 0x39, 0xAB, 0x39, 0xAB, 0x39, 0xAB, 0xFF, 0x39,
    0xAB, 0x39, 0xAB, 0x39, 0xAB, 0x39, 0xAB, 0x39, 0xAB, 0x39, 0xAB, 0x39, 0xAB, 0x39, 0xAB, 0x39,
    0xAB, 0x39, 0xAB, 0x39, 0xAB, 0x39, 0xAB, 0x39, 0x8B, 0x39, 0xAB, 0x39, 0xAB, 0x39, 0xCB, 0x39,
    0xAB, 0x39, 0xCB, 0x39, 0x8B, 0x29, 0x09, 0x20, 0xC8, 0x18, 0xC7, 0x18, 0xE5, 0x32, 0x67, 0x5E,
    0x4D, 0x3F, 0xE9, 0x1F, 0xE4, 0x17, 0xE4, 0x17, 0xE4, 0x17, 0xE4, 0x17, 0xE4, 0x17, 0xE4, 0x17,
    0xE4, 0x17, 0xE4, 0x17, 0xE4, 0x17, 0xE4, 0x17, 0xE4, 0x17, 0xE4, 0x17, 0xE4, 0x17, 0xE4, 0x17,
    0xE4, 0x17, 0xE4, 0x17, 0xE4, 0x17, 0xE4, 0x17, 0xE4, 0x17, 0xE4, 0x17, 0xE4, 0x17, 0xE4, 0x17,
    0xE4, 0x17, 0xE4, 0x17, 0xE4, 0x17, 0xE4, 0x17, 0xE4, 0x17, 0xE4, 0x17, 0xE4, 0x17, 0xE4, 0x17,
    0xE4, 0x17, 0xE4, 0x17, 0xE4, 0x17, 0xE4, 0x17, 0xE4, 0x17, 0xE4, 0x17, 0xE4, 0x17, 0xE4, 0xFF,
    0x17, 0xE4, 0x17, 0xE4, 0x17, 0xE4, 0x17, 0xE4, 0x17, 0xE4, 0x17, 0xE4, 0x17, 0xE4, 0x17, 0xE4,
    0x17, 0xE4, 0x17, 0xE4, 0x17, 0xE4, 0x17, 0xE4, 0x17, 0xE4, 0x17, 0xE4, 0x17, 0xE4, 0x17, 0xE4,
    0x17, 0xE4, 0x17, 0xE4, 0x17, 0xE4, 0x17, 0xE4, 0x17, 0xE4, 0x17, 0xE4, 0x17, 0xE4, 0x17, 0xE4,
    0x17, 0xE4, 0x17, 0xE4, 0x17, 0xE4, 0x17, 0xE4, 0x17, 0xE4, 0x17, 0xE4, 0x17, 0xE4, 0x17, 0xE4,
    0x17, 0xE4, 0x17, 0xE3, 0x17, 0xE3, 0x17, 0xE3, 0x17, 0xE3, 0x17, 0xE3, 0x17, 0xE4, 0x17, 0xE3,
    0x17, 0xE4, 0x17, 0xE4, 0x17, 0xE4, 0x17, 0xE4, 0x17, 0xE4, 0x17, 0xE4, 0x17, 0xE4, 0x17, 0xE3,
    0x17, 0xE4, 0x17, 0xE4, 0x17, 0xE4, 0x17, 0xE3, 0x17, 0xE4, 0x17, 0xE4, 0x17, 0x23, 0x12, 0xC3,
    0x39, 0xCB, 0x39, 0xAB, 0x39, 0xAB, 0x39, 0xAB, 0x39, 0xAB, 0x39, 0xAB, 0x39, 0xAB, 0x39, 0xAB,
    0xFF, 0x39, 0xAB, 0x39, 0xAB, 0x39, 0xAB, 0x39, 0xAB, 0x39, 0xAB, 0x39, 0xAB, 0x39, 0xAB, 0x39,
    0xAB, 0x39, 0xAB, 0x39, 0xAB, 0x39, 0xAB, 0x39, 0xAB, 0x39, 0xAB, 0x39, 0xAB, 0x39, 0xCB, 0x39,
    0xAB, 0x39, 0xCB, 0x39, 0xAB, 0x31, 0x6A, 0x31, 0x8A, 0x39, 0xAB, 0x39, 0xAB, 0x39, 0xAB, 0x39,
    0xAB, 0x39, 0xAB, 0x29, 0x49, 0x20, 0xE7, 0x20, 0xE7, 0x21, 0x07, 0x18, 0xC5, 0x2A, 0xE7, 0x47,
    0xAA, 0x1F, 0xE5, 0x17, 0xE4, 0x17, 0xE4, 0x17, 0xE4, 0x17, 0xE4, 0x17, 0xE4, 0x17, 0xE4, 0x17,
    0xE4, 0x17, 0xE4, 0x17, 0xE4, 0x17, 0xE4, 0x17, 0xE4, 0x17, 0xE4, 0x17, 0xE4, 0x17, 0xE4, 0x17,
    0xE4, 0x17, 0xE4, 0x17, 0xE4, 0x17, 0xE4, 0x17, 0xE4, 0x17, 0xE4, 0x17, 0xE4, 0x17, 0xE4, 0x17,
    0xE4, 0x17, 0xE4, 0x17, 0xE4, 0x17, 0xE4, 0x17, 0xE4, 0x17, 0xE4, 0x17, 0xE4, 0x17, 0xE4, 0x17,
    0xE4, 0xFF, 0x17, 0xE4, 0x17, 0xE4, 0x17, 0xE4, 0x17, 0xE4, 0x17, 0xE4, 0x17, 0xE4, 0x17, 0xE4,
    0x17, 0xE4, 0x17, 0xE4, 0x17, 0xE4, 0x17, 0xE4, 0x17, 0xE4, 0x17, 0xE4, 0x17, 0xE4, 0x17, 0xE4,
    0x17, 0xE4, 0x17, 0xE4, 0x17, 0xE4, 0x17, 0xE4, 0x17, 0xE4, 0x17, 0xE4, 0x17, 0xE4, 0x17, 0xE4,
    0x17, 0xE4, 0x17, 0xE4, 0x17, 0xE4, 0x17, 0xE4, 0x17, 0xE4, 0x17, 0xE4, 0x17, 0xE4, 0x17, 0xE4,
    0x17, 0xE4, 0x17, 0xE4, 0x17, 0xE4, 0x17, 0xE4, 0x17, 0xE4, 0x17, 0xE4, 0x17, 0xE4, 0x17, 0xE4,
    0x17, 0xE3, 0x17, 0xE3, 0x17, 0xE3, 0x17, 0xE3, 0x17, 0xE3, 0x17, 0xE3, 0x17, 0xE4, 0x17, 0xE4,
    0x17, 0xE4, 0x17, 0xE4, 0x17, 0xE4, 0x17, 0xE4, 0x17, 0xE4, 0x17, 0xE4, 0x17, 0xE4, 0x17, 0xE4,
    0x17, 0xE3, 0x17, 0xE4, 0x17, 0xE4, 0x17, 0xE3, 0x17, 0xE4, 0x17, 0x22, 0x12, 0xC2, 0x39, 0xCA,
    0x39, 0xAB, 0xFF, 0x39, 0xAB, 0x39, 0xAB, 0x39, 0xAB, 0x39, 0xAB, 0x39, 0xAB, 0x39, 0xAB, 0x39,
    0xAB, 0x39, 0xAB, 0x39, 0xAB, 0x39, 0xAB, 0x39, 0xAB, 0x39, 0xAB, 0x39, 0xAB, 0x39, 0xAB, 0x39,
    0xAB, 0x39, 0xAB, 0x39, 0xAB, 0x39, 0xAB, 0x39, 0xAB, 0x39, 0xAB, 0x39, 0xAB, 0x39, 0xAB, 0x39,
    0xAB, 0x39, 0xCB, 0x31, 0x8A, 0x31, 0x4A, 0x39, 0xAB, 0x39, 0xAB, 0x39, 0xAB, 0x39, 0xAB, 0x39,
    0xCB, 0x39, 0x8A, 0x29, 0x28, 0x20, 0xE7, 0x20, 0xE7, 0x18, 0xC6, 0x22, 0x85, 0x47, 0xC9, 0x1F,
    0xE5, 0x17, 0xE4, 0x17, 0xE4, 0x17, 0xE4, 0x17, 0xE4, 0x17, 0xE4, 0x17, 0xE4, 0x17, 0xE4, 0x17,
    0xE4, 0x17, 0xE4, 0x17, 0xE4, 0x17, 0xE4, 0x17, 0xE4, 0x17, 0xE4, 0x17, 0xE4, 0x17, 0xE4, 0x17,
    0xE4, 0x17, 0xE4, 0x17, 0xE4, 0x17, 0xE4, 0x17, 0xE4, 0x17, 0xE4, 0x17, 0xE4, 0x17, 0xE4, 0x17,
    0xE4, 0x17, 0xE4, 0xFF, 0x17, 0xE4, 0x17, 0xE4, 0x17, 0xE4, 0x17, 0xE4, 0x17, 0xE4, 0x17, 0xE4,
    0x17, 0xE4, 0x17, 0xE4, 0x17, 0xE4, 0x17, 0xE4, 0x17, 0xE4, 0x17, 0xE4, 0x17, 0xE4, 0x17, 0xE4,
    0x17, 0xE4, 0x17, 0xE4, 0x17, 0xE4, 0x17, 0xE4, 0x17, 0xE4, 0x17, 0xE4, 0x17, 0xE4, 0x17, 0xE4,
    0x17, 0xE4, 0x17, 0xE4, 0x17, 0xE4, 0x17, 0xE4, 0x17, 0xE4, 0x17, 0xE4, 0x17, 0xE4, 0x17, 0xE4,
    0x17, 0xE4, 0x17, 0xE4, 0x17, 0xE4, 0x17, 0xE4, 0x17, 0xE4, 0x17, 0xE4, 0x17, 0xE4, 0x17, 0xE4,
    0x17, 0xE4, 0x17, 0xE4, 0x17, 0xE4, 0x17, 0xE4, 0x17, 0xE4, 0x17, 0xE4, 0x17, 0xE4, 0x17, 0xE3,
    0x17, 0xE3, 0x17, 0xE3, 0x17, 0xE3, 0x17, 0xE3, 0x17, 0xE3, 0x17, 0xE4, 0x17, 0xE4, 0x17, 0xE4,
    0x17, 0xE4, 0x17, 0xE4, 0x17, 0xE4, 0x17, 0xE4, 0x17, 0xE4, 0x17, 0xE4, 0x17, 0xE4, 0x17, 0xE4,
    0x17, 0xE4, 0x17, 0xE4, 0xBD, 0x17, 0xE3, 0x17, 0xE4, 0x1F, 0x42, 0x12, 0xE2, 0x39, 0xCA, 0x39,
    0xAB, 0x39, 0xAB, 0x39, 0xAB, 0x39, 0xAB, 0x39, 0xAB, 0x39, 0xAB, 0x39, 0xAB, 0x39, 0xAB, 0x39,
    0xAB, 0x39, 0xAB, 0x39, 0xAB, 0x39, 0xAB, 0x39, 0xAB, 0x39, 0xAB, 0x39, 0xAB, 0x39, 0xAB, 0x39,
    0xAB, 0x39, 0xCB, 0x39, 0xAB, 0x39, 0xAB, 0x39, 0xAB, 0x39, 0xAB, 0x39, 0xAB, 0x39, 0xAB, 0x39,
    0xAB, 0x39, 0xAB, 0x02, 0x29, 0xFF, 0x31, 0x8A, 0x39, 0xCB, 0x39, 0xAB, 0x39, 0xCB, 0x39, 0xCB,
    0x39, 0xCB, 0x31, 0x89, 0x20, 0xE7, 0x20, 0xC6, 0x10, 0xC5, 0x2C, 0x46, 0x3F, 0xE8, 0x1F, 0xE4,
    0x17, 0xE4, 0x17, 0xE4, 0x17, 0xE4, 0x17, 0xE4, 0x17, 0xE4, 0x17, 0xE4, 0x17, 0xE4, 0x17, 0xE4,
    0x17, 0xE4, 0x17, 0xE4, 0x17, 0xE4, 0x17, 0xE4, 0x17, 0xE4, 0x17, 0xE4, 0x17, 0xE4, 0x17, 0xE4,
    0x17, 0xE4, 0x17, 0xE4, 0x17, 0xE4, 0x17, 0xE4, 0x17, 0xE4, 0x17, 0xE4, 0x17, 0xE4, 0x17, 0xE4,
    0x17, 0xE4, 0x17, 0xE4, 0x17, 0xE4, 0x17, 0xE4, 0x17, 0xE4, 0x17, 0xE4, 0x17, 0xE4, 0x17, 0xE4,
    0x17, 0xE4, 0x17, 0xE4, 0x17, 0xE4, 0x17, 0xE4, 0x17, 0xE4, 0x17, 0xE4, 0x17, 0xE4, 0x17, 0xE4,
    0x17, 0xE4, 0x17, 0xE4, 0x17, 0xE4, 0x17, 0xE4, 0x17, 0xE4, 0x17, 0xE4, 0x17, 0xE4, 0x17, 0xE4,
    0x17, 0xE4, 0x17, 0xE4, 0x17, 0xE4, 0xFF, 0x17, 0xE4, 0x17, 0xE4, 0x17, 0xE4, 0x17, 0xE4, 0x17,
    0xE4, 0x17, 0xE4, 0x17, 0xE4, 0x17, 0xE4, 0x17, 0xE4, 0x17, 0xE4, 0x17, 0xE4, 0x17, 0xE4, 0x17,
    0xE4, 0x17, 0xE4, 0x17, 0xE4, 0x17, 0xE4, 0x17, 0xE4, 0x17, 0xE4, 0x17, 0xE4, 0x17, 0xE4, 0x17,
    0xE3, 0x17, 0xE3, 0x17, 0xE3, 0x17, 0xE3, 0x17, 0xE3, 0x17, 0xE4, 0x17, 0xE4, 0x17, 0xE4, 0x17,
    0xE4, 0x17, 0xE4, 0x17, 0xE4, 0x17, 0xE4, 0x17, 0xE4, 0x17, 0xE4, 0x17, 0xE4, 0x17, 0xE4, 0x17,
    0xE4, 0x17, 0xE4, 0x17, 0xE4, 0x17, 0xE4, 0x1F, 0x62, 0x12, 0xE2, 0x39, 0xCA, 0x39, 0xAB, 0x39,
    0x8B, 0x39, 0xAB, 0x39, 0xAB, 0x39, 0xAB, 0x39, 0xAB, 0x39, 0xAB, 0x39, 0xAB, 0x39, 0xAB, 0x39,
    0xAB, 0x39, 0xAB, 0x39, 0xAB, 0x39, 0xAB, 0x39, 0xAB, 0x39, 0xAB, 0x39, 0xAB, 0x39, 0xAB, 0x39,
    0x8B, 0x39, 0xAB, 0x39, 0xAB, 0x39, 0xAB, 0x8B, 0x39, 0xAB, 0x39, 0xAB, 0x39, 0xAB, 0x39, 0xCB,
    0x39, 0xCB, 0x31, 0x4A, 0x02, 0x29, 0xFF, 0x39, 0xAB, 0x39, 0xCB, 0x39, 0xCB, 0x39, 0xCB, 0x39,
    0xCB, 0x39, 0xAA, 0x29, 0x28, 0x18, 0xA6, 0x09, 0x84, 0x3E, 0xA8, 0x2F, 0xE6, 0x17, 0xE4, 0x17,
    0xE4, 0x17, 0xE4, 0x17, 0xE4, 0x17, 0xE4, 0x17, 0xE4, 0x17, 0xE4, 0x17, 0xE4, 0x17, 0xE4, 0x17,
    0xE4, 0x17, 0xE4, 0x17, 0xE4, 0x17, 0xE4, 0x17, 0xE4, 0x17, 0xE4, 0x17, 0xE4, 0x17, 0xE4, 0x17,
    0xE4, 0x17, 0xE4, 0x17, 0xE4, 0x17, 0xE4, 0x17, 0xE4, 0x17, 0xE4, 0x17, 0xE4, 0x17, 0xE4, 0x17,
    0xE4, 0x17, 0xE4, 0x17, 0xE4, 0x17, 0xE4, 0x17, 0xE4, 0x17, 0xE4, 0x17, 0xE4, 0x17, 0xE4, 0x17,
    0xE4, 0x17, 0xE4, 0x17, 0xE4, 0x17, 0xE4, 0x17, 0xE4, 0x17, 0xE4, 0x17, 0xE4, 0x17, 0xE4, 0x17,
    0xE4, 0x17, 0xE4, 0x17, 0xE4, 0x17, 0xE4, 0x17, 0xE4, 0x17, 0xE4, 0x17, 0xE4, 0x17, 0xE4, 0x17,
    0xE4, 0x17, 0xE4, 0x17, 0xE4, 0x17, 0xE4, 0xFF, 0x17, 0xE4, 0x17, 0xE4, 0x17, 0xE4, 0x17, 0xE4,
    0x17, 0xE4, 0x17, 0xE4, 0x17, 0xE4, 0x17, 0xE4, 0x17, 0xE4, 0x17, 0xE4, 0x17, 0xE4, 0x17, 0xE4,
    0x17, 0xE4, 0x17, 0xE4, 0x17, 0xE4, 0x17, 0xE4, 0x17, 0xE4, 0x17, 0xE4, 0x17, 0xE4, 0x17, 0xE4,
    0x17, 0xE3, 0x17, 0xE3, 0x17, 0xE3, 0x17, 0xE4, 0x17, 0xE4, 0x17, 0xE4, 0x17, 0xE4, 0x17, 0xE4,
    0x17, 0xE4, 0x17, 0xE4, 0x17, 0xE4, 0x17, 0xE4, 0x17, 0xE3, 0x17, 0xE4, 0x17, 0xE3, 0x17, 0xE4,
    0x17, 0xE4, 0x17, 0xE4, 0x17, 0xE4, 0x17, 0x62, 0x13, 0x02, 0x39, 0xCA, 0x39, 0xAB, 0x39, 0x8A,
    0x39, 0xAB, 0x39, 0xCB, 0x39, 0xCB, 0x39, 0xAB, 0x39, 0xAB, 0x39, 0xAB, 0x39, 0x8B, 0x39, 0xAB,
    0x39, 0xCB, 0x39, 0xAB, 0x39, 0xAB, 0x39, 0xAB, 0x39, 0xAB, 0x39, 0xAB, 0x39, 0x8B, 0x31, 0x4A,
    0x39, 0xAB, 0x39, 0xAB, 0x39, 0xAB, 0x39, 0xAB, 0xFF, 0x39, 0xAB, 0x39, 0xCB, 0x39, 0xAB, 0x39,
    0xCB, 0x39, 0x8B, 0x29, 0x09, 0x31, 0x6A, 0x39, 0xAB, 0x39, 0xAB, 0x39, 0xAB, 0x39, 0xAB, 0x39,
    0xAB, 0x31, 0x49, 0x20, 0xC6, 0x23, 0x86, 0x3F, 0xE8, 0x1F, 0xE4, 0x17, 0xE4, 0x17, 0xE4, 0x17,
    0xE4, 0x17, 0xE4, 0x17, 0xE4, 0x17, 0xE4, 0x17, 0xE4, 0x17, 0xE4, 0x17, 0xE4, 0x17, 0xE4, 0x17,
    0xE4, 0x17, 0xE4, 0x17, 0xE4, 0x17, 0xE4, 0x17, 0xE4, 0x17, 0xE4, 0x17, 0xE4, 0x17, 0xE4, 0x17,
    0xE4, 0x17, 0xE4, 0x17, 0xE4, 0x17, 0xE4, 0x17, 0xE4, 0x17, 0xE4, 0x17, 0xE4, 0x17, 0xE4, 0x17,
    0xE4, 0x17, 0xE4, 0x17, 0xE4, 0x17, 0xE4, 0x17, 0xE4, 0x17, 0xE4, 0x17, 0xE4, 0x17, 0xE4, 0x17,
    0xE4, 0x17, 0xE4, 0x17, 0xE4, 0x17, 0xE4, 0x17, 0xE4, 0x17, 0xE4, 0x17, 0xE4, 0x17, 0xE4, 0x17,
    0xE4, 0x17, 0xE4, 0x17, 0xE4, 0x17, 0xE4, 0x17, 0xE4, 0xFF, 0x17, 0xE4, 0x17, 0xE4, 0x17, 0xE4,
    0x17, 0xE4, 0x17, 0xE4, 0x17, 0xE4, 0x17, 0xE4, 0x17, 0xE4, 0x17, 0xE4, 0x17, 0xE4, 0x17, 0xE4,
    0x17, 0xE4, 0x17, 0xE4, 0x17, 0xE4, 0x17, 0xE4, 0x17, 0xE4, 0x17, 0xE4, 0x17, 0xE4, 0x17, 0xE4,
    0x17, 0xE4, 0x17, 0xE4, 0x17, 0xE4, 0x17, 0xE4, 0x17, 0xE4, 0x17, 0xE4, 0x17, 0xE4, 0x17, 0xE4,
    0x17, 0xE4, 0x17, 0xE4, 0x17, 0xE4, 0x17, 0xE4, 0x17, 0xE4, 0x17, 0xE4, 0x17, 0xE4, 0x17, 0xE4,
    0x17, 0xE4, 0x17, 0xE4, 0x17, 0xE4, 0x17, 0xE4, 0x17, 0xE4, 0x17, 0xE4, 0x17, 0xE4, 0x17, 0xE4,
    0x17, 0xE4, 0x17, 0xE4, 0x17, 0xE2, 0x0B, 0x62, 0x39, 0xCA, 0x39, 0xAB, 0x31, 0x6A, 0x31, 0x8A,
    0x39, 0xCB, 0x39, 0xAB, 0x39, 0xAB, 0x39, 0xAB, 0x39, 0xAB, 0x31, 0x6A, 0x39, 0x8B, 0x39, 0xCB,
    0x39, 0xAB, 0x39, 0xAB, 0x39, 0xAB, 0x39, 0xAB, 0x39, 0xAB, 0x81, 0x39, 0xAB, 0x02, 0x29, 0xFF,
    0x31, 0x8A, 0x39, 0xCB, 0x39, 0xAB, 0x39, 0xAB, 0x39, 0xAB, 0x39, 0xAB, 0x39, 0xAB, 0x39, 0xAB,
    0x39, 0xAB, 0x31, 0x4A, 0x21, 0x08, 0x31, 0x6A, 0x39, 0xAB, 0x39, 0xAB, 0x39, 0xAB, 0x41, 0xCB,
    0x39, 0x8A, 0x29, 0x87, 0x46, 0x48, 0x2F, 0xE6, 0x17, 0xE3, 0x17, 0xE4, 0x17, 0xE4, 0x17, 0xE4,
    0x17, 0xE4, 0x17, 0xE4, 0x17, 0xE4, 0x17, 0xE4, 0x17, 0xE4, 0x17, 0xE4, 0x17, 0xE4, 0x17, 0xE4,
    0x17, 0xE4, 0x17, 0xE4, 0x17, 0xE4, 0x17, 0xE4, 0x17, 0xE4, 0x17, 0xE4, 0x17, 0xE4, 0x17, 0xE4,
    0x17, 0xE4, 0x17, 0xE4, 0x17, 0xE4, 0x17, 0xE4, 0x17, 0xE4, 0x17, 0xE4, 0x17, 0xE4, 0x17, 0xE4,
    0x17, 0xE4, 0x17, 0xE4, 0x17, 0xE4, 0x17, 0xE4, 0x17, 0xE4, 0x17, 0xE4, 0x17, 0xE4, 0x17, 0xE4,
    0x17, 0xE4, 0x17, 0xE4, 0x17, 0xE4, 0x17, 0xE4, 0x17, 0xE4, 0x17, 0xE4, 0x17, 0xE4, 0x17, 0xE4,
    0xFF, 0x17, 0xE4, 0x17, 0xE4, 0x17, 0xE4, 0x17, 0xE4, 0x17, 0xE4, 0x17, 0xE4, 0x17, 0xE4, 0x17,
    0xE4, 0x17, 0xE4, 0x17, 0xE4, 0x17, 0xE4, 0x17, 0xE4, 0x17, 0xE4, 0x17, 0xE4, 0x17, 0xE4, 0x17,
    0xE4, 0x17, 0xE4, 0x17, 0xE4, 0x17, 0xE4, 0x17, 0xE4, 0x17, 0xE4, 0x17, 0xE4, 0x17, 0xE4, 0x17,
    0xE4, 0x17, 0xE4, 0x17, 0xE4, 0x17, 0xE4, 0x17, 0xE4, 0x17, 0xE4, 0x17, 0xE4, 0x17, 0xE4, 0x17,
    0xE4, 0x17, 0xE4, 0x17, 0xE4, 0x17, 0xE4, 0x17, 0xE4, 0x17, 0xE4, 0x17, 0xE4, 0x17, 0xE4, 0x17,
    0xE4, 0x17, 0xE4, 0x17, 0xE4, 0x17, 0xE4, 0x17, 0xE4, 0x17, 0xE4, 0x17, 0xE4, 0x17, 0xE4, 0x17,
    0xE3, 0x17, 0xE3, 0x1F, 0xE3, 0x0C, 0x22, 0x31, 0xE9, 0x39, 0xCB, 0x31, 0x6A, 0x31, 0x6A, 0x39,
    0xCB, 0x39, 0xAB, 0x39, 0xAB, 0x39, 0xAB, 0x39, 0xCB, 0x31, 0x6A, 0x31, 0x6A, 0x39, 0xAB, 0x39,
    0xAB, 0x8B, 0x39, 0xAB, 0x39, 0xAB, 0x39, 0xAB, 0x39, 0xAB, 0x39, 0xCB, 0x31, 0x6A, 0x02, 0x29,
    0xFF, 0x39, 0xAB, 0x39, 0xAB, 0x39, 0xAB, 0x39, 0xAB, 0x39, 0xAB, 0x39, 0xAB, 0x39, 0xAB, 0x39,
    0xCB, 0x39, 0x8B, 0x20, 0xE8, 0x21, 0x09, 0x31, 0x8A, 0x39, 0xAB, 0x39, 0xAB, 0x41, 0xAB, 0x39,
    0x8A, 0x2A, 0xC7, 0x47, 0xC9, 0x1F, 0xE4, 0x17, 0xE3, 0x17, 0xE4, 0x17, 0xE4, 0x17, 0xE4, 0x17,
    0xE4, 0x17, 0xE4, 0x17, 0xE4, 0x17, 0xE4, 0x17, 0xE4, 0x17, 0xE4, 0x17, 0xE4, 0x17, 0xE4, 0x17,
    0xE4, 0x17, 0xE4, 0x17, 0xE4, 0x17, 0xE4, 0x17, 0xE4, 0x17, 0xE4, 0x17, 0xE4, 0x17, 0xE4, 0x17,
    0xE4, 0x17, 0xE4, 0x17, 0xE4, 0x17, 0xE4, 0x17, 0xE4, 0x17, 0xE4, 0x17, 0xE4, 0x17, 0xE4, 0x17,
    0xE4, 0x17, 0xE4, 0x17, 0xE4, 0x17, 0xE4, 0x17, 0xE4, 0x17, 0xE4, 0x17, 0xE4, 0x17, 0xE4, 0x17,
    0xE4, 0x17, 0xE4, 0x17, 0xE4, 0x17, 0xE4, 0x17, 0xE4, 0x17, 0xE4, 0x17, 0xE4, 0x17, 0xE4, 0x17,
    0xE4, 0xF7, 0x17, 0xE4, 0x17, 0xE4, 0x17, 0xE4, 0x17, 0xE4, 0x17, 0xE4, 0x17, 0xE4, 0x17, 0xE4,
    0x17, 0xE4, 0x17, 0xE4, 0x17, 0xE4, 0x17, 0xE4, 0x17, 0xE4, 0x17, 0xE4, 0x17, 0xE4, 0x17, 0xE4,
    0x17, 0xE4, 0x17, 0xE4, 0x17, 0xE4, 0x17, 0xE4, 0x17, 0xE4, 0x17, 0xE4, 0x17, 0xE4, 0x17, 0xE4,
    0x17, 0xE4, 0x17, 0xE4, 0x17, 0xE4, 0x17, 0xE4, 0x17, 0xE4, 0x17, 0xE4, 0x17, 0xE4, 0x17, 0xE4,
    0x17, 0xE4, 0x17, 0xE4, 0x17, 0xE4, 0x17, 0xE4, 0x17, 0xE4, 0x17, 0xE4, 0x17, 0xE4, 0x17, 0xE4,
    0x17, 0xE4, 0x17, 0xE4, 0x17, 0xE4, 0x17, 0xE4, 0x17, 0xE4, 0x17, 0xE4, 0x17, 0xE3, 0x17, 0xE3,
    0x17, 0xE2, 0x1F, 0xE3, 0x14, 0xC2, 0x29, 0xE8, 0x39, 0xCC, 0x31, 0x8B, 0x29, 0x49, 0x39, 0xAB,
    0x39, 0xAB, 0x39, 0xAB, 0x39, 0xAB, 0x39, 0xCB, 0x31, 0x6A, 0x02, 0x29, 0xA3, 0x39, 0xAB, 0x39,
    0xAB, 0x39, 0xAB, 0x39, 0xAB, 0x39, 0xAB, 0x39, 0xAB, 0x39, 0xCB, 0x39, 0xAB, 0x29, 0x09, 0x31,
    0x6A, 0x39, 0xCB, 0x39, 0xAB, 0x39, 0xAB, 0x39, 0xAB, 0x39, 0xAB, 0x39, 0xAB, 0x39, 0xCB, 0x39,
    0xCB, 0x02, 0x29, 0xFF, 0x18, 0xC7, 0x29, 0x49, 0x39, 0xAB, 0x39, 0xCB, 0x31, 0xC9, 0x1A, 0x05,
    0x1C, 0x44, 0x37, 0xE8, 0x1F, 0xE4, 0x17, 0xE3, 0x17, 0xE4, 0x17, 0xE4, 0x17, 0xE4, 0x17, 0xE4,
    0x17, 0xE4, 0x17, 0xE4, 0x17, 0xE4, 0x17, 0xE4, 0x17, 0xE4, 0x17, 0xE4, 0x17, 0xE4, 0x17, 0xE4,
    0x17, 0xE4, 0x17, 0xE4, 0x17, 0xE4, 0x17, 0xE4, 0x17, 0xE4, 0x17, 0xE4, 0x17, 0xE4, 0x17, 0xE4,
    0x17, 0xE4, 0x17, 0xE4, 0x17, 0xE4, 0x17, 0xE4, 0x17, 0xE4, 0x17, 0xE4, 0x17, 0xE4, 0x17, 0xE4,
    0x17, 0xE4, 0x17, 0xE4, 0x17, 0xE4, 0x17, 0xE4, 0x17, 0xE4, 0x17, 0xE4, 0x17, 0xE4, 0x17, 0xE4,
    0x17, 0xE4, 0x17, 0xE4, 0x17, 0xE4, 0x17, 0xE4, 0x17, 0xE4, 0x17, 0xE4, 0x17, 0xE4, 0x17, 0xE4,
    0x17, 0xE4, 0x17, 0xE4, 0x17, 0xE4, 0x17, 0xE4, 0x17, 0xE4, 0x17, 0xE4, 0x17, 0xE4, 0x17, 0xE4,
    0x17, 0xE4, 0x17, 0xE4, 0xD5, 0x17, 0xE4, 0x17, 0xE4, 0x17, 0xE4, 0x17, 0xE4, 0x17, 0xE4, 0x17,
    0xE4, 0x17, 0xE4, 0x17, 0xE4, 0x17, 0xE4, 0x17, 0xE4, 0x17, 0xE4, 0x17, 0xE4, 0x17, 0xE4, 0x17,
    0xE4, 0x17, 0xE4, 0x17, 0xE4, 0x17, 0xE4, 0x17, 0xE4, 0x17, 0xE4, 0x17, 0xE4, 0x17, 0xE4, 0x17,
    0xE4, 0x17, 0xE4, 0x17, 0xE4, 0x17, 0xE4, 0x17, 0xE4, 0x17, 0xE4, 0x17, 0xE4, 0x17, 0xE4, 0x17,
    0xE4, 0x17, 0xE4, 0x17, 0xE4, 0x17, 0xE4, 0x17, 0xE4, 0x17, 0xE4, 0x17, 0xE3, 0x17, 0xE3, 0x17,
    0xE3, 0x1F, 0xE3, 0x15, 0x62, 0x22, 0x07, 0x39, 0xCB, 0x39, 0x8B, 0x02, 0x29, 0x9D, 0x39, 0xAB,
    0x39, 0xAB, 0x39, 0xAB, 0x39, 0xAB, 0x39, 0xCB, 0x31, 0x6A, 0x29, 0x09, 0x31, 0x8A, 0x39, 0xCB,
    0x39, 0xAB, 0x39, 0xAB, 0x39, 0xAB, 0x39, 0xCB, 0x39, 0xAB, 0x39, 0xAB, 0x04, 0x29, 0xFF, 0x39,
    0xAB, 0x39, 0xAB, 0x39, 0xAB, 0x39, 0xAB, 0x39, 0xAB, 0x39, 0xAB, 0x39, 0xAB, 0x39, 0xCB, 0x31,
    0x6A, 0x18, 0xE7, 0x21, 0x48, 0x31, 0xC9, 0x22, 0x27, 0x1B, 0x65, 0x35, 0xC7, 0x3F, 0xE8, 0x27,
    0xE6, 0x17, 0xE4, 0x17, 0xE4, 0x1F, 0xE4, 0x1F, 0xE4, 0x1F, 0xE4, 0x17, 0xE4, 0x17, 0xE4, 0x17,
    0xE4, 0x17, 0xE4, 0x17, 0xE4, 0x17, 0xE4, 0x17, 0xE4, 0x17, 0xE4, 0x17, 0xE4, 0x17, 0xE4, 0x17,
    0xE4, 0x17, 0xE4, 0x17, 0xE4, 0x17, 0xE4, 0x17, 0xE4, 0x17, 0xE4, 0x17, 0xE4, 0x17, 0xE4, 0x17,
    0xE4, 0x17, 0xE4, 0x17, 0xE4, 0x17, 0xE4, 0x17, 0xE4, 0x17, 0xE4, 0x17, 0xE4, 0x17, 0xE4, 0x17,
    0xE4, 0x17, 0xE4, 0x17, 0xE4, 0x17, 0xE4, 0x17, 0xE4, 0x17, 0xE4, 0x17, 0xE4, 0x17, 0xE4, 0x17,
    0xE4, 0x17, 0xE4, 0x17, 0xE4, 0x17, 0xE4, 0x17, 0xE4, 0x17, 0xE4, 0x17, 0xE4, 0x17, 0xE4, 0xF5,
    0x17, 0xE4, 0x17, 0xE4, 0x17, 0xE4, 0x17, 0xE4, 0x17, 0xE4, 0x17, 0xE4, 0x17, 0xE4, 0x17, 0xE4,
    0x17, 0xE4, 0x17, 0xE4, 0x17, 0xE4, 0x17, 0xE4, 0x17, 0xE4, 0x17, 0xE4, 0x17, 0xE4, 0x17, 0xE4,
    0x17, 0xE4, 0x17, 0xE4, 0x17, 0xE4, 0x17, 0xE4, 0x17, 0xE4, 0x17, 0xE4, 0x17, 0xE4, 0x17, 0xE4,
    0x17, 0xE4, 0x17, 0xE4, 0x17, 0xE4, 0x17, 0xE4, 0x17, 0xE4, 0x17, 0xE4, 0x17, 0xE4, 0x17, 0xE4,
    0x17, 0xE4, 0x17, 0xE4, 0x17, 0xE4, 0x17, 0xE4, 0x17, 0xE4, 0x17, 0xE4, 0x17, 0xE4, 0x17, 0xE4,
    0x17, 0xE4, 0x17, 0xE4, 0x17, 0xE4, 0x17, 0xE4, 0x17, 0xE3, 0x17, 0xE3, 0x17, 0xE3, 0x1F, 0xE3,
    0x16, 0x82, 0x1A, 0x44, 0x41, 0xCB, 0x39, 0x8B, 0x29, 0x09, 0x31, 0x6A, 0x39, 0xAB, 0x39, 0xAB,
    0x39, 0xAB, 0x39, 0xAC, 0x39, 0x8B, 0x02, 0x29, 0xFF, 0x31, 0x4A, 0x39, 0xAB, 0x39, 0xAB, 0x39,
    0xAB, 0x39, 0xAB, 0x39, 0xAB, 0x39, 0xAB, 0x39, 0xAB, 0x31, 0x6A, 0x20, 0xE8, 0x31, 0x4A, 0x39,
    0xAB, 0x39, 0xAB, 0x39, 0xAB, 0x39, 0xCB, 0x39, 0xCB, 0x39, 0xAB, 0x39, 0xAB, 0x39, 0xAB, 0x29,
    0x49, 0x11, 0x05, 0x12, 0x44, 0x25, 0x06, 0x2F, 0x67, 0x37, 0xE7, 0x27, 0xE5, 0x17, 0xE4, 0x17,
    0xE4, 0x17, 0xE4, 0x17, 0xE4, 0x17, 0xE4, 0x17, 0xE4, 0x17, 0xE4, 0x17, 0xE4, 0x17, 0xE4, 0x17,
    0xE4, 0x17, 0xE4, 0x17, 0xE4, 0x17, 0xE4, 0x17, 0xE4, 0x17, 0xE4, 0x17, 0xE4, 0x17, 0xE4, 0x17,
    0xE4, 0x17, 0xE4, 0x17, 0xE4, 0x17, 0xE4, 0x17, 0xE4, 0x17, 0xE4, 0x17, 0xE4, 0x17, 0xE4, 0x17,
    0xE4, 0x17, 0xE4, 0x17, 0xE4, 0x17, 0xE4, 0x17, 0xE4, 0x17, 0xE4, 0x17, 0xE4, 0x17, 0xE4, 0x17,
    0xE4, 0x17, 0xE4, 0x17, 0xE4, 0x17, 0xE4, 0x17, 0xE4, 0xFF, 0x17, 0xE4, 0x17, 0xE4, 0x17, 0xE4,
    0x17, 0xE4, 0x17, 0xE4, 0x17, 0xE4, 0x17, 0xE4, 0x17, 0xE4, 0x17, 0xE4, 0x17, 0xE4, 0x17, 0xE4,
    0x17, 0xE4, 0x17, 0xE4, 0x17, 0xE4, 0x17, 0xE4, 0x17, 0xE4, 0x17, 0xE4, 0x17, 0xE4, 0x17, 0xE4,
    0x17, 0xE4, 0x17, 0xE4, 0x17, 0xE4, 0x17, 0xE4, 0x17, 0xE4, 0x17, 0xE4, 0x17, 0xE4, 0x17, 0xE4,
    0x17, 0xE4, 0x17, 0xE4, 0x17, 0xE4, 0x17, 0xE4, 0x17, 0xE4, 0x17, 0xE4, 0x17, 0xE4, 0x17, 0xE4,
    0x17, 0xE4, 0x17, 0xE4, 0x17, 0xE4, 0x17, 0xE4, 0x17, 0xE4, 0x17, 0xE4, 0x17, 0xE4, 0x17, 0xE4,
    0x17, 0xE4, 0x17, 0xE4, 0x17, 0xE4, 0x17, 0xE4, 0x17, 0xE4, 0x17, 0xE4, 0x17, 0xE4, 0x17, 0xE4,
    0x17, 0xE4, 0x17, 0xE4, 0x17, 0xE4, 0x17, 0xE3, 0x17, 0xE3, 0x17, 0xE3, 0x17, 0xE3, 0x17, 0x63,
    0x0A, 0x83, 0x39, 0xCA, 0x39, 0xAB, 0x29, 0x09, 0x31, 0x4A, 0xFF, 0x39, 0xAB, 0x39, 0xCC, 0x39,
    0xAC, 0x39, 0xAC, 0x39, 0xAB, 0x31, 0x4A, 0x29, 0x09, 0x39, 0xAB, 0x39, 0xAB, 0x39, 0xAB, 0x39,
    0xAB, 0x39, 0xAB, 0x39, 0xAB, 0x39, 0xAB, 0x39, 0x8B, 0x21, 0x08, 0x20, 0xE8, 0x31, 0x6A, 0x39,
    0xAB, 0x39, 0xCB, 0x39, 0xCB, 0x39, 0xCB, 0x39, 0xAB, 0x39, 0xAC, 0x39, 0xCB, 0x31, 0x69, 0x19,
    0x85, 0x3D, 0x69, 0x37, 0xE9, 0x27, 0xE5, 0x1F, 0xE4, 0x17, 0xE4, 0x17, 0xE3, 0x17, 0xE4, 0x17,
    0xE4, 0x17, 0xE4, 0x17, 0xE4, 0x17, 0xE4, 0x17, 0xE4, 0x17, 0xE4, 0x17, 0xE4, 0x17, 0xE4, 0x17,
    0xE4, 0x17, 0xE4, 0x17, 0xE4, 0x17, 0xE4, 0x17, 0xE4, 0x17, 0xE4, 0x17, 0xE4, 0x17, 0xE4, 0x17,
    0xE4, 0x17, 0xE4, 0x17, 0xE4, 0x17, 0xE4, 0x17, 0xE4, 0x17, 0xE4, 0x17, 0xE4, 0x17, 0xE4, 0x17,
    0xE4, 0x17, 0xE4, 0x17, 0xE4, 0x17, 0xE4, 0x17, 0xE4, 0x17, 0xE4, 0xFF, 0x17, 0xE4, 0x17, 0xE4,
    0x17, 0xE4, 0x17, 0xE4, 0x17, 0xE4, 0x17, 0xE4, 0x17, 0xE4, 0x17, 0xE4, 0x17, 0xE4, 0x17, 0xE4,
    0x17, 0xE4, 0x17, 0xE4, 0x17, 0xE4, 0x17, 0xE4, 0x17, 0xE4, 0x17, 0xE4, 0x17, 0xE4, 0x17, 0xE4,
    0x17, 0xE4, 0x17, 0xE4, 0x17, 0xE4, 0x17, 0xE4, 0x17, 0xE4, 0x17, 0xE4, 0x17, 0xE4, 0x17, 0xE4,
    0x17, 0xE4, 0x17, 0xE4, 0x17, 0xE4, 0x17, 0xE4, 0x17, 0xE4, 0x17, 0xE4, 0x17, 0xE4, 0x17, 0xE4,
    0x17, 0xE4, 0x17, 0xE4, 0x17, 0xE4, 0x17, 0xE4, 0x17, 0xE4, 0x17, 0xE4, 0x17, 0xE4, 0x17, 0xE4,
    0x17, 0xE4, 0x17, 0xE4, 0x17, 0xE4, 0x17, 0xE4, 0x17, 0xE4, 0x17, 0xE4, 0x17, 0xE4, 0x17, 0xE4,
    0x17, 0xE4, 0x17, 0xE4, 0x17, 0xE4, 0x17, 0xE4, 0x17, 0xE4, 0x17, 0xE4, 0x17, 0xE4, 0x17, 0xE4,
    0x17, 0xE4, 0x17, 0xE4, 0x17, 0xE4, 0x17, 0xE3, 0x17, 0xE3, 0x17, 0xE3, 0x89, 0x1F, 0xE3, 0x0B,
    0x01, 0x31, 0xA9, 0x39, 0xAC, 0x29, 0x09, 0x02, 0x29, 0x9D, 0x39, 0xAB, 0x39, 0xAB, 0x39, 0xAB,
    0x39, 0xAB, 0x39, 0xCB, 0x39, 0x8B, 0x21, 0x08, 0x31, 0x8A, 0x39, 0xAB, 0x39, 0xAB, 0x39, 0xAB,
    0x39, 0xAB, 0x39, 0xAB, 0x39, 0xCB, 0x39, 0xAB, 0x02, 0x29, 0xFF, 0x18, 0xC7, 0x29, 0x09, 0x39,
    0xAB, 0x39, 0xCB, 0x39, 0xCB, 0x39, 0xCB, 0x39, 0xCA, 0x39, 0xCA, 0x31, 0xE9, 0x21, 0xA6, 0x1B,
    0x25, 0x47, 0xCA, 0x1F, 0xE6, 0x17, 0xE3, 0x17, 0xE3, 0x17, 0xE3, 0x17, 0xE3, 0x17, 0xE4, 0x17,
    0xE4, 0x17, 0xE4, 0x17, 0xE4, 0x17, 0xE4, 0x17, 0xE4, 0x17, 0xE4, 0x17, 0xE3, 0x17, 0xE4, 0x17,
    0xE4, 0x17, 0xE4, 0x17, 0xE4, 0x17, 0xE4, 0x17, 0xE4, 0x17, 0xE4, 0x17, 0xE4, 0x17, 0xE4, 0x17,
    0xE4, 0x17, 0xE4, 0x17, 0xE4, 0x17, 0xE4, 0x17, 0xE4, 0x17, 0xE4, 0x17, 0xE4, 0x17, 0xE4, 0x17,
    0xE4, 0x17, 0xE4, 0x17, 0xE4, 0x17, 0xE4, 0x17, 0xE4, 0x17, 0xE4, 0x17, 0xE4, 0x17, 0xE4, 0x17,
    0xE4, 0x17, 0xE4, 0x17, 0xE4, 0x17, 0xE4, 0x17, 0xE4, 0x17, 0xE4, 0x17, 0xE4, 0x17, 0xE4, 0x17,
    0xE4, 0x17, 0xE4, 0x17, 0xE4, 0x17, 0xE4, 0x17, 0xE4, 0x17, 0xE4, 0xFF, 0x17, 0xE4, 0x17, 0xE4,
    0x17, 0xE4, 0x17, 0xE4, 0x17, 0xE4, 0x17, 0xE4, 0x17, 0xE4, 0x17, 0xE4, 0x17, 0xE4, 0x17, 0xE4,
    0x17, 0xE4, 0x17, 0xE4, 0x17, 0xE4, 0x17, 0xE4, 0x17, 0xE4, 0x17, 0xE4, 0x17, 0xE4, 0x17, 0xE4,
    0x17, 0xE4, 0x17, 0xE4, 0x17, 0xE4, 0x17, 0xE4, 0x17, 0xE4, 0x17, 0xE4, 0x17, 0xE4, 0x17, 0xE4,
    0x17, 0xE4, 0x17, 0xE4, 0x17, 0xE4, 0x17, 0xE4, 0x17, 0xE4, 0x17, 0xE4, 0x17, 0xE4, 0x17, 0xE4,
    0x17, 0xE4, 0x17, 0xE4, 0x17, 0xE4, 0x17, 0xE4, 0x17, 0xE4, 0x17, 0xE4, 0x17, 0xE4, 0x17, 0xE4,
    0x17, 0xE4, 0x17, 0xE4, 0x17, 0xE4, 0x17, 0xE4, 0x17, 0xE4, 0x17, 0xE4, 0x1F, 0xE4, 0x04, 0x00,
    0x29, 0xC7, 0x41, 0xAB, 0x29, 0x09, 0x20, 0xE8, 0x39, 0x8B, 0x41, 0xCB, 0x39, 0xAB, 0x39, 0xCB,
    0x39, 0xAB, 0x39, 0xAB, 0x29, 0x08, 0x31, 0x49, 0x39, 0xAB, 0x39, 0xAB, 0xFF, 0x39, 0xAB, 0x39,
    0xAB, 0x39, 0xAB, 0x39, 0xAB, 0x39, 0xCB, 0x31, 0x6A, 0x18, 0xC7, 0x20, 0xE8, 0x29, 0x69, 0x39,
    0x89, 0x39, 0xC9, 0x22, 0x28, 0x1A, 0x85, 0x12, 0xC4, 0x1B, 0x64, 0x14, 0x23, 0x1E, 0x65, 0x2F,
    0xE6, 0x17, 0xE4, 0x17, 0xE3, 0x17, 0xE3, 0x17, 0xE4, 0x17, 0xE4, 0x17, 0xE4, 0x17, 0xE4, 0x17,
    0xE4, 0x17, 0xE4, 0x17, 0xE4, 0x17, 0xE4, 0x17, 0xE4, 0x17, 0xE4, 0x17, 0xE4, 0x17, 0xE4, 0x17,
    0xE4, 0x17, 0xE4, 0x17, 0xE4, 0x17, 0xE4, 0x17, 0xE4, 0x17, 0xE4, 0x17, 0xE4, 0x17, 0xE4, 0x17,
    0xE4, 0x17, 0xE4, 0x17, 0xE4, 0x17, 0xE4, 0x17, 0xE4, 0x17, 0xE4, 0x17, 0xE4, 0x17, 0xE4, 0x17,
    0xE4, 0x17, 0xE4, 0x17, 0xE4, 0x17, 0xE4, 0x17, 0xE4, 0x17, 0xE4, 0x17, 0xE4, 0x17, 0xE4, 0x17,
    0xE4, 0x17, 0xE4, 0x17, 0xE4, 0x17, 0xE4, 0x17, 0xE4, 0x17, 0xE4, 0x17, 0xE4, 0xFF, 0x17, 0xE4,
    0x17, 0xE4, 0x17, 0xE4, 0x17, 0xE4, 0x17, 0xE4, 0x17, 0xE4, 0x17, 0xE4, 0x17, 0xE4, 0x17, 0xE4,
    0x17, 0xE4, 0x17, 0xE4, 0x17, 0xE4, 0x17, 0xE4, 0x17, 0xE4, 0x17, 0xE4, 0x17, 0xE4, 0x17, 0xE4,
    0x17, 0xE4, 0x17, 0xE4, 0x17, 0xE4, 0x17, 0xE4, 0x17, 0xE4, 0x17, 0xE4, 0x17, 0xE4, 0x17, 0xE4,
    0x17, 0xE4, 0x17, 0xE4, 0x17, 0xE4, 0x17, 0xE4, 0x17, 0xE4, 0x17, 0xE4, 0x17, 0xE4, 0x17, 0xE4,
    0x17, 0xE4, 0x17, 0xE4, 0x17, 0xE4, 0x17, 0xE4, 0x17, 0xE4, 0x17, 0xE4, 0x17, 0xE4, 0x17, 0xE4,
    0x17, 0xE4, 0x17, 0xE4, 0x17, 0xE4, 0x17, 0xE4, 0x17, 0xE4, 0x17, 0xE4, 0x17, 0xE4, 0x17, 0xE4,
    0x17, 0xE4, 0x17, 0xE4, 0x17, 0xE4, 0x17, 0xE4, 0x17, 0xE4, 0x1F, 0xE4, 0x0D, 0x81, 0x12, 0x23,
    0x39, 0xC9, 0x31, 0x6A, 0x21, 0x08, 0x31, 0x6A, 0x41, 0xCB, 0x41, 0xCB, 0x41, 0xAB, 0xFF, 0x41,
    0xAB, 0x41, 0xAB, 0x31, 0x29, 0x28, 0xE8, 0x39, 0x8A, 0x41, 0xCB, 0x39, 0xCB, 0x39, 0xCB, 0x39,
    0xCB, 0x39, 0xCB, 0x39, 0xAA, 0x39, 0xAA, 0x29, 0x07, 0x20, 0xC6, 0x29, 0x06, 0x39, 0xA7, 0x32,
    0x87, 0x24, 0xA6, 0x26, 0x46, 0x26, 0xE6, 0x27, 0xA6, 0x27, 0xE6, 0x1F, 0xE5, 0x17, 0xE4, 0x17,
    0xE4, 0x17, 0xE4, 0x17, 0xE4, 0x17, 0xE4, 0x17, 0xE4, 0x17, 0xE4, 0x17, 0xE4, 0x17, 0xE4, 0x17,
    0xE4, 0x17, 0xE4, 0x17, 0xE4, 0x17, 0xE4, 0x17, 0xE4, 0x17, 0xE4, 0x17, 0xE4, 0x17, 0xE4, 0x17,
    0xE4, 0x17, 0xE4, 0x17, 0xE4, 0x17, 0xE4, 0x17, 0xE4, 0x17, 0xE4, 0x17, 0xE4, 0x17, 0xE4, 0x17,
    0xE4, 0x17, 0xE4, 0x17, 0xE4, 0x17, 0xE4, 0x17, 0xE4, 0x17, 0xE4, 0x17, 0xE4, 0x17, 0xE4, 0x17,
    0xE4, 0x17, 0xE4, 0x17, 0xE4, 0x17, 0xE4, 0x17, 0xE4, 0x17, 0xE4, 0x17, 0xE4, 0x17, 0xE4, 0xFF,
    0x17, 0xE4, 0x17, 0xE4, 0x17, 0xE4, 0x17, 0xE4, 0x17, 0xE4, 0x17, 0xE4, 0x17, 0xE4, 0x17, 0xE4,
    0x17, 0xE4, 0x17, 0xE4, 0x17, 0xE4, 0x17, 0xE4, 0x17, 0xE4, 0x17, 0xE4, 0x17, 0xE4, 0x17, 0xE4,
    0x17, 0xE4, 0x17, 0xE4, 0x17, 0xE4, 0x17, 0xE4, 0x17, 0xE4, 0x17, 0xE4, 0x17, 0xE4, 0x17, 0xE4,
    0x17, 0xE4, 0x17, 0xE4, 0x17, 0xE4, 0x17, 0xE4, 0x17, 0xE4, 0x17, 0xE4, 0x17, 0xE4, 0x17, 0xE4,
    0x17, 0xE4, 0x17, 0xE4, 0x17, 0xE4, 0x17, 0xE4, 0x17, 0xE4, 0x17, 0xE4, 0x17, 0xE4, 0x17, 0xE4,
    0x17, 0xE4, 0x17, 0xE4, 0x17, 0xE4, 0x17, 0xE4, 0x17, 0xE4, 0x17, 0xE4, 0x17, 0xE4, 0x17, 0xE4,
    0x17, 0xE4, 0x17, 0xE4, 0x17, 0xE4, 0x17, 0xE4, 0x17, 0xE4, 0x17, 0xE4, 0x17, 0xE3, 0x17, 0xE4,
    0x17, 0xE4, 0x17, 0xE4, 0x17, 0xE4, 0x17, 0xE4, 0x17, 0xE4, 0x1F, 0xA4, 0x04, 0x01, 0x12, 0x63,
    0xFF, 0x2A, 0x07, 0x21, 0x07, 0x29, 0x08, 0x39, 0x69, 0x39, 0x8A, 0x41, 0x8A, 0x41, 0xAA, 0x41,
    0xAA, 0x31, 0x69, 0x28, 0xE7, 0x31, 0x49, 0x39, 0x8A, 0x31, 0xA9, 0x39, 0xCA, 0x39, 0xAA, 0x39,
    0xAA, 0x41, 0xAA, 0x41, 0xA9, 0x39, 0x68, 0x20, 0x84, 0x5A, 0x4A, 0xA4, 0xD2, 0x65, 0xAC, 0x3F,
    0xE9, 0x1F, 0xE5, 0x1F, 0xE5, 0x17, 0xE4, 0x17, 0xE3, 0x17, 0xE3, 0x17, 0xE3, 0x17, 0xE4, 0x17,
    0xE4, 0x17, 0xE4, 0x17, 0xE4, 0x17, 0xE4, 0x17, 0xE4, 0x17, 0xE4, 0x17, 0xE4, 0x17, 0xE4, 0x17,
    0xE4, 0x17, 0xE4, 0x17, 0xE4, 0x17, 0xE4, 0x17, 0xE4, 0x17, 0xE4, 0x17, 0xE4, 0x17, 0xE4, 0x17,
    0xE4, 0x17, 0xE4, 0x17, 0xE4, 0x17, 0xE4, 0x17, 0xE4, 0x17, 0xE4, 0x17, 0xE4, 0x17, 0xE4, 0x17,
    0xE4, 0x17, 0xE4, 0x17, 0xE4, 0x17, 0xE4, 0x17, 0xE4, 0x17, 0xE4, 0x17, 0xE4, 0x17, 0xE4, 0x17,
    0xE4, 0xFF, 0x17, 0xE4, 0x17, 0xE4, 0x17, 0xE4, 0x17, 0xE4, 0x17, 0xE4, 0x17, 0xE4, 0x17, 0xE4,
    0x17, 0xE4, 0x17, 0xE4, 0x17, 0xE4, 0x17, 0xE4, 0x17, 0xE4, 0x17, 0xE4, 0x17, 0xE4, 0x17, 0xE4,
    0x17, 0xE4, 0x17, 0xE4, 0x17, 0xE4, 0x17, 0xE4, 0x17, 0xE4, 0x17, 0xE4, 0x17, 0xE4, 0x17, 0xE4,
    0x17, 0xE4, 0x17, 0xE4, 0x17, 0xE4, 0x17, 0xE4, 0x17, 0xE4, 0x17, 0xE4, 0x17, 0xE4, 0x17, 0xE4,
    0x17, 0xE4, 0x17, 0xE4, 0x17, 0xE4, 0x17, 0xE4, 0x17, 0xE4, 0x17, 0xE4, 0x17, 0xE4, 0x17, 0xE4,
    0x17, 0xE4, 0x17, 0xE4, 0x17, 0xE4, 0x17, 0xE4, 0x17, 0xE4, 0x17, 0xE4, 0x17, 0xE4, 0x17, 0xE4,
    0x17, 0xE4, 0x17, 0xE4, 0x17, 0xE4, 0x17, 0xE4, 0x17, 0xE4, 0x17, 0xE4, 0x17, 0xE4, 0x17, 0xE4,
    0x17, 0xE4, 0x17, 0xE4, 0x17, 0xE4, 0x17, 0xE4, 0x17, 0xE4, 0x17, 0xE4, 0x17, 0xE4, 0x17, 0xE4,
    0x17, 0xE4, 0xFF, 0x17, 0xE4, 0x17, 0xE4, 0x17, 0xE4, 0x1F, 0xE5, 0x27, 0xE5, 0x0D, 0xE3, 0x03,
    0x81, 0x01, 0xE2, 0x32, 0x27, 0x73, 0x2D, 0x6A, 0x4B, 0x59, 0xA8, 0x49, 0x47, 0x41, 0x47, 0x41,
    0x47, 0x30, 0xC6, 0x28, 0xA5, 0x31, 0xC7, 0x22, 0xE6, 0x22, 0xC7, 0x4A, 0x69, 0x59, 0xE8, 0x59,
    0xA8, 0x61, 0xA8, 0x61, 0xA8, 0x51, 0x46, 0xA3, 0xEF, 0xC5, 0x74, 0x6E, 0xAC, 0x27, 0xE6, 0x0F,
    0xE3, 0x17, 0xE4, 0x17, 0xE3, 0x17, 0xE3, 0x17, 0xE4, 0x17, 0xE4, 0x17, 0xE4, 0x17, 0xE4, 0x17,
    0xE4, 0x17, 0xE4, 0x17, 0xE4, 0x17, 0xE4, 0x17, 0xE4, 0x17, 0xE4, 0x17, 0xE4, 0x17, 0xE4, 0x17,
    0xE4, 0x17, 0xE4, 0x17, 0xE4, 0x17, 0xE4, 0x17, 0xE4, 0x17, 0xE4, 0x17, 0xE4, 0x17, 0xE4, 0x17,
    0xE4, 0x17, 0xE4, 0x17, 0xE4, 0x17, 0xE4, 0x17, 0xE4, 0x17, 0xE4, 0x17, 0xE4, 0x17, 0xE4, 0x17,
    0xE4, 0x17, 0xE4, 0xFF, 0x17, 0xE4, 0x17, 0xE4, 0x17, 0xE4, 0x17, 0xE4, 0x17, 0xE4, 0x17, 0xE4,
    0x17, 0xE4, 0x17, 0xE4, 0x17, 0xE4, 0x17, 0xE4, 0x17, 0xE4, 0x17, 0xE4, 0x17, 0xE4, 0x17, 0xE4,
    0x17, 0xE4, 0x17, 0xE4, 0x17, 0xE4, 0x17, 0xE4, 0x17, 0xE4, 0x17, 0xE4, 0x17, 0xE4, 0x17, 0xE4,
    0x17, 0xE4, 0x17, 0xE4, 0x17, 0xE4, 0x17, 0xE4, 0x17, 0xE4, 0x17, 0xE4, 0x17, 0xE4, 0x17, 0xE4,
    0x17, 0xE4, 0x17, 0xE4, 0x17, 0xE4, 0x17, 0xE4, 0x17, 0xE4, 0x17, 0xE4, 0x17, 0xE4, 0x17, 0xE4,
    0x17, 0xE4, 0x17, 0xE4, 0x17, 0xE4, 0x17, 0xE4, 0x17, 0xE4, 0x17, 0xE4, 0x17, 0xE4, 0x17, 0xE4,
    0x17, 0xE4, 0x17, 0xE4, 0x17, 0xE4, 0x17, 0xE4, 0x17, 0xE4, 0x17, 0xE4, 0x17, 0xE4, 0x17, 0xE4,
    0x17, 0xE4, 0x17, 0xE4, 0x17, 0xE4, 0x17, 0xE4, 0x17, 0xE4, 0x17, 0xE4, 0x17, 0xE4, 0x17, 0xE4,
    0x17, 0xE4, 0x17, 0xE4, 0xFF, 0x17, 0xE4, 0x17, 0xE4, 0x17, 0xE4, 0x17, 0xE4, 0x17, 0xE4, 0x17,
    0xE4, 0x17, 0xE4, 0x17, 0xE4, 0x17, 0xE4, 0x17, 0xE4, 0x1F, 0xE4, 0x27, 0xE5, 0x17, 0x64, 0x05,
    0x41, 0x45, 0x87, 0xC6, 0x74, 0xDD, 0x94, 0xCC, 0xD2, 0xAB, 0xEF, 0x8A, 0xEC, 0x69, 0xE8, 0x51,
    0x25, 0x61, 0xE8, 0x74, 0x8D, 0x46, 0xEB, 0x46, 0x2A, 0xB5, 0xD2, 0xD4, 0xF1, 0xDC, 0xB1, 0xDC,
    0xB2, 0xDC, 0xB1, 0xD4, 0xD1, 0xED, 0x74, 0xCC, 0xF2, 0x66, 0xAB, 0x1F, 0xE6, 0x17, 0xE3, 0x17,
    0xE4, 0x17, 0xE4, 0x17, 0xE4, 0x17, 0xE4, 0x17, 0xE4, 0x17, 0xE4, 0x17, 0xE4, 0x17, 0xE4, 0x17,
    0xE4, 0x17, 0xE4, 0x17, 0xE4, 0x17, 0xE4, 0x17, 0xE4, 0x17, 0xE4, 0x17, 0xE4, 0x17, 0xE4, 0x17,
    0xE4, 0x17, 0xE4, 0x17, 0xE4, 0x17, 0xE4, 0x17, 0xE4, 0x17, 0xE4, 0x17, 0xE4, 0x17, 0xE4, 0x17,
    0xE4, 0x17, 0xE4, 0x17, 0xE4, 0xFF, 0x17, 0xE4, 0x17, 0xE4, 0x17, 0xE4, 0x17, 0xE4, 0x17, 0xE4,
    0x17, 0xE4, 0x17, 0xE4, 0x17, 0xE4, 0x17, 0xE4, 0x17, 0xE4, 0x17, 0xE4, 0x17, 0xE4, 0x17, 0xE4,
    0x17, 0xE4, 0x17, 0xE4, 0x17, 0xE4, 0x17, 0xE4, 0x17, 0xE4, 0x17, 0xE4, 0x17, 0xE4, 0x17, 0xE4,
    0x17, 0xE4, 0x17, 0xE4, 0x17, 0xE4, 0x17, 0xE4, 0x17, 0xE4, 0x17, 0xE4, 0x17, 0xE4, 0x17, 0xE4,
    0x17, 0xE4, 0x17, 0xE4, 0x17, 0xE4, 0x17, 0xE4, 0x17, 0xE4, 0x17, 0xE4, 0x17, 0xE4, 0x17, 0xE4,
    0x17, 0xE4, 0x17, 0xE4, 0x17, 0xE4, 0x17, 0xE4, 0x17, 0xE4, 0x17, 0xE4, 0x17, 0xE4, 0x17, 0xE4,
    0x17, 0xE4, 0x17, 0xE4, 0x17, 0xE4, 0x17, 0xE4, 0x17, 0xE4, 0x17, 0xE4, 0x17, 0xE4, 0x17, 0xE4,
    0x17, 0xE4, 0x17, 0xE4, 0x17, 0xE4, 0x17, 0xE4, 0x17, 0xE4, 0x17, 0xE4, 0x17, 0xE4, 0x17, 0xE4,
    0x17, 0xE4, 0x17, 0xE4, 0x17, 0xE4, 0xFF, 0x17, 0xE4, 0x17, 0xE4, 0x17, 0xE4, 0x17, 0xE4, 0x17,
    0xE4, 0x17, 0xE4, 0x17, 0xE4, 0x17, 0xE4, 0x17, 0xE4, 0x17, 0xE4, 0x17, 0xE4, 0x17, 0xE4, 0x17,
    0xE4, 0x17, 0xE4, 0x17, 0xE4, 0x17, 0xE4, 0x17, 0xE3, 0x17, 0xE4, 0x1F, 0xE4, 0x1F, 0xE4, 0x27,
    0xE5, 0x96, 0x8E, 0xE5, 0xF4, 0xF5, 0xB5, 0xF5, 0xD5, 0xED, 0xB5, 0xE5, 0x55, 0xD4, 0xB2, 0xD4,
    0xD2, 0xA5, 0x4F, 0x5F, 0x4D, 0x3E, 0xAA, 0xB6, 0x52, 0xED, 0xD5, 0xFD, 0xD5, 0xFD, 0xD5, 0xFD,
    0xD5, 0xF5, 0xD5, 0xF5, 0xD5, 0xCC, 0xF1, 0x6E, 0xAC, 0x27, 0xE5, 0x17, 0xE3, 0x17, 0xE4, 0x17,
    0xE4, 0x17, 0xE4, 0x17, 0xE4, 0x17, 0xE4, 0x17, 0xE4, 0x17, 0xE4, 0x17, 0xE4, 0x17, 0xE4, 0x17,
    0xE4, 0x17, 0xE4, 0x17, 0xE4, 0x17, 0xE4, 0x17, 0xE4, 0x17, 0xE4, 0x17, 0xE4, 0x17, 0xE4, 0x17,
    0xE4, 0x17, 0xE4, 0x17, 0xE4, 0x17, 0xE4, 0xFF, 0x17, 0xE4, 0x17, 0xE4, 0x17, 0xE4, 0x17, 0xE4,
    0x17, 0xE4, 0x17, 0xE4, 0x17, 0xE4, 0x17, 0xE4, 0x17, 0xE4, 0x17, 0xE4, 0x17, 0xE4, 0x17, 0xE4,
    0x17, 0xE4, 0x17, 0xE4, 0x17, 0xE4, 0x17, 0xE4, 0x17, 0xE4, 0x17, 0xE4, 0x17, 0xE4, 0x17, 0xE4,
    0x17, 0xE4, 0x17, 0xE4, 0x17, 0xE4, 0x17, 0xE4, 0x17, 0xE4, 0x17, 0xE4, 0x17, 0xE4, 0x17, 0xE4,
    0x17, 0xE4, 0x17, 0xE4, 0x17, 0xE4, 0x17, 0xE4, 0x17, 0xE4, 0x17, 0xE4, 0x17, 0xE4, 0x17, 0xE4,
    0x17, 0xE4, 0x17, 0xE4, 0x17, 0xE4, 0x17, 0xE4, 0x17, 0xE4, 0x17, 0xE4, 0x17, 0xE4, 0x17, 0xE4,
    0x17, 0xE4, 0x17, 0xE4, 0x17, 0xE4, 0x17, 0xE4, 0x17, 0xE4, 0x17, 0xE4, 0x17, 0xE4, 0x17, 0xE4,
    0x17, 0xE4, 0x17, 0xE4, 0x17, 0xE4, 0x17, 0xE4, 0x17, 0xE4, 0x17, 0xE4, 0x17, 0xE4, 0x17, 0xE4,
    0x17, 0xE4, 0x17, 0xE4, 0x17, 0xE4, 0x17, 0xE4, 0xD8, 0x17, 0xE4, 0x17, 0xE4, 0x17, 0xE4, 0x17,
    0xE4, 0x17, 0xE4, 0x17, 0xE4, 0x17, 0xE4, 0x17, 0xE4, 0x17, 0xE4, 0x17, 0xE4, 0x17, 0xE4, 0x17,
    0xE4, 0x17, 0xE4, 0x17, 0xE4, 0x17, 0xE4, 0x17, 0xE4, 0x17, 0xE4, 0x17, 0xE4, 0x17, 0xE4, 0x17,
    0xE4, 0x17, 0xE4, 0x17, 0xE4, 0x17, 0xE4, 0x17, 0xE4, 0x17, 0xE3, 0x0F, 0xE3, 0x17, 0xE3, 0x57,
    0x09, 0xCE, 0x52, 0xF5, 0x95, 0xF5, 0xB5, 0xF5, 0xB5, 0xFD, 0xB5, 0xFD, 0xD6, 0xF5, 0x95, 0xCD,
    0x31, 0x8D, 0xCD, 0x5E, 0x4C, 0xAE, 0x32, 0xED, 0xD5, 0xED, 0xB5, 0xED, 0xB5, 0xED, 0xB5, 0xED,
    0xB5, 0xF5, 0x02, 0xD5, 0xFF, 0x12, 0x7E, 0x2C, 0x37, 0xE7, 0x0F, 0xE3, 0x17, 0xE4, 0x17, 0xE4,
    0x17, 0xE4, 0x17, 0xE4, 0x17, 0xE4, 0x17, 0xE4, 0x17, 0xE4, 0x17, 0xE4, 0x17, 0xE4, 0x17, 0xE4,
    0x17, 0xE4, 0x17, 0xE4, 0x17, 0xE4, 0x17, 0xE4, 0x17, 0xE4, 0x17, 0xE4, 0x17, 0xE4, 0x17, 0xE4,
    0x17, 0xE4, 0x17, 0xE4, 0x17, 0xE4, 0x17, 0xE4, 0x17, 0xE4, 0x17, 0xE4, 0x17, 0xE4, 0x17, 0xE4,
    0x17, 0xE4, 0x17, 0xE4, 0x17, 0xE4, 0x17, 0xE4, 0x17, 0xE4, 0x17, 0xE4, 0x17, 0xE4, 0x17, 0xE4,
    0x17, 0xE4, 0x17, 0xE4, 0x17, 0xE4, 0x17, 0xE4, 0x17, 0xE4, 0x17, 0xE4, 0x17, 0xE4, 0x17, 0xE4,
    0x17, 0xE4, 0x17, 0xE4, 0x17, 0xE4, 0x17, 0xE4, 0x17, 0xE4, 0x17, 0xE4, 0x17, 0xE4, 0x17, 0xE4,
    0x17, 0xE4, 0x17, 0xE4, 0x17, 0xE4, 0x17, 0xE4, 0x17, 0xE4, 0x17, 0xE4, 0x17, 0xE4, 0x17, 0xE4,
    0x17, 0xE4, 0x17, 0xE4, 0x17, 0xEB, 0xE4, 0x17, 0xE4, 0x17, 0xE4, 0x17, 0xE4, 0x17, 0xE4, 0x17,
    0xE4, 0x17, 0xE4, 0x17, 0xE4, 0x17, 0xE4, 0x17, 0xE4, 0x17, 0xE4, 0x17, 0xE4, 0x17, 0xE4, 0x17,
    0xE4, 0x17, 0xE4, 0x17, 0xE4, 0x17, 0xE4, 0x17, 0xE4, 0x17, 0xE4, 0x17, 0xE4, 0x17, 0xE4, 0x17,
    0xE4, 0x17, 0xE4, 0x17, 0xE4, 0x17, 0xE4, 0x17, 0xE4, 0x17, 0xE4, 0x17, 0xE4, 0x17, 0xE4, 0x17,
    0xE4, 0x17, 0xE4, 0x17, 0xE4, 0x17, 0xE4, 0x17, 0xE4, 0x17, 0xE4, 0x17, 0xE4, 0x17, 0xE4, 0x17,
    0xE4, 0x17, 0xE4, 0x17, 0xE4, 0x17, 0xE4, 0x17, 0xE4, 0x17, 0xE4, 0x17, 0xE4, 0x17, 0xE4, 0x17,
    0xE4, 0x17, 0xE4, 0x17, 0xE4, 0x17, 0xE4, 0x17, 0xE4, 0x17, 0xE4, 0x17, 0xE4, 0x2F, 0xE5, 0x96,
    0xCF, 0xED, 0x02, 0xF5, 0xFF, 0x95, 0xF5, 0x94, 0xF5, 0x94, 0xF5, 0x95, 0xF5, 0x95, 0xED, 0x74,
    0xBD, 0x71, 0x6D, 0x2C, 0xBE, 0x74, 0xF6, 0xB9, 0xF6, 0x78, 0xF6, 0x78, 0xEE, 0x17, 0xED, 0xD6,
    0xED, 0xD6, 0xDD, 0x74, 0x95, 0xCE, 0x47, 0xE8, 0x17, 0xE3, 0x17, 0xE3, 0x17, 0xE4, 0x17, 0xE4,
    0x17, 0xE4, 0x17, 0xE4, 0x17, 0xE4, 0x17, 0xE4, 0x17, 0xE4, 0x17, 0xE4, 0x17, 0xE4, 0x17, 0xE4,
    0x17, 0xE4, 0x17, 0xE4, 0x17, 0xE4, 0x17, 0xE4, 0x17, 0xE4, 0x17, 0xE4, 0x17, 0xE4, 0x17, 0xE4,
    0x17, 0xE4, 0x17, 0xE4, 0x17, 0xE4, 0x17, 0xE4, 0x17, 0xE4, 0x17, 0xE4, 0x17, 0xE4, 0x17, 0xE4,
    0x17, 0xE4, 0x17, 0xE4, 0x17, 0xE4, 0x17, 0xE4, 0x17, 0xE4, 0x17, 0xE4, 0x17, 0xE4, 0x17, 0xE4,
    0x17, 0xE4, 0x17, 0xE4, 0x17, 0xE4, 0x17, 0xE4, 0x17, 0xE4, 0x17, 0xE4, 0x17, 0xE4, 0x17, 0xE4,
    0x17, 0xE4, 0x17, 0xE4, 0x17, 0xFF, 0xE4, 0x17, 0xE4, 0x17, 0xE4, 0x17, 0xE4, 0x17, 0xE4, 0x17,
    0xE4, 0x17, 0xE4, 0x17, 0xE4, 0x17, 0xE4, 0x17, 0xE4, 0x17, 0xE4, 0x17, 0xE4, 0x17, 0xE4, 0x17,
    0xE4, 0x17, 0xE4, 0x17, 0xE4, 0x17, 0xE4, 0x17, 0xE4, 0x17, 0xE4, 0x17, 0xE4, 0x17, 0xE4, 0x17,
    0xE4, 0x17, 0xE4, 0x17, 0xE4, 0x17, 0xE4, 0x17, 0xE4, 0x17, 0xE4, 0x17, 0xE4, 0x17, 0xE4, 0x17,
    0xE4, 0x17, 0xE4, 0x17, 0xE4, 0x17, 0xE4, 0x17, 0xE4, 0x17, 0xE4, 0x17, 0xE4, 0x17, 0xE4, 0x17,
    0xE4, 0x17, 0xE4, 0x17, 0xE4, 0x17, 0xE4, 0x17, 0xE4, 0x17, 0xE4, 0x17, 0xE4, 0x17, 0xE4, 0x17,
    0xE4, 0x17, 0xE4, 0x17, 0xE4, 0x17, 0xE4, 0x17, 0xE4, 0x17, 0xE4, 0x17, 0xE4, 0x17, 0xE4, 0x17,
    0xE4, 0x17, 0xE4, 0x17, 0xE4, 0x17, 0xE4, 0x17, 0xE4, 0x17, 0xE4, 0x17, 0xE4, 0x17, 0xE4, 0x17,
    0xE4, 0x17, 0xE4, 0x17, 0xE4, 0x17, 0xFF, 0xE4, 0x17, 0xE4, 0x17, 0xE4, 0x17, 0xE4, 0x5F, 0x4A,
    0xD6, 0x54, 0xF5, 0x95, 0xFD, 0x94, 0xF5, 0x94, 0xFD, 0x95, 0xF5, 0x95, 0xF5, 0x95, 0xDD, 0x94,
    0x8C, 0x0C, 0xCE, 0x36, 0xFF, 0x7C, 0xFF, 0x3B, 0xFF, 0x3B, 0xFE, 0xFA, 0xF6, 0x99, 0xEE, 0x37,
    0xE5, 0xD6, 0x9D, 0x4F, 0x57, 0xAA, 0x17, 0xE4, 0x17, 0xE3, 0x17, 0xE4, 0x17, 0xE4, 0x17, 0xE4,
    0x17, 0xE4, 0x17, 0xE4, 0x17, 0xE4, 0x17, 0xE4, 0x17, 0xE4, 0x17, 0xE4, 0x17, 0xE4, 0x17, 0xE4,
    0x17, 0xE4, 0x17, 0xE4, 0x17, 0xE4, 0x17, 0xE4, 0x17, 0xE4, 0x17, 0xE4, 0x17, 0xE4, 0x17, 0xE4,
    0x17, 0xE4, 0x17, 0xE4, 0x17, 0xE4, 0x17, 0xE4, 0x17, 0xE4, 0x17, 0xE4, 0x17, 0xE4, 0x17, 0xE4,
    0x17, 0xE4, 0x17, 0xE4, 0x17, 0xE4, 0x17, 0xE4, 0x17, 0xE4, 0x17, 0xE4, 0x17, 0xE4, 0x17, 0xE4,
    0x17, 0xE4, 0x17, 0xE4, 0x17, 0xE4, 0x17, 0xFF, 0xE4, 0x17, 0xE4, 0x17, 0xE4, 0x17, 0xE4, 0x17,
    0xE4, 0x17, 0xE4, 0x17, 0xE4, 0x17, 0xE4, 0x17, 0xE4, 0x17, 0xE4, 0x17, 0xE4, 0x17, 0xE4, 0x17,
    0xE4, 0x17, 0xE4, 0x17, 0xE4, 0x17, 0xE4, 0x17, 0xE4, 0x17, 0xE4, 0x17, 0xE4, 0x17, 0xE4, 0x17,
    0xE4, 0x17, 0xE4, 0x17, 0xE4, 0x17, 0xE4, 0x17, 0xE4, 0x17, 0xE4, 0x17, 0xE4, 0x17, 0xE4, 0x17,
    0xE4, 0x17, 0xE4, 0x17, 0xE4, 0x17, 0xE4, 0x17, 0xE4, 0x17, 0xE4, 0x17, 0xE4, 0x17, 0xE4, 0x17,
    0xE4, 0x17, 0xE4, 0x17, 0xE4, 0x17, 0xE4, 0x17, 0xE4, 0x17, 0xE4, 0x17, 0xE4, 0x17, 0xE4, 0x17,
    0xE4, 0x17, 0xE4, 0x17, 0xE4, 0x17, 0xE4, 0x17, 0xE4, 0x17, 0xE4, 0x17, 0xE4, 0x17, 0xE4, 0x17,
    0xE4, 0x17, 0xE4, 0x17, 0xE4, 0x17, 0xE4, 0x17, 0xE4, 0x17, 0xE4, 0x17, 0xE4, 0x17, 0xE4, 0x17,
    0xE4, 0x17, 0xE4, 0x17, 0xE4, 0x17, 0xE4, 0x17, 0xFF, 0xE4, 0x17, 0xE4, 0x17, 0xE4, 0x17, 0xE4,
    0x17, 0xE4, 0x17, 0xE4, 0x17, 0xE4, 0x17, 0xE4, 0x17, 0xE4, 0x17, 0xE4, 0x27, 0xE6, 0x8E, 0xAE,
    0xDD, 0xF3, 0xF5, 0x95, 0xF5, 0x94, 0xED, 0x54, 0xED, 0x54, 0xF5, 0x95, 0xE5, 0x74, 0xAC, 0x0F,
    0xB4, 0xF3, 0xFF, 0x5C, 0xFF, 0x7D, 0xFF, 0x5C, 0xFF, 0x3C, 0xFF, 0x3B, 0xFE, 0xFA, 0xF6, 0x99,
    0xAD, 0x71, 0x66, 0xEC, 0x27, 0xE6, 0x0F, 0xE3, 0x17, 0xE4, 0x17, 0xE4, 0x17, 0xE4, 0x17, 0xE4,
    0x17, 0xE4, 0x17, 0xE4, 0x17, 0xE4, 0x17, 0xE4, 0x17, 0xE4, 0x17, 0xE4, 0x17, 0xE4, 0x17, 0xE4,
    0x17, 0xE4, 0x17, 0xE4, 0x17, 0xE4, 0x17, 0xE4, 0x17, 0xE4, 0x17, 0xE4, 0x17, 0xE4, 0x17, 0xE4,
    0x17, 0xE4, 0x17, 0xE4, 0x17, 0xE4, 0x17, 0xE4, 0x17, 0xE4, 0x17, 0xE4, 0x17, 0xE4, 0x17, 0xE4,
    0x17, 0xE4, 0x17, 0xE4, 0x17, 0xE4, 0x17, 0xE4, 0x17, 0xFF, 0xE4, 0x17, 0xE4, 0x17, 0xE4, 0x17,
    0xE4, 0x17, 0xE4, 0x17, 0xE4, 0x17, 0xE4, 0x17, 0xE4, 0x17, 0xE4, 0x17, 0xE4, 0x17, 0xE4, 0x17,
    0xE4, 0x17, 0xE4, 0x17, 0xE4, 0x17, 0xE4, 0x17, 0xE4, 0x17, 0xE4, 0x17, 0xE4, 0x17, 0xE4, 0x17,
    0xE4, 0x17, 0xE4, 0x17, 0xE4, 0x17, 0xE4, 0x17, 0xE4, 0x17, 0xE4, 0x17, 0xE4, 0x17, 0xE4, 0x17,
    0xE4, 0x17, 0xE4, 0x17, 0xE4, 0x17, 0xE4, 0x17, 0xE4, 0x17, 0xE4, 0x17, 0xE4, 0x17, 0xE4, 0x17,
    0xE4, 0x17, 0xE4, 0x17, 0xE4, 0x17, 0xE4, 0x17, 0xE4, 0x17, 0xE4, 0x17, 0xE4, 0x17, 0xE4, 0x17,
    0xE4, 0x17, 0xE4, 0x17, 0xE4, 0x17, 0xE4, 0x17, 0xE4, 0x17, 0xE4, 0x17, 0xE4, 0x17, 0xE4, 0x17,
    0xE4, 0x17, 0xE4, 0x17, 0xE4, 0x17, 0xE4, 0x17, 0xE4, 0x17, 0xE4, 0x17, 0xE4, 0x17, 0xE4, 0x17,
    0xE4, 0x17, 0xE4, 0x17, 0xE4, 0x17, 0xE4, 0x17, 0xE4, 0x17, 0xFF, 0xE4, 0x17, 0xE4, 0x17, 0xE4,
    0x17, 0xE4, 0x17, 0xE4, 0x17, 0xE4, 0x17, 0xE4, 0x17, 0xE4, 0x17, 0xE4, 0x17, 0xE4, 0x17, 0xE4,
    0x17, 0xE4, 0x17, 0xE4, 0x17, 0xE4, 0x17, 0xE4, 0x17, 0xE4, 0x17, 0xE4, 0x27, 0x25, 0x7D, 0xCC,
    0xC4, 0xD1, 0xD4, 0x91, 0xD4, 0x71, 0xD4, 0x71, 0xED, 0x54, 0xDD, 0x14, 0xCC, 0xD3, 0x8B, 0xAE,
    0xE6, 0xBA, 0xFF, 0x7D, 0xFF, 0x5D, 0xFF, 0x5C, 0xFF, 0x5C, 0xFF, 0x5C, 0xFF, 0x5C, 0xCE, 0x36,
    0x6E, 0x0D, 0x2F, 0xE7, 0x0F, 0xE4, 0x17, 0xE4, 0x17, 0xE4, 0x17, 0xE4, 0x17, 0xE4, 0x17, 0xE4,
    0x17, 0xE4, 0x17, 0xE4, 0x17, 0xE4, 0x17, 0xE4, 0x17, 0xE4, 0x17, 0xE4, 0x17, 0xE4, 0x17, 0xE4,
    0x17, 0xE4, 0x17, 0xE4, 0x17, 0xE4, 0x17, 0xE4, 0x17, 0xE4, 0x17, 0xE4, 0x17, 0xE4, 0x17, 0xE4,
    0x17, 0xE4, 0x17, 0xE4, 0x17, 0xE4, 0x17, 0xE4, 0x17, 0xE4, 0x17, 0xFF, 0xE4, 0x17, 0xE4, 0x17,
    0xE4, 0x17, 0xE4, 0x17, 0xE4, 0x17, 0xE4, 0x17, 0xE4, 0x17, 0xE4, 0x17, 0xE4, 0x17, 0xE4, 0x17,
    0xE4, 0x17, 0xE4, 0x17, 0xE4, 0x17, 0xE4, 0x17, 0xE4, 0x17, 0xE4, 0x17, 0xE4, 0x17, 0xE4, 0x17,
    0xE4, 0x17, 0xE4, 0x17, 0xE4, 0x17, 0xE4, 0x17, 0xE4, 0x17, 0xE4, 0x17, 0xE4, 0x17, 0xE4, 0x17,
    0xE4, 0x17, 0xE4, 0x17, 0xE4, 0x17, 0xE4, 0x17, 0xE4, 0x17, 0xE4, 0x17, 0xE4, 0x17, 0xE4, 0x17,
    0xE4, 0x17, 0xE4, 0x17, 0xE4, 0x17, 0xE4, 0x17, 0xE4, 0x17, 0xE4, 0x17, 0xE4, 0x17, 0xE4, 0x17,
    0xE4, 0x17, 0xE4, 0x17, 0xE4, 0x17, 0xE4, 0x17, 0xE4, 0x17, 0xE4, 0x17, 0xE4, 0x17, 0xE4, 0x17,
    0xE4, 0x17, 0xE4, 0x17, 0xE4, 0x17, 0xE4, 0x17, 0xE4, 0x17, 0xE4, 0x17, 0xE4, 0x17, 0xE4, 0x17,
    0xE4, 0x17, 0xE4, 0x17, 0xE4, 0x17, 0xE4, 0x17, 0xE4, 0x17, 0xE4, 0x17, 0xFF, 0xE4, 0x17, 0xE4,
    0x17, 0xE4, 0x17, 0xE4, 0x17, 0xE4, 0x17, 0xE4, 0x17, 0xE4, 0x17, 0xE4, 0x17, 0xE4, 0x17, 0xE4,
    0x17, 0xE4, 0x17, 0xE4, 0x17, 0xE4, 0x17, 0xE4, 0x17, 0xE4, 0x17, 0xE4, 0x17, 0xE4, 0x17, 0xE4,
    0x17, 0xE4, 0x17, 0xE4, 0x17, 0xE4, 0x17, 0xE4, 0x17, 0xE3, 0x1F, 0xE4, 0x3E, 0x87, 0x9D, 0x0E,
    0xD4, 0x71, 0xDC, 0x71, 0xDC, 0xD3, 0xDD, 0x33, 0xDD, 0x14, 0xE5, 0x96, 0x83, 0xAD, 0xB5, 0xF5,
    0xF7, 0x9D, 0xFF, 0x3D, 0xFF, 0x5D, 0xFF, 0x5C, 0xFF, 0x5C, 0xFF, 0x5C, 0xEE, 0xFA, 0x85, 0xEF,
    0x37, 0xE9, 0x0F, 0xE4, 0x17, 0xE4, 0x17, 0xE4, 0x17, 0xE4, 0x17, 0xE4, 0x17, 0xE4, 0x17, 0xE4,
    0x17, 0xE4, 0x17, 0xE4, 0x17, 0xE4, 0x17, 0xE4, 0x17, 0xE4, 0x17, 0xE4, 0x17, 0xE4, 0x17, 0xE4,
    0x17, 0xE4, 0x17, 0xE4, 0x17, 0xE4, 0x17, 0xE4, 0x17, 0xE4, 0x17, 0xE4, 0x17, 0xFF, 0xE4, 0x17,
    0xE4, 0x17, 0xE4, 0x17, 0xE4, 0x17, 0xE4, 0x17, 0xE4, 0x17, 0xE4, 0x17, 0xE4, 0x17, 0xE4, 0x17,
    0xE4, 0x17, 0xE4, 0x17, 0xE4, 0x17, 0xE4, 0x17, 0xE4, 0x17, 0xE4, 0x17, 0xE4, 0x17, 0xE4, 0x17,
    0xE4, 0x17, 0xE4, 0x17, 0xE4, 0x17, 0xE4, 0x17, 0xE4, 0x17, 0xE4, 0x17, 0xE4, 0x17, 0xE4, 0x17,
    0xE4, 0x17, 0xE4, 0x17, 0xE4, 0x17, 0xE4, 0x17, 0xE4, 0x17, 0xE4, 0x17, 0xE4, 0x17, 0xE4, 0x17,
    0xE4, 0x17, 0xE4, 0x17, 0xE4, 0x17, 0xE4, 0x17, 0xE4, 0x17, 0xE4, 0x17, 0xE4, 0x17, 0xE4, 0x17,
    0xE4, 0x17, 0xE4, 0x17, 0xE4, 0x17, 0xE4, 0x17, 0xE4, 0x17, 0xE4, 0x17, 0xE4, 0x17, 0xE4, 0x17,
    0xE4, 0x17, 0xE4, 0x17, 0xE4, 0x17, 0xE4, 0x17, 0xE4, 0x17, 0xE4, 0x17, 0xE4, 0x17, 0xE4, 0x17,
    0xE4, 0x17, 0xE4, 0x17, 0xE4, 0x17, 0xE4, 0x17, 0xE4, 0x17, 0xE4, 0x17, 0xE4, 0x17, 0xFF, 0xE4,
    0x17, 0xE4, 0x17, 0xE4, 0x17, 0xE4, 0x17, 0xE4, 0x17, 0xE4, 0x17, 0xE4, 0x17, 0xE4, 0x17, 0xE4,
    0x17, 0xE4, 0x17, 0xE4, 0x17, 0xE4, 0x17, 0xE4, 0x17, 0xE4, 0x17, 0xE4, 0x17, 0xE4, 0x17, 0xE4,
    0x17, 0xE4, 0x17, 0xE4, 0x17, 0xE4, 0x17, 0xE4, 0x17, 0xE4, 0x17, 0xE4, 0x17, 0xE4, 0x17, 0xE4,
    0x17, 0xE4, 0x17, 0xE4, 0x17, 0xE4, 0x17, 0xE4, 0x1F, 0xE4, 0x1F, 0xE4, 0x6E, 0x4B, 0xCD, 0xB3,
    0xE5, 0x14, 0xDD, 0x13, 0xD5, 0x13, 0xE5, 0x55, 0xE5, 0xB7, 0x94, 0x90, 0x7D, 0xB1, 0xDF, 0xDB,
    0xFF, 0x5D, 0xF7, 0x5D, 0xFF, 0x5C, 0xFF, 0x5C, 0xFF, 0x5C, 0xFF, 0x5C, 0xA6, 0x13, 0x4F, 0xCA,
    0x17, 0xE5, 0x0F, 0xE4, 0x17, 0xE4, 0x17, 0xE4, 0x17, 0xE4, 0x17, 0xE4, 0x17, 0xE4, 0x17, 0xE4,
    0x17, 0xE4, 0x17, 0xE4, 0x17, 0xE4, 0x17, 0xE4, 0x17, 0xE4, 0x17, 0xE4, 0x17, 0xE4, 0x17, 0xFF,
    0xE4, 0x17, 0xE4, 0x17, 0xE4, 0x17, 0xE4, 0x17, 0xE4, 0x17, 0xE4, 0x17, 0xE4, 0x17, 0xE4, 0x17,
    0xE4, 0x17, 0xE4, 0x17, 0xE4, 0x17, 0xE4, 0x17, 0xE4, 0x17, 0xE4, 0x17, 0xE4, 0x17, 0xE4, 0x17,
    0xE4, 0x17, 0xE4, 0x17, 0xE4, 0x17, 0xE4, 0x17, 0xE4, 0x17, 0xE4, 0x17, 0xE4, 0x17, 0xE4, 0x17,
    0xE4, 0x17, 0xE4, 0x17, 0xE4, 0x17, 0xE4, 0x17, 0xE4, 0x17, 0xE4, 0x17, 0xE4, 0x17, 0xE4, 0x17,
    0xE4, 0x17, 0xE4, 0x17, 0xE4, 0x17, 0xE4, 0x17, 0xE4, 0x17, 0xE4, 0x17, 0xE4, 0x17, 0xE4, 0x17,
    0xE4, 0x17, 0xE4, 0x17, 0xE4, 0x17, 0xE4, 0x17, 0xE4, 0x17, 0xE4, 0x17, 0xE4, 0x17, 0xE4, 0x17,
    0xE4, 0x17, 0xE4, 0x17, 0xE4, 0x17, 0xE4, 0x17, 0xE4, 0x17, 0xE4, 0x17, 0xE4, 0x17, 0xE4, 0x17,
    0xE4, 0x17, 0xE4, 0x17, 0xE4, 0x17, 0xE4, 0x17, 0xE4, 0x17, 0xE4, 0x17, 0xE4, 0x17, 0xE4, 0x17,
    0xFF, 0xE4, 0x17, 0xE4, 0x17, 0xE4, 0x17, 0xE4, 0x17, 0xE4, 0x17, 0xE4, 0x17, 0xE4, 0x17, 0xE4,
    0x17, 0xE4, 0x17, 0xE4, 0x17, 0xE4, 0x17, 0xE4, 0x17, 0xE4, 0x17, 0xE4, 0x17, 0xE4, 0x17, 0xE4,
    0x17, 0xE4, 0x17, 0xE4, 0x17, 0xE4, 0x17, 0xE4, 0x17, 0xE4, 0x17, 0xE4, 0x17, 0xE4, 0x17, 0xE4,
    0x17, 0xE4, 0x17, 0xE4, 0x17, 0xE4, 0x17, 0xE4, 0x17, 0xE4, 0x17, 0xE4, 0x17, 0xE4, 0x17, 0xE4,
    0x17, 0xE4, 0x17, 0xE4, 0x17, 0xE4, 0x17, 0xE3, 0x1F, 0xE4, 0x2F, 0x85, 0x7E, 0x0D, 0xD5, 0x73,
    0xDD, 0x54, 0xDD, 0x95, 0xE5, 0xB6, 0xE5, 0xB7, 0xB5, 0x32, 0x6D, 0xCE, 0xBF, 0xB7, 0xF7, 0x7D,
    0xFF, 0x5D, 0xF7, 0x5C, 0xF7, 0x5C, 0xFF, 0x5C, 0xFF, 0x5D, 0xB6, 0x15, 0x5F, 0x4B, 0x1F, 0xE5,
    0x17, 0xE4, 0x17, 0xE4, 0x17, 0xE4, 0x17, 0xE4, 0x17, 0xE4, 0x17, 0xE4, 0x17, 0xE4, 0x17, 0xE4,
    0x17, 0xFF, 0xE4, 0x17, 0xE4, 0x17, 0xE4, 0x17, 0xE4, 0x17, 0xE4, 0x17, 0xE4, 0x17, 0xE4, 0x17,
    0xE4, 0x17, 0xE4, 0x17, 0xE4, 0x17, 0xE4, 0x17, 0xE4, 0x17, 0xE4, 0x17, 0xE4, 0x17, 0xE4, 0x17,
    0xE4, 0x17, 0xE4, 0x17, 0xE4, 0x17, 0xE4, 0x17, 0xE4, 0x17, 0xE4, 0x17, 0xE4, 0x17, 0xE4, 0x17,
    0xE4, 0x17, 0xE4, 0x17, 0xE4, 0x17, 0xE4, 0x17, 0xE4, 0x17, 0xE4, 0x17, 0xE4, 0x17, 0xE4, 0x17,
    0xE4, 0x17, 0xE4, 0x17, 0xE4, 0x17, 0xE4, 0x17, 0xE4, 0x17, 0xE4, 0x17, 0xE4, 0x17, 0xE4, 0x17,
    0xE4, 0x17, 0xE4, 0x17, 0xE4, 0x17, 0xE4, 0x17, 0xE4, 0x17, 0xE4, 0x17, 0xE4, 0x17, 0xE4, 0x17,
    0xE4, 0x17, 0xE4, 0x17, 0xE4, 0x17, 0xE4, 0x17, 0xE4, 0x17, 0xE4, 0x17, 0xE4, 0x17, 0xE4, 0x17,
    0xE4, 0x17, 0xE4, 0x17, 0xE4, 0x17, 0xE4, 0x17, 0xE4, 0x17, 0xE4, 0x17, 0xE4, 0x17, 0xE4, 0x17,
    0xE4, 0x17, 0xFF, 0xE4, 0x17, 0xE4, 0x17, 0xE4, 0x17, 0xE4, 0x17, 0xE4, 0x17, 0xE4, 0x17, 0xE4,
    0x17, 0xE4, 0x17, 0xE4, 0x17, 0xE4, 0x17, 0xE4, 0x17, 0xE4, 0x17, 0xE4, 0x17, 0xE4, 0x17, 0xE4,
    0x17, 0xE4, 0x17, 0xE4, 0x17, 0xE4, 0x17, 0xE4, 0x17, 0xE4, 0x17, 0xE4, 0x17, 0xE4, 0x17, 0xE4,
    0x17, 0xE4, 0x17, 0xE4, 0x17, 0xE4, 0x17, 0xE4, 0x17, 0xE4, 0x17, 0xE4, 0x17, 0xE4, 0x17, 0xE4,
    0x17, 0xE4, 0x17, 0xE4, 0x17, 0xE4, 0x17, 0xE4, 0x17, 0xE4, 0x17, 0xE4, 0x17, 0xE4, 0x17, 0xE4,
    0x17, 0xE4, 0x17, 0xE4, 0x17, 0xE4, 0x17, 0xE4, 0x1F, 0xE5, 0x47, 0x08, 0xB6, 0x72, 0xE5, 0xD5,
    0xE5, 0xB6, 0xE5, 0xB6, 0xE5, 0xB7, 0xBD, 0x54, 0x6D, 0xEE, 0x97, 0x54, 0xEF, 0xBD, 0xFF, 0x5D,
    0xF7, 0x7D, 0xF7, 0x7D, 0xF7, 0x5C, 0xEE, 0xFB, 0xBE, 0x36, 0x5F, 0x2D, 0x1F, 0xE6, 0x0F, 0xE4,
    0x17, 0xE4, 0x17, 0xFF, 0xE4, 0x17, 0xE4, 0x17, 0xE4, 0x17, 0xE4, 0x17, 0xE4, 0x17, 0xE4, 0x17,
    0xE4, 0x17, 0xE4, 0x17, 0xE4, 0x17, 0xE4, 0x17, 0xE4, 0x17, 0xE4, 0x17, 0xE4, 0x17, 0xE4, 0x17,
    0xE4, 0x17, 0xE4, 0x17, 0xE4, 0x17, 0xE4, 0x17, 0xE4, 0x17, 0xE4, 0x17, 0xE4, 0x17, 0xE4, 0x17,
    0xE4, 0x17, 0xE4, 0x17, 0xE4, 0x17, 0xE4, 0x17, 0xE4, 0x17, 0xE4, 0x17, 0xE4, 0x17, 0xE4, 0x17,
    0xE4, 0x17, 0xE4, 0x17, 0xE4, 0x17, 0xE4, 0x17, 0xE4, 0x17, 0xE4, 0x17, 0xE4, 0x17, 0xE4, 0x17,
    0xE4, 0x17, 0xE4, 0x17, 0xE4, 0x17, 0xE4, 0x17, 0xE4, 0x17, 0xE4, 0x17, 0xE4, 0x17, 0xE4, 0x17,
    0xE4, 0x17, 0xE4, 0x17, 0xE4, 0x17, 0xE4, 0x17, 0xE4, 0x17, 0xE4, 0x17, 0xE4, 0x17, 0xE4, 0x17,
    0xE4, 0x17, 0xE4, 0x17, 0xE4, 0x17, 0xE4, 0x17, 0xE4, 0x17, 0xE4, 0x17, 0xE4, 0x17, 0xE4, 0x17,
    0xE4, 0x17, 0xE4, 0x17, 0xFF, 0xE4, 0x17, 0xE4, 0x17, 0xE4, 0x17, 0xE4, 0x17, 0xE4, 0x17, 0xE4,
    0x17, 0xE4, 0x17, 0xE4, 0x17, 0xE4, 0x17, 0xE4, 0x17, 0xE4, 0x17, 0xE4, 0x17, 0xE4, 0x17, 0xE4,
    0x17, 0xE4, 0x17, 0xE4, 0x17, 0xE4, 0x17, 0xE4, 0x17, 0xE4, 0x17, 0xE4, 0x17, 0xE4, 0x17, 0xE4,
    0x17, 0xE4, 0x17, 0xE4, 0x17, 0xE4, 0x17, 0xE4, 0x17, 0xE4, 0x17, 0xE4, 0x17, 0xE4, 0x17, 0xE4,
    0x17, 0xE4, 0x17, 0xE4, 0x17, 0xE4, 0x17, 0xE4, 0x17, 0xE4, 0x17, 0xE4, 0x17, 0xE4, 0x17, 0xE4,
    0x17, 0xE4, 0x17, 0xE4, 0x17, 0xE4, 0x17, 0xE4, 0x17, 0xE4, 0x17, 0xE4, 0x17, 0xE4, 0x17, 0xE4,
    0x17, 0xE4, 0x17, 0xE4, 0x17, 0xE4, 0x17, 0xE4, 0x27, 0xE5, 0x6E, 0xCC, 0xCE, 0x34, 0xE5, 0xB6,
    0xDD, 0xB6, 0xE5, 0xB7, 0xC5, 0x55, 0x7D, 0xB0, 0x8E, 0xD3, 0xE7, 0xBC, 0xFF, 0x7D, 0xEF, 0x3C,
    0xE6, 0xFB, 0xDE, 0xB9, 0xEF, 0xFF, 0x1B, 0xDF, 0x1B, 0x6E, 0xEF, 0x27, 0xE7, 0x17, 0xE4, 0x17,
    0xE4, 0x17, 0xE4, 0x17, 0xE4, 0x17, 0xE4, 0x17, 0xE4, 0x17, 0xE4, 0x17, 0xE4, 0x17, 0xE4, 0x17,
    0xE4, 0x17, 0xE4, 0x17, 0xE4, 0x17, 0xE4, 0x17, 0xE4, 0x17, 0xE4, 0x17, 0xE4, 0x17, 0xE4, 0x17,
    0xE4, 0x17, 0xE4, 0x17, 0xE4, 0x17, 0xE4, 0x17, 0xE4, 0x17, 0xE4, 0x17, 0xE4, 0x17, 0xE4, 0x17,
    0xE4, 0x17, 0xE4, 0x17, 0xE4, 0x17, 0xE4, 0x17, 0xE4, 0x17, 0xE4, 0x17, 0xE4, 0x17, 0xE4, 0x17,
    0xE4, 0x17, 0xE4, 0x17, 0xE4, 0x17, 0xE4, 0x17, 0xE4, 0x17, 0xE4, 0x17, 0xE4, 0x17, 0xE4, 0x17,
    0xE4, 0x17, 0xE4, 0x17, 0xE4, 0x17, 0xE4, 0x17, 0xE4, 0x17, 0xE4, 0x17, 0xE4, 0x17, 0xE4, 0x17,
    0xE4, 0x17, 0xE4, 0x17, 0xE4, 0x17, 0xE4, 0x17, 0xE4, 0x17, 0xE4, 0x17, 0xE4, 0x17, 0xE4, 0x17,
    0xE4, 0x17, 0xE4, 0x17, 0xE4, 0x17, 0xFF, 0xE4, 0x17, 0xE4, 0x17, 0xE4, 0x17, 0xE4, 0x17, 0xE4,
    0x17, 0xE4, 0x17, 0xE4, 0x17, 0xE4, 0x17, 0xE4, 0x17, 0xE4, 0x17, 0xE4, 0x17, 0xE4, 0x17, 0xE4,
    0x17, 0xE4, 0x17, 0xE4, 0x17, 0xE4, 0x17, 0xE4, 0x17, 0xE4, 0x17, 0xE4, 0x17, 0xE4, 0x17, 0xE4,
    0x17, 0xE4, 0x17, 0xE4, 0x17, 0xE4, 0x17, 0xE4, 0x17, 0xE4, 0x17, 0xE4, 0x17, 0xE4, 0x17, 0xE4,
    0x17, 0xE4, 0x17, 0xE4, 0x17, 0xE4, 0x17, 0xE4, 0x17, 0xE4, 0x17, 0xE4, 0x17, 0xE4, 0x17, 0xE4,
    0x17, 0xE4, 0x17, 0xE4, 0x17, 0xE4, 0x17, 0xE4, 0x17, 0xE4, 0x17, 0xE4, 0x17, 0xE4, 0x17, 0xE4,
    0x17, 0xE4, 0x17, 0xE4, 0x17, 0xE4, 0x17, 0xE4, 0x17, 0xE4, 0x17, 0xE4, 0x17, 0xE4, 0x17, 0xE3,
    0x17, 0xE4, 0x17, 0xE4, 0x17, 0xE4, 0x17, 0xE4, 0x2F, 0x26, 0xA6, 0x91, 0xD6, 0x16, 0xDD, 0xD6,
    0xDD, 0xB7, 0xC5, 0x55, 0x8C, 0xF0, 0x7D, 0xFF, 0x0F, 0xCE, 0x98, 0xDE, 0x9A, 0xDE, 0xBB, 0xE6,
    0xFB, 0xEF, 0x5C, 0xFF, 0xDE, 0xEF, 0x7C, 0x76, 0xAF, 0x2F, 0xE7, 0x17, 0xE4, 0x17, 0xE4, 0x17,
    0xE4, 0x17, 0xE4, 0x17, 0xE4, 0x17, 0xE4, 0x17, 0xE4, 0x17, 0xE4, 0x17, 0xE4, 0x17, 0xE4, 0x17,
    0xE4, 0x17, 0xE4, 0x17, 0xE4, 0x17, 0xE4, 0x17, 0xE4, 0x17, 0xE4, 0x17, 0xE4, 0x17, 0xE4, 0x17,
    0xE4, 0x17, 0xE4, 0x17, 0xE4, 0x17, 0xE4, 0x17, 0xE4, 0x17, 0xE4, 0x17, 0xE4, 0x17, 0xE4, 0x17,
    0xE4, 0x17, 0xE4, 0x17, 0xE4, 0x17, 0xE4, 0x17, 0xE4, 0x17, 0xE4, 0x17, 0xE4, 0x17, 0xE4, 0x17,
    0xE4, 0x17, 0xE4, 0x17, 0xE4, 0x17, 0xE4, 0x17, 0xE4, 0x17, 0xE4, 0x17, 0xE4, 0x17, 0xE4, 0x17,
    0xE4, 0x17, 0xE4, 0x17, 0xE4, 0x17, 0xE4, 0x17, 0xE4, 0x17, 0xE4, 0x17, 0xE4, 0x17, 0xE4, 0x17,
    0xE4, 0x17, 0xE4, 0x17, 0xE4, 0x17, 0xE4, 0x17, 0xFF, 0xE4, 0x17, 0xE4, 0x17, 0xE4, 0x17, 0xE4,
    0x17, 0xE4, 0x17, 0xE4, 0x17, 0xE4, 0x17, 0xE4, 0x17, 0xE4, 0x17, 0xE4, 0x17, 0xE4, 0x17, 0xE4,
    0x17, 0xE4, 0x17, 0xE4, 0x17, 0xE4, 0x17, 0xE4, 0x17, 0xE4, 0x17, 0xE4, 0x17, 0xE4, 0x17, 0xE4,
    0x17, 0xE4, 0x17, 0xE4, 0x17, 0xE4, 0x17, 0xE4, 0x17, 0xE4, 0x17, 0xE4, 0x17, 0xE4, 0x17, 0xE4,
    0x17, 0xE4, 0x17, 0xE4, 0x17, 0xE4, 0x17, 0xE4, 0x17, 0xE4, 0x17, 0xE4, 0x17, 0xE4, 0x17, 0xE4,
    0x17, 0xE4, 0x17, 0xE4, 0x17, 0xE4, 0x17, 0xE4, 0x17, 0xE4, 0x17, 0xE4, 0x17, 0xE4, 0x17, 0xE4,
    0x17, 0xE4, 0x17, 0xE4, 0x17, 0xE4, 0x17, 0xE4, 0x17, 0xE4, 0x17, 0xE4, 0x17, 0xE4, 0x17, 0xE4,
    0x17, 0xE4, 0x17, 0xE4, 0x17, 0xE4, 0x17, 0xE4, 0x17, 0xE4, 0x17, 0xE4, 0x17, 0xE4, 0x17, 0xE4,
    0x17, 0xE4, 0x17, 0xE3, 0x17, 0xE4, 0x17, 0xE4, 0x66, 0x92, 0xAB, 0xC6, 0x35, 0xDD, 0xD7, 0xDD,
    0xB7, 0xD5, 0x96, 0xA4, 0x70, 0x8B, 0xEE, 0xDE, 0x99, 0xFF, 0xBE, 0xF7, 0xDE, 0x06, 0xFF, 0xFF,
    0xEF, 0x7C, 0x6E, 0xCF, 0x2F, 0xE7, 0x17, 0xE4, 0x17, 0xE4, 0x17, 0xE4, 0x17, 0xE4, 0x17, 0xE4,
    0x17, 0xE4, 0x17, 0xE4, 0x17, 0xE4, 0x17, 0xE4, 0x17, 0xE4, 0x17, 0xE4, 0x17, 0xE4, 0x17, 0xE4,
    0x17, 0xE4, 0x17, 0xE4, 0x17, 0xE4, 0x17, 0xE4, 0x17, 0xE4, 0x17, 0xE4, 0x17, 0xE4, 0x17, 0xE4,
    0x17, 0xE4, 0x17, 0xE4, 0x17, 0xE4, 0x17, 0xE4, 0x17, 0xE4, 0x17, 0xE4, 0x17, 0xE4, 0x17, 0xE4,
    0x17, 0xE4, 0x17, 0xE4, 0x17, 0xE4, 0x17, 0xE4, 0x17, 0xE4, 0x17, 0xE4, 0x17, 0xE4, 0x17, 0xE4,
    0x17, 0xE4, 0x17, 0xE4, 0x17, 0xE4, 0x17, 0xE4, 0x17, 0xE4, 0x17, 0xE4, 0x17, 0xE4, 0x17, 0xE4,
    0x17, 0xE4, 0x17, 0xE4, 0x17, 0xE4, 0x17, 0xE4, 0x17, 0xE4, 0x17, 0xE4, 0x17, 0xE4, 0x17, 0xE4,
    0x17, 0xE4, 0x17, 0xE4, 0x17, 0xE4, 0x17, 0xE4, 0x17, 0xE4, 0x17, 0xE4, 0x17, 0xE4, 0x17, 0xE4,
    0xFF, 0x17, 0xE4, 0x17, 0xE4, 0x17, 0xE4, 0x17, 0xE4, 0x17, 0xE4, 0x17, 0xE4, 0x17, 0xE4, 0x17,
    0xE4, 0x17, 0xE4, 0x17, 0xE4, 0x17, 0xE4, 0x17, 0xE4, 0x17, 0xE4, 0x17, 0xE4, 0x17, 0xE4, 0x17,
    0xE4, 0x17, 0xE4, 0x17, 0xE4, 0x17, 0xE4, 0x17, 0xE4, 0x17, 0xE4, 0x17, 0xE4, 0x17, 0xE4, 0x17,
    0xE4, 0x17, 0xE4, 0x17, 0xE4, 0x17, 0xE4, 0x17, 0xE4, 0x17, 0xE4, 0x17, 0xE4, 0x17, 0xE4, 0x17,
    0xE4, 0x17, 0xE4, 0x17, 0xE4, 0x17, 0xE4, 0x17, 0xE4, 0x17, 0xE4, 0x17, 0xE4, 0x17, 0xE4, 0x17,
    0xE4, 0x17, 0xE4, 0x17, 0xE4, 0x17, 0xE4, 0x17, 0xE4, 0x17, 0xE4, 0x17, 0xE4, 0x17, 0xE4, 0x17,
    0xE4, 0x17, 0xE4, 0x17, 0xE4, 0x17, 0xE4, 0x17, 0xE4, 0x17, 0xE4, 0x17, 0xE4, 0x17, 0xE3, 0x17,
    0xE3, 0x17, 0xE4, 0x27, 0x26, 0xA6, 0x33, 0xD5, 0xB7, 0xDD, 0xD8, 0xD5, 0x97, 0xAC, 0x52, 0xC5,
    0x55, 0x81, 0xEE, 0xDB, 0x0A, 0xFF, 0xFF, 0xEF, 0x9D, 0x76, 0xCF, 0x2F, 0xE7, 0x17, 0xE4, 0x17,
    0xE4, 0x17, 0xE4, 0x17, 0xE4, 0x17, 0xE4, 0x17, 0xE4, 0x17, 0xE4, 0x17, 0xE4, 0x17, 0xE4, 0x17,
    0xE4, 0x17, 0xE4, 0x17, 0xE4, 0x17, 0xE4, 0x17, 0xE4, 0x17, 0xE4, 0x17, 0xE4, 0x17, 0xE4, 0x17,
    0xE4, 0x17, 0xE4, 0x17, 0xE4, 0x17, 0xE4, 0x17, 0xE4, 0x17, 0xE4, 0x17, 0xE4, 0x17, 0xE4, 0x17,
    0xE4, 0x17, 0xE4, 0x17, 0xE4, 0x17, 0xE4, 0x17, 0xE4, 0x17, 0xE4, 0x17, 0xE4, 0x17, 0xE4, 0x17,
    0xE4, 0x17, 0xE4, 0x17, 0xE4, 0x17, 0xE4, 0x17, 0xE4, 0x17, 0xE4, 0x17, 0xE4, 0x17, 0xE4, 0x17,
    0xE4, 0x17, 0xE4, 0x17, 0xE4, 0x17, 0xE4, 0x17, 0xE4, 0x17, 0xE4, 0x17, 0xE4, 0x17, 0xE4, 0x17,
    0xE4, 0x17, 0xE4, 0x17, 0xE4, 0x17, 0xE4, 0x17, 0xE4, 0x17, 0xE4, 0x17, 0xE4, 0x17, 0xE4, 0x17,
    0xE4, 0x17, 0xE4, 0x17, 0xE4, 0x17, 0xE4, 0xFF, 0x17, 0xE4, 0x17, 0xE4, 0x17, 0xE4, 0x17, 0xE4,
    0x17, 0xE4, 0x17, 0xE4, 0x17, 0xE4, 0x17, 0xE4, 0x17, 0xE4, 0x17, 0xE4, 0x17, 0xE4, 0x17, 0xE4,
    0x17, 0xE4, 0x17, 0xE4, 0x17, 0xE4, 0x17, 0xE4, 0x17, 0xE4, 0x17, 0xE4, 0x17, 0xE4, 0x17, 0xE4,
    0x17, 0xE4, 0x17, 0xE4, 0x17, 0xE4, 0x17, 0xE4, 0x17, 0xE4, 0x17, 0xE4, 0x17, 0xE4, 0x17, 0xE4,
    0x17, 0xE4, 0x17, 0xE4, 0x17, 0xE4, 0x17, 0xE4, 0x17, 0xE4, 0x17, 0xE4, 0x17, 0xE4, 0x17, 0xE4,
    0x17, 0xE4, 0x17, 0xE4, 0x17, 0xE4, 0x17, 0xE4, 0x17, 0xE4, 0x17, 0xE4, 0x17, 0xE4, 0x17, 0xE4,
    0x17, 0xE4, 0x17, 0xE4, 0x17, 0xE4, 0x17, 0xE4, 0x17, 0xE4, 0x17, 0xE4, 0x17, 0xE4, 0x17, 0xE4,
    0x17, 0xE4, 0x17, 0xE4, 0x17, 0xE3, 0x17, 0xE3, 0x17, 0xE3, 0x17, 0xE4, 0x7E, 0x6F, 0xD5, 0xD7,
    0xDD, 0xB7, 0xDD, 0xB8, 0xBC, 0xD5, 0xBC, 0xF4, 0x83, 0xE6, 0xBB, 0xFF, 0xDF, 0x08, 0xFF, 0xFF,
    0xEF, 0xBD, 0x76, 0xCF, 0x2F, 0xE7, 0x17, 0xE4, 0x17, 0xE4, 0x17, 0xE4, 0x17, 0xE4, 0x17, 0xE4,
    0x17, 0xE4, 0x17, 0xE4, 0x17, 0xE4, 0x17, 0xE4, 0x17, 0xE4, 0x17, 0xE4, 0x17, 0xE4, 0x17, 0xE4,
    0x17, 0xE4, 0x17, 0xE4, 0x17, 0xE4, 0x17, 0xE4, 0x17, 0xE4, 0x17, 0xE4, 0x17, 0xE4, 0x17, 0xE4,
    0x17, 0xE4, 0x17, 0xE4, 0x17, 0xE4, 0x17, 0xE4, 0x17, 0xE4, 0x17, 0xE4, 0x17, 0xE4, 0x17, 0xE4,
    0x17, 0xE4, 0x17, 0xE4, 0x17, 0xE4, 0x17, 0xE4, 0x17, 0xE4, 0x17, 0xE4, 0x17, 0xE4, 0x17, 0xE4,
    0x17, 0xE4, 0x17, 0xE4, 0x17, 0xE4, 0x17, 0xE4, 0x17, 0xE4, 0x17, 0xE4, 0x17, 0xE4, 0x17, 0xE4,
    0x17, 0xE4, 0x17, 0xE4, 0x17, 0xE4, 0x17, 0xE4, 0x17, 0xE4, 0x17, 0xE4, 0x17, 0xE4, 0x17, 0xE4,
    0x17, 0xE4, 0x17, 0xE4, 0x17, 0xE4, 0x17, 0xE4, 0x17, 0xE4, 0x17, 0xE4, 0x17, 0xE4, 0x17, 0xE4,
    0xFF, 0x17, 0xE4, 0x17, 0xE4, 0x17, 0xE4, 0x17, 0xE4, 0x17, 0xE4, 0x17, 0xE4, 0x17, 0xE4, 0x17,
    0xE4, 0x17, 0xE4, 0x17, 0xE4, 0x17, 0xE4, 0x17, 0xE4, 0x17, 0xE4, 0x17, 0xE4, 0x17, 0xE4, 0x17,
    0xE4, 0x17, 0xE4, 0x17, 0xE4, 0x17, 0xE4, 0x17, 0xE4, 0x17, 0xE4, 0x17, 0xE4, 0x17, 0xE4, 0x17,
    0xE4, 0x17, 0xE4, 0x17, 0xE4, 0x17, 0xE4, 0x17, 0xE4, 0x17, 0xE4, 0x17, 0xE4, 0x17, 0xE4, 0x17,
    0xE4, 0x17, 0xE4, 0x17, 0xE4, 0x17, 0xE4, 0x17, 0xE4, 0x17, 0xE4, 0x17, 0xE4, 0x17, 0xE4, 0x17,
    0xE4, 0x17, 0xE4, 0x17, 0xE4, 0x17, 0xE4, 0x17, 0xE4, 0x17, 0xE4, 0x17, 0xE4, 0x17, 0xE4, 0x17,
    0xE4, 0x17, 0xE4, 0x17, 0xE4, 0x17, 0xE4, 0x17, 0xE4, 0x17, 0xE4, 0x17, 0xE3, 0x17, 0xE3, 0x17,
    0xE3, 0x17, 0xE3, 0x0F, 0xE4, 0x56, 0x8B, 0xC6, 0x15, 0xD5, 0xB7, 0xDD, 0xB8, 0xD5, 0x98, 0xB4,
    0xD4, 0x83, 0xDE, 0x39, 0xFF, 0xDF, 0x08, 0xFF, 0xFF, 0xE7, 0x7C, 0x6E, 0xCE, 0x2F, 0xE7, 0x17,
    0xE4, 0x17, 0xE4, 0x17, 0xE4, 0x17, 0xE4, 0x17, 0xE4, 0x17, 0xE4, 0x17, 0xE4, 0x17, 0xE4, 0x17,
    0xE4, 0x17, 0xE4, 0x17, 0xE4, 0x17, 0xE4, 0x17, 0xE4, 0x17, 0xE4, 0x17, 0xE4, 0x17, 0xE4, 0x17,
    0xE4, 0x17, 0xE4, 0x17, 0xE4, 0x17, 0xE4, 0x17, 0xE4, 0x17, 0xE4, 0x17, 0xE4, 0x17, 0xE4, 0x17,
    0xE4, 0x17, 0xE4, 0x17, 0xE4, 0x17, 0xE4, 0x17, 0xE4, 0x17, 0xE4, 0x17, 0xE4, 0x17, 0xE4, 0x17,
    0xE4, 0x17, 0xE4, 0x17, 0xE4, 0x17, 0xE4, 0x17, 0xE4, 0x17, 0xE4, 0x17, 0xE4, 0x17, 0xE4, 0x17,
    0xE4, 0x17, 0xE4, 0x17, 0xE4, 0x17, 0xE4, 0x17, 0xE4, 0x17, 0xE4, 0x17, 0xE4, 0x17, 0xE4, 0x17,
    0xE4, 0x17, 0xE4, 0x17, 0xE4, 0x17, 0xE4, 0x17, 0xE4, 0x17, 0xE4, 0x17, 0xE4, 0x17, 0xE4, 0x17,
    0xE4, 0x17, 0xE4, 0x17, 0xE4, 0x17, 0xE4, 0x17, 0xE4, 0xFF, 0x17, 0xE4, 0x17, 0xE4, 0x17, 0xE4,
    0x17, 0xE4, 0x17, 0xE4, 0x17, 0xE4, 0x17, 0xE4, 0x17, 0xE4, 0x17, 0xE4, 0x17, 0xE4, 0x17, 0xE4,
    0x17, 0xE4, 0x17, 0xE4, 0x17, 0xE4, 0x17, 0xE4, 0x17, 0xE4, 0x17, 0xE4, 0x17, 0xE4, 0x17, 0xE4,
    0x17, 0xE4, 0x17, 0xE4, 0x17, 0xE4, 0x17, 0xE4, 0x17, 0xE4, 0x17, 0xE4, 0x17, 0xE4, 0x17, 0xE4,
    0x17, 0xE4, 0x17, 0xE4, 0x17, 0xE4, 0x17, 0xE4, 0x17, 0xE4, 0x17, 0xE4, 0x17, 0xE4, 0x17, 0xE4,
    0x17, 0xE4, 0x17, 0xE4, 0x17, 0xE4, 0x17, 0xE4, 0x17, 0xE4, 0x17, 0xE4, 0x17, 0xE4, 0x17, 0xE4,
    0x17, 0xE4, 0x17, 0xE4, 0x17, 0xE4, 0x17, 0xE4, 0x17, 0xE4, 0x17, 0xE4, 0x17, 0xE4, 0x17, 0xE4,
    0x17, 0xE4, 0x17, 0xE4, 0x17, 0xE4, 0x17, 0xE4, 0x17, 0xE3, 0x17, 0xE4, 0x17, 0xE4, 0x2F, 0x46,
    0xA6, 0x52, 0xDD, 0xB7, 0xDD, 0xB7, 0xDD, 0x97, 0xBC, 0xF4, 0x83, 0xC5, 0x97, 0xFF, 0x9E, 0x07,
    0xFF, 0x02, 0xDF, 0xFF, 0x3B, 0x66, 0xEE, 0x27, 0xE6, 0x17, 0xE3, 0x17, 0xE4, 0x17, 0xE4, 0x17,
    0xE4, 0x17, 0xE4, 0x17, 0xE4, 0x17, 0xE4, 0x17, 0xE4, 0x17, 0xE4, 0x17, 0xE4, 0x17, 0xE4, 0x17,
    0xE4, 0x17, 0xE4, 0x17, 0xE4, 0x17, 0xE4, 0x17, 0xE4, 0x17, 0xE4, 0x17, 0xE4, 0x17, 0xE4, 0x17,
    0xE4, 0x17, 0xE4, 0x17, 0xE4, 0x17, 0xE4, 0x17, 0xE4, 0x17, 0xE4, 0x17, 0xE4, 0x17, 0xE4, 0x17,
    0xE4, 0x17, 0xE4, 0x17, 0xE4, 0x17, 0xE4, 0x17, 0xE4, 0x17, 0xE4, 0x17, 0xE4, 0x17, 0xE4, 0x17,
    0xE4, 0x17, 0xE4, 0x17, 0xE4, 0x17, 0xE4, 0x17, 0xE4, 0x17, 0xE4, 0x17, 0xE4, 0x17, 0xE4, 0x17,
    0xE4, 0x17, 0xE4, 0x17, 0xE4, 0x17, 0xE4, 0x17, 0xE4, 0x17, 0xE4, 0x17, 0xE4, 0x17, 0xE4, 0x17,
    0xE4, 0x17, 0xE4, 0x17, 0xE4, 0x17, 0xE4, 0x17, 0xE4, 0x17, 0xE4, 0x17, 0xE4, 0x17, 0xE4, 0x17,
    0xE4, 0x17, 0xE4, 0x17, 0xFF, 0xE4, 0x17, 0xE4, 0x17, 0xE4, 0x17, 0xE4, 0x17, 0xE4, 0x17, 0xE4,
    0x17, 0xE4, 0x17, 0xE4, 0x17, 0xE4, 0x17, 0xE4, 0x17, 0xE4, 0x17, 0xE4, 0x17, 0xE4, 0x17, 0xE4,
    0x17, 0xE4, 0x17, 0xE4, 0x17, 0xE4, 0x17, 0xE4, 0x17, 0xE4, 0x17, 0xE4, 0x17, 0xE4, 0x17, 0xE4,
    0x17, 0xE4, 0x17, 0xE4, 0x17, 0xE4, 0x17, 0xE4, 0x17, 0xE4, 0x17, 0xE4, 0x17, 0xE4, 0x17, 0xE4,
    0x17, 0xE4, 0x17, 0xE4, 0x17, 0xE4, 0x17, 0xE4, 0x17, 0xE4, 0x17, 0xE4, 0x17, 0xE4, 0x17, 0xE4,
    0x17, 0xE4, 0x17, 0xE4, 0x17, 0xE4, 0x17, 0xE4, 0x17, 0xE4, 0x17, 0xE4, 0x17, 0xE4, 0x17, 0xE4,
    0x17, 0xE4, 0x17, 0xE4, 0x17, 0xE4, 0x17, 0xE4, 0x17, 0xE4, 0x17, 0xE4, 0x17, 0xE4, 0x17, 0xE4,
    0x17, 0xE4, 0x17, 0xE4, 0x17, 0xE4, 0x0F, 0xE4, 0x1F, 0xE5, 0x86, 0x2F, 0xDD, 0xD7, 0xDD, 0xB7,
    0xDD, 0xB7, 0xC5, 0x15, 0xC5, 0x82, 0x56, 0xF7, 0x5D, 0x07, 0xFF, 0xFF, 0xDF, 0xD6, 0xDA, 0x5E,
    0xED, 0x27, 0xE6, 0x17, 0xE3, 0x17, 0xE4, 0x17, 0xE4, 0x17, 0xE4, 0x17, 0xE4, 0x17, 0xE4, 0x17,
    0xE4, 0x17, 0xE4, 0x17, 0xE4, 0x17, 0xE4, 0x17, 0xE4, 0x17, 0xE4, 0x17, 0xE4, 0x17, 0xE4, 0x17,
    0xE4, 0x17, 0xE4, 0x17, 0xE4, 0x17, 0xE4, 0x17, 0xE4, 0x17, 0xE4, 0x17, 0xE4, 0x17, 0xE4, 0x17,
    0xE4, 0x17, 0xE4, 0x17, 0xE4, 0x17, 0xE4, 0x17, 0xE4, 0x17, 0xE4, 0x17, 0xE4, 0x17, 0xE4, 0x17,
    0xE4, 0x17, 0xE4, 0x17, 0xE4, 0x17, 0xE4, 0x17, 0xE4, 0x17, 0xE4, 0x17, 0xE4, 0x17, 0xE4, 0x17,
    0xE4, 0x17, 0xE4, 0x17, 0xE4, 0x17, 0xE4, 0x17, 0xE4, 0x17, 0xE4, 0x17, 0xE4, 0x17, 0xE4, 0x17,
    0xE4, 0x17, 0xE4, 0x17, 0xE4, 0x17, 0xE4, 0x17, 0xE4, 0x17, 0xE4, 0x17, 0xE4, 0x17, 0xE4, 0x17,
    0xE4, 0x17, 0xE4, 0x17, 0xE4, 0x17, 0xE4, 0x17, 0xE4, 0x17, 0xE4, 0x17, 0xFF, 0xE4, 0x17, 0xE4,
    0x17, 0xE4, 0x17, 0xE4, 0x17, 0xE4, 0x17, 0xE4, 0x17, 0xE4, 0x17, 0xE4, 0x17, 0xE4, 0x17, 0xE4,
    0x17, 0xE4, 0x17, 0xE4, 0x17, 0xE4, 0x17, 0xE4, 0x17, 0xE4, 0x17, 0xE4, 0x17, 0xE4, 0x17, 0xE4,
    0x17, 0xE4, 0x17, 0xE4, 0x17, 0xE4, 0x17, 0xE4, 0x17, 0xE4, 0x17, 0xE4, 0x17, 0xE4, 0x17, 0xE4,
    0x17, 0xE4, 0x17, 0xE4, 0x17, 0xE4, 0x17, 0xE4, 0x17, 0xE4, 0x17, 0xE4, 0x17, 0xE4, 0x17, 0xE4,
    0x17, 0xE4, 0x17, 0xE4, 0x17, 0xE4, 0x17, 0xE4, 0x17, 0xE4, 0x17, 0xE4, 0x17, 0xE4, 0x17, 0xE4,
    0x17, 0xE4, 0x17, 0xE4, 0x17, 0xE4, 0x17, 0xE4, 0x17, 0xE4, 0x17, 0xE4, 0x17, 0xE4, 0x17, 0xE4,
    0x17, 0xE4, 0x17, 0xE4, 0x17, 0xE4, 0x17, 0xE4, 0x17, 0xE4, 0x17, 0xE4, 0x17, 0xE4, 0x17, 0xE3,
    0x0F, 0xE3, 0x27, 0xE6, 0x76, 0x0D, 0xCD, 0xD6, 0xD5, 0x97, 0xCD, 0x56, 0xBC, 0x84, 0xB4, 0xBD,
    0x35, 0xF7, 0x5D, 0x07, 0xFF, 0xFF, 0xDF, 0xBE, 0xB7, 0x4F, 0x4B, 0x1F, 0xE5, 0x17, 0xE3, 0x17,
    0xE4, 0x17, 0xE4, 0x17, 0xE4, 0x17, 0xE4, 0x17, 0xE4, 0x17, 0xE4, 0x17, 0xE4, 0x17, 0xE4, 0x17,
    0xE4, 0x17, 0xE4, 0x17, 0xE4, 0x17, 0xE4, 0x17, 0xE4, 0x17, 0xE4, 0x17, 0xE4, 0x17, 0xE4, 0x17,
    0xE4, 0x17, 0xE4, 0x17, 0xE4, 0x17, 0xE4, 0x17, 0xE4, 0x17, 0xE4, 0x17, 0xE4, 0x17, 0xE4, 0x17,
    0xE4, 0x17, 0xE4, 0x17, 0xE4, 0x17, 0xE4, 0x17, 0xE4, 0x17, 0xE4, 0x17, 0xE4, 0x17, 0xE4, 0x17,
    0xE4, 0x17, 0xE4, 0x17, 0xE4, 0x17, 0xE4, 0x17, 0xE4, 0x17, 0xE4, 0x17, 0xE4, 0x17, 0xE4, 0x17,
    0xE4, 0x17, 0xE4, 0x17, 0xE4, 0x17, 0xE4, 0x17, 0xE4, 0x17, 0xE4, 0x17, 0xE4, 0x17, 0xE4, 0x17,
    0xE4, 0x17, 0xE4, 0x17, 0xE4, 0x17, 0xE4, 0x17, 0xE4, 0x17, 0xE4, 0x17, 0xE4, 0x17, 0xE4, 0x17,
    0xE4, 0x17, 0xE4, 0x17, 0xE4, 0x17, 0xFF, 0xE4, 0x17, 0xE4, 0x17, 0xE4, 0x17, 0xE4, 0x17, 0xE4,
    0x17, 0xE4, 0x17, 0xE4, 0x17, 0xE4, 0x17, 0xE4, 0x17, 0xE4, 0x17, 0xE4, 0x17, 0xE4, 0x17, 0xE4,
    0x17, 0xE4, 0x17, 0xE4, 0x17, 0xE4, 0x17, 0xE4, 0x17, 0xE4, 0x17, 0xE4, 0x17, 0xE4, 0x17, 0xE4,
    0x17, 0xE4, 0x17, 0xE4, 0x17, 0xE4, 0x17, 0xE4, 0x17, 0xE4, 0x17, 0xE4, 0x17, 0xE4, 0x17, 0xE4,
    0x17, 0xE4, 0x17, 0xE4, 0x17, 0xE4, 0x17, 0xE4, 0x17, 0xE4, 0x17, 0xE4, 0x17, 0xE4, 0x17, 0xE4,
    0x17, 0xE4, 0x17, 0xE4, 0x17, 0xE4, 0x17, 0xE4, 0x17, 0xE4, 0x17, 0xE4, 0x17, 0xE4, 0x17, 0xE4,
    0x17, 0xE4, 0x17, 0xE4, 0x17, 0xE4, 0x17, 0xE4, 0x17, 0xE4, 0x17, 0xE4, 0x17, 0xE4, 0x17, 0xE4,
    0x17, 0xE4, 0x17, 0xE4, 0x17, 0xE4, 0x17, 0xE4, 0x17, 0xE3, 0x0F, 0xE3, 0x27, 0xE6, 0x5D, 0x8C,
    0xBD, 0x34, 0xC5, 0x14, 0xC5, 0x14, 0xBC, 0x84, 0xD4, 0xBD, 0x35, 0xEF, 0x3C, 0x08, 0xFF, 0x02,
    0xB6, 0xFF, 0x47, 0xAA, 0x17, 0xE4, 0x17, 0xE3, 0x17, 0xE4, 0x17, 0xE4, 0x17, 0xE4, 0x17, 0xE4,
    0x17, 0xE4, 0x17, 0xE4, 0x17, 0xE4, 0x17, 0xE4, 0x17, 0xE4, 0x17, 0xE4, 0x17, 0xE4, 0x17, 0xE4,
    0x17, 0xE4, 0x17, 0xE4, 0x17, 0xE4, 0x17, 0xE4, 0x17, 0xE4, 0x17, 0xE4, 0x17, 0xE4, 0x17, 0xE4,
    0x17, 0xE4, 0x17, 0xE4, 0x17, 0xE4, 0x17, 0xE4, 0x17, 0xE4, 0x17, 0xE4, 0x17, 0xE4, 0x17, 0xE4,
    0x17, 0xE4, 0x17, 0xE4, 0x17, 0xE4, 0x17, 0xE4, 0x17, 0xE4, 0x17, 0xE4, 0x17, 0xE4, 0x17, 0xE4,
    0x17, 0xE4, 0x17, 0xE4, 0x17, 0xE4, 0x17, 0xE4, 0x17, 0xE4, 0x17, 0xE4, 0x17, 0xE4, 0x17, 0xE4,
    0x17, 0xE4, 0x17, 0xE4, 0x17, 0xE4, 0x17, 0xE4, 0x17, 0xE4, 0x17, 0xE4, 0x17, 0xE4, 0x17, 0xE4,
    0x17, 0xE4, 0x17, 0xE4, 0x17, 0xE4, 0x17, 0xE4, 0x17, 0xE4, 0x17, 0xE4, 0x17, 0xE4, 0x17, 0xE4,
    0x17, 0xE4, 0xFF, 0x17, 0xE4, 0x17, 0xE4, 0x17, 0xE4, 0x17, 0xE4, 0x17, 0xE4, 0x17, 0xE4, 0x17,
    0xE4, 0x17, 0xE4, 0x17, 0xE4, 0x17, 0xE4, 0x17, 0xE4, 0x17, 0xE4, 0x17, 0xE4, 0x17, 0xE4, 0x17,
    0xE4, 0x17, 0xE4, 0x17, 0xE4, 0x17, 0xE4, 0x17, 0xE4, 0x17, 0xE4, 0x17, 0xE4, 0x17, 0xE4, 0x17,
    0xE4, 0x17, 0xE4, 0x17, 0xE4, 0x17, 0xE4, 0x17, 0xE4, 0x17, 0xE4, 0x17, 0xE4, 0x17, 0xE4, 0x17,
    0xE4, 0x17, 0xE4, 0x17, 0xE4, 0x17, 0xE4, 0x17, 0xE4, 0x17, 0xE4, 0x17, 0xE4, 0x17, 0xE4, 0x17,
    0xE4, 0x17, 0xE4, 0x17, 0xE4, 0x17, 0xE4, 0x17, 0xE4, 0x17, 0xE4, 0x17, 0xE4, 0x17, 0xE4, 0x17,
    0xE4, 0x17, 0xE4, 0x17, 0xE4, 0x17, 0xE4, 0x17, 0xE4, 0x17, 0xE4, 0x17, 0xE4, 0x17, 0xE4, 0x17,
    0xE4, 0x17, 0xE3, 0x17, 0xE3, 0x27, 0xE6, 0x6E, 0x0D, 0xCD, 0xD6, 0xD5, 0xB7, 0xD5, 0xB6, 0xBD,
    0x15, 0xBD, 0x15, 0x81, 0xE6, 0xDB, 0x06, 0xFF, 0xFF, 0xF7, 0xFE, 0x96, 0xB3, 0x3F, 0xE9, 0x17,
    0xE4, 0x17, 0xE3, 0x17, 0xE4, 0x17, 0xE4, 0x17, 0xE4, 0x17, 0xE4, 0x17, 0xE4, 0x17, 0xE4, 0x17,
    0xE4, 0x17, 0xE4, 0x17, 0xE4, 0x17, 0xE4, 0x17, 0xE4, 0x17, 0xE4, 0x17, 0xE4, 0x17, 0xE4, 0x17,
    0xE4, 0x17, 0xE4, 0x17, 0xE4, 0x17, 0xE4, 0x17, 0xE4, 0x17, 0xE4, 0x17, 0xE4, 0x17, 0xE4, 0x17,
    0xE4, 0x17, 0xE4, 0x17, 0xE4, 0x17, 0xE4, 0x17, 0xE4, 0x17, 0xE4, 0x17, 0xE4, 0x17, 0xE4, 0x17,
    0xE4, 0x17, 0xE4, 0x17, 0xE4, 0x17, 0xE4, 0x17, 0xE4, 0x17, 0xE4, 0x17, 0xE4, 0x17, 0xE4, 0x17,
    0xE4, 0x17, 0xE4, 0x17, 0xE4, 0x17, 0xE4, 0x17, 0xE4, 0x17, 0xE4, 0x17, 0xE4, 0x17, 0xE4, 0x17,
    0xE4, 0x17, 0xE4, 0x17, 0xE4, 0x17, 0xE4, 0x17, 0xE4, 0x17, 0xE4, 0x17, 0xE4, 0x17, 0xE4, 0x17,
    0xE4, 0x17, 0xE4, 0x17, 0xE4, 0x17, 0xE4, 0x17, 0xE4, 0xFF, 0x17, 0xE4, 0x17, 0xE4, 0x17, 0xE4,
    0x17, 0xE4, 0x17, 0xE4, 0x17, 0xE4, 0x17, 0xE4, 0x17, 0xE4, 0x17, 0xE4, 0x17, 0xE4, 0x17, 0xE4,
    0x17, 0xE4, 0x17, 0xE4, 0x17, 0xE4, 0x17, 0xE4, 0x17, 0xE4, 0x17, 0xE4, 0x17, 0xE4, 0x17, 0xE4,
    0x17, 0xE4, 0x17, 0xE4, 0x17, 0xE4, 0x17, 0xE4, 0x17, 0xE4, 0x17, 0xE4, 0x17, 0xE4, 0x17, 0xE4,
    0x17, 0xE4, 0x17, 0xE4, 0x17, 0xE4, 0x17, 0xE4, 0x17, 0xE4, 0x17, 0xE4, 0x17, 0xE4, 0x17, 0xE4,
    0x17, 0xE4, 0x17, 0xE4, 0x17, 0xE4, 0x17, 0xE4, 0x17, 0xE4, 0x17, 0xE4, 0x17, 0xE4, 0x17, 0xE4,
    0x17, 0xE4, 0x17, 0xE4, 0x17, 0xE4, 0x17, 0xE4, 0x17, 0xE4, 0x17, 0xE4, 0x17, 0xE4, 0x17, 0xE4,
    0x17, 0xE4, 0x17, 0xE4, 0x17, 0xE4, 0x17, 0xE4, 0x17, 0xE4, 0x17, 0xE4, 0x17, 0xE3, 0x0F, 0xE3,
    0x27, 0xE6, 0x6D, 0xCD, 0xBD, 0x13, 0xBC, 0xF4, 0xC5, 0x14, 0x85, 0xAC, 0x72, 0xB4, 0xD4, 0xE6,
    0xBA, 0x06, 0xFF, 0xFF, 0xEF, 0xBD, 0x7E, 0xD0, 0x2F, 0xE8, 0x17, 0xE4, 0x17, 0xE3, 0x17, 0xE4,
    0x17, 0xE4, 0x17, 0xE4, 0x17, 0xE4, 0x17, 0xE4, 0x17, 0xE4, 0x17, 0xE4, 0x17, 0xE4, 0x17, 0xE4,
    0x17, 0xE4, 0x17, 0xE4, 0x17, 0xE4, 0x17, 0xE4, 0x17, 0xE4, 0x17, 0xE4, 0x17, 0xE4, 0x17, 0xE4,
    0x17, 0xE4, 0x17, 0xE4, 0x17, 0xE4, 0x17, 0xE4, 0x17, 0xE4, 0x17, 0xE4, 0x17, 0xE4, 0x17, 0xE4,
    0x17, 0xE4, 0x17, 0xE4, 0x17, 0xE4, 0x17, 0xE4, 0x17, 0xE4, 0x17, 0xE4, 0x17, 0xE4, 0x17, 0xE4,
    0x17, 0xE4, 0x17, 0xE4, 0x17, 0xE4, 0x17, 0xE4, 0x17, 0xE4, 0x17, 0xE4, 0x17, 0xE4, 0x17, 0xE4,
    0x17, 0xE4, 0x17, 0xE4, 0x17, 0xE4, 0x17, 0xE4, 0x17, 0xE4, 0x17, 0xE4, 0x17, 0xE4, 0x17, 0xE4,
    0x17, 0xE4, 0x17, 0xE4, 0x17, 0xE4, 0x17, 0xE4, 0x17, 0xE4, 0x17, 0xE4, 0x17, 0xE4, 0x17, 0xE4,
    0x17, 0xE4, 0x17, 0xE4, 0xFF, 0x17, 0xE4, 0x17, 0xE4, 0x17, 0xE4, 0x17, 0xE4, 0x17, 0xE4, 0x17,
    0xE4, 0x17, 0xE4, 0x17, 0xE4, 0x17, 0xE4, 0x17, 0xE4, 0x17, 0xE4, 0x17, 0xE4, 0x17, 0xE4, 0x17,
    0xE4, 0x17, 0xE4, 0x17, 0xE4, 0x17, 0xE4, 0x17, 0xE4, 0x17, 0xE4, 0x17, 0xE4, 0x17, 0xE4, 0x17,
    0xE4, 0x17, 0xE4, 0x17, 0xE4, 0x17, 0xE4, 0x17, 0xE4, 0x17, 0xE4, 0x17, 0xE4, 0x17, 0xE4, 0x17,
    0xE4, 0x17, 0xE4, 0x17, 0xE4, 0x17, 0xE4, 0x17, 0xE4, 0x17, 0xE4, 0x17, 0xE4, 0x17, 0xE4, 0x17,
    0xE4, 0x17, 0xE4, 0x17, 0xE4, 0x17, 0xE4, 0x17, 0xE4, 0x17, 0xE4, 0x17, 0xE4, 0x17, 0xE4, 0x17,
    0xE4, 0x17, 0xE4, 0x17, 0xE4, 0x17, 0xE4, 0x17, 0xE4, 0x17, 0xE4, 0x17, 0xE4, 0x17, 0xE4, 0x17,
    0xE4, 0x17, 0xE4, 0x17, 0xE4, 0x17, 0xE4, 0x17, 0xE3, 0x17, 0xE3, 0x27, 0xE6, 0x5D, 0x6B, 0xC5,
    0x75, 0xDD, 0xD7, 0xD5, 0x96, 0x85, 0xBC, 0xB3, 0xC5, 0x35, 0xE6, 0x9A, 0x06, 0xFF, 0xFF, 0xDF,
    0x5C, 0x6E, 0xCE, 0x2F, 0xE7, 0x17, 0xE4, 0x17, 0xE3, 0x17, 0xE4, 0x17, 0xE4, 0x17, 0xE4, 0x17,
    0xE4, 0x17, 0xE4, 0x17, 0xE4, 0x17, 0xE4, 0x17, 0xE4, 0x17, 0xE4, 0x17, 0xE4, 0x17, 0xE4, 0x17,
    0xE4, 0x17, 0xE4, 0x17, 0xE4, 0x17, 0xE4, 0x17, 0xE4, 0x17, 0xE4, 0x17, 0xE4, 0x17, 0xE4, 0x17,
    0xE4, 0x17, 0xE4, 0x17, 0xE4, 0x17, 0xE4, 0x17, 0xE4, 0x17, 0xE4, 0x17, 0xE4, 0x17, 0xE4, 0x17,
    0xE4, 0x17, 0xE4, 0x17, 0xE4, 0x17, 0xE4, 0x17, 0xE4, 0x17, 0xE4, 0x17, 0xE4, 0x17, 0xE4, 0x17,
    0xE4, 0x17, 0xE4, 0x17, 0xE4, 0x17, 0xE4, 0x17, 0xE4, 0x17, 0xE4, 0x17, 0xE4, 0x17, 0xE4, 0x17,
    0xE4, 0x17, 0xE4, 0x17, 0xE4, 0x17, 0xE4, 0x17, 0xE4, 0x17, 0xE4, 0x17, 0xE4, 0x17, 0xE4, 0x17,
    0xE4, 0x17, 0xE4, 0x17, 0xE4, 0x17, 0xE4, 0x17, 0xE4, 0x17, 0xE4, 0x17, 0xE4, 0x17, 0xE4, 0xFF,
    0x17, 0xE4, 0x17, 0xE4, 0x17, 0xE4, 0x17, 0xE4, 0x17, 0xE4, 0x17, 0xE4, 0x17, 0xE4, 0x17, 0xE4,
    0x17, 0xE4, 0x17, 0xE4, 0x17, 0xE4, 0x17, 0xE4, 0x17, 0xE4, 0x17, 0xE4, 0x17, 0xE4, 0x17, 0xE4,
    0x17, 0xE4, 0x17, 0xE4, 0x17, 0xE4, 0x17, 0xE4, 0x17, 0xE4, 0x17, 0xE4, 0x17, 0xE4, 0x17, 0xE4,
    0x17, 0xE4, 0x17, 0xE4, 0x17, 0xE4, 0x17, 0xE4, 0x17, 0xE4, 0x17, 0xE4, 0x17, 0xE4, 0x17, 0xE4,
    0x17, 0xE4, 0x17, 0xE4, 0x17, 0xE4, 0x17, 0xE4, 0x17, 0xE4, 0x17, 0xE4, 0x17, 0xE4, 0x17, 0xE4,
    0x17, 0xE4, 0x17, 0xE4, 0x17, 0xE4, 0x17, 0xE4, 0x17, 0xE4, 0x17, 0xE4, 0x17, 0xE4, 0x17, 0xE4,
    0x17, 0xE4, 0x17, 0xE4, 0x17, 0xE4, 0x17, 0xE4, 0x17, 0xE4, 0x17, 0xE4, 0x17, 0xE4, 0x17, 0xE4,
    0x17, 0xE4, 0x17, 0xE4, 0x17, 0xE3, 0x27, 0xE6, 0x5D, 0x8B, 0xB4, 0xD2, 0xCD, 0x14, 0xBC, 0xB2,
    0x87, 0xC4, 0xD4, 0xCD, 0x56, 0xE6, 0x9A, 0xFF, 0xDF, 0x04, 0xFF, 0xFF, 0xCE, 0xFA, 0x5E, 0xED,
    0x27, 0xE6, 0x17, 0xE4, 0x17, 0xE4, 0x17, 0xE4, 0x17, 0xE4, 0x17, 0xE4, 0x17, 0xE4, 0x17, 0xE4,
    0x17, 0xE4, 0x17, 0xE4, 0x17, 0xE4, 0x17, 0xE4, 0x17, 0xE4, 0x17, 0xE4, 0x17, 0xE4, 0x17, 0xE4,
    0x17, 0xE4, 0x17, 0xE4, 0x17, 0xE4, 0x17, 0xE4, 0x17, 0xE4, 0x17, 0xE4, 0x17, 0xE4, 0x17, 0xE4,
    0x17, 0xE4, 0x17, 0xE4, 0x17, 0xE4, 0x17, 0xE4, 0x17, 0xE4, 0x17, 0xE4, 0x17, 0xE4, 0x17, 0xE4,
    0x17, 0xE4, 0x17, 0xE4, 0x17, 0xE4, 0x17, 0xE4, 0x17, 0xE4, 0x17, 0xE4, 0x17, 0xE4, 0x17, 0xE4,
    0x17, 0xE4, 0x17, 0xE4, 0x17, 0xE4, 0x17, 0xE4, 0x17, 0xE4, 0x17, 0xE4, 0x17, 0xE4, 0x17, 0xE4,
    0x17, 0xE4, 0x17, 0xE4, 0x17, 0xE4, 0x17, 0xE4, 0x17, 0xE4, 0x17, 0xE4, 0x17, 0xE4, 0x17, 0xE4,
    0x17, 0xE4, 0x17, 0xE4, 0x17, 0xE4, 0x17, 0xE4, 0x17, 0xE4, 0x17, 0xE4, 0xFF, 0x17, 0xE4, 0x17,
    0xE4, 0x17, 0xE4, 0x17, 0xE4, 0x17, 0xE4, 0x17, 0xE4, 0x17, 0xE4, 0x17, 0xE4, 0x17, 0xE4, 0x17,
    0xE4, 0x17, 0xE4, 0x17, 0xE4, 0x17, 0xE4, 0x17, 0xE4, 0x17, 0xE4, 0x17, 0xE4, 0x17, 0xE4, 0x17,
    0xE4, 0x17, 0xE4, 0x17, 0xE4, 0x17, 0xE4, 0x17, 0xE4, 0x17, 0xE4, 0x17, 0xE4, 0x17, 0xE4, 0x17,
    0xE4, 0x17, 0xE4, 0x17, 0xE4, 0x17, 0xE4, 0x17, 0xE4, 0x17, 0xE4, 0x17, 0xE4, 0x17, 0xE4, 0x17,
    0xE4, 0x17, 0xE4, 0x17, 0xE4, 0x17, 0xE4, 0x17, 0xE4, 0x17, 0xE4, 0x17, 0xE4, 0x17, 0xE4, 0x17,
    0xE4, 0x17, 0xE4, 0x17, 0xE4, 0x17, 0xE4, 0x17, 0xE4, 0x17, 0xE4, 0x17, 0xE4, 0x17, 0xE4, 0x17,
    0xE4, 0x17, 0xE4, 0x17, 0xE4, 0x17, 0xE4, 0x17, 0xE4, 0x17, 0xE4, 0x17, 0xE4, 0x17, 0xE4, 0x17,
    0xE4, 0x17, 0xE3, 0x17, 0xE5, 0x76, 0x2D, 0xC5, 0x13, 0xCC, 0x93, 0xD4, 0xF4, 0x89, 0xE5, 0x77,
    0xCD, 0x56, 0xE6, 0x9A, 0xFF, 0xDF, 0xFF, 0xDF, 0x02, 0xFF, 0xFF, 0xC6, 0xB9, 0x5F, 0x2C, 0x27,
    0xE5, 0x17, 0xE4, 0x17, 0xE4, 0x17, 0xE4, 0x17, 0xE4, 0x17, 0xE4, 0x17, 0xE4, 0x17, 0xE4, 0x17,
    0xE4, 0x17, 0xE4, 0x17, 0xE4, 0x17, 0xE4, 0x17, 0xE4, 0x17, 0xE4, 0x17, 0xE4, 0x17, 0xE4, 0x17,
    0xE4, 0x17, 0xE4, 0x17, 0xE4, 0x17, 0xE4, 0x17, 0xE4, 0x17, 0xE4, 0x17, 0xE4, 0x17, 0xE4, 0x17,
    0xE4, 0x17, 0xE4, 0x17, 0xE4, 0x17, 0xE4, 0x17, 0xE4, 0x17, 0xE4, 0x17, 0xE4, 0x17, 0xE4, 0x17,
    0xE4, 0x17, 0xE4, 0x17, 0xE4, 0x17, 0xE4, 0x17, 0xE4, 0x17, 0xE4, 0x17, 0xE4, 0x17, 0xE4, 0x17,
    0xE4, 0x17, 0xE4, 0x17, 0xE4, 0x17, 0xE4, 0x17, 0xE4, 0x17, 0xE4, 0x17, 0xE4, 0x17, 0xE4, 0x17,
    0xE4, 0x17, 0xE4, 0x17, 0xE4, 0x17, 0xE4, 0x17, 0xE4, 0x17, 0xE4, 0x17, 0xE4, 0x17, 0xE4, 0x17,
    0xE4, 0x17, 0xE4, 0x17, 0xE4, 0x17, 0xE4, 0x17, 0xE4, 0x17, 0xE4, 0xFF, 0x17, 0xE4, 0x17, 0xE4,
    0x17, 0xE4, 0x17, 0xE4, 0x17, 0xE4, 0x17, 0xE4, 0x17, 0xE4, 0x17, 0xE4, 0x17, 0xE4, 0x17, 0xE4,
    0x17, 0xE4, 0x17, 0xE4, 0x17, 0xE4, 0x17, 0xE4, 0x17, 0xE4, 0x17, 0xE4, 0x17, 0xE4, 0x17, 0xE4,
    0x17, 0xE4, 0x17, 0xE3, 0x17, 0xE3, 0x17, 0xE3, 0x17, 0xE3, 0x17, 0xE4, 0x17, 0xE4, 0x17, 0xE4,
    0x17, 0xE4, 0x17, 0xE4, 0x17, 0xE4, 0x17, 0xE4, 0x17, 0xE4, 0x17, 0xE4, 0x17, 0xE4, 0x17, 0xE4,
    0x17, 0xE4, 0x17, 0xE4, 0x17, 0xE4, 0x17, 0xE4, 0x17, 0xE4, 0x17, 0xE4, 0x17, 0xE4, 0x17, 0xE4,
    0x17, 0xE4, 0x17, 0xE4, 0x17, 0xE4, 0x17, 0xE4, 0x17, 0xE4, 0x17, 0xE4, 0x17, 0xE4, 0x17, 0xE4,
    0x17, 0xE4, 0x17, 0xE4, 0x17, 0xE4, 0x17, 0xE4, 0x17, 0xE4, 0x17, 0xE4, 0x17, 0xE4, 0x17, 0xE4,
    0x17, 0xE4, 0x17, 0xE5, 0x5D, 0x09, 0x9B, 0x6D, 0x92, 0x8B, 0x92, 0x8B, 0x89, 0x8A, 0xAC, 0x93,
    0x6F, 0xE6, 0x79, 0xFF, 0xDF, 0xFF, 0xDF, 0x02, 0xFF, 0xFF, 0xB6, 0x76, 0x57, 0x4B, 0x1F, 0xE5,
    0x17, 0xE3, 0x17, 0xE4, 0x17, 0xE4, 0x17, 0xE4, 0x17, 0xE4, 0x17, 0xE4, 0x17, 0xE4, 0x17, 0xE4,
    0x17, 0xE4, 0x17, 0xE4, 0x17, 0xE4, 0x17, 0xE4, 0x17, 0xE4, 0x17, 0xE4, 0x17, 0xE4, 0x17, 0xE4,
    0x17, 0xE4, 0x17, 0xE4, 0x17, 0xE4, 0x17, 0xE4, 0x17, 0xE4, 0x17, 0xE4, 0x17, 0xE4, 0x17, 0xE4,
    0x17, 0xE4, 0x17, 0xE4, 0x17, 0xE4, 0x17, 0xE4, 0x17, 0xE4, 0x17, 0xE4, 0x17, 0xE4, 0x17, 0xE4,
    0x17, 0xE4, 0x17, 0xE4, 0x17, 0xE4, 0x17, 0xE4, 0x17, 0xE4, 0x17, 0xE4, 0x17, 0xE4, 0x17, 0xE4,
    0x17, 0xE4, 0x17, 0xE4, 0x17, 0xE4, 0x17, 0xE4, 0x17, 0xE4, 0x17, 0xE4, 0x17, 0xE4, 0x17, 0xE4,
    0x17, 0xE4, 0x17, 0xE4, 0x17, 0xE4, 0x17, 0xE4, 0x17, 0xE4, 0x17, 0xE4, 0x17, 0xE4, 0x17, 0xE4,
    0x17, 0xE4, 0x17, 0xE4, 0x17, 0xE4, 0x17, 0xE4, 0x17, 0xE4, 0xFF, 0x17, 0xE4, 0x17, 0xE4, 0x17,
    0xE4, 0x17, 0xE4, 0x17, 0xE4, 0x17, 0xE4, 0x17, 0xE4, 0x17, 0xE4, 0x17, 0xE4, 0x17, 0xE4, 0x17,
    0xE4, 0x17, 0xE3, 0x17, 0xE3, 0x17, 0xE3, 0x17, 0xE3, 0x17, 0xE3, 0x17, 0xE3, 0x17, 0xE3, 0x17,
    0xE3, 0x17, 0xE3, 0x17, 0xE3, 0x17, 0xE3, 0x17, 0xE3, 0x17, 0xE3, 0x17, 0xE3, 0x17, 0xE3, 0x17,
    0xE4, 0x17, 0xE4, 0x17, 0xE4, 0x17, 0xE4, 0x17, 0xE4, 0x17, 0xE4, 0x17, 0xE4, 0x17, 0xE4, 0x17,
    0xE4, 0x17, 0xE4, 0x17, 0xE4, 0x17, 0xE4, 0x17, 0xE4, 0x17, 0xE4, 0x17, 0xE4, 0x17, 0xE4, 0x17,
    0xE4, 0x17, 0xE4, 0x17, 0xE4, 0x17, 0xE4, 0x17, 0xE4, 0x17, 0xE4, 0x17, 0xE4, 0x17, 0xE4, 0x17,
    0xE4, 0x17, 0xE4, 0x17, 0xE4, 0x17, 0xE4, 0x17, 0xE4, 0x17, 0xE4, 0x17, 0xE4, 0x17, 0xE4, 0x17,
    0xE4, 0x1F, 0xE5, 0x23, 0xA2, 0x71, 0xC7, 0x81, 0x87, 0x81, 0x88, 0xFF, 0x71, 0x88, 0x82, 0x6B,
    0xE6, 0x59, 0xFF, 0xDF, 0xFF, 0xDF, 0xFF, 0xDF, 0xA6, 0x75, 0x47, 0xAB, 0x17, 0xE4, 0x17, 0xE3,
    0x17, 0xE4, 0x17, 0xE4, 0x17, 0xE4, 0x17, 0xE4, 0x17, 0xE4, 0x17, 0xE4, 0x17, 0xE4, 0x17, 0xE4,
    0x17, 0xE4, 0x17, 0xE4, 0x17, 0xE4, 0x17, 0xE4, 0x17, 0xE4, 0x17, 0xE4, 0x17, 0xE4, 0x17, 0xE4,
    0x17, 0xE4, 0x17, 0xE4, 0x17, 0xE4, 0x17, 0xE4, 0x17, 0xE4, 0x17, 0xE4, 0x17, 0xE4, 0x17, 0xE4,
    0x17, 0xE4, 0x17, 0xE4, 0x17, 0xE4, 0x17, 0xE4, 0x17, 0xE4, 0x17, 0xE4, 0x17, 0xE4, 0x17, 0xE4,
    0x17, 0xE4, 0x17, 0xE4, 0x17, 0xE4, 0x17, 0xE4, 0x17, 0xE4, 0x17, 0xE4, 0x17, 0xE4, 0x17, 0xE4,
    0x17, 0xE4, 0x17, 0xE4, 0x17, 0xE4, 0x17, 0xE4, 0x17, 0xE4, 0x17, 0xE4, 0x17, 0xE4, 0x17, 0xE4,
    0x17, 0xE4, 0x17, 0xE4, 0x17, 0xE4, 0x17, 0xE4, 0x17, 0xE4, 0x17, 0xE4, 0xFF, 0x17, 0xE4, 0x17,
    0xE4, 0x17, 0xE4, 0x17, 0xE4, 0x17, 0xE4, 0x17, 0xE4, 0x17, 0xE4, 0x17, 0xE4, 0x17, 0xE4, 0x17,
    0xE4, 0x17, 0xE4, 0x17, 0xE4, 0x17, 0xE4, 0x17, 0xE4, 0x17, 0xE4, 0x17, 0xE4, 0x17, 0xE4, 0x17,
    0xE3, 0x17, 0xE3, 0x17, 0xE3, 0x17, 0xE3, 0x17, 0xE3, 0x17, 0xE3, 0x17, 0xE3, 0x17, 0xE3, 0x17,
    0xE3, 0x17, 0xE3, 0x17, 0xE3, 0x17, 0xE3, 0x17, 0xE3, 0x17, 0xE3, 0x17, 0xE4, 0x17, 0xE4, 0x17,
    0xE4, 0x17, 0xE4, 0x17, 0xE4, 0x17, 0xE4, 0x17, 0xE4, 0x17, 0xE4, 0x17, 0xE4, 0x17, 0xE4, 0x17,
    0xE4, 0x17, 0xE4, 0x17, 0xE4, 0x17, 0xE4, 0x17, 0xE4, 0x17, 0xE4, 0x17, 0xE4, 0x17, 0xE4, 0x17,
    0xE4, 0x17, 0xE4, 0x17, 0xE4, 0x17, 0xE4, 0x17, 0xE4, 0x17, 0xE4, 0x17, 0xE4, 0x17, 0xE4, 0x17,
    0xE4, 0x17, 0xE4, 0x17, 0xE4, 0x17, 0xE4, 0x17, 0xE4, 0x17, 0xE4, 0x17, 0xE4, 0xFF, 0x17, 0xE4,
    0x1F, 0xE5, 0x24, 0x03, 0x71, 0xE7, 0x91, 0x88, 0x89, 0xA8, 0x81, 0x88, 0x92, 0xAC, 0xEE, 0x5A,
    0xFF, 0xDF, 0xFF, 0xDF, 0xFF, 0xDF, 0x9E, 0x95, 0x4F, 0xCB, 0x1F, 0xE5, 0x17, 0xE4, 0x17, 0xE4,
    0x17, 0xE4, 0x17, 0xE4, 0x17, 0xE4, 0x17, 0xE4, 0x17, 0xE4, 0x17, 0xE4, 0x17, 0xE4, 0x17, 0xE4,
    0x17, 0xE4, 0x17, 0xE4, 0x17, 0xE4, 0x17, 0xE4, 0x17, 0xE4, 0x17, 0xE4, 0x17, 0xE4, 0x17, 0xE4,
    0x17, 0xE4, 0x17, 0xE4, 0x17, 0xE4, 0x17, 0xE4, 0x17, 0xE4, 0x17, 0xE4, 0x17, 0xE4, 0x17, 0xE4,
    0x17, 0xE4, 0x17, 0xE4, 0x17, 0xE4, 0x17, 0xE4, 0x17, 0xE4, 0x17, 0xE4, 0x17, 0xE4, 0x17, 0xE4,
    0x17, 0xE4, 0x17, 0xE4, 0x17, 0xE4, 0x17, 0xE4, 0x17, 0xE4, 0x17, 0xE4, 0x17, 0xE4, 0x17, 0xE4,
    0x17, 0xE4, 0x17, 0xE4, 0x17, 0xE4, 0x17, 0xE4, 0x17, 0xE4, 0x17, 0xE4, 0x17, 0xE4, 0xFF, 0x17,
    0xE4, 0x17, 0xE4, 0x17, 0xE4, 0x17, 0xE4, 0x17, 0xE4, 0x17, 0xE4, 0x17, 0xE4, 0x17, 0xE4, 0x17,
    0xE4, 0x17, 0xE4, 0x17, 0xE4, 0x17, 0xE4, 0x17, 0xE4, 0x17, 0xE4, 0x17, 0xE4, 0x17, 0xE4, 0x17,
    0xE4, 0x17, 0xE4, 0x17, 0xE4, 0x17, 0xE4, 0x17, 0xE4, 0x17, 0xE4, 0x17, 0xE4, 0x17, 0xE3, 0x17,
    0xE3, 0x17, 0xE3, 0x17, 0xE3, 0x17, 0xE3, 0x17, 0xE3, 0x17, 0xE3, 0x17, 0xE3, 0x17, 0xE3, 0x17,
    0xE3, 0x17, 0xE3, 0x17, 0xE3, 0x17, 0xE4, 0x17, 0xE4, 0x17, 0xE4, 0x17, 0xE4, 0x17, 0xE4, 0x17,
    0xE4, 0x17, 0xE4, 0x17, 0xE4, 0x17, 0xE4, 0x17, 0xE4, 0x17, 0xE4, 0x17, 0xE4, 0x17, 0xE4, 0x17,
    0xE4, 0x17, 0xE4, 0x17, 0xE4, 0x17, 0xE4, 0x17, 0xE4, 0x17, 0xE4, 0x17, 0xE4, 0x17, 0xE4, 0x17,
    0xE4, 0x17, 0xE4, 0x17, 0xE4, 0x17, 0xE4, 0x17, 0xE4, 0x17, 0xE4, 0x17, 0xE4, 0x17, 0xE4, 0xFF,
    0x17, 0xE4, 0x17, 0xE4, 0x17, 0xE4, 0x17, 0xE4, 0x17, 0xE4, 0x17, 0xE4, 0x17, 0xE4, 0x1F, 0xE6,
    0x1D, 0x84, 0x52, 0x64, 0x79, 0xC6, 0x79, 0xA7, 0x71, 0xA7, 0x9B, 0x0E, 0xF6, 0x7A, 0xFF, 0x9E,
    0xFF, 0xDF, 0xFF, 0xDF, 0x9D, 0xF3, 0x5F, 0x4D, 0x27, 0xE6, 0x17, 0xE4, 0x17, 0xE4, 0x17, 0xE4,
    0x17, 0xE4, 0x17, 0xE4, 0x17, 0xE4, 0x17, 0xE4, 0x17, 0xE4, 0x17, 0xE4, 0x17, 0xE4, 0x17, 0xE4,
    0x17, 0xE4, 0x17, 0xE4, 0x17, 0xE4, 0x17, 0xE4, 0x17, 0xE4, 0x17, 0xE4, 0x17, 0xE4, 0x17, 0xE4,
    0x17, 0xE4, 0x17, 0xE4, 0x17, 0xE4, 0x17, 0xE4, 0x17, 0xE4, 0x17, 0xE4, 0x17, 0xE4, 0x17, 0xE4,
    0x17, 0xE4, 0x17, 0xE4, 0x17, 0xE4, 0x17, 0xE4, 0x17, 0xE4, 0x17, 0xE4, 0x17, 0xE4, 0x17, 0xE4,
    0x17, 0xE4, 0x17, 0xE4, 0x17, 0xE4, 0x17, 0xE4, 0x17, 0xE4, 0x17, 0xE4, 0x17, 0xE4, 0x17, 0xE4,
    0xFF, 0x17, 0xE4, 0x17, 0xE4, 0x17, 0xE4, 0x17, 0xE4, 0x17, 0xE4, 0x17, 0xE4, 0x17, 0xE4, 0x17,
    0xE4, 0x17, 0xE4, 0x17, 0xE4, 0x17, 0xE4, 0x17, 0xE4, 0x17, 0xE4, 0x17, 0xE4, 0x17, 0xE4, 0x17,
    0xE4, 0x17, 0xE4, 0x17, 0xE4, 0x17, 0xE4, 0x17, 0xE4, 0x17, 0xE4, 0x17, 0xE4, 0x17, 0xE4, 0x17,
    0xE4, 0x17, 0xE4, 0x17, 0xE4, 0x17, 0xE4, 0x17, 0xE4, 0x17, 0xE4, 0x17, 0xE3, 0x17, 0xE3, 0x17,
    0xE3, 0x17, 0xE3, 0x17, 0xE3, 0x17, 0xE3, 0x17, 0xE3, 0x17, 0xE3, 0x17, 0xE3, 0x17, 0xE3, 0x17,
    0xE3, 0x17, 0xE3, 0x17, 0xE4, 0x17, 0xE4, 0x17, 0xE4, 0x17, 0xE4, 0x17, 0xE4, 0x17, 0xE4, 0x17,
    0xE4, 0x17, 0xE4, 0x17, 0xE4, 0x17, 0xE4, 0x17, 0xE4, 0x17, 0xE4, 0x17, 0xE4, 0x17, 0xE4, 0x17,
    0xE4, 0x17, 0xE4, 0x17, 0xE4, 0x17, 0xE4, 0x17, 0xE4, 0x17, 0xE4, 0x17, 0xE4, 0x17, 0xE4, 0x17,
    0xE4, 0xFF, 0x17, 0xE4, 0x17, 0xE4, 0x17, 0xE4, 0x17, 0xE4, 0x17, 0xE4, 0x17, 0xE4, 0x17, 0xE4,
    0x17, 0xE4, 0x17, 0xE4, 0x17, 0xE4, 0x17, 0xE4, 0x17, 0xE4, 0x17, 0xE4, 0x1F, 0xE5, 0x1F, 0xE5,
    0x14, 0x81, 0x2B, 0x41, 0x43, 0x04, 0x62, 0x27, 0xAC, 0x12, 0xE6, 0x59, 0xE6, 0x9A, 0xDE, 0x7A,
    0xE6, 0xFC, 0x9D, 0x53, 0x6E, 0x4D, 0x3F, 0xE8, 0x17, 0xE4, 0x17, 0xE4, 0x17, 0xE4, 0x17, 0xE4,
    0x17, 0xE4, 0x17, 0xE4, 0x17, 0xE4, 0x17, 0xE4, 0x17, 0xE4, 0x17, 0xE4, 0x17, 0xE4, 0x17, 0xE4,
    0x17, 0xE4, 0x17, 0xE4, 0x17, 0xE4, 0x17, 0xE4, 0x17, 0xE4, 0x17, 0xE4, 0x17, 0xE4, 0x17, 0xE4,
    0x17, 0xE4, 0x17, 0xE4, 0x17, 0xE4, 0x17, 0xE4, 0x17, 0xE4, 0x17, 0xE4, 0x17, 0xE4, 0x17, 0xE4,
    0x17, 0xE4, 0x17, 0xE4, 0x17, 0xE4, 0x17, 0xE4, 0x17, 0xE4, 0x17, 0xE4, 0x17, 0xE4, 0x17, 0xE4,
    0x17, 0xE4, 0xFF, 0x17, 0xE4, 0x17, 0xE4, 0x17, 0xE4, 0x17, 0xE4, 0x17, 0xE4, 0x17, 0xE4, 0x17,
    0xE4, 0x17, 0xE4, 0x17, 0xE4, 0x17, 0xE4, 0x17, 0xE4, 0x17, 0xE4, 0x17, 0xE4, 0x17, 0xE4, 0x17,
    0xE4, 0x17, 0xE4, 0x17, 0xE4, 0x17, 0xE4, 0x17, 0xE4, 0x17, 0xE4, 0x17, 0xE4, 0x17, 0xE4, 0x17,
    0xE4, 0x17, 0xE4, 0x17, 0xE4, 0x17, 0xE4, 0x17, 0xE4, 0x17, 0xE4, 0x17, 0xE4, 0x17, 0xE4, 0x17,
    0xE4, 0x17, 0xE4, 0x17, 0xE4, 0x17, 0xE4, 0x17, 0xE4, 0x17, 0xE3, 0x17, 0xE3, 0x17, 0xE3, 0x17,
    0xE3, 0x17, 0xE3, 0x17, 0xE3, 0x17, 0xE3, 0x17, 0xE3, 0x17, 0xE3, 0x17, 0xE3, 0x17, 0xE3, 0x17,
    0xE4, 0x17, 0xE4, 0x17, 0xE4, 0x17, 0xE4, 0x17, 0xE4, 0x17, 0xE4, 0x17, 0xE4, 0x17, 0xE4, 0x17,
    0xE4, 0x17, 0xE4, 0x17, 0xE4, 0x17, 0xE4, 0x17, 0xE4, 0x17, 0xE4, 0x17, 0xE4, 0x17, 0xE4, 0x17,
    0xE4, 0x17, 0xE4, 0xFF, 0x17, 0xE4, 0x17, 0xE4, 0x17, 0xE4, 0x17, 0xE4, 0x17, 0xE4, 0x17, 0xE4,
    0x17, 0xE4, 0x17, 0xE4, 0x17, 0xE4, 0x17, 0xE4, 0x17, 0xE4, 0x17, 0xE4, 0x17, 0xE4, 0x17, 0xE4,
    0x17, 0xE4, 0x17, 0xE4, 0x17, 0xE4, 0x17, 0xE4, 0x17, 0xE4, 0x17, 0xE4, 0x17, 0xE5, 0x1F, 0xE5,
    0x27, 0xC5, 0x36, 0x88, 0x73, 0xEC, 0xD5, 0x97, 0xD6, 0x18, 0xE6, 0x9A, 0xEF, 0x1C, 0xBD, 0xB7,
    0xB5, 0x95, 0x85, 0xF0, 0x4F, 0xE9, 0x1F, 0xE5, 0x17, 0xE4, 0x17, 0xE4, 0x17, 0xE4, 0x17, 0xE4,
    0x17, 0xE4, 0x17, 0xE4, 0x17, 0xE4, 0x17, 0xE4, 0x17, 0xE4, 0x17, 0xE4, 0x17, 0xE4, 0x17, 0xE4,
    0x17, 0xE4, 0x17, 0xE4, 0x17, 0xE4, 0x17, 0xE4, 0x17, 0xE4, 0x17, 0xE4, 0x17, 0xE4, 0x17, 0xE4,
    0x17, 0xE4, 0x17, 0xE4, 0x17, 0xE4, 0x17, 0xE4, 0x17, 0xE4, 0x17, 0xE4, 0x17, 0xE4, 0x17, 0xE4,
    0x17, 0xE4, 0x17, 0xE4, 0xFF, 0x17, 0xE4, 0x17, 0xE4, 0x17, 0xE4, 0x17, 0xE4, 0x17, 0xE4, 0x17,
    0xE4, 0x17, 0xE4, 0x17, 0xE4, 0x17, 0xE4, 0x17, 0xE4, 0x17, 0xE4, 0x17, 0xE4, 0x17, 0xE4, 0x17,
    0xE4, 0x17, 0xE4, 0x17, 0xE4, 0x17, 0xE4, 0x17, 0xE4, 0x17, 0xE4, 0x17, 0xE4, 0x17, 0xE4, 0x17,
    0xE4, 0x17, 0xE4, 0x17, 0xE4, 0x17, 0xE4, 0x17, 0xE4, 0x17, 0xE4, 0x17, 0xE4, 0x17, 0xE4, 0x17,
    0xE4, 0x17, 0xE4, 0x17, 0xE4, 0x17, 0xE4, 0x17, 0xE4, 0x17, 0xE4, 0x17, 0xE4, 0x17, 0xE4, 0x17,
    0xE4, 0x17, 0xE4, 0x17, 0xE4, 0x17, 0xE4, 0x17, 0xE3, 0x17, 0xE3, 0x17, 0xE3, 0x17, 0xE3, 0x17,
    0xE3, 0x17, 0xE3, 0x17, 0xE3, 0x17, 0xE3, 0x17, 0xE4, 0x17, 0xE4, 0x17, 0xE4, 0x17, 0xE4, 0x17,
    0xE4, 0x17, 0xE4, 0x17, 0xE4, 0x17, 0xE4, 0x17, 0xE4, 0x17, 0xE4, 0x17, 0xE4, 0x17, 0xE4, 0x17,
    0xE4, 0x17, 0xE4, 0x17, 0xE4, 0xC4, 0x17, 0xE4, 0x17, 0xE4, 0x17, 0xE4, 0x17, 0xE4, 0x17, 0xE4,
    0x17, 0xE4, 0x17, 0xE4, 0x17, 0xE4, 0x17, 0xE4, 0x17, 0xE4, 0x17, 0xE4, 0x17, 0xE4, 0x17, 0xE4,
    0x17, 0xE4, 0x17, 0xE4, 0x17, 0xE4, 0x17, 0xE4, 0x17, 0xE4, 0x17, 0xE4, 0x17, 0xE4, 0x17, 0xE4,
    0x17, 0xE4, 0x17, 0xE4, 0x17, 0xE4, 0x17, 0xE4, 0x17, 0xE4, 0x0F, 0xE3, 0x0F, 0xE4, 0x27, 0xE6,
    0x36, 0x67, 0x84, 0x4D, 0xDE, 0x18, 0xDE, 0x58, 0xC5, 0xD6, 0xBD, 0x02, 0xD6, 0xFF, 0x59, 0xDE,
    0xDB, 0xAE, 0x75, 0x57, 0x6A, 0x1F, 0xE5, 0x17, 0xE4, 0x17, 0xE4, 0x17, 0xE4, 0x17, 0xE4, 0x17,
    0xE4, 0x17, 0xE4, 0x17, 0xE4, 0x17, 0xE4, 0x17, 0xE4, 0x17, 0xE4, 0x17, 0xE4, 0x17, 0xE4, 0x17,
    0xE4, 0x17, 0xE4, 0x17, 0xE4, 0x17, 0xE4, 0x17, 0xE4, 0x17, 0xE4, 0x17, 0xE4, 0x17, 0xE4, 0x17,
    0xE4, 0x17, 0xE4, 0x17, 0xE4, 0x17, 0xE4, 0x17, 0xE4, 0x17, 0xE4, 0x17, 0xE4, 0x17, 0xE4, 0x17,
    0xE4, 0x17, 0xE4, 0x17, 0xE4, 0x17, 0xE4, 0x17, 0xE4, 0x17, 0xE4, 0x17, 0xE4, 0x17, 0xE4, 0x17,
    0xE4, 0x17, 0xE4, 0x17, 0xE4, 0x17, 0xE4, 0x17, 0xE4, 0x17, 0xE4, 0x17, 0xE4, 0x17, 0xE4, 0x17,
    0xE4, 0x17, 0xE4, 0x17, 0xE4, 0x17, 0xE4, 0x17, 0xE4, 0x17, 0xE4, 0x17, 0xE4, 0x17, 0xE4, 0x17,
    0xE4, 0x17, 0xE4, 0x17, 0xE4, 0x17, 0xE4, 0x17, 0xE4, 0x17, 0xE4, 0x17, 0xE4, 0x17, 0xFF, 0xE4,
    0x17, 0xE4, 0x17, 0xE4, 0x17, 0xE4, 0x17, 0xE4, 0x17, 0xE4, 0x17, 0xE4, 0x17, 0xE4, 0x17, 0xE4,
    0x17, 0xE4, 0x17, 0xE4, 0x17, 0xE4, 0x17, 0xE4, 0x17, 0xE4, 0x17, 0xE4, 0x17, 0xE4, 0x17, 0xE4,
    0x17, 0xE4, 0x17, 0xE4, 0x17, 0xE4, 0x17, 0xE4, 0x17, 0xE4, 0x17, 0xE4, 0x17, 0xE4, 0x17, 0xE4,
    0x17, 0xE4, 0x17, 0xE4, 0x17, 0xE4, 0x17, 0xE4, 0x17, 0xE4, 0x17, 0xE4, 0x17, 0xE4, 0x17, 0xE4,
    0x17, 0xE4, 0x17, 0xE4, 0x17, 0xE4, 0x17, 0xE4, 0x17, 0xE4, 0x17, 0xE4, 0x17, 0xE4, 0x17, 0xE4,
    0x17, 0xE4, 0x17, 0xE4, 0x17, 0xE4, 0x17, 0xE4, 0x17, 0xE4, 0x17, 0xE4, 0x17, 0xE4, 0x17, 0xE4,
    0x17, 0xE4, 0x17, 0xE4, 0x17, 0xE4, 0x17, 0xE4, 0x17, 0xE4, 0x17, 0xE4, 0x17, 0xE4, 0x17, 0xE4,
    0x17, 0xE4, 0x17, 0xE4, 0x17, 0xE4, 0x17, 0xE4, 0x17, 0xE4, 0x17, 0xE4, 0x2F, 0xA6, 0x75, 0xFF,
    0x8B, 0xBC, 0xD1, 0xD5, 0x13, 0xE5, 0x95, 0xE6, 0x38, 0xD6, 0x17, 0xE6, 0xFB, 0xFF, 0xDF, 0xBE,
    0x97, 0x57, 0x0A, 0x1F, 0xE5, 0x17, 0xE4, 0x17, 0xE4, 0x17, 0xE4, 0x17, 0xE4, 0x17, 0xE4, 0x17,
    0xE4, 0x17, 0xE4, 0x17, 0xE4, 0x17, 0xE4, 0x17, 0xE4, 0x17, 0xE4, 0x17, 0xE4, 0x17, 0xE4, 0x17,
    0xE4, 0x17, 0xE4, 0x17, 0xE4, 0x17, 0xE4, 0x17, 0xE4, 0x17, 0xE4, 0x17, 0xE4, 0x17, 0xE4, 0x17,
    0xE4, 0x17, 0xE4, 0x17, 0xE4, 0x17, 0xE4, 0x17, 0xE4, 0x17, 0xE4, 0x17, 0xE4, 0x17, 0xE4, 0x17,
    0xE4, 0x17, 0xE4, 0x17, 0xE4, 0x17, 0xE4, 0x17, 0xE4, 0x17, 0xE4, 0x17, 0xE4, 0x17, 0xE4, 0x17,
    0xE4, 0x17, 0xE4, 0x17, 0xE4, 0x17, 0xE4, 0x17, 0xE4, 0x17, 0xE4, 0x17, 0xE4, 0x17, 0xE4, 0x17,
    0xE4, 0x17, 0xE4, 0x17, 0xE4, 0x17, 0xE4, 0x17, 0xE4, 0x17, 0xE4, 0x17, 0xE4, 0x17, 0xE4, 0x17,
    0xFF, 0xE4, 0x17, 0xE4, 0x17, 0xE4, 0x17, 0xE4, 0x17, 0xE4, 0x17, 0xE4, 0x17, 0xE4, 0x17, 0xE4,
    0x17, 0xE4, 0x17, 0xE4, 0x17, 0xE4, 0x17, 0xE4, 0x17, 0xE4, 0x17, 0xE4, 0x17, 0xE4, 0x17, 0xE4,
    0x17, 0xE4, 0x17, 0xE4, 0x17, 0xE4, 0x17, 0xE4, 0x17, 0xE4, 0x17, 0xE4, 0x17, 0xE4, 0x17, 0xE4,
    0x17, 0xE4, 0x17, 0xE4, 0x17, 0xE4, 0x17, 0xE4, 0x17, 0xE4, 0x17, 0xE4, 0x17, 0xE4, 0x17, 0xE4,
    0x17, 0xE4, 0x17, 0xE4, 0x17, 0xE4, 0x17, 0xE4, 0x17, 0xE4, 0x17, 0xE4, 0x17, 0xE4, 0x17, 0xE4,
    0x17, 0xE4, 0x17, 0xE4, 0x17, 0xE4, 0x17, 0xE4, 0x17, 0xE4, 0x17, 0xE4, 0x17, 0xE4, 0x17, 0xE4,
    0x17, 0xE4, 0x17, 0xE4, 0x17, 0xE4, 0x17, 0xE4, 0x17, 0xE4, 0x17, 0xE4, 0x17, 0xE4, 0x17, 0xE4,
    0x17, 0xE4, 0x17, 0xE4, 0x17, 0xE4, 0x17, 0xE4, 0x17, 0xE4, 0x17, 0xE4, 0x17, 0xE4, 0x17, 0xE4,
    0x17, 0x99, 0xE4, 0x17, 0xE4, 0x17, 0xE4, 0x17, 0xE4, 0x1F, 0xE4, 0x2D, 0x43, 0x83, 0x68, 0xA2,
    0xCA, 0xA2, 0xAA, 0xB3, 0x2C, 0xD4, 0xD3, 0xFE, 0xFB, 0xFF, 0xBE, 0xFF, 0x02, 0xBE, 0xFF, 0x96,
    0x57, 0x09, 0x1F, 0xE5, 0x17, 0xE4, 0x17, 0xE4, 0x17, 0xE4, 0x17, 0xE4, 0x17, 0xE4, 0x17, 0xE4,
    0x17, 0xE4, 0x17, 0xE4, 0x17, 0xE4, 0x17, 0xE4, 0x17, 0xE4, 0x17, 0xE4, 0x17, 0xE4, 0x17, 0xE4,
    0x17, 0xE4, 0x17, 0xE4, 0x17, 0xE4, 0x17, 0xE4, 0x17, 0xE4, 0x17, 0xE4, 0x17, 0xE4, 0x17, 0xE4,
    0x17, 0xE4, 0x17, 0xE4, 0x17, 0xE4, 0x17, 0xE4, 0x17, 0xE4, 0x17, 0xE4, 0x17, 0xE4, 0x17, 0xE4,
    0x17, 0xE4, 0x17, 0xE4, 0x17, 0xE4, 0x17, 0xE4, 0x17, 0xE4, 0x17, 0xE4, 0x17, 0xE4, 0x17, 0xE4,
    0x17, 0xE4, 0x17, 0xE4, 0x17, 0xE4, 0x17, 0xE4, 0x17, 0xE4, 0x17, 0xE4, 0x17, 0xE4, 0x17, 0xE4,
    0x17, 0xE4, 0x17, 0xE4, 0x17, 0xE4, 0x17, 0xE4, 0x17, 0xE4, 0x17, 0xE4, 0x17, 0xE4, 0x17, 0xE4,
    0x17, 0xE4, 0x17, 0xE4, 0x17, 0xE4, 0x17, 0xE4, 0x17, 0xE4, 0x17, 0xE4, 0x17, 0xE4, 0x17, 0xFF,
    0xE4, 0x17, 0xE4, 0x17, 0xE4, 0x17, 0xE4, 0x17, 0xE4, 0x17, 0xE4, 0x17, 0xE4, 0x17, 0xE4, 0x17,
    0xE4, 0x17, 0xE4, 0x17, 0xE4, 0x17, 0xE4, 0x17, 0xE4, 0x17, 0xE4, 0x17, 0xE4, 0x17, 0xE4, 0x17,
    0xE4, 0x17, 0xE4, 0x17, 0xE4, 0x17, 0xE4, 0x17, 0xE4, 0x17, 0xE4, 0x17, 0xE4, 0x17, 0xE4, 0x17,
    0xE4, 0x17, 0xE4, 0x17, 0xE4, 0x17, 0xE4, 0x17, 0xE4, 0x17, 0xE4, 0x17, 0xE4, 0x17, 0xE4, 0x17,
    0xE4, 0x17, 0xE4, 0x17, 0xE4, 0x17, 0xE4, 0x17, 0xE4, 0x17, 0xE4, 0x17, 0xE4, 0x17, 0xE4, 0x17,
    0xE4, 0x17, 0xE4, 0x17, 0xE4, 0x17, 0xE4, 0x17, 0xE4, 0x17, 0xE4, 0x17, 0xE4, 0x17, 0xE4, 0x17,
    0xE4, 0x17, 0xE4, 0x17, 0xE4, 0x17, 0xE4, 0x17, 0xE4, 0x17, 0xE4, 0x17, 0xE4, 0x17, 0xE4, 0x17,
    0xE4, 0x17, 0xE4, 0x17, 0xE4, 0x1F, 0xE4, 0x17, 0x22, 0x43, 0xC3, 0xA2, 0xA9, 0xB2, 0x6A, 0xAA,
    0xFF, 0x49, 0xAA, 0x29, 0x9A, 0x49, 0xB3, 0xCF, 0xFE, 0xBB, 0xFF, 0x7E, 0xAD, 0xD3, 0x57, 0x09,
    0x1F, 0xE5, 0x0F, 0xE4, 0x17, 0xE4, 0x17, 0xE4, 0x17, 0xE4, 0x17, 0xE4, 0x17, 0xE4, 0x17, 0xE4,
    0x17, 0xE4, 0x17, 0xE4, 0x17, 0xE4, 0x17, 0xE4, 0x17, 0xE4, 0x17, 0xE4, 0x17, 0xE4, 0x17, 0xE4,
    0x17, 0xE4, 0x17, 0xE4, 0x17, 0xE4, 0x17, 0xE4, 0x17, 0xE4, 0x17, 0xE4, 0x17, 0xE4, 0x17, 0xE4,
    0x17, 0xE4, 0x17, 0xE4, 0x17, 0xE4, 0x17, 0xE4, 0x17, 0xE4, 0x17, 0xE4, 0x17, 0xE4, 0x17, 0xE4,
    0x17, 0xE4, 0x17, 0xE4, 0x17, 0xE4, 0x17, 0xE4, 0x17, 0xE4, 0x17, 0xE4, 0x17, 0xE4, 0x17, 0xE4,
    0x17, 0xE4, 0x17, 0xE4, 0x17, 0xE4, 0x17, 0xE4, 0x17, 0xE4, 0x17, 0xE4, 0x17, 0xE4, 0x17, 0xE4,
    0x17, 0xE4, 0x17, 0xE4, 0x17, 0xE4, 0x17, 0xE4, 0x17, 0xE4, 0x17, 0xE4, 0x17, 0xE4, 0x17, 0xE4,
    0x17, 0xFF, 0xE4, 0x17, 0xE4, 0x17, 0xE4, 0x17, 0xE4, 0x17, 0xE4, 0x17, 0xE4, 0x17, 0xE4, 0x17,
    0xE4, 0x17, 0xE4, 0x17, 0xE4, 0x17, 0xE4, 0x17, 0xE4, 0x17, 0xE4, 0x17, 0xE4, 0x17, 0xE4, 0x17,
    0xE4, 0x17, 0xE4, 0x17, 0xE4, 0x17, 0xE4, 0x17, 0xE4, 0x17, 0xE4, 0x17, 0xE4, 0x17, 0xE4, 0x17,
    0xE4, 0x17, 0xE4, 0x17, 0xE4, 0x17, 0xE4, 0x17, 0xE4, 0x17, 0xE4, 0x17, 0xE4, 0x17, 0xE4, 0x17,
    0xE4, 0x17, 0xE4, 0x17, 0xE4, 0x17, 0xE4, 0x17, 0xE4, 0x17, 0xE4, 0x17, 0xE4, 0x17, 0xE4, 0x17,
    0xE4, 0x17, 0xE4, 0x17, 0xE4, 0x17, 0xE4, 0x17, 0xE4, 0x17, 0xE4, 0x17, 0xE4, 0x17, 0xE4, 0x17,
    0xE4, 0x17, 0xE4, 0x17, 0xE4, 0x17, 0xE4, 0x17, 0xE4, 0x17, 0xE4, 0x17, 0xE4, 0x17, 0xE4, 0x17,
    0xE4, 0x17, 0xE4, 0x17, 0xE4, 0x17, 0xE4, 0x17, 0xE4, 0x17, 0xE4, 0x17, 0xE4, 0x17, 0xE4, 0x17,
    0xE4, 0x17, 0xFF, 0xE4, 0x1F, 0xE4, 0x16, 0xC2, 0x53, 0x85, 0xAA, 0x89, 0xB2, 0x29, 0xB2, 0x29,
    0xB2, 0x49, 0xB2, 0x69, 0x9A, 0x09, 0xC3, 0xF0, 0xD4, 0xF4, 0x73, 0xCA, 0x57, 0x89, 0x1F, 0xE5,
    0x0F, 0xE3, 0x17, 0xE4, 0x17, 0xE4, 0x17, 0xE4, 0x17, 0xE4, 0x17, 0xE4, 0x17, 0xE4, 0x17, 0xE4,
    0x17, 0xE4, 0x17, 0xE4, 0x17, 0xE4, 0x17, 0xE4, 0x17, 0xE4, 0x17, 0xE4, 0x17, 0xE4, 0x17, 0xE4,
    0x17, 0xE4, 0x17, 0xE4, 0x17, 0xE4, 0x17, 0xE4, 0x17, 0xE4, 0x17, 0xE4, 0x17, 0xE4, 0x17, 0xE4,
    0x17, 0xE4, 0x17, 0xE4, 0x17, 0xE4, 0x17, 0xE4, 0x17, 0xE4, 0x17, 0xE4, 0x17, 0xE4, 0x17, 0xE4,
    0x17, 0xE4, 0x17, 0xE4, 0x17, 0xE4, 0x17, 0xE4, 0x17, 0xE4, 0x17, 0xE4, 0x17, 0xE4, 0x17, 0xE4,
    0x17, 0xE4, 0x17, 0xE4, 0x17, 0xE4, 0x17, 0xE4, 0x17, 0xE4, 0x17, 0xE4, 0x17, 0xE4, 0x17, 0xE4,
    0x17, 0xE4, 0x17, 0xFF, 0xE4, 0x17, 0xE4, 0x17, 0xE4, 0x17, 0xE4, 0x17, 0xE4, 0x17, 0xE4, 0x17,
    0xE4, 0x17, 0xE4, 0x17, 0xE4, 0x17, 0xE4, 0x17, 0xE4, 0x17, 0xE4, 0x17, 0xE4, 0x17, 0xE4, 0x17,
    0xE4, 0x17, 0xE4, 0x17, 0xE4, 0x17, 0xE4, 0x17, 0xE4, 0x17, 0xE4, 0x17, 0xE4, 0x17, 0xE4, 0x17,
    0xE4, 0x17, 0xE4, 0x17, 0xE4, 0x17, 0xE4, 0x17, 0xE4, 0x17, 0xE4, 0x17, 0xE4, 0x17, 0xE4, 0x17,
    0xE4, 0x17, 0xE4, 0x17, 0xE4, 0x17, 0xE4, 0x17, 0xE4, 0x17, 0xE4, 0x17, 0xE4, 0x17, 0xE4, 0x17,
    0xE4, 0x17, 0xE4, 0x17, 0xE4, 0x17, 0xE4, 0x17, 0xE4, 0x17, 0xE4, 0x17, 0xE4, 0x17, 0xE4, 0x17,
    0xE4, 0x17, 0xE4, 0x17, 0xE4, 0x17, 0xE4, 0x17, 0xE4, 0x17, 0xE4, 0x17, 0xE4, 0x17, 0xE4, 0x17,
    0xE4, 0x17, 0xE4, 0x17, 0xE4, 0x17, 0xE4, 0x17, 0xE4, 0x17, 0xE4, 0x17, 0xE4, 0x17, 0xE4, 0x17,
    0xE4, 0x17, 0xE4, 0x17, 0xFF, 0xE4, 0x17, 0xE4, 0x17, 0xE4, 0x17, 0xE4, 0x17, 0xE4, 0x17, 0xE4,
    0x17, 0xE3, 0x1F, 0xE4, 0x17, 0x22, 0x43, 0xE3, 0x82, 0xA7, 0x92, 0x47, 0x92, 0x47, 0x92, 0x47,
    0x9A, 0x68, 0x92, 0x68, 0x82, 0x68, 0x73, 0x07, 0x55, 0x28, 0x47, 0xE8, 0x17, 0xE4, 0x17, 0xE4,
    0x17, 0xE4, 0x17, 0xE4, 0x17, 0xE4, 0x17, 0xE4, 0x17, 0xE4, 0x17, 0xE4, 0x17, 0xE4, 0x17, 0xE4,
    0x17, 0xE4, 0x17, 0xE4, 0x17, 0xE4, 0x17, 0xE4, 0x17, 0xE4, 0x17, 0xE4, 0x17, 0xE4, 0x17, 0xE4,
    0x17, 0xE4, 0x17, 0xE4, 0x17, 0xE4, 0x17, 0xE4, 0x17, 0xE4, 0x17, 0xE4, 0x17, 0xE4, 0x17, 0xE4,
    0x17, 0xE4, 0x17, 0xE4, 0x17, 0xE4, 0x17, 0xE4, 0x17, 0xE4, 0x17, 0xE4, 0x17, 0xE4, 0x17, 0xE4,
    0x17, 0xE4, 0x17, 0xE4, 0x17, 0xE4, 0x17, 0xE4, 0x17, 0xE4, 0x17, 0xE4, 0x17, 0xE4, 0x17, 0xE4,
    0x17, 0xE4, 0x17, 0xE4, 0x17, 0xFF, 0xE4, 0x17, 0xE4, 0x17, 0xE4, 0x17, 0xE4, 0x17, 0xE4, 0x17,
    0xE4, 0x17, 0xE4, 0x17, 0xE4, 0x17, 0xE4, 0x17, 0xE4, 0x17, 0xE4, 0x17, 0xE4, 0x17, 0xE4, 0x17,
    0xE4, 0x17, 0xE4, 0x17, 0xE4, 0x17, 0xE4, 0x17, 0xE4, 0x17, 0xE4, 0x17, 0xE4, 0x17, 0xE4, 0x17,
    0xE4, 0x17, 0xE4, 0x17, 0xE4, 0x17, 0xE4, 0x17, 0xE4, 0x17, 0xE4, 0x17, 0xE4, 0x17, 0xE4, 0x17,
    0xE4, 0x17, 0xE4, 0x17, 0xE4, 0x17, 0xE4, 0x17, 0xE4, 0x17, 0xE4, 0x17, 0xE4, 0x17, 0xE4, 0x17,
    0xE4, 0x17, 0xE4, 0x17, 0xE4, 0x17, 0xE4, 0x17, 0xE4, 0x17, 0xE4, 0x17, 0xE4, 0x17, 0xE4, 0x17,
    0xE4, 0x17, 0xE4, 0x17, 0xE4, 0x17, 0xE4, 0x17, 0xE4, 0x17, 0xE4, 0x17, 0xE4, 0x17, 0xE4, 0x17,
    0xE4, 0x17, 0xE4, 0x17, 0xE4, 0x17, 0xE4, 0x17, 0xE4, 0x17, 0xE4, 0x17, 0xE4, 0x17, 0xE4, 0x17,
    0xE4, 0x17, 0xE4, 0x17, 0xE4, 0x17, 0xFF, 0xE4, 0x17, 0xE4, 0x17, 0xE4, 0x17, 0xE4, 0x17, 0xE4,
    0x17, 0xE4, 0x17, 0xE4, 0x17, 0xE4, 0x17, 0xE4, 0x17, 0xE4, 0x17, 0xE4, 0x17, 0xE4, 0x17, 0xE3,
    0x17, 0xE4, 0x17, 0xE4, 0x1D, 0xC2, 0x44, 0x84, 0x54, 0x04, 0x4B, 0xE4, 0x4B, 0xC4, 0x53, 0xC4,
    0x4C, 0x04, 0x4C, 0x65, 0x4E, 0x07, 0x3F, 0xE7, 0x27, 0xE5, 0x17, 0xE4, 0x17, 0xE4, 0x17, 0xE4,
    0x17, 0xE4, 0x17, 0xE4, 0x17, 0xE4, 0x17, 0xE4, 0x17, 0xE4, 0x17, 0xE4, 0x17, 0xE4, 0x17, 0xE4,
    0x17, 0xE4, 0x17, 0xE4, 0x17, 0xE4, 0x17, 0xE4, 0x17, 0xE4, 0x17, 0xE4, 0x17, 0xE4, 0x17, 0xE4,
    0x17, 0xE4, 0x17, 0xE4, 0x17, 0xE4, 0x17, 0xE4, 0x17, 0xE4, 0x17, 0xE4, 0x17, 0xE4, 0x17, 0xE4,
    0x17, 0xE4, 0x17, 0xE4, 0x17, 0xE4, 0x17, 0xE4, 0x17, 0xE4, 0x17, 0xE4, 0x17, 0xE4, 0x17, 0xE4,
    0x17, 0xE4, 0x17, 0xE4, 0x17, 0xE4, 0x17, 0xFF, 0xE4, 0x17, 0xE4, 0x17, 0xE4, 0x17, 0xE4, 0x17,
    0xE4, 0x17, 0xE4, 0x17, 0xE4, 0x17, 0xE4, 0x17, 0xE4, 0x17, 0xE4, 0x17, 0xE4, 0x17, 0xE4, 0x17,
    0xE4, 0x17, 0xE4, 0x17, 0xE4, 0x17, 0xE4, 0x17, 0xE4, 0x17, 0xE4, 0x17, 0xE4, 0x17, 0xE4, 0x17,
    0xE4, 0x17, 0xE4, 0x17, 0xE4, 0x17, 0xE4, 0x17, 0xE4, 0x17, 0xE4, 0x17, 0xE4, 0x17, 0xE4, 0x17,
    0xE4, 0x17, 0xE4, 0x17, 0xE4, 0x17, 0xE4, 0x17, 0xE4, 0x17, 0xE4, 0x17, 0xE4, 0x17, 0xE4, 0x17,
    0xE4, 0x17, 0xE4, 0x17, 0xE4, 0x17, 0xE4, 0x17, 0xE4, 0x17, 0xE4, 0x17, 0xE4, 0x17, 0xE4, 0x17,
    0xE4, 0x17, 0xE4, 0x17, 0xE4, 0x17, 0xE4, 0x17, 0xE4, 0x17, 0xE4, 0x17, 0xE4, 0x17, 0xE4, 0x17,
    0xE4, 0x17, 0xE4, 0x17, 0xE4, 0x17, 0xE4, 0x17, 0xE4, 0x17, 0xE4, 0x17, 0xE4, 0x17, 0xE4, 0x17,
    0xE4, 0x17, 0xE4, 0x17, 0xE4, 0x17, 0xE4, 0x17, 0xFF, 0xE4, 0x17, 0xE4, 0x17, 0xE4, 0x17, 0xE4,
    0x17, 0xE4, 0x17, 0xE4, 0x17, 0xE4, 0x17, 0xE4, 0x17, 0xE4, 0x17, 0xE4, 0x17, 0xE4, 0x17, 0xE4,
    0x17, 0xE4, 0x17, 0xE4, 0x17, 0xE4, 0x17, 0xE4, 0x17, 0xE4, 0x17, 0xE4, 0x17, 0xE3, 0x17, 0xE3,
    0x17, 0xE4, 0x1F, 0xE4, 0x2F, 0xE5, 0x37, 0xC6, 0x2F, 0x85, 0x2F, 0x85, 0x2F, 0xA5, 0x2F, 0xC5,
    0x37, 0xE6, 0x2F, 0xE6, 0x1F, 0xE5, 0x17, 0xE4, 0x17, 0xE4, 0x17, 0xE4, 0x17, 0xE4, 0x17, 0xE4,
    0x17, 0xE4, 0x17, 0xE4, 0x17, 0xE4, 0x17, 0xE4, 0x17, 0xE4, 0x17, 0xE4, 0x17, 0xE4, 0x17, 0xE4,
    0x17, 0xE4, 0x17, 0xE4, 0x17, 0xE4, 0x17, 0xE4, 0x17, 0xE4, 0x17, 0xE4, 0x17, 0xE4, 0x17, 0xE4,
    0x17, 0xE4, 0x17, 0xE4, 0x17, 0xE4, 0x17, 0xE4, 0x17, 0xE4, 0x17, 0xE4, 0x17, 0xE4, 0x17, 0xE4,
    0x17, 0xE4, 0x17, 0xE4, 0x17, 0xE4, 0x17, 0xE4, 0x00, 0x7F, 0x00, 0x7F, 0x00, 0x7F, 0x00, 0x7F,
    0x00, 0x7F, 0x00, 0x7F, 0x00, 0x7F, 0x00, 0x7F, 0x00, 0x7F, 0x00, 0x7F, 0x00, 0x7F, 0x00, 0x7F,
    0x00, 0x7F, 0x00, 0x7F, 0x00, 0x7F, 0x00, 0x7F, 0x00, 0x7F, 0x00, 0x7F, 0x00, 0x7F, 0x00, 0x7F,
    0x00, 0x7F, 0x00, 0x7F, 0x00, 0x7F, 0x00, 0x7F, 0x00, 0x7F, 0x00, 0x7F, 0x00, 0x7F, 0x00, 0x7F,
    0x00, 0x7F, 0x00, 0x7F, 0x00, 0x7F, 0x00, 0x7F, 0x00, 0x7F, 0x00, 0x7F, 0x00, 0x7F, 0x00, 0x7F,
    0x00, 0x7F, 0x00, 0x7F, 0x00, 0x7F, 0x00, 0x7F, 0x00, 0x7F, 0x00, 0x7F, 0x00, 0x7F, 0x00, 0x7F,
    0x00, 0x7F, 0x00, 0x7F, 0x00, 0x7F, 0x00, 0x7F, 0x00, 0x7F, 0x00, 0x7F, 0x00, 0x7F, 0x00, 0x7F,
    0x00, 0x7F, 0x00, 0x7F, 0x00, 0x7F, 0x00, 0x7F, 0x00, 0x7F, 0x00, 0x7F, 0x00, 0x7F, 0x00, 0x7F,
    0x00, 0x7F, 0x00, 0x7F, 0x00, 0x7F, 0x00, 0x7F, 0x00, 0x7F, 0x00, 0x7F, 0x00, 0x7F, 0x00, 0x7F,
    0x00, 0x7F, 0x00, 0x7F, 0x00, 0x7F, 0x00, 0x7F, 0x00, 0x7F, 0x00, 0x7F, 0x00, 0x7F, 0x00, 0x7F,
    0x00, 0x7F, 0x00, 0x7F, 0x00, 0x7F, 0x00, 0x7F, 0x00, 0x7F, 0x00, 0x7F, 0x00, 0x7F, 0x00, 0x7F,
    0x00, 0x7F, 0x00, 0x7F, 0x00, 0x41, 0x00,
};
// clang-format on
