// Copyright 2026 QMK -- generated source code only, image retains original copyright
// SPDX-License-Identifier: GPL-2.0-or-later

// This file was auto-generated by `painter_convert_graphics` with arguments:
//    format | rgb565
//    output | frames_cropped
//    input  | frame_10.png

// Image's metadata
// ----------------
// Width: 134
// Height: 240
// Single frame

#include <qp.h>

const uint32_t gfx_frame_10_length = 43145;

// clang-format off
const uint8_t gfx_frame_10[43145] = {
    0x00, 0xFF, 0x12, 0x00, 0x00, 0x51, 0x47, 0x46, 0x01, 0x89, 0xA8, 0x00, 0x00, 0x76, 0x57, 0xFF,
    0xFF, 0x86, 0x00, 0xF0, 0x00, 0x01, 0x00, 0x01, 0xFE, 0x04, 0x00, 0x00, 0x20, 0x00, 0x00, 0x00,
    0x02, 0xFD, 0x06, 0x00, 0x00, 0x08, 0x00, 0x01, 0xFF, 0xE8, 0x03, 0x05, 0xFA, 0x59, 0xA8, 0x00,
    0x7F, 0x00, 0x7F, 0x00, 0x7F, 0x00, 0x7F, 0x00, 0x7F, 0x00, 0x7F, 0x00, 0x7F, 0x00, 0x7F, 0x00,
    0x7F, 0x00, 0x7F, 0x00, 0x7F, 0x00, 0x7F, 0x00, 0x7F, 0x00, 0x7F, 0x00, 0x7F, 0x00, 0x7F, 0x00,
    0x7F, 0x00, 0x7F, 0x00, 0x7F, 0x00, 0x7F, 0x00, 0x7F, 0x00, 0x7F, 0x00, 0x7F, 0x00, 0x7F, 0x00,
    0x7F, 0x00, 0x7F, 0x00, 0x7F, 0x00, 0x7F, 0x00, 0x7F, 0x00, 0x7F, 0x00, 0x7F, 0x00, 0x7F, 0x00,
    0x7F, 0x00, 0x7F, 0x00, 0x7F, 0x00, 0x7F, 0x00, 0x7F, 0x00, 0x7F, 0x00, 0x7F, 0x00, 0x7F, 0x00,
    0x7F, 0x00, 0x7F, 0x00, 0x7F, 0x00, 0x7F, 0x00, 0x7F, 0x00, 0x7F, 0x00, 0x7F, 0x00, 0x7F, 0x00,
    0x7F, 0x00, 0x7F, 0x00, 0x7F, 0x00, 0x7F, 0x00, 0x7F, 0x00, 0x7F, 0x00, 0x7F, 0x00, 0x7F, 0x00,
    0x7F, 0x00, 0x7F, 0x00, 0x7F, 0x00, 0x7F, 0x00, 0x7F, 0x00, 0x7F, 0x00, 0x7F, 0x00, 0x7F, 0x00,
    0x7F, 0x00, 0x7F, 0x00, 0x7F, 0x00, 0x7F, 0x00, 0x7F, 0x00, 0x7F, 0x00, 0x7F, 0x00, 0x7F, 0x00,
    0x7F, 0x00, 0x7F, 0x00, 0x7F, 0x00, 0x7F, 0x00, 0x7F, 0x00, 0x7F, 0x00, 0x7F, 0x00, 0x7F, 0x00,
    0x7F, 0x00, 0x7F, 0x00, 0x7F, 0x00, 0x7F, 0x00, 0x34, 0x00, 0xFF, 0x17, 0xE4, 0x17, 0xE4, 0x17,
    0xE4, 0x17, 0xE4, 0x17, 0xE4, 0x17, 0xE4, 0x17, 0xE4, 0x17, 0xE4, 0x17, 0xE4, 0x17, 0xE4, 0x17,
    0xE4, 0x17, 0xE4, 0x17, 0xE4, 0x17, 0xE4, 0x17, 0xE4, 0x17, 0xE4, 0x17, 0xE4, 0x17, 0xE4, 0x17,
    0xE4, 0x17, 0xE4, 0x17, 0xE4, 0x17, 0xE4, 0x17, 0xE4, 0x17, 0xE4, 0x17, 0xE4, 0x17, 0xE4, 0x17,
    0xE4, 0x17, 0xE4, 0x17, 0xE4, 0x17, 0xE4, 0x17, 0xE4, 0x17, 0xE4, 0x17, 0xE4, 0x17, 0xE4, 0x17,
    0xE4, 0x17, 0xE4, 0x17, 0xE4, 0x17, 0xE4, 0x17, 0xE4, 0x17, 0xE4, 0x17, 0xE4, 0x17, 0xE4, 0x17,
    0xE4, 0x17, 0xE4, 0x17, 0xE4, 0x17, 0xE4, 0x17, 0xE4, 0x17, 0xE4, 0x17, 0xE4, 0x17, 0xE4, 0x17,
    0xE4, 0x17, 0xE4, 0x17, 0xE4, 0x17, 0xE4, 0x17, 0xE4, 0x17, 0xE4, 0x17, 0xE4, 0x17, 0xE4, 0x17,
    0xE4, 0x17, 0xE4, 0x17, 0xE4, 0x17, 0xE4, 0x17, 0xE4, 0x17, 0xE4, 0xFF, 0x17, 0xE4, 0x17, 0xE4,
    0x17, 0xE4, 0x17, 0xE4, 0x17, 0xE4, 0x17, 0xE4, 0x17, 0xE4, 0x17, 0xE4, 0x17, 0xE4, 0x17, 0xE4,
    0x17, 0xE4, 0x17, 0xE4, 0x17, 0xE4, 0x17, 0xE4, 0x17, 0xE4, 0x17, 0xE4, 0x17, 0xE4, 0x17, 0xE4,
    0x17, 0xE4, 0x17, 0xE4, 0x17, 0xE4, 0x17, 0xE4, 0x17, 0xE4, 0x17, 0xE4, 0x17, 0xE4, 0x17, 0xE4,
    0x17, 0xE4, 0x17, 0xE4, 0x17, 0xE4, 0x17, 0xE4, 0x17, 0xE4, 0x17, 0xE4, 0x17, 0xE4, 0x17, 0xE4,
    0x17, 0xE4, 0x17, 0xE4, 0x17, 0xE4, 0x17, 0xE4, 0x17, 0xE4, 0x17, 0xE4, 0x17, 0xE4, 0x17, 0xE4,
    0x17, 0xE4, 0x17, 0xE4, 0x17, 0xE4, 0x17, 0xE4, 0x17, 0xE4, 0x17, 0xE4, 0x17, 0xE4, 0x17, 0xE4,
    0x17, 0xE4, 0x17, 0xE4, 0x17, 0xE4, 0x17, 0xE4, 0x17, 0xE4, 0x17, 0xE4, 0x17, 0xE4, 0x17, 0xE4,
    0x17, 0xE4, 0x17, 0xE4, 0x17, 0xE4, 0x17, 0xE4, 0x17, 0xE4, 0x17, 0xE4, 0xFF, 0x17, 0xE4, 0x17,
    0xE4, 0x17, 0xE4, 0x17, 0xE4, 0x17, 0xE4, 0x17, 0xE4, 0x17, 0xE4, 0x17, 0xE4, 0x17, 0xE4, 0x17,
    0xE4, 0x17, 0xE4, 0x17, 0xE4, 0x17, 0xE4, 0x17, 0xE4, 0x17, 0xE4, 0x17, 0xE4, 0x17, 0xE4, 0x17,
    0xE4, 0x17, 0xE4, 0x17, 0xE4, 0x17, 0xE4, 0x17, 0xE4, 0x17, 0xE4, 0x17, 0xE4, 0x17, 0xE4, 0x17,
    0xE4, 0x17, 0xE4, 0x17, 0xE4, 0x17, 0xE4, 0x17, 0xE4, 0x17, 0xE4, 0x17, 0xE4, 0x17, 0xE4, 0x17,
    0xE4, 0x17, 0xE4, 0x17, 0xE4, 0x17, 0xE4, 0x17, 0xE4, 0x17, 0xE4, 0x17, 0xE4, 0x17, 0xE4, 0x17,
    0xE4, 0x17, 0xE4, 0x17, 0xE4, 0x17, 0xE4, 0x17, 0xE4, 0x17, 0xE4, 0x17, 0xE4, 0x17, 0xE4, 0x17,
    0xE4, 0x17, 0xE4, 0x17, 0xE4, 0x17, 0xE4, 0x17, 0xE4, 0x17, 0xE4, 0x17, 0xE4, 0x17, 0xE4, 0x17,
    0xE4, 0x17, 0xE4, 0x17, 0xE4, 0x17, 0xE4, 0x17, 0xE4, 0x17, 0xE4, 0x17, 0xE4, 0xFF, 0x17, 0xE4,
    0x17, 0xE4, 0x17, 0xE4, 0x17, 0xE4, 0x17, 0xE4, 0x17, 0xE4, 0x17, 0xE4, 0x17, 0xE4, 0x17, 0xE4,
    0x17, 0xE4, 0x17, 0xE4, 0x17, 0xE4, 0x17, 0xE4, 0x17, 0xE4, 0x17, 0xE4, 0x17, 0xE4, 0x17, 0xE4,
    0x17, 0xE4, 0x17, 0xE4, 0x17, 0xE4, 0x17, 0xE4, 0x17, 0xE4, 0x17, 0xE4, 0x17, 0xE4, 0x17, 0xE4,
    0x17, 0xE4, 0x17, 0xE4, 0x17, 0xE4, 0x17, 0xE4, 0x17, 0xE4, 0x17, 0xE4, 0x17, 0xE4, 0x17, 0xE4,
    0x17, 0xE4, 0x17, 0xE4, 0x17, 0xE4, 0x17, 0xE4, 0x17, 0xE4, 0x17, 0xE4, 0x17, 0xE4, 0x17, 0xE4,
    0x17, 0xE4, 0x17, 0xE4, 0x17, 0xE4, 0x17, 0xE4, 0x17, 0xE4, 0x17, 0xE4, 0x17, 0xE4, 0x17, 0xE4,
    0x17, 0xE4, 0x17, 0xE4, 0x17, 0xE4, 0x17, 0xE4, 0x17, 0xE4, 0x17, 0xE4, 0x17, 0xE4, 0x17, 0xE4,
    0x17, 0xE4, 0x17, 0xE4, 0x17, 0xE4, 0x17, 0xE4, 0x17, 0xE4, 0x17, 0xE4, 0x17, 0xE4, 0xFF, 0x17,
    0xE4, 0x17, 0xE4, 0x17, 0xE4, 0x17, 0xE4, 0x17, 0xE4, 0x17, 0xE4, 0x17, 0xE4, 0x17, 0xE4, 0x17,
    0xE4, 0x17, 0xE4, 0x17, 0xE4, 0x17, 0xE4, 0x17, 0xE4, 0x17, 0xE4, 0x17, 0xE4, 0x17, 0xE4, 0x17,
    0xE4, 0x17, 0xE4, 0x17, 0xE4, 0x17, 0xE4, 0x17, 0xE4, 0x17, 0xE4, 0x17, 0xE4, 0x17, 0xE4, 0x17,
    0xE4, 0x17, 0xE4, 0x17, 0xE4, 0x17, 0xE4, 0x17, 0xE4, 0x17, 0xE4, 0x17, 0xE4, 0x17, 0xE4, 0x17,
    0xE4, 0x17, 0xE4, 0x17, 0xE4, 0x17, 0xE4, 0x17, 0xE4, 0x17, 0xE4, 0x17, 0xE4, 0x17, 0xE4, 0x17,
    0xE4, 0x17, 0xE4, 0x17, 0xE4, 0x17, 0xE4, 0x17, 0xE4, 0x17, 0xE4, 0x17, 0xE4, 0x17, 0xE4, 0x17,
    0xE4, 0x17, 0xE4, 0x17, 0xE4, 0x17, 0xE4, 0x17, 0xE4, 0x17, 0xE4, 0x17, 0xE4, 0x17, 0xE4, 0x17,
    0xE4, 0x17, 0xE4, 0x17, 0xE4, 0x17, 0xE4, 0x17, 0xE4, 0x17, 0xE4, 0x17, 0xE4, 0x17, 0xE4, 0xFF,
    0x17, 0xE4, 0x17, 0xE4, 0x17, 0xE4, 0x17, 0xE4, 0x17, 0xE4, 0x17, 0xE4, 0x17, 0xE4, 0x17, 0xE4,
    0x17, 0xE4, 0x17, 0xE4, 0x17, 0xE4, 0x17, 0xE4, 0x17, 0xE4, 0x17, 0xE4, 0x17, 0xE4, 0x17, 0xE4,
    0x17, 0xE4, 0x17, 0xE4, 0x17, 0xE4, 0x17, 0xE4, 0x17, 0xE4, 0x17, 0xE4, 0x17, 0xE4, 0x17, 0xE4,
    0x17, 0xE4, 0x17, 0xE4, 0x17, 0xE4, 0x17, 0xE4, 0x17, 0xE4, 0x17, 0xE4, 0x17, 0xE4, 0x17, 0xE4,
    0x17, 0xE4, 0x17, 0xE4, 0x17, 0xE4, 0x17, 0xE4, 0x17, 0xE4, 0x17, 0xE4, 0x17, 0xE4, 0x17, 0xE4,
    0x17, 0xE4, 0x17, 0xE4, 0x17, 0xE4, 0x17, 0xE4, 0x17, 0xE4, 0x17, 0xE4, 0x17, 0xE4, 0x17, 0xE4,
    0x17, 0xE4, 0x17, 0xE4, 0x17, 0xE4, 0x17, 0xE4, 0x17, 0xE4, 0x17, 0xE4, 0x17, 0xE4, 0x17, 0xE4,
    0x17, 0xE4, 0x17, 0xE4, 0x17, 0xE4, 0x17, 0xE4, 0x17, 0xE4, 0x17, 0xE4, 0x17, 0xE4, 0x17, 0xE4,
    0xFF, 0x17, 0xE4, 0x17, 0xE4, 0x17, 0xE4, 0x17, 0xE4, 0x17, 0xE4, 0x17, 0xE4, 0x17, 0xE4, 0x17,
    0xE4, 0x17, 0xE4, 0x17, 0xE4, 0x17, 0xE4, 0x17, 0xE4, 0x17, 0xE4, 0x17, 0xE4, 0x17, 0xE4, 0x17,
    0xE4, 0x17, 0xE4, 0x17, 0xE4, 0x17, 0xE4, 0x17, 0xE4, 0x17, 0xE4, 0x17, 0xE4, 0x17, 0xE4, 0x17,
    0xE4, 0x17, 0xE4, 0x17, 0xE4, 0x17, 0xE4, 0x17, 0xE4, 0x17, 0xE4, 0x17, 0xE4, 0x17, 0xE4, 0x17,
    0xE4, 0x17, 0xE4, 0x17, 0xE4, 0x17, 0xE4, 0x17, 0xE4, 0x17, 0xE4, 0x17, 0xE4, 0x17, 0xE4, 0x17,
    0xE4, 0x17, 0xE4, 0x17, 0xE4, 0x17, 0xE4, 0x17, 0xE4, 0x17, 0xE4, 0x17, 0xE4, 0x17, 0xE4, 0x17,
    0xE4, 0x17, 0xE4, 0x17, 0xE4, 0x17, 0xE4, 0x17, 0xE4, 0x17, 0xE4, 0x17, 0xE4, 0x17, 0xE4, 0x17,
    0xE4, 0x17, 0xE4, 0x17, 0xE4, 0x17, 0xE4, 0x17, 0xE4, 0x17, 0xE4, 0x17, 0xE4, 0x17, 0xE4, 0x17,
    0xE4, 0xFF, 0x17, 0xE4, 0x17, 0xE4, 0x17, 0xE4, 0x17, 0xE4, 0x17, 0xE4, 0x17, 0xE4, 0x17, 0xE4,
    0x17, 0xE4, 0x17, 0xE4, 0x17, 0xE4, 0x17, 0xE4, 0x17, 0xE4, 0x17, 0xE4, 0x17, 0xE4, 0x17, 0xE4,
    0x17, 0xE4, 0x17, 0xE4, 0x17, 0xE4, 0x17, 0xE4, 0x17, 0xE4, 0x17, 0xE4, 0x17, 0xE4, 0x17, 0xE4,
    0x17, 0xE4, 0x17, 0xE4, 0x17, 0xE4, 0x17, 0xE4, 0x17, 0xE4, 0x17, 0xE4, 0x17, 0xE4, 0x17, 0xE4,
    0x17, 0xE4, 0x17, 0xE4, 0x17, 0xE4, 0x17, 0xE4, 0x17, 0xE4, 0x17, 0xE4, 0x17, 0xE4, 0x17, 0xE4,
    0x17, 0xE4, 0x17, 0xE4, 0x17, 0xE4, 0x17, 0xE4, 0x17, 0xE4, 0x17, 0xE4, 0x17, 0xE4, 0x17, 0xE4,
    0x17, 0xE4, 0x17, 0xE4, 0x17, 0xE4, 0x17, 0xE4, 0x17, 0xE4, 0x17, 0xE4, 0x17, 0xE4, 0x17, 0xE4,
    0x17, 0xE4, 0x17, 0xE4, 0x17, 0xE4, 0x17, 0xE4, 0x17, 0xE4, 0x17, 0xE4, 0x17, 0xE4, 0x17, 0xE4,
    0x17, 0xE4, 0xFF, 0x17, 0xE4, 0x17, 0xE4, 0x17, 0xE4, 0x17, 0xE4, 0x17, 0xE4, 0x17, 0xE4, 0x17,
    0xE4, 0x17, 0xE4, 0x17, 0xE4, 0x17, 0xE4, 0x17, 0xE4, 0x17, 0xE4, 0x17, 0xE4, 0x17, 0xE4, 0x17,
    0xE4, 0x17, 0xE4, 0x17, 0xE4, 0x17, 0xE4, 0x17, 0xE4, 0x17, 0xE4, 0x17, 0xE4, 0x17, 0xE4, 0x17,
    0xE4, 0x17, 0xE4, 0x17, 0xE4, 0x17, 0xE4, 0x17, 0xE4, 0x17, 0xE4, 0x17, 0xE4, 0x17, 0xE4, 0x17,
    0xE4, 0x17, 0xE4, 0x17, 0xE4, 0x17, 0xE4, 0x17, 0xE4, 0x17, 0xE4, 0x17, 0xE4, 0x17, 0xE4, 0x17,
    0xE4, 0x17, 0xE4, 0x17, 0xE4, 0x17, 0xE4, 0x17, 0xE4, 0x17, 0xE4, 0x17, 0xE4, 0x17, 0xE4, 0x17,
    0xE4, 0x17, 0xE4, 0x17, 0xE4, 0x17, 0xE4, 0x17, 0xE4, 0x17, 0xE4, 0x17, 0xE4, 0x17, 0xE4, 0x17,
    0xE4, 0x17, 0xE4, 0x17, 0xE4, 0x17, 0xE4, 0x17, 0xE4, 0x17, 0xE4, 0x17, 0xE4, 0x17, 0xE4, 0x17,
    0xE4, 0x17, 0xE4, 0xFF, 0x17, 0xE4, 0x17, 0xE4, 0x17, 0xE4, 0x17, 0xE4, 0x17, 0xE4, 0x17, 0xE4,
    0x17, 0xE4, 0x17, 0xE4, 0x17, 0xE4, 0x17, 0xE4, 0x17, 0xE4, 0x17, 0xE4, 0x17, 0xE4, 0x17, 0xE4,
    0x17, 0xE4, 0x17, 0xE4, 0x17, 0xE4, 0x17, 0xE4, 0x17, 0xE4, 0x17, 0xE4, 0x17, 0xE4, 0x17, 0xE4,
    0x17, 0xE4, 0x17, 0xE4, 0x17, 0xE4, 0x17, 0xE4, 0x17, 0xE4, 0x17, 0xE4, 0x17, 0xE4, 0x17, 0xE4,
    0x17, 0xE4, 0x17, 0xE4, 0x17, 0xE4, 0x17, 0xE4, 0x17, 0xE4, 0x17, 0xE4, 0x17, 0xE4, 0x17, 0xE4,
    0x17, 0xE4, 0x17, 0xE4, 0x17, 0xE4, 0x17, 0xE4, 0x17, 0xE4, 0x17, 0xE4, 0x17, 0xE4, 0x17, 0xE4,
    0x17, 0xE4, 0x17, 0xE4, 0x17, 0xE4, 0x17, 0xE4, 0x17, 0xE4, 0x17, 0xE4, 0x17, 0xE4, 0x17, 0xE4,
    0x17, 0xE4, 0x17, 0xE4, 0x17, 0xE4, 0x17, 0xE4, 0x17, 0xE4, 0x17, 0xE4, 0x17, 0xE4, 0x17, 0xE4,
    0x17, 0xE4, 0x17, 0xE4, 0xFF, 0x17, 0xE4, 0x17, 0xE4, 0x17, 0xE4, 0x17, 0xE4, 0x17, 0xE4, 0x17,
    0xE4, 0x17, 0xE4, 0x17, 0xE4, 0x17, 0xE4, 0x17, 0xE4, 0x17, 0xE4, 0x17, 0xE4, 0x17, 0xE4, 0x17,
    0xE4, 0x17, 0xE4, 0x17, 0xE4, 0x17, 0xE4, 0x17, 0xE4, 0x17, 0xE4, 0x17, 0xE4, 0x17, 0xE4, 0x17,
    0xE4, 0x17, 0xE4, 0x17, 0xE4, 0x17, 0xE4, 0x17, 0xE4, 0x17, 0xE4, 0x17, 0xE4, 0x17, 0xE4, 0x17,
    0xE4, 0x17, 0xE4, 0x17, 0xE4, 0x17, 0xE4, 0x17, 0xE4, 0x17, 0xE4, 0x17, 0xE4, 0x17, 0xE4, 0x17,
    0xE4, 0x17, 0xE4, 0x17, 0xE4, 0x17, 0xE4, 0x17, 0xE4, 0x17, 0xE4, 0x17, 0xE4, 0x17, 0xE4, 0x17,
    0xE4, 0x17, 0xE4, 0x17, 0xE4, 0x17, 0xE4, 0x17, 0xE4, 0x17, 0xE4, 0x17, 0xE4, 0x17, 0xE4, 0x17,
    0xE4, 0x17, 0xE4, 0x17, 0xE4, 0x17, 0xE4, 0x17, 0xE4, 0x17, 0xE4, 0x17, 0xE4, 0x17, 0xE4, 0x17,
    0xE4, 0x17, 0xE4, 0x17, 0xE4, 0xFF, 0x17, 0xE4, 0x17, 0xE4, 0x17, 0xE4, 0x17, 0xE4, 0x17, 0xE4,
    0x17, 0xE4, 0x17, 0xE4, 0x17, 0xE4, 0x17, 0xE4, 0x17, 0xE4, 0x17, 0xE4, 0x17, 0xE4, 0x17, 0xE4,
    0x17, 0xE4, 0x17, 0xE4, 0x17, 0xE4, 0x17, 0xE4, 0x17, 0xE4, 0x17, 0xE4, 0x17, 0xE4, 0x17, 0xE4,
    0x17, 0xE4, 0x17, 0xE4, 0x17, 0xE4, 0x17, 0xE4, 0x17, 0xE4, 0x17, 0xE4, 0x17, 0xE4, 0x17, 0xE4,
    0x17, 0xE4, 0x17, 0xE4, 0x17, 0xE4, 0x17, 0xE4, 0x17, 0xE4, 0x17, 0xE4, 0x17, 0xE4, 0x17, 0xE4,
    0x17, 0xE4, 0x17, 0xE4, 0x17, 0xE4, 0x17, 0xE4, 0x17, 0xE4, 0x17, 0xE4, 0x17, 0xE4, 0x17, 0xE4,
    0x17, 0xE4, 0x17, 0xE4, 0x17, 0xE4, 0x17, 0xE4, 0x17, 0xE4, 0x17, 0xE4, 0x17, 0xE4, 0x17, 0xE4,
    0x17, 0xE4, 0x17, 0xE4, 0x17, 0xE4, 0x17, 0xE4, 0x17, 0xE4, 0x17, 0xE4, 0x17, 0xE4, 0x17, 0xE4,
    0x17, 0xE4, 0x17, 0xE4, 0x17, 0xE4, 0xFF, 0x17, 0xE4, 0x17, 0xE4, 0x17, 0xE4, 0x17, 0xE4, 0x17,
    0xE4, 0x17, 0xE4, 0x17, 0xE4, 0x17, 0xE4, 0x17, 0xE4, 0x17, 0xE4, 0x17, 0xE4, 0x17, 0xE4, 0x17,
    0xE4, 0x17, 0xE4, 0x17, 0xE4, 0x17, 0xE4, 0x17, 0xE4, 0x17, 0xE4, 0x17, 0xE4, 0x17, 0xE4, 0x17,
    0xE4, 0x17, 0xE4, 0x17, 0xE4, 0x17, 0xE4, 0x17, 0xE4, 0x17, 0xE4, 0x17, 0xE4, 0x17, 0xE4, 0x17,
    0xE4, 0x17, 0xE4, 0x17, 0xE4, 0x17, 0xE4, 0x17, 0xE4, 0x17, 0xE4, 0x17, 0xE4, 0x17, 0xE4, 0x17,
    0xE4, 0x17, 0xE4, 0x17, 0xE4, 0x17, 0xE4, 0x17, 0xE4, 0x17, 0xE4, 0x17, 0xE4, 0x17, 0xE4, 0x17,
    0xE4, 0x17, 0xE4, 0x17, 0xE4, 0x17, 0xE4, 0x17, 0xE4, 0x17, 0xE4, 0x17, 0xE4, 0x17, 0xE4, 0x17,
    0xE4, 0x17, 0xE4, 0x17, 0xE4, 0x17, 0xE4, 0x17, 0xE4, 0x17, 0xE4, 0x17, 0xE4, 0x17, 0xE4, 0x17,
    0xE4, 0x17, 0xE4, 0x17, 0xE4, 0x17, 0xE4, 0xFF, 0x17, 0xE4, 0x17, 0xE4, 0x17, 0xE4, 0x17, 0xE4,
    0x17, 0xE4, 0x17, 0xE4, 0x17, 0xE4, 0x17, 0xE4, 0x17, 0xE4, 0x17, 0xE4, 0x17, 0xE4, 0x17, 0xE4,
    0x17, 0xE4, 0x17, 0xE4, 0x17, 0xE4, 0x17, 0xE4, 0x17, 0xE4, 0x17, 0xE4, 0x17, 0xE4, 0x17, 0xE4,
    0x17, 0xE4, 0x17, 0xE4, 0x17, 0xE4, 0x17, 0xE4, 0x17, 0xE4, 0x17, 0xE4, 0x17, 0xE4, 0x17, 0xE4,
    0x17, 0xE4, 0x17, 0xE4, 0x17, 0xE4, 0x17, 0xE4, 0x17, 0xE4, 0x17, 0xE4, 0x17, 0xE4, 0x17, 0xE4,
    0x17, 0xE4, 0x17, 0xE4, 0x17, 0xE4, 0x17, 0xE4, 0x17, 0xE4, 0x17, 0xE4, 0x17, 0xE4, 0x17, 0xE4,
    0x17, 0xE4, 0x17, 0xE4, 0x17, 0xE4, 0x17, 0xE4, 0x17, 0xE4, 0x17, 0xE4, 0x17, 0xE4, 0x17, 0xE4,
    0x17, 0xE4, 0x17, 0xE4, 0x17, 0xE4, 0x17, 0xE4, 0x17, 0xE4, 0x17, 0xE4, 0x17, 0xE4, 0x17, 0xE4,
    0x17, 0xE4, 0x17, 0xE4, 0x17, 0xE4, 0x17, 0xE4, 0xFF, 0x17, 0xE4, 0x17, 0xE4, 0x17, 0xE4, 0x17,
    0xE4, 0x17, 0xE4, 0x17, 0xE4, 0x17, 0xE4, 0x17, 0xE4, 0x17, 0xE4, 0x17, 0xE4, 0x17, 0xE4, 0x17,
    0xE4, 0x17, 0xE4, 0x17, 0xE4, 0x17, 0xE4, 0x17, 0xE4, 0x17, 0xE4, 0x17, 0xE4, 0x17, 0xE4, 0x17,
    0xE4, 0x17, 0xE4, 0x17, 0xE4, 0x17, 0xE4, 0x17, 0xE4, 0x17, 0xE4, 0x17, 0xE4, 0x17, 0xE4, 0x17,
    0xE4, 0x17, 0xE4, 0x17, 0xE4, 0x17, 0xE4, 0x17, 0xE4, 0x17, 0xE4, 0x17, 0xE4, 0x17, 0xE4, 0x17,
    0xE4, 0x17, 0xE4, 0x17, 0xE4, 0x17, 0xE4, 0x17, 0xE4, 0x17, 0xE4, 0x17, 0xE4, 0x17, 0xE4, 0x17,
    0xE4, 0x17, 0xE4, 0x17, 0xE4, 0x17, 0xE4, 0x17, 0xE4, 0x17, 0xE4, 0x17, 0xE4, 0x17, 0xE4, 0x17,
    0xE4, 0x17, 0xE4, 0x17, 0xE4, 0x17, 0xE4, 0x17, 0xE4, 0x17, 0xE4, 0x17, 0xE4, 0x17, 0xE4, 0x17,
    0xE4, 0x17, 0xE4, 0x17, 0xE4, 0x17, 0xE4, 0x17, 0xE4, 0xFF, 0x17, 0xE4, 0x17, 0xE4, 0x17, 0xE4,
    0x17, 0xE4, 0x17, 0xE4, 0x17, 0xE4, 0x17, 0xE4, 0x17, 0xE4, 0x17, 0xE4, 0x17, 0xE4, 0x17, 0xE4,
    0x17, 0xE4, 0x17, 0xE4, 0x17, 0xE4, 0x17, 0xE4, 0x17, 0xE4, 0x17, 0xE4, 0x17, 0xE4, 0x17, 0xE4,
    0x17, 0xE4, 0x17, 0xE4, 0x17, 0xE4, 0x17, 0xE4, 0x17, 0xE4, 0x17, 0xE4, 0x17, 0xE4, 0x17, 0xE4,
    0x17, 0xE4, 0x17, 0xE4, 0x17, 0xE4, 0x17, 0xE4, 0x17, 0xE4, 0x17, 0xE4, 0x17, 0xE4, 0x17, 0xE4,
    0x17, 0xE4, 0x17, 0xE4, 0x17, 0xE4, 0x17, 0xE4, 0x17, 0xE4, 0x17, 0xE4, 0x17, 0xE4, 0x17, 0xE4,
    0x17, 0xE4, 0x17, 0xE4, 0x17, 0xE4, 0x17, 0xE4, 0x17, 0xE4, 0x17, 0xE4, 0x17, 0xE4, 0x17, 0xE4,
    0x17, 0xE4, 0x17, 0xE4, 0x17, 0xE4, 0x17, 0xE4, 0x17, 0xE4, 0x17, 0xE4, 0x17, 0xE4, 0x17, 0xE4,
    0x17, 0xE4, 0x17, 0xE4, 0x17, 0xE4, 0x17, 0xE4, 0x17, 0xE4, 0xFF, 0x17, 0xE4, 0x17, 0xE4, 0x17,
    0xE4, 0x17, 0xE4, 0x17, 0xE4, 0x17, 0xE4, 0x17, 0xE4, 0x17, 0xE4, 0x17, 0xE4, 0x17, 0xE4, 0x17,
    0xE4, 0x17, 0xE4, 0x17, 0xE4, 0x17, 0xE4, 0x17, 0xE4, 0x17, 0xE4, 0x17, 0xE4, 0x17, 0xE4, 0x17,
    0xE4, 0x17, 0xE4, 0x17, 0xE4, 0x17, 0xE4, 0x17, 0xE4, 0x17, 0xE4, 0x17, 0xE4, 0x17, 0xE4, 0x17,
    0xE4, 0x17, 0xE4, 0x17, 0xE4, 0x17, 0xE4, 0x17, 0xE4, 0x17, 0xE4, 0x17, 0xE4, 0x17, 0xE4, 0x17,
    0xE4, 0x17, 0xE4, 0x17, 0xE4, 0x17, 0xE4, 0x17, 0xE4, 0x17, 0xE4, 0x17, 0xE4, 0x17, 0xE4, 0x17,
    0xE4, 0x17, 0xE4, 0x17, 0xE4, 0x17, 0xE4, 0x17, 0xE4, 0x17, 0xE4, 0x17, 0xE4, 0x17, 0xE4, 0x17,
    0xE4, 0x17, 0xE4, 0x17, 0xE4, 0x17, 0xE4, 0x17, 0xE4, 0x17, 0xE4, 0x17, 0xE4, 0x17, 0xE4, 0x17,
    0xE4, 0x17, 0xE4, 0x17, 0xE4, 0x17, 0xE4, 0x17, 0xE4, 0x17, 0xE4, 0xFF, 0x17, 0xE4, 0x17, 0xE4,
    0x17, 0xE4, 0x17, 0xE4, 0x17, 0xE4, 0x17, 0xE4, 0x17, 0xE4, 0x17, 0xE4, 0x17, 0xE4, 0x17, 0xE4,
    0x17, 0xE4, 0x17, 0xE4, 0x17, 0xE4, 0x17, 0xE4, 0x17, 0xE4, 0x17, 0xE4, 0x17, 0xE4, 0x17, 0xE4,
    0x17, 0xE4, 0x17, 0xE4, 0x17, 0xE4, 0x17, 0xE4, 0x17, 0xE4, 0x17, 0xE4, 0x17, 0xE4, 0x17, 0xE4,
    0x17, 0xE4, 0x17, 0xE4, 0x17, 0xE4, 0x17, 0xE4, 0x17, 0xE4, 0x17, 0xE4, 0x17, 0xE4, 0x17, 0xE4,
    0x17, 0xE4, 0x17, 0xE4, 0x17, 0xE4, 0x17, 0xE4, 0x17, 0xE4, 0x17, 0xE4, 0x17, 0xE4, 0x17, 0xE4,
    0x17, 0xE4, 0x17, 0xE4, 0x17, 0xE4, 0x17, 0xE4, 0x17, 0xE4, 0x17, 0xE4, 0x17, 0xE4, 0x17, 0xE4,
    0x17, 0xE4, 0x17, 0xE4, 0x17, 0xE4, 0x17, 0xE4, 0x17, 0xE4, 0x17, 0xE4, 0x17, 0xE4, 0x17, 0xE4,
    0x17, 0xE4, 0x17, 0xE4, 0x17, 0xE4, 0x17, 0xE4, 0x17, 0xE4, 0x17, 0xE4, 0xFF, 0x17, 0xE4, 0x17,
    0xE4, 0x17, 0xE4, 0x17, 0xE4, 0x17, 0xE4, 0x17, 0xE4, 0x17, 0xE4, 0x17, 0xE4, 0x17, 0xE4, 0x17,
    0xE4, 0x17, 0xE4, 0x17, 0xE4, 0x17, 0xE4, 0x17, 0xE4, 0x17, 0xE4, 0x17, 0xE4, 0x17, 0xE4, 0x17,
    0xE4, 0x17, 0xE4, 0x17, 0xE4, 0x17, 0xE4, 0x17, 0xE4, 0x17, 0xE4, 0x17, 0xE4, 0x17, 0xE4, 0x17,
    0xE4, 0x17, 0xE4, 0x17, 0xE4, 0x17, 0xE4, 0x17, 0xE4, 0x17, 0xE4, 0x17, 0xE4, 0x17, 0xE4, 0x17,
    0xE4, 0x17, 0xE4, 0x17, 0xE4, 0x17, 0xE4, 0x17, 0xE4, 0x17, 0xE4, 0x17, 0xE4, 0x17, 0xE4, 0x17,
    0xE4, 0x17, 0xE4, 0x17, 0xE4, 0x17, 0xE4, 0x17, 0xE4, 0x17, 0xE4, 0x17, 0xE4, 0x17, 0xE4, 0x17,
    0xE4, 0x17, 0xE4, 0x17, 0xE4, 0x17, 0xE4, 0x17, 0xE4, 0x17, 0xE4, 0x17, 0xE4, 0x17, 0xE4, 0x17,
    0xE4, 0x17, 0xE4, 0x17, 0xE4, 0x17, 0xE4, 0x17, 0xE4, 0x17, 0xE4, 0x17, 0xE4, 0xFF, 0x17, 0xE4,
    0x17, 0xE4, 0x17, 0xE4, 0x17, 0xE4, 0x17, 0xE4, 0x17, 0xE4, 0x17, 0xE4, 0x17, 0xE4, 0x17, 0xE4,
    0x17, 0xE4, 0x17, 0xE4, 0x17, 0xE4, 0x17, 0xE4, 0x17, 0xE4, 0x17, 0xE4, 0x17, 0xE4, 0x17, 0xE4,
    0x17, 0xE4, 0x17, 0xE4, 0x17, 0xE4, 0x17, 0xE4, 0x17, 0xE4, 0x17, 0xE4, 0x17, 0xE4, 0x17, 0xE4,
    0x17, 0xE4, 0x17, 0xE4, 0x17, 0xE4, 0x17, 0xE4, 0x17, 0xE4, 0x17, 0xE4, 0x17, 0xE4, 0x17, 0xE4,
    0x17, 0xE4, 0x17, 0xE4, 0x17, 0xE4, 0x17, 0xE4, 0x17, 0xE4, 0x17, 0xE4, 0x17, 0xE4, 0x17, 0xE4,
    0x17, 0xE4, 0x17, 0xE4, 0x17, 0xE4, 0x17, 0xE4, 0x17, 0xE4, 0x17, 0xE4, 0x17, 0xE4, 0x17, 0xE4,
    0x17, 0xE4, 0x17, 0xE4, 0x17, 0xE4, 0x17, 0xE4, 0x17, 0xE4, 0x17, 0xE4, 0x17, 0xE4, 0x17, 0xE4,
    0x17, 0xE4, 0x17, 0xE4, 0x17, 0xE4, 0x17, 0xE4, 0x17, 0xE4, 0x17, 0xE4, 0x17, 0xE4, 0xFF, 0x17,
    0xE4, 0x17, 0xE4, 0x17, 0xE4, 0x17, 0xE4, 0x17, 0xE4, 0x17, 0xE4, 0x17, 0xE4, 0x17, 0xE4, 0x17,
    0xE4, 0x17, 0xE4, 0x17, 0xE4, 0x17, 0xE4, 0x17, 0xE4, 0x17, 0xE4, 0x17, 0xE4, 0x17, 0xE4, 0x17,
    0xE4, 0x17, 0xE4, 0x17, 0xE4, 0x17, 0xE4, 0x17, 0xE4, 0x17, 0xE4, 0x17, 0xE4, 0x17, 0xE4, 0x17,
    0xE4, 0x17, 0xE4, 0x17, 0xE4, 0x17, 0xE4, 0x17, 0xE4, 0x17, 0xE4, 0x17, 0xE4, 0x17, 0xE4, 0x17,
    0xE4, 0x17, 0xE4, 0x17, 0xE4, 0x17, 0xE4, 0x17, 0xE4, 0x17, 0xE4, 0x17, 0xE4, 0x17, 0xE4, 0x17,
    0xE4, 0x17, 0xE4, 0x17, 0xE4, 0x17, 0xE4, 0x17, 0xE4, 0x17, 0xE4, 0x17, 0xE4, 0x17, 0xE4, 0x17,
    0xE4, 0x17, 0xE4, 0x17, 0xE4, 0x17, 0xE4, 0x17, 0xE4, 0x17, 0xE4, 0x17, 0xE4, 0x17, 0xE4, 0x17,
    0xE4, 0x17, 0xE4, 0x17, 0xE4, 0x17, 0xE4, 0x17, 0xE4, 0x17, 0xE4, 0x17, 0xE4, 0x17, 0xE4, 0xFF,
    0x17, 0xE4, 0x17, 0xE4, 0x17, 0xE4, 0x17, 0xE4, 0x17, 0xE4, 0x17, 0xE4, 0x17, 0xE4, 0x17, 0xE4,
    0x17, 0xE4, 0x17, 0xE4, 0x17, 0xE4, 0x17, 0xE4, 0x17, 0xE4, 0x17, 0xE4, 0x17, 0xE4, 0x17, 0xE4,
    0x17, 0xE4, 0x17, 0xE4, 0x17, 0xE4, 0x17, 0xE4, 0x17, 0xE4, 0x17, 0xE4, 0x17, 0xE4, 0x17, 0xE4,
    0x17, 0xE4, 0x17, 0xE4, 0x17, 0xE4, 0x17, 0xE4, 0x17, 0xE4, 0x17, 0xE4, 0x17, 0xE4, 0x17, 0xE4,
    0x17, 0xE4, 0x17, 0xE4, 0x17, 0xE4, 0x17, 0xE4, 0x17, 0xE4, 0x17, 0xE4, 0x17, 0xE4, 0x17, 0xE4,
    0x17, 0xE4, 0x17, 0xE4, 0x17, 0xE4, 0x17, 0xE4, 0x17, 0xE4, 0x17, 0xE4, 0x17, 0xE4, 0x17, 0xE4,
    0x17, 0xE4, 0x17, 0xE4, 0x17, 0xE4, 0x17, 0xE4, 0x17, 0xE4, 0x17, 0xE4, 0x17, 0xE4, 0x17, 0xE4,
    0x17, 0xE4, 0x17, 0xE4, 0x17, 0xE4, 0x17, 0xE4, 0x17, 0xE4, 0x17, 0xE4, 0x17, 0xE4, 0x17, 0xE4,
    0xFF, 0x17, 0xE4, 0x17, 0xE4, 0x17, 0xE4, 0x17, 0xE4, 0x17, 0xE4, 0x17, 0xE4, 0x17, 0xE4, 0x17,
    0xE4, 0x17, 0xE4, 0x17, 0xE4, 0x17, 0xE4, 0x17, 0xE4, 0x17, 0xE4, 0x17, 0xE4, 0x17, 0xE4, 0x17,
    0xE4, 0x17, 0xE4, 0x17, 0xE4, 0x17, 0xE4, 0x17, 0xE4, 0x17, 0xE4, 0x17, 0xE4, 0x17, 0xE4, 0x17,
    0xE4, 0x17, 0xE4, 0x17, 0xE4, 0x17, 0xE4, 0x17, 0xE4, 0x17, 0xE4, 0x17, 0xE4, 0x17, 0xE4, 0x17,
    0xE4, 0x17, 0xE4, 0x17, 0xE4, 0x17, 0xE4, 0x17, 0xE4, 0x17, 0xE4, 0x17, 0xE4, 0x17, 0xE4, 0x17,
    0xE4, 0x17, 0xE4, 0x17, 0xE4, 0x17, 0xE4, 0x17, 0xE4, 0x17, 0xE4, 0x17, 0xE4, 0x17, 0xE4, 0x17,
    0xE4, 0x17, 0xE4, 0x17, 0xE4, 0x17, 0xE4, 0x17, 0xE4, 0x17, 0xE4, 0x17, 0xE4, 0x17, 0xE4, 0x17,
    0xE4, 0x17, 0xE4, 0x17, 0xE4, 0x17, 0xE4, 0x17, 0xE4, 0x17, 0xE4, 0x17, 0xE4, 0x17, 0xE4, 0x17,
    0xE4, 0xFF, 0x17, 0xE4, 0x17, 0xE4, 0x17, 0xE4, 0x17, 0xE4, 0x17, 0xE4, 0x17, 0xE4, 0x17, 0xE4,
    0x17, 0xE4, 0x17, 0xE4, 0x17, 0xE4, 0x17, 0xE4, 0x17, 0xE4, 0x17, 0xE4, 0x17, 0xE4, 0x17, 0xE4,
    0x17, 0xE4, 0x17, 0xE4, 0x17, 0xE4, 0x17, 0xE4, 0x17, 0xE4, 0x17, 0xE4, 0x17, 0xE4, 0x17, 0xE4,
    0x17, 0xE4, 0x17, 0xE4, 0x17, 0xE4, 0x17, 0xE4, 0x17, 0xE4, 0x17, 0xE4, 0x17, 0xE4, 0x17, 0xE4,
    0x17, 0xE4, 0x17, 0xE4, 0x17, 0xE4, 0x17, 0xE4, 0x17, 0xE4, 0x17, 0xE4, 0x17, 0xE4, 0x17, 0xE4,
    0x17, 0xE4, 0x17, 0xE4, 0x17, 0xE4, 0x17, 0xE4, 0x17, 0xE4, 0x17, 0xE4, 0x17, 0xE4, 0x17, 0xE4,
    0x17, 0xE4, 0x17, 0xE4, 0x17, 0xE4, 0x17, 0xE4, 0x17, 0xE4, 0x17, 0xE4, 0x17, 0xE4, 0x17, 0xE4,
    0x17, 0xE4, 0x17, 0xE4, 0x17, 0xE4, 0x17, 0xE4, 0x17, 0xE4, 0x17, 0xE4, 0x17, 0xE4, 0x17, 0xE4,
    0x17, 0xE4, 0xFF, 0x17, 0xE4, 0x17, 0xE4, 0x17, 0xE4, 0x17, 0xE4, 0x17, 0xE4, 0x17, 0xE4, 0x17,
    0xE4, 0x17, 0xE4, 0x17, 0xE4, 0x17, 0xE4, 0x17, 0xE4, 0x17, 0xE4, 0x17, 0xE4, 0x17, 0xE4, 0x17,
    0xE4, 0x17, 0xE4, 0x17, 0xE4, 0x17, 0xE4, 0x17, 0xE4, 0x17, 0xE4, 0x17, 0xE4, 0x17, 0xE4, 0x17,
    0xE4, 0x17, 0xE4, 0x17, 0xE4, 0x17, 0xE4, 0x17, 0xE4, 0x17, 0xE4, 0x17, 0xE4, 0x17, 0xE4, 0x17,
    0xE4, 0x17, 0xE4, 0x17, 0xE4, 0x17, 0xE4, 0x17, 0xE4, 0x17, 0xE4, 0x17, 0xE4, 0x17, 0xE4, 0x17,
    0xE4, 0x17, 0xE4, 0x17, 0xE4, 0x17, 0xE4, 0x17, 0xE4, 0x17, 0xE4, 0x17, 0xE4, 0x17, 0xE4, 0x17,
    0xE4, 0x17, 0xE4, 0x17, 0xE4, 0x17, 0xE4, 0x17, 0xE4, 0x17, 0xE4, 0x17, 0xE4, 0x17, 0xE4, 0x17,
    0xE4, 0x17, 0xE4, 0x17, 0xE4, 0x17, 0xE4, 0x17, 0xE4, 0x17, 0xE4, 0x17, 0xE4, 0x17, 0xE4, 0x17,
    0xE4, 0x17, 0xE4, 0xFF, 0x17, 0xE4, 0x17, 0xE4, 0x17, 0xE4, 0x17, 0xE4, 0x17, 0xE4, 0x17, 0xE4,
    0x17, 0xE4, 0x17, 0xE4, 0x17, 0xE4, 0x17, 0xE4, 0x17, 0xE4, 0x17, 0xE4, 0x17, 0xE4, 0x17, 0xE4,
    0x17, 0xE4, 0x17, 0xE4, 0x17, 0xE4, 0x17, 0xE4, 0x17, 0xE4, 0x17, 0xE4, 0x17, 0xE4, 0x17, 0xE4,
    0x17, 0xE4, 0x17, 0xE4, 0x17, 0xE4, 0x17, 0xE4, 0x17, 0xE4, 0x17, 0xE4, 0x17, 0xE4, 0x17, 0xE4,
    0x17, 0xE4, 0x17, 0xE4, 0x17, 0xE4, 0x17, 0xE4, 0x17, 0xE4, 0x17, 0xE4, 0x17, 0xE4, 0x17, 0xE4,
    0x17, 0xE4, 0x17, 0xE4, 0x17, 0xE4, 0x17, 0xE4, 0x17, 0xE4, 0x17, 0xE4, 0x17, 0xE4, 0x17, 0xE4,
    0x17, 0xE4, 0x17, 0xE4, 0x17, 0xE4, 0x17, 0xE4, 0x17, 0xE4, 0x17, 0xE4, 0x17, 0xE4, 0x17, 0xE4,
    0x17, 0xE4, 0x17, 0xE4, 0x17, 0xE4, 0x17, 0xE4, 0x17, 0xE4, 0x17, 0xE4, 0x17, 0xE4, 0x17, 0xE4,
    0x17, 0xE4, 0x17, 0xE4, 0xFF, 0x17, 0xE4, 0x17, 0xE4, 0x17, 0xE4, 0x17, 0xE4, 0x17, 0xE4, 0x17,
    0xE4, 0x17, 0xE4, 0x17, 0xE4, 0x17, 0xE4, 0x17, 0xE4, 0x17, 0xE4, 0x17, 0xE4, 0x17, 0xE4, 0x17,
    0xE4, 0x17, 0xE4, 0x17, 0xE4, 0x17, 0xE4, 0x17, 0xE4, 0x17, 0xE4, 0x17, 0xE4, 0x17, 0xE4, 0x17,
    0xE4, 0x17, 0xE4, 0x17, 0xE4, 0x17, 0xE4, 0x17, 0xE4, 0x17, 0xE4, 0x17, 0xE4, 0x17, 0xE4, 0x17,
    0xE4, 0x17, 0xE4, 0x17, 0xE4, 0x17, 0xE4, 0x17, 0xE4, 0x17, 0xE4, 0x17, 0xE4, 0x17, 0xE4, 0x17,
    0xE4, 0x17, 0xE4, 0x17, 0xE4, 0x17, 0xE4, 0x17, 0xE4, 0x17, 0xE4, 0x17, 0xE4, 0x17, 0xE4, 0x17,
    0xE4, 0x17, 0xE4, 0x17, 0xE4, 0x17, 0xE4, 0x17, 0xE4, 0x17, 0xE4, 0x17, 0xE4, 0x17, 0xE4, 0x17,
    0xE4, 0x17, 0xE4, 0x17, 0xE4, 0x17, 0xE4, 0x17, 0xE4, 0x17, 0xE4, 0x17, 0xE4, 0x17, 0xE4, 0x17,
    0xE4, 0x17, 0xE4, 0x17, 0xE4, 0xFF, 0x17, 0xE4, 0x17, 0xE4, 0x17, 0xE4, 0x17, 0xE4, 0x17, 0xE4,
    0x17, 0xE4, 0x17, 0xE4, 0x17, 0xE4, 0x17, 0xE4, 0x17, 0xE4, 0x17, 0xE4, 0x17, 0xE4, 0x17, 0xE4,
    0x17, 0xE4, 0x17, 0xE4, 0x17, 0xE4, 0x17, 0xE4, 0x17, 0xE4, 0x17, 0xE4, 0x17, 0xE4, 0x17, 0xE4,
    0x17, 0xE4, 0x17, 0xE4, 0x17, 0xE4, 0x17, 0xE4, 0x17, 0xE4, 0x17, 0xE4, 0x17, 0xE4, 0x17, 0xE4,
    0x17, 0xE4, 0x17, 0xE4, 0x17, 0xE4, 0x17, 0xE4, 0x17, 0xE4, 0x17, 0xE4, 0x17, 0xE4, 0x17, 0xE4,
    0x17, 0xE4, 0x17, 0xE4, 0x17, 0xE4, 0x17, 0xE4, 0x17, 0xE4, 0x17, 0xE4, 0x17, 0xE4, 0x17, 0xE4,
    0x17, 0xE4, 0x17, 0xE4, 0x17, 0xE4, 0x17, 0xE4, 0x17, 0xE4, 0x17, 0xE4, 0x17, 0xE4, 0x17, 0xE4,
    0x17, 0xE4, 0x17, 0xE4, 0x17, 0xE4, 0x17, 0xE4, 0x17, 0xE4, 0x17, 0xE4, 0x17, 0xE4, 0x17, 0xE4,
    0x17, 0xE4, 0x17, 0xE4, 0x17, 0xE4, 0xFF, 0x17, 0xE4, 0x17, 0xE4, 0x17, 0xE4, 0x17, 0xE4, 0x17,
    0xE4, 0x17, 0xE4, 0x17, 0xE4, 0x17, 0xE4, 0x17, 0xE4, 0x17, 0xE4, 0x17, 0xE4, 0x17, 0xE4, 0x17,
    0xE4, 0x17, 0xE4, 0x1F, 0xE4, 0x1F, 0xE4, 0x1F, 0xE5, 0x17, 0xE4, 0x17, 0xE4, 0x17, 0xE4, 0x17,
    0xE4, 0x17, 0xE4, 0x17, 0xE4, 0x17, 0xE4, 0x17, 0xE4, 0x17, 0xE4, 0x17, 0xE4, 0x17, 0xE4, 0x17,
    0xE4, 0x17, 0xE4, 0x17, 0xE4, 0x17, 0xE4, 0x17, 0xE4, 0x17, 0xE4, 0x17, 0xE4, 0x17, 0xE4, 0x17,
    0xE4, 0x17, 0xE4, 0x17, 0xE4, 0x17, 0xE4, 0x17, 0xE4, 0x17, 0xE4, 0x17, 0xE4, 0x17, 0xE4, 0x17,
    0xE4, 0x17, 0xE4, 0x17, 0xE4, 0x17, 0xE4, 0x17, 0xE4, 0x17, 0xE4, 0x17, 0xE4, 0x17, 0xE4, 0x17,
    0xE4, 0x17, 0xE4, 0x17, 0xE4, 0x17, 0xE4, 0x17, 0xE4, 0x17, 0xE4, 0x17, 0xE4, 0x17, 0xE4, 0x17,
    0xE4, 0x17, 0xE4, 0x17, 0xE4, 0x17, 0xE4, 0xFF, 0x17, 0xE4, 0x17, 0xE4, 0x17, 0xE4, 0x17, 0xE4,
    0x17, 0xE4, 0x17, 0xE4, 0x17, 0xE4, 0x17, 0xE4, 0x17, 0xE4, 0x17, 0xE4, 0x17, 0xE4, 0x17, 0xE4,
    0x17, 0xE4, 0x17, 0xE4, 0x17, 0xE4, 0x17, 0xE4, 0x17, 0xE4, 0x17, 0xE4, 0x17, 0xE4, 0x17, 0xE4,
    0x17, 0xE4, 0x17, 0xE4, 0x17, 0xE4, 0x17, 0xE4, 0x17, 0xE4, 0x17, 0xE4, 0x17, 0xE4, 0x17, 0xE4,
    0x17, 0xE4, 0x17, 0xE4, 0x17, 0xE4, 0x17, 0xE4, 0x17, 0xE4, 0x17, 0xE4, 0x17, 0xE4, 0x17, 0xE4,
    0x17, 0xE4, 0x17, 0xE4, 0x17, 0xE4, 0x17, 0xE4, 0x17, 0xE4, 0x17, 0xE4, 0x17, 0xE4, 0x17, 0xE4,
    0x17, 0xE4, 0x17, 0xE4, 0x17, 0xE4, 0x17, 0xE4, 0x17, 0xE4, 0x17, 0xE4, 0x17, 0xE4, 0x17, 0xE4,
    0x17, 0xE4, 0x17, 0xE4, 0x17, 0xE4, 0x17, 0xE4, 0x17, 0xE4, 0x17, 0xE4, 0x17, 0xE4, 0x17, 0xE4,
    0x17, 0xE4, 0x17, 0xE4, 0x17, 0xE4, 0x17, 0xE4, 0xFF, 0x17, 0xE4, 0x17, 0xE4, 0x17, 0xE4, 0x17,
    0xE4, 0x17, 0xE4, 0x17, 0xE4, 0x17, 0xE4, 0x17, 0xE4, 0x17, 0xE4, 0x17, 0xE4, 0x17, 0xE4, 0x17,
    0xE4, 0x17, 0xE4, 0x1F, 0xE5, 0x27, 0xE6, 0x2F, 0xE7, 0x2F, 0xE7, 0x37, 0xE7, 0x37, 0xE7, 0x37,
    0xE7, 0x3F, 0xE8, 0x3F, 0xE8, 0x3F, 0xE8, 0x3F, 0xE8, 0x37, 0xE8, 0x2F, 0xE7, 0x27, 0xE6, 0x1F,
    0xE5, 0x17, 0xE5, 0x17, 0xE4, 0x17, 0xE4, 0x17, 0xE4, 0x17, 0xE4, 0x17, 0xE4, 0x17, 0xE4, 0x17,
    0xE4, 0x17, 0xE4, 0x17, 0xE4, 0x17, 0xE4, 0x17, 0xE4, 0x17, 0xE4, 0x17, 0xE4, 0x17, 0xE4, 0x17,
    0xE4, 0x17, 0xE4, 0x17, 0xE4, 0x17, 0xE4, 0x17, 0xE4, 0x17, 0xE4, 0x17, 0xE4, 0x17, 0xE4, 0x17,
    0xE4, 0x17, 0xE4, 0x17, 0xE4, 0x17, 0xE4, 0x17, 0xE4, 0x17, 0xE4, 0x17, 0xE4, 0x17, 0xE4, 0x17,
    0xE4, 0x17, 0xE4, 0x17, 0xE4, 0x17, 0xE4, 0x17, 0xE4, 0xFF, 0x17, 0xE4, 0x17, 0xE4, 0x17, 0xE4,
    0x17, 0xE4, 0x17, 0xE4, 0x17, 0xE4, 0x17, 0xE4, 0x17, 0xE4, 0x17, 0xE4, 0x17, 0xE4, 0x17, 0xE4,
    0x17, 0xE4, 0x17, 0xE4, 0x17, 0xE4, 0x17, 0xE4, 0x17, 0xE4, 0x17, 0xE4, 0x17, 0xE4, 0x17, 0xE4,
    0x17, 0xE4, 0x17, 0xE4, 0x17, 0xE4, 0x17, 0xE4, 0x17, 0xE4, 0x17, 0xE4, 0x17, 0xE4, 0x17, 0xE4,
    0x17, 0xE4, 0x17, 0xE4, 0x17, 0xE4, 0x17, 0xE4, 0x17, 0xE4, 0x17, 0xE4, 0x17, 0xE4, 0x17, 0xE4,
    0x17, 0xE4, 0x17, 0xE4, 0x17, 0xE4, 0x17, 0xE4, 0x17, 0xE4, 0x17, 0xE4, 0x17, 0xE4, 0x17, 0xE4,
    0x17, 0xE4, 0x17, 0xE4, 0x17, 0xE4, 0x17, 0xE4, 0x17, 0xE4, 0x17, 0xE4, 0x17, 0xE4, 0x17, 0xE4,
    0x17, 0xE4, 0x17, 0xE4, 0x17, 0xE4, 0x17, 0xE4, 0x17, 0xE4, 0x17, 0xE4, 0x17, 0xE4, 0x17, 0xE4,
    0x17, 0xE4, 0x17, 0xE4, 0x17, 0xE4, 0x17, 0xE4, 0x17, 0xE4, 0xFF, 0x17, 0xE4, 0x17, 0xE4, 0x17,
    0xE4, 0x17, 0xE4, 0x17, 0xE4, 0x17, 0xE4, 0x17, 0xE4, 0x17, 0xE4, 0x17, 0xE4, 0x17, 0xE4, 0x17,
    0xE4, 0x17, 0xE4, 0x17, 0xE4, 0x17, 0xE3, 0x17, 0xE4, 0x17, 0xE4, 0x1F, 0xE5, 0x27, 0xE6, 0x37,
    0xE8, 0x47, 0xC9, 0x4F, 0x2A, 0x5E, 0xCB, 0x6E, 0xAC, 0x7E, 0x8D, 0x86, 0x6D, 0x86, 0x4D, 0x86,
    0x2E, 0x86, 0x2E, 0x86, 0x4E, 0x86, 0x6E, 0x7E, 0x6D, 0x66, 0xCB, 0x57, 0x4A, 0x4F, 0xCA, 0x3F,
    0xE9, 0x2F, 0xE7, 0x1F, 0xE5, 0x17, 0xE4, 0x17, 0xE4, 0x17, 0xE4, 0x17, 0xE4, 0x17, 0xE4, 0x17,
    0xE4, 0x17, 0xE4, 0x17, 0xE4, 0x17, 0xE4, 0x17, 0xE4, 0x17, 0xE4, 0x17, 0xE4, 0x17, 0xE4, 0x17,
    0xE4, 0x17, 0xE4, 0x17, 0xE4, 0x17, 0xE4, 0x17, 0xE4, 0x17, 0xE4, 0x17, 0xE4, 0x17, 0xE4, 0x17,
    0xE4, 0x17, 0xE4, 0x17, 0xE4, 0x17, 0xE4, 0x17, 0xE4, 0x17, 0xE4, 0xFF, 0x17, 0xE4, 0x17, 0xE4,
    0x17, 0xE4, 0x17, 0xE4, 0x17, 0xE4, 0x17, 0xE4, 0x17, 0xE4, 0x17, 0xE4, 0x17, 0xE4, 0x17, 0xE4,
    0x17, 0xE4, 0x17, 0xE4, 0x17, 0xE4, 0x17, 0xE4, 0x17, 0xE4, 0x17, 0xE4, 0x17, 0xE4, 0x17, 0xE4,
    0x17, 0xE4, 0x17, 0xE4, 0x17, 0xE4, 0x17, 0xE4, 0x17, 0xE4, 0x17, 0xE4, 0x17, 0xE4, 0x17, 0xE4,
    0x17, 0xE4, 0x17, 0xE4, 0x17, 0xE4, 0x17, 0xE4, 0x17, 0xE4, 0x17, 0xE4, 0x17, 0xE4, 0x17, 0xE4,
    0x17, 0xE4, 0x17, 0xE4, 0x17, 0xE4, 0x17, 0xE4, 0x17, 0xE4, 0x17, 0xE4, 0x17, 0xE4, 0x17, 0xE4,
    0x17, 0xE4, 0x17, 0xE4, 0x17, 0xE4, 0x17, 0xE4, 0x17, 0xE4, 0x17, 0xE4, 0x17, 0xE4, 0x17, 0xE4,
    0x17, 0xE4, 0x17, 0xE4, 0x17, 0xE4, 0x17, 0xE4, 0x17, 0xE4, 0x17, 0xE4, 0x17, 0xE4, 0x17, 0xE4,
    0x17, 0xE4, 0x17, 0xE4, 0x17, 0xE4, 0x17, 0xE4, 0x17, 0xE4, 0x17, 0xE4, 0xFF, 0x17, 0xE4, 0x17,
    0xE4, 0x17, 0xE4, 0x17, 0xE4, 0x17, 0xE4, 0x17, 0xE4, 0x17, 0xE4, 0x17, 0xE4, 0x17, 0xE4, 0x17,
    0xE4, 0x17, 0xE4, 0x17, 0xE4, 0x17, 0xE4, 0x17, 0xE4, 0x17, 0xE4, 0x17, 0xE4, 0x17, 0xE4, 0x17,
    0xE4, 0x17, 0xE4, 0x1F, 0xE4, 0x27, 0xE6, 0x37, 0xE8, 0x47, 0xA9, 0x5E, 0xEA, 0x76, 0x4C, 0x8E,
    0x0F, 0xB6, 0x32, 0xCE, 0x75, 0xDE, 0xB7, 0xEE, 0xD7, 0xEE, 0xD8, 0xF6, 0xF8, 0xFF, 0x19, 0xF6,
    0xF9, 0xEE, 0xD8, 0xE6, 0x77, 0xD6, 0x56, 0xC6, 0x13, 0xAE, 0x11, 0x95, 0xEF, 0x7E, 0x2D, 0x66,
    0xCD, 0x57, 0xCB, 0x37, 0xE8, 0x27, 0xE5, 0x1F, 0xE4, 0x17, 0xE4, 0x17, 0xE4, 0x17, 0xE4, 0x17,
    0xE4, 0x17, 0xE4, 0x17, 0xE4, 0x17, 0xE4, 0x17, 0xE4, 0x17, 0xE4, 0x17, 0xE4, 0x17, 0xE4, 0x17,
    0xE4, 0x17, 0xE4, 0x17, 0xE4, 0x17, 0xE4, 0x17, 0xE4, 0x17, 0xE4, 0x17, 0xE4, 0xFF, 0x17, 0xE4,
    0x17, 0xE4, 0x17, 0xE4, 0x17, 0xE4, 0x17, 0xE4, 0x17, 0xE4, 0x17, 0xE4, 0x17, 0xE4, 0x17, 0xE4,
    0x17, 0xE4, 0x17, 0xE4, 0x17, 0xE4, 0x17, 0xE4, 0x17, 0xE4, 0x17, 0xE4, 0x17, 0xE4, 0x17, 0xE4,
    0x17, 0xE4, 0x17, 0xE4, 0x17, 0xE4, 0x17, 0xE4, 0x17, 0xE4, 0x17, 0xE4, 0x17, 0xE4, 0x17, 0xE4,
    0x17, 0xE4, 0x17, 0xE4, 0x17, 0xE4, 0x17, 0xE4, 0x17, 0xE4, 0x17, 0xE4, 0x17, 0xE4, 0x17, 0xE4,
    0x17, 0xE4, 0x17, 0xE4, 0x17, 0xE4, 0x17, 0xE4, 0x17, 0xE4, 0x17, 0xE4, 0x17, 0xE4, 0x17, 0xE4,
    0x17, 0xE4, 0x17, 0xE4, 0x17, 0xE4, 0x17, 0xE4, 0x17, 0xE4, 0x17, 0xE4, 0x17, 0xE4, 0x17, 0xE4,
    0x17, 0xE4, 0x17, 0xE4, 0x17, 0xE4, 0x17, 0xE4, 0x17, 0xE4, 0x17, 0xE4, 0x17, 0xE4, 0x17, 0xE4,
    0x17, 0xE4, 0x17, 0xE4, 0x17, 0xE4, 0x17, 0xE4, 0x17, 0xE4, 0x17, 0xE4, 0x17, 0xE4, 0xFF, 0x17,
    0xE4, 0x17, 0xE4, 0x17, 0xE4, 0x17, 0xE4, 0x17, 0xE4, 0x17, 0xE4, 0x17, 0xE4, 0x17, 0xE4, 0x17,
    0xE4, 0x17, 0xE4, 0x17, 0xE4, 0x17, 0xE4, 0x17, 0xE4, 0x17, 0xE4, 0x17, 0xE4, 0x17, 0xE4, 0x17,
    0xE4, 0x17, 0xE4, 0x17, 0xE4, 0x17, 0xE4, 0x17, 0xE4, 0x17, 0xE4, 0x17, 0xE4, 0x17, 0xE3, 0x1F,
    0xE5, 0x37, 0xE8, 0x57, 0x4A, 0x66, 0x2B, 0x96, 0x2F, 0xBE, 0x73, 0xE6, 0xB7, 0xF6, 0xD8, 0xFE,
    0xF9, 0xFE, 0xD9, 0xFE, 0xD9, 0xFE, 0xD9, 0xFE, 0xD9, 0xFE, 0xD9, 0xFE, 0xD9, 0xFE, 0xD9, 0xEE,
    0x77, 0xEE, 0x77, 0xFE, 0xB8, 0xFE, 0xD9, 0xF6, 0xF9, 0xEE, 0xD8, 0xDE, 0x96, 0xBE, 0x13, 0x95,
    0xEF, 0x76, 0x8C, 0x5F, 0x8B, 0x3F, 0xE9, 0x27, 0xE6, 0x1F, 0xE4, 0x17, 0xE4, 0x17, 0xE4, 0x17,
    0xE4, 0x17, 0xE4, 0x17, 0xE4, 0x17, 0xE4, 0x17, 0xE4, 0x17, 0xE4, 0x17, 0xE4, 0x17, 0xE4, 0xFF,
    0x17, 0xE4, 0x17, 0xE4, 0x17, 0xE4, 0x17, 0xE4, 0x17, 0xE4, 0x17, 0xE4, 0x17, 0xE4, 0x17, 0xE4,
    0x17, 0xE4, 0x17, 0xE4, 0x17, 0xE4, 0x17, 0xE4, 0x17, 0xE4, 0x17, 0xE4, 0x17, 0xE4, 0x17, 0xE4,
    0x17, 0xE4, 0x17, 0xE4, 0x17, 0xE4, 0x17, 0xE4, 0x17, 0xE4, 0x17, 0xE4, 0x17, 0xE4, 0x17, 0xE4,
    0x17, 0xE4, 0x17, 0xE4, 0x17, 0xE4, 0x17, 0xE4, 0x17, 0xE4, 0x17, 0xE4, 0x17, 0xE4, 0x17, 0xE4,
    0x17, 0xE4, 0x17, 0xE4, 0x17, 0xE4, 0x17, 0xE4, 0x17, 0xE4, 0x17, 0xE4, 0x17, 0xE4, 0x17, 0xE4,
    0x17, 0xE4, 0x17, 0xE4, 0x17, 0xE4, 0x17, 0xE4, 0x17, 0xE4, 0x17, 0xE4, 0x17, 0xE4, 0x17, 0xE4,
    0x17, 0xE4, 0x17, 0xE4, 0x17, 0xE4, 0x17, 0xE4, 0x17, 0xE4, 0x17, 0xE4, 0x17, 0xE4, 0x17, 0xE4,
    0x17, 0xE4, 0x17, 0xE4, 0x17, 0xE4, 0x17, 0xE4, 0x17, 0xE4, 0x17, 0xE4, 0x17, 0xE4, 0x17, 0xE4,
    0xFF, 0x17, 0xE4, 0x17, 0xE4, 0x17, 0xE4, 0x17, 0xE4, 0x17, 0xE4, 0x17, 0xE4, 0x17, 0xE4, 0x17,
    0xE4, 0x17, 0xE4, 0x17, 0xE4, 0x17, 0xE4, 0x17, 0xE4, 0x17, 0xE4, 0x17, 0xE4, 0x17, 0xE4, 0x17,
    0xE4, 0x17, 0xE4, 0x17, 0xE4, 0x17, 0xE4, 0x17, 0xE4, 0x17, 0xE4, 0x17, 0xE4, 0x17, 0xE4, 0x17,
    0xE4, 0x17, 0xE4, 0x17, 0xE4, 0x17, 0xE3, 0x17, 0xE4, 0x17, 0xE4, 0x27, 0xE6, 0x3F, 0xC8, 0x66,
    0xAB, 0x9E, 0x31, 0xCE, 0x75, 0xEE, 0xB8, 0xFE, 0xD9, 0xFE, 0xD9, 0xFE, 0xD9, 0xFE, 0xD9, 0xFE,
    0xD9, 0xFE, 0xD8, 0xF6, 0xD8, 0xFE, 0xD8, 0xFE, 0xD8, 0xF6, 0xD8, 0xEE, 0x77, 0xE6, 0x56, 0xF6,
    0x97, 0xEE, 0x77, 0xFE, 0xD8, 0xFE, 0xD9, 0xFE, 0xD9, 0xFE, 0xD9, 0xFE, 0xF9, 0xF6, 0xB8, 0xCE,
    0x35, 0x9D, 0xD0, 0x76, 0x6D, 0x5F, 0xAB, 0x3F, 0xE8, 0x27, 0xE6, 0x17, 0xE4, 0x17, 0xE4, 0x17,
    0xE4, 0xFF, 0x17, 0xE3, 0x17, 0xE3, 0x17, 0xE3, 0x17, 0xE4, 0x17, 0xE4, 0x17, 0xE4, 0x17, 0xE4,
    0x17, 0xE4, 0x17, 0xE4, 0x17, 0xE4, 0x17, 0xE4, 0x17, 0xE4, 0x17, 0xE4, 0x17, 0xE4, 0x17, 0xE4,
    0x17, 0xE4, 0x17, 0xE4, 0x17, 0xE4, 0x17, 0xE4, 0x17, 0xE4, 0x17, 0xE4, 0x17, 0xE4, 0x17, 0xE4,
    0x17, 0xE4, 0x17, 0xE4, 0x17, 0xE4, 0x17, 0xE4, 0x17, 0xE4, 0x17, 0xE4, 0x17, 0xE4, 0x17, 0xE4,
    0x17, 0xE4, 0x17, 0xE4, 0x17, 0xE4, 0x17, 0xE4, 0x17, 0xE4, 0x17, 0xE4, 0x17, 0xE4, 0x17, 0xE4,
    0x17, 0xE4, 0x17, 0xE4, 0x17, 0xE4, 0x17, 0xE4, 0x17, 0xE4, 0x17, 0xE4, 0x17, 0xE4, 0x17, 0xE4,
    0x17, 0xE4, 0x17, 0xE4, 0x17, 0xE4, 0x17, 0xE4, 0x17, 0xE4, 0x17, 0xE4, 0x17, 0xE4, 0x17, 0xE4,
    0x17, 0xE4, 0x17, 0xE4, 0x17, 0xE4, 0x17, 0xE4, 0x17, 0xE4, 0x17, 0xE4, 0x17, 0xE4, 0x17, 0xE4,
    0x17, 0xE4, 0xFF, 0x17, 0xE4, 0x17, 0xE4, 0x17, 0xE4, 0x17, 0xE4, 0x17, 0xE4, 0x17, 0xE4, 0x17,
    0xE4, 0x17, 0xE4, 0x17, 0xE4, 0x17, 0xE4, 0x17, 0xE4, 0x17, 0xE4, 0x17, 0xE4, 0x17, 0xE4, 0x17,
    0xE4, 0x17, 0xE4, 0x17, 0xE4, 0x17, 0xE4, 0x17, 0xE4, 0x17, 0xE4, 0x17, 0xE4, 0x17, 0xE4, 0x17,
    0xE4, 0x17, 0xE4, 0x17, 0xE4, 0x17, 0xE4, 0x17, 0xE4, 0x17, 0xE4, 0x17, 0xE4, 0x17, 0xE4, 0x17,
    0xE4, 0x17, 0xE4, 0x17, 0xE4, 0x1F, 0xE5, 0x37, 0xE7, 0x4F, 0x29, 0x7E, 0x6E, 0xC6, 0xB5, 0xEE,
    0xB8, 0xEE, 0x57, 0xF6, 0x78, 0xFE, 0xD9, 0xFE, 0xD9, 0xFE, 0xD8, 0xFE, 0xD8, 0xFE, 0xD8, 0xFE,
    0xD8, 0xFE, 0xD8, 0xFE, 0xD8, 0xFE, 0xD8, 0xF6, 0xB8, 0xEE, 0x56, 0xF6, 0xB8, 0xF6, 0xB8, 0xE6,
    0x36, 0xFE, 0xD8, 0xFE, 0xD8, 0xFE, 0xD8, 0xFE, 0xD9, 0xFE, 0xD9, 0xFE, 0xD9, 0xFE, 0xD9, 0xF6,
    0xB8, 0xCE, 0x14, 0xFF, 0x95, 0xCF, 0x6E, 0xAC, 0x4F, 0xE9, 0x27, 0xE6, 0x17, 0xE4, 0x17, 0xE4,
    0x17, 0xE4, 0x17, 0xE3, 0x17, 0xE3, 0x17, 0xE3, 0x17, 0xE4, 0x17, 0xE4, 0x17, 0xE4, 0x17, 0xE4,
    0x17, 0xE4, 0x17, 0xE4, 0x17, 0xE4, 0x17, 0xE4, 0x17, 0xE4, 0x17, 0xE4, 0x17, 0xE4, 0x17, 0xE4,
    0x17, 0xE4, 0x17, 0xE4, 0x17, 0xE4, 0x17, 0xE4, 0x17, 0xE4, 0x17, 0xE4, 0x17, 0xE4, 0x17, 0xE4,
    0x17, 0xE4, 0x17, 0xE4, 0x17, 0xE4, 0x17, 0xE4, 0x17, 0xE4, 0x17, 0xE4, 0x17, 0xE4, 0x17, 0xE4,
    0x17, 0xE4, 0x17, 0xE4, 0x17, 0xE4, 0x17, 0xE4, 0x17, 0xE4, 0x17, 0xE4, 0x17, 0xE4, 0x17, 0xE4,
    0x17, 0xE4, 0x17, 0xE4, 0x17, 0xE4, 0x17, 0xE4, 0x17, 0xE4, 0x17, 0xE4, 0x17, 0xE4, 0x17, 0xE4,
    0x17, 0xE4, 0x17, 0xE4, 0x17, 0xE4, 0x17, 0xE4, 0x17, 0xE4, 0x17, 0xE4, 0x17, 0xE4, 0x17, 0xE4,
    0x17, 0xE4, 0x17, 0xE4, 0xFF, 0x17, 0xE4, 0x17, 0xE4, 0x17, 0xE4, 0x17, 0xE4, 0x17, 0xE4, 0x17,
    0xE4, 0x17, 0xE4, 0x17, 0xE4, 0x17, 0xE4, 0x17, 0xE4, 0x17, 0xE4, 0x17, 0xE4, 0x17, 0xE4, 0x17,
    0xE4, 0x17, 0xE4, 0x17, 0xE4, 0x17, 0xE4, 0x17, 0xE4, 0x17, 0xE4, 0x17, 0xE4, 0x17, 0xE4, 0x17,
    0xE4, 0x17, 0xE4, 0x17, 0xE4, 0x17, 0xE4, 0x17, 0xE4, 0x17, 0xE4, 0x17, 0xE4, 0x17, 0xE4, 0x17,
    0xE4, 0x17, 0xE4, 0x17, 0xE4, 0x17, 0xE4, 0x17, 0xE4, 0x17, 0xE4, 0x17, 0xE4, 0x17, 0xE4, 0x17,
    0xE4, 0x1F, 0xE5, 0x37, 0xE7, 0x56, 0xEA, 0xA6, 0xF2, 0xE7, 0x58, 0xEE, 0x98, 0xEE, 0x57, 0xF6,
    0xB8, 0xFE, 0xD9, 0xF6, 0xD9, 0xF6, 0xB8, 0xFE, 0xD9, 0xFE, 0xD9, 0xFE, 0xD9, 0xF6, 0xD8, 0xF6,
    0x98, 0xF6, 0xD8, 0xFE, 0xD8, 0xF6, 0x97, 0xF6, 0x97, 0xFE, 0xD9, 0xF6, 0xB8, 0xDE, 0x15, 0xF6,
    0xB8, 0xFE, 0xD8, 0xFE, 0xD8, 0xFF, 0xFE, 0xD9, 0xFE, 0xD8, 0xFE, 0xD8, 0xFE, 0xB9, 0xFE, 0xD9,
    0xFE, 0xF9, 0xEE, 0x97, 0xB5, 0xD2, 0x7E, 0x0D, 0x57, 0xAA, 0x37, 0xE7, 0x1F, 0xE5, 0x17, 0xE4,
    0x17, 0xE3, 0x17, 0xE3, 0x17, 0xE4, 0x17, 0xE4, 0x17, 0xE4, 0x17, 0xE4, 0x17, 0xE4, 0x17, 0xE4,
    0x17, 0xE4, 0x17, 0xE4, 0x17, 0xE4, 0x17, 0xE4, 0x17, 0xE4, 0x17, 0xE4, 0x17, 0xE4, 0x17, 0xE4,
    0x17, 0xE4, 0x17, 0xE4, 0x17, 0xE4, 0x17, 0xE4, 0x17, 0xE4, 0x17, 0xE4, 0x17, 0xE4, 0x17, 0xE4,
    0x17, 0xE4, 0x17, 0xE4, 0x17, 0xE4, 0x17, 0xE4, 0x17, 0xE4, 0x17, 0xE4, 0x17, 0xE4, 0x17, 0xE4,
    0x17, 0xE4, 0x17, 0xE4, 0x17, 0xE4, 0x17, 0xE4, 0x17, 0xE4, 0x17, 0xE4, 0x17, 0xE4, 0x17, 0xE4,
    0x17, 0xE4, 0x17, 0xE4, 0x17, 0xE4, 0x17, 0xE4, 0x17, 0xE4, 0x17, 0xE4, 0x17, 0xE4, 0x17, 0xE4,
    0x17, 0xE4, 0x17, 0xE4, 0x17, 0xE4, 0xFF, 0x17, 0xE4, 0x17, 0xE4, 0x17, 0xE4, 0x17, 0xE4, 0x17,
    0xE4, 0x17, 0xE4, 0x17, 0xE4, 0x17, 0xE4, 0x17, 0xE4, 0x17, 0xE4, 0x17, 0xE4, 0x17, 0xE4, 0x17,
    0xE4, 0x17, 0xE4, 0x17, 0xE4, 0x17, 0xE4, 0x17, 0xE4, 0x17, 0xE4, 0x17, 0xE4, 0x17, 0xE4, 0x17,
    0xE4, 0x17, 0xE4, 0x17, 0xE4, 0x17, 0xE4, 0x17, 0xE4, 0x17, 0xE4, 0x17, 0xE4, 0x17, 0xE4, 0x17,
    0xE4, 0x17, 0xE4, 0x17, 0xE4, 0x17, 0xE4, 0x17, 0xE4, 0x17, 0xE4, 0x17, 0xE4, 0x17, 0xE4, 0x17,
    0xE4, 0x17, 0xE4, 0x17, 0xE4, 0x17, 0xE4, 0x17, 0xE4, 0x17, 0xE4, 0x17, 0xE3, 0x1F, 0xE5, 0x37,
    0xE8, 0x5E, 0xEB, 0xBF, 0x35, 0xEF, 0x79, 0xE6, 0x97, 0xF6, 0xB8, 0xFF, 0x3A, 0xFF, 0x3A, 0xFE,
    0xF9, 0xF6, 0xB8, 0xE6, 0x36, 0xF6, 0xD8, 0xFE, 0xD9, 0xFE, 0xD9, 0xEE, 0x77, 0xEE, 0x77, 0xFE,
    0xD9, 0xF6, 0xD8, 0xF6, 0xB8, 0xEE, 0x97, 0xFF, 0xFE, 0xD9, 0xFE, 0xD9, 0xDE, 0x15, 0xEE, 0x97,
    0xFE, 0xD9, 0xFE, 0xD8, 0xFE, 0xD9, 0xFE, 0xD9, 0xFE, 0xD9, 0xF6, 0xD8, 0xF6, 0xD8, 0xF6, 0xB8,
    0xFE, 0xD9, 0xFE, 0xD9, 0xD6, 0x35, 0x8D, 0xEE, 0x67, 0x6B, 0x3F, 0xE8, 0x1F, 0xE4, 0x17, 0xE3,
    0x17, 0xE4, 0x17, 0xE4, 0x17, 0xE4, 0x17, 0xE4, 0x17, 0xE4, 0x17, 0xE4, 0x17, 0xE4, 0x17, 0xE4,
    0x17, 0xE4, 0x17, 0xE4, 0x17, 0xE4, 0x17, 0xE4, 0x17, 0xE4, 0x17, 0xE4, 0x17, 0xE4, 0x17, 0xE4,
    0x17, 0xE4, 0x17, 0xE4, 0x17, 0xE4, 0x17, 0xE4, 0x17, 0xE4, 0x17, 0xE4, 0x17, 0xE4, 0x17, 0xE4,
    0x17, 0xE4, 0x17, 0xE4, 0x17, 0xE4, 0x17, 0xE4, 0x17, 0xE4, 0x17, 0xE4, 0x17, 0xE4, 0x17, 0xE4,
    0x17, 0xE4, 0x17, 0xE4, 0x17, 0xE4, 0x17, 0xE4, 0x17, 0xE4, 0x17, 0xE4, 0x17, 0xE4, 0x17, 0xE4,
    0x17, 0xE4, 0x17, 0xE4, 0x17, 0xE4, 0x17, 0xE4, 0xFF, 0x17, 0xE4, 0x17, 0xE4, 0x17, 0xE4, 0x17,
    0xE4, 0x17, 0xE4, 0x17, 0xE4, 0x17, 0xE4, 0x17, 0xE4, 0x17, 0xE4, 0x17, 0xE4, 0x17, 0xE4, 0x17,
    0xE4, 0x17, 0xE4, 0x17, 0xE4, 0x17, 0xE4, 0x17, 0xE4, 0x17, 0xE4, 0x17, 0xE4, 0x17, 0xE4, 0x17,
    0xE4, 0x17, 0xE4, 0x17, 0xE4, 0x17, 0xE4, 0x17, 0xE4, 0x17, 0xE4, 0x17, 0xE4, 0x17, 0xE4, 0x17,
    0xE4, 0x17, 0xE4, 0x17, 0xE4, 0x17, 0xE4, 0x17, 0xE4, 0x17, 0xE4, 0x17, 0xE4, 0x17, 0xE4, 0x17,
    0xE4, 0x17, 0xE4, 0x17, 0xE4, 0x17, 0xE4, 0x17, 0xE4, 0x17, 0xE4, 0x17, 0xE4, 0x17, 0xE4, 0x17,
    0xE4, 0x17, 0xE4, 0x17, 0xE4, 0x17, 0xE4, 0x17, 0xE4, 0x1F, 0xE4, 0x2F, 0xE7, 0x67, 0x0C, 0xC7,
    0x56, 0xF7, 0x5A, 0xE6, 0x97, 0xEE, 0xF8, 0xFF, 0x3A, 0xFF, 0x5A, 0xFF, 0x5A, 0xF7, 0x19, 0xE6,
    0x36, 0xEE, 0x98, 0xFE, 0xF9, 0xFE, 0xD9, 0xEE, 0x97, 0xFF, 0xE6, 0x16, 0xF6, 0xB8, 0xFE, 0xD9,
    0xFE, 0xF9, 0xEE, 0x97, 0xE6, 0x36, 0xFE, 0xD9, 0xFE, 0xD9, 0xEE, 0x77, 0xEE, 0x57, 0xFE, 0xD9,
    0xF6, 0xD9, 0xF6, 0xD9, 0xF6, 0xD9, 0xF6, 0xD9, 0xF6, 0xD9, 0xF6, 0xB8, 0xEE, 0x97, 0xF6, 0xB8,
    0xFE, 0xD9, 0xFE, 0xF9, 0xE6, 0x76, 0x9D, 0xEF, 0x67, 0x4C, 0x37, 0xE7, 0x17, 0xE4, 0x17, 0xE4,
    0x17, 0xE4, 0x17, 0xE4, 0x17, 0xE4, 0x17, 0xE4, 0x17, 0xE4, 0x17, 0xE4, 0x17, 0xE4, 0x17, 0xE4,
    0x17, 0xE4, 0x17, 0xE4, 0x17, 0xE4, 0x17, 0xE4, 0x17, 0xE4, 0x17, 0xE4, 0x17, 0xE4, 0x17, 0xE4,
    0x17, 0xE4, 0x17, 0xE4, 0x17, 0xE4, 0x17, 0xE4, 0x17, 0xE4, 0x17, 0xE4, 0x17, 0xE4, 0x17, 0xE4,
    0x17, 0xE4, 0x17, 0xE4, 0x17, 0xE4, 0x17, 0xE4, 0x17, 0xE4, 0x17, 0xE4, 0x17, 0xE4, 0x17, 0xE4,
    0x17, 0xE4, 0x17, 0xE4, 0x17, 0xE4, 0x17, 0xE4, 0x17, 0xE4, 0xFF, 0x17, 0xE4, 0x17, 0xE4, 0x17,
    0xE4, 0x17, 0xE4, 0x17, 0xE4, 0x17, 0xE4, 0x17, 0xE4, 0x17, 0xE4, 0x17, 0xE4, 0x17, 0xE4, 0x17,
    0xE4, 0x17, 0xE4, 0x17, 0xE4, 0x17, 0xE4, 0x17, 0xE4, 0x17, 0xE4, 0x17, 0xE4, 0x17, 0xE4, 0x17,
    0xE4, 0x17, 0xE4, 0x17, 0xE4, 0x17, 0xE4, 0x17, 0xE4, 0x17, 0xE4, 0x17, 0xE4, 0x17, 0xE4, 0x17,
    0xE4, 0x17, 0xE4, 0x17, 0xE4, 0x17, 0xE4, 0x17, 0xE4, 0x17, 0xE4, 0x17, 0xE4, 0x17, 0xE4, 0x17,
    0xE4, 0x17, 0xE4, 0x17, 0xE4, 0x17, 0xE4, 0x17, 0xE4, 0x17, 0xE4, 0x17, 0xE4, 0x17, 0xE4, 0x17,
    0xE4, 0x17, 0xE4, 0x17, 0xE4, 0x17, 0xE4, 0x17, 0xE4, 0x17, 0xE4, 0x17, 0xE4, 0x17, 0xE4, 0x1F,
    0xE4, 0x17, 0xE4, 0x17, 0xE3, 0x1F, 0xE4, 0x2F, 0xE6, 0x67, 0x0D, 0xD7, 0x57, 0xEF, 0x39, 0xE6,
    0x97, 0xF7, 0x19, 0xFF, 0x5A, 0xFF, 0x5A, 0xFF, 0x5A, 0xFF, 0x5A, 0xFF, 0xEE, 0xB8, 0xEE, 0x97,
    0xFF, 0x5A, 0xFF, 0x3A, 0xFF, 0x19, 0xDE, 0x36, 0xEE, 0x97, 0xFE, 0xF9, 0xFE, 0xF9, 0xFE, 0xF9,
    0xF6, 0xB8, 0xDD, 0xF5, 0xFE, 0xD9, 0xFE, 0xD9, 0xF6, 0xB8, 0xDE, 0x16, 0xF6, 0xF9, 0xF6, 0xD9,
    0xF6, 0xD9, 0xF6, 0xD9, 0xF6, 0xD9, 0xF6, 0xD9, 0xFE, 0xD9, 0xF6, 0x98, 0xEE, 0x57, 0xF6, 0xB8,
    0xFE, 0xB9, 0xFE, 0xD9, 0xE6, 0x76, 0x95, 0xEF, 0x5F, 0x4B, 0x2F, 0xE7, 0x17, 0xE5, 0x17, 0xE4,
    0x17, 0xE4, 0x17, 0xE4, 0x17, 0xE4, 0x17, 0xE4, 0x17, 0xE4, 0x17, 0xE4, 0x17, 0xE4, 0x17, 0xE4,
    0x17, 0xE4, 0x17, 0xE4, 0x17, 0xE4, 0x17, 0xE4, 0x17, 0xE4, 0x17, 0xE4, 0x17, 0xE4, 0x17, 0xE4,
    0x17, 0xE4, 0x17, 0xE4, 0x17, 0xE4, 0x17, 0xE4, 0x17, 0xE4, 0x17, 0xE4, 0x17, 0xE4, 0x17, 0xE4,
    0x17, 0xE4, 0x17, 0xE4, 0x17, 0xE4, 0x17, 0xE4, 0x17, 0xE4, 0x17, 0xE4, 0xFF, 0x17, 0xE4, 0x17,
    0xE4, 0x17, 0xE4, 0x17, 0xE4, 0x17, 0xE4, 0x17, 0xE4, 0x17, 0xE4, 0x17, 0xE4, 0x17, 0xE4, 0x17,
    0xE4, 0x17, 0xE4, 0x17, 0xE4, 0x17, 0xE4, 0x17, 0xE4, 0x17, 0xE4, 0x17, 0xE4, 0x17, 0xE4, 0x17,
    0xE4, 0x17, 0xE4, 0x17, 0xE4, 0x17, 0xE4, 0x17, 0xE4, 0x17, 0xE4, 0x17, 0xE4, 0x17, 0xE4, 0x17,
    0xE4, 0x17, 0xE4, 0x17, 0xE4, 0x17, 0xE4, 0x17, 0xE4, 0x17, 0xE4, 0x17, 0xE4, 0x17, 0xE4, 0x17,
    0xE4, 0x17, 0xE4, 0x17, 0xE4, 0x17, 0xE4, 0x17, 0xE4, 0x17, 0xE4, 0x17, 0xE4, 0x17, 0xE4, 0x17,
    0xE4, 0x17, 0xE4, 0x17, 0xE4, 0x17, 0xE4, 0x17, 0xE4, 0x17, 0xE4, 0x17, 0xE4, 0x17, 0xE4, 0x17,
    0xE4, 0x17, 0xE4, 0x17, 0xE4, 0x17, 0xE4, 0x17, 0xE4, 0x17, 0xE3, 0x17, 0xE4, 0x1F, 0xE4, 0x1F,
    0xE4, 0x1F, 0xE4, 0x27, 0xE5, 0x4F, 0x29, 0xC7, 0x55, 0xEF, 0x19, 0xDE, 0x56, 0xFF, 0xF7, 0x19,
    0xFF, 0x7A, 0xFF, 0x7A, 0xFF, 0x5A, 0xFF, 0x5A, 0xFF, 0x39, 0xE6, 0x77, 0xFF, 0x3A, 0xFF, 0x5A,
    0xFF, 0x7A, 0xEE, 0xD8, 0xE6, 0x77, 0xFF, 0x3A, 0xFF, 0x3A, 0xFF, 0x19, 0xFE, 0xF9, 0xFE, 0xF9,
    0xDD, 0xF5, 0xF6, 0xB8, 0xFE, 0xF9, 0xFE, 0xD9, 0xDE, 0x16, 0xEE, 0x97, 0xF6, 0xF9, 0xF6, 0xD8,
    0xF6, 0xD9, 0xF6, 0xD9, 0xF6, 0xD9, 0xF6, 0xD9, 0xFE, 0xD9, 0xF6, 0x98, 0xE6, 0x16, 0xF6, 0x98,
    0xFE, 0xD9, 0xFE, 0xD9, 0xDE, 0xB6, 0x96, 0x30, 0x5F, 0x8C, 0x27, 0xE7, 0x1F, 0xE4, 0x1F, 0xE4,
    0x1F, 0xE4, 0x17, 0xE4, 0x17, 0xE4, 0x17, 0xE4, 0x17, 0xE4, 0x17, 0xE4, 0x17, 0xE4, 0x17, 0xE4,
    0x17, 0xE4, 0x17, 0xE4, 0x17, 0xE4, 0x17, 0xE4, 0x17, 0xE4, 0x17, 0xE4, 0x17, 0xE4, 0x17, 0xE4,
    0x17, 0xE4, 0x17, 0xE4, 0x17, 0xE4, 0x17, 0xE4, 0x17, 0xE4, 0x17, 0xE4, 0x17, 0xE4, 0xFF, 0x17,
    0xE4, 0x17, 0xE4, 0x17, 0xE4, 0x17, 0xE4, 0x17, 0xE4, 0x17, 0xE4, 0x17, 0xE4, 0x17, 0xE4, 0x17,
    0xE4, 0x17, 0xE4, 0x17, 0xE4, 0x17, 0xE4, 0x17, 0xE4, 0x17, 0xE4, 0x17, 0xE4, 0x17, 0xE4, 0x17,
    0xE4, 0x17, 0xE4, 0x17, 0xE4, 0x17, 0xE4, 0x17, 0xE4, 0x17, 0xE4, 0x17, 0xE4, 0x17, 0xE4, 0x17,
    0xE4, 0x17, 0xE4, 0x17, 0xE4, 0x17, 0xE4, 0x17, 0xE4, 0x17, 0xE4, 0x17, 0xE4, 0x17, 0xE4, 0x17,
    0xE4, 0x17, 0xE4, 0x17, 0xE4, 0x17, 0xE4, 0x17, 0xE4, 0x17, 0xE4, 0x17, 0xE4, 0x17, 0xE4, 0x17,
    0xE4, 0x17, 0xE4, 0x17, 0xE4, 0x17, 0xE4, 0x17, 0xE4, 0x17, 0xE4, 0x17, 0xE4, 0x17, 0xE4, 0x17,
    0xE4, 0x17, 0xE4, 0x17, 0xE4, 0x17, 0xE4, 0x17, 0xE4, 0x17, 0xE4, 0x17, 0xE4, 0x17, 0xE4, 0x17,
    0xE4, 0x17, 0xE4, 0x17, 0xE3, 0x17, 0xE3, 0x17, 0xE3, 0x17, 0xE3, 0x17, 0xE4, 0x17, 0xE4, 0xFF,
    0x27, 0xE5, 0x3F, 0x48, 0xA7, 0x32, 0xF7, 0x39, 0xDE, 0x15, 0xF6, 0xF8, 0xFF, 0x7A, 0xFF, 0x7A,
    0xFF, 0x5A, 0xFF, 0x5A, 0xFF, 0x5A, 0xE6, 0x97, 0xF6, 0xF8, 0xFF, 0x5A, 0xFF, 0x5A, 0xFF, 0x39,
    0xE6, 0x76, 0xFF, 0x39, 0xFF, 0x5A, 0xFF, 0x5A, 0xFF, 0x3A, 0xFF, 0x19, 0xFF, 0x1A, 0xEE, 0x77,
    0xE6, 0x16, 0xFE, 0xF9, 0xFF, 0x19, 0xEE, 0x97, 0xDE, 0x36, 0xF6, 0xF9, 0xF6, 0xF9, 0xF6, 0xF9,
    0xF6, 0xF9, 0xFE, 0xF9, 0xF6, 0xF9, 0xF6, 0xF9, 0xFF, 0x19, 0xEE, 0x97, 0xE6, 0x16, 0xF6, 0xD9,
    0xFE, 0xD9, 0xFF, 0x19, 0xD6, 0xB6, 0x7E, 0x2E, 0x4F, 0xEA, 0x1F, 0xE5, 0x1F, 0xE4, 0x1F, 0xE4,
    0x17, 0xE4, 0x17, 0xE4, 0x17, 0xE4, 0x17, 0xE4, 0x17, 0xE4, 0x17, 0xE4, 0x17, 0xE4, 0x17, 0xE4,
    0x17, 0xE4, 0x17, 0xE4, 0x17, 0xE4, 0x17, 0xE4, 0x17, 0xE4, 0x17, 0xE4, 0x17, 0xE4, 0x17, 0xE4,
    0xFF, 0x17, 0xE4, 0x17, 0xE4, 0x17, 0xE4, 0x17, 0xE4, 0x17, 0xE4, 0x17, 0xE4, 0x17, 0xE4, 0x17,
    0xE4, 0x17, 0xE4, 0x17, 0xE4, 0x17, 0xE4, 0x17, 0xE4, 0x17, 0xE4, 0x17, 0xE4, 0x17, 0xE4, 0x17,
    0xE4, 0x17, 0xE4, 0x17, 0xE4, 0x17, 0xE4, 0x17, 0xE4, 0x17, 0xE4, 0x17, 0xE4, 0x17, 0xE4, 0x17,
    0xE4, 0x17, 0xE4, 0x17, 0xE4, 0x17, 0xE4, 0x17, 0xE4, 0x17, 0xE4, 0x17, 0xE4, 0x17, 0xE4, 0x17,
    0xE4, 0x17, 0xE4, 0x17, 0xE4, 0x17, 0xE4, 0x17, 0xE4, 0x17, 0xE4, 0x17, 0xE4, 0x17, 0xE4, 0x17,
    0xE4, 0x17, 0xE4, 0x17, 0xE4, 0x17, 0xE4, 0x17, 0xE4, 0x17, 0xE4, 0x17, 0xE4, 0x17, 0xE4, 0x17,
    0xE4, 0x17, 0xE4, 0x17, 0xE4, 0x17, 0xE4, 0x17, 0xE4, 0x17, 0xE4, 0x17, 0xE4, 0x17, 0xE4, 0x17,
    0xE4, 0x17, 0xE4, 0x17, 0xE4, 0x17, 0xE4, 0x17, 0xE4, 0x17, 0xE4, 0x17, 0xE4, 0x17, 0xE4, 0x17,
    0xE4, 0xFF, 0x1F, 0xE5, 0x27, 0xE6, 0x2F, 0xE6, 0x27, 0xE5, 0x17, 0xE5, 0x17, 0xE5, 0x37, 0xE7,
    0x8F, 0x11, 0xE7, 0x5A, 0xDE, 0x16, 0xEE, 0xB8, 0xFF, 0x5A, 0xFF, 0x7A, 0xFF, 0x5A, 0xFF, 0x5A,
    0xFF, 0x7A, 0xF6, 0xF8, 0xDE, 0x56, 0xFF, 0x7A, 0xFF, 0x7A, 0xFF, 0x7A, 0xDE, 0x76, 0xEE, 0xD8,
    0xFF, 0x7A, 0xFF, 0x5A, 0xFF, 0x5A, 0xFF, 0x5A, 0xFF, 0x3A, 0xFF, 0x1A, 0xFF, 0x19, 0xDE, 0x15,
    0xEE, 0xB8, 0xFF, 0x3A, 0xF6, 0xF9, 0xD5, 0xF5, 0xF6, 0xD8, 0xFF, 0x19, 0xFF, 0x19, 0xFF, 0x1A,
    0xFF, 0x3A, 0xFF, 0x3A, 0xFF, 0x3A, 0xFF, 0x3A, 0xFF, 0x3A, 0xF6, 0xB8, 0xEE, 0x77, 0xF6, 0xB8,
    0xFE, 0xF9, 0xFF, 0x7A, 0xBE, 0x54, 0x76, 0x8D, 0x3F, 0xE9, 0x17, 0xE5, 0x17, 0xE4, 0x17, 0xE4,
    0x17, 0xE4, 0x17, 0xE4, 0x17, 0xE4, 0x17, 0xE4, 0x17, 0xE4, 0x17, 0xE4, 0x17, 0xE4, 0x17, 0xE4,
    0x17, 0xE4, 0xFF, 0x17, 0xE4, 0x17, 0xE4, 0x17, 0xE4, 0x17, 0xE4, 0x17, 0xE4, 0x17, 0xE4, 0x17,
    0xE4, 0x17, 0xE4, 0x17, 0xE4, 0x17, 0xE4, 0x17, 0xE4, 0x17, 0xE4, 0x17, 0xE4, 0x17, 0xE4, 0x17,
    0xE4, 0x17, 0xE4, 0x17, 0xE4, 0x17, 0xE4, 0x17, 0xE4, 0x17, 0xE4, 0x17, 0xE4, 0x17, 0xE4, 0x17,
    0xE4, 0x17, 0xE4, 0x17, 0xE4, 0x17, 0xE4, 0x17, 0xE4, 0x17, 0xE4, 0x17, 0xE4, 0x17, 0xE4, 0x17,
    0xE4, 0x17, 0xE4, 0x17, 0xE4, 0x17, 0xE4, 0x17, 0xE4, 0x17, 0xE4, 0x17, 0xE4, 0x17, 0xE4, 0x17,
    0xE4, 0x17, 0xE4, 0x17, 0xE4, 0x17, 0xE4, 0x17, 0xE4, 0x17, 0xE4, 0x17, 0xE4, 0x17, 0xE4, 0x17,
    0xE4, 0x17, 0xE4, 0x17, 0xE4, 0x17, 0xE4, 0x17, 0xE4, 0x17, 0xE4, 0x17, 0xE4, 0x17, 0xE4, 0x17,
    0xE4, 0x17, 0xE4, 0x17, 0xE4, 0x17, 0xE4, 0x17, 0xE4, 0x17, 0xE4, 0x17, 0xE4, 0x17, 0xE4, 0x17,
    0xE4, 0x17, 0xE4, 0xFF, 0x17, 0xE4, 0x17, 0xE4, 0x17, 0xE4, 0x1F, 0xE4, 0x27, 0xE6, 0x37, 0xE8,
    0x3F, 0xAA, 0x4F, 0x0B, 0x5F, 0x0C, 0x57, 0x8B, 0x3F, 0xE8, 0x37, 0xE7, 0x57, 0x2B, 0xCF, 0x77,
    0xDE, 0x37, 0xDE, 0x16, 0xFF, 0x3A, 0xFF, 0x3A, 0xFF, 0x3A, 0xFF, 0x3A, 0xFF, 0x3A, 0xFF, 0x5A,
    0xD6, 0x15, 0xEE, 0xD8, 0xFF, 0x7A, 0xFF, 0x7A, 0xF7, 0x19, 0xD6, 0x35, 0xFF, 0x5A, 0xFF, 0x7A,
    0xFF, 0x5A, 0xFF, 0x5A, 0xFF, 0x7A, 0xFF, 0x39, 0xFF, 0x3A, 0xFF, 0x5A, 0xEE, 0xB7, 0xD5, 0xF5,
    0xFF, 0x3A, 0xFF, 0x5A, 0xE6, 0x97, 0xE6, 0x56, 0xFF, 0x5A, 0xFF, 0x3A, 0xFF, 0x5A, 0xFF, 0x5A,
    0xFF, 0x5A, 0xFF, 0x5A, 0xFF, 0x5A, 0xFF, 0x5A, 0xFF, 0x5B, 0xE6, 0x56, 0xEE, 0x97, 0xEE, 0xB8,
    0xFF, 0x7B, 0xF7, 0x5A, 0xA6, 0x11, 0x5F, 0x6C, 0x27, 0xE7, 0x17, 0xE4, 0x17, 0xE4, 0x17, 0xE4,
    0x17, 0xE4, 0x17, 0xE4, 0xFF, 0x17, 0xE4, 0x17, 0xE4, 0x17, 0xE4, 0x17, 0xE4, 0x17, 0xE4, 0x17,
    0xE4, 0x17, 0xE4, 0x17, 0xE4, 0x17, 0xE4, 0x17, 0xE4, 0x17, 0xE4, 0x17, 0xE4, 0x17, 0xE4, 0x17,
    0xE4, 0x17, 0xE4, 0x17, 0xE4, 0x17, 0xE4, 0x17, 0xE4, 0x17, 0xE4, 0x17, 0xE4, 0x17, 0xE4, 0x17,
    0xE4, 0x17, 0xE4, 0x17, 0xE4, 0x17, 0xE4, 0x17, 0xE4, 0x17, 0xE4, 0x17, 0xE4, 0x17, 0xE4, 0x17,
    0xE4, 0x17, 0xE4, 0x17, 0xE4, 0x17, 0xE4, 0x17, 0xE4, 0x17, 0xE4, 0x17, 0xE4, 0x17, 0xE4, 0x17,
    0xE4, 0x17, 0xE4, 0x17, 0xE4, 0x17, 0xE4, 0x17, 0xE4, 0x17, 0xE4, 0x17, 0xE4, 0x17, 0xE4, 0x17,
    0xE4, 0x17, 0xE4, 0x17, 0xE4, 0x17, 0xE4, 0x17, 0xE4, 0x17, 0xE4, 0x17, 0xE4, 0x17, 0xE4, 0x17,
    0xE4, 0x17, 0xE4, 0x17, 0xE4, 0x17, 0xE4, 0x17, 0xE4, 0x17, 0xE4, 0x17, 0xE4, 0x17, 0xE4, 0x17,
    0xE4, 0x17, 0xE4, 0x17, 0xE4, 0xFF, 0x17, 0xE4, 0x17, 0xE4, 0x17, 0xE4, 0x17, 0xE4, 0x17, 0xE4,
    0x17, 0xE4, 0x17, 0xE4, 0x17, 0xE3, 0x1F, 0xE4, 0x2F, 0xE7, 0x47, 0x0A, 0x5E, 0x4C, 0x86, 0x51,
    0xAE, 0x75, 0xAE, 0x35, 0x8D, 0xF1, 0x66, 0x2D, 0x56, 0x0B, 0x96, 0xD1, 0xD6, 0x96, 0xD5, 0x94,
    0xF6, 0xB8, 0xFE, 0xF9, 0xFE, 0xF9, 0xFE, 0xF9, 0xFF, 0x19, 0xFF, 0x1A, 0xEE, 0xB8, 0xD5, 0xF5,
    0xFF, 0x3A, 0xFF, 0x3A, 0xFF, 0x5A, 0xDE, 0x56, 0xEE, 0xB8, 0xFF, 0x7A, 0xFF, 0x7A, 0xFF, 0x7A,
    0xFF, 0x7A, 0xFF, 0x5A, 0xEE, 0xB7, 0xFF, 0x39, 0xFF, 0x5A, 0xFF, 0x39, 0xD5, 0xF4, 0xDE, 0x56,
    0xFF, 0x7A, 0xFF, 0x5A, 0xE6, 0x56, 0xF6, 0xF9, 0xFF, 0x7B, 0xFF, 0x5A, 0xFF, 0x5A, 0xFF, 0x7B,
    0xFF, 0x5A, 0xFF, 0x5A, 0xFF, 0x5A, 0xFF, 0x7B, 0xF7, 0x19, 0xDE, 0x56, 0xEE, 0xB8, 0xF7, 0x39,
    0xFF, 0x9B, 0xDE, 0xD7, 0x7E, 0x2F, 0xFF, 0x3F, 0xEA, 0x17, 0xE5, 0x17, 0xE4, 0x17, 0xE4, 0x17,
    0xE4, 0x17, 0xE4, 0x17, 0xE4, 0x17, 0xE4, 0x17, 0xE4, 0x17, 0xE4, 0x17, 0xE4, 0x17, 0xE4, 0x17,
    0xE4, 0x17, 0xE4, 0x17, 0xE4, 0x17, 0xE4, 0x17, 0xE4, 0x17, 0xE4, 0x17, 0xE4, 0x17, 0xE4, 0x17,
    0xE4, 0x17, 0xE4, 0x17, 0xE4, 0x17, 0xE4, 0x17, 0xE4, 0x17, 0xE4, 0x17, 0xE4, 0x17, 0xE4, 0x17,
    0xE4, 0x17, 0xE4, 0x17, 0xE4, 0x17, 0xE4, 0x17, 0xE4, 0x17, 0xE4, 0x17, 0xE4, 0x17, 0xE4, 0x17,
    0xE4, 0x17, 0xE4, 0x17, 0xE4, 0x17, 0xE4, 0x17, 0xE4, 0x17, 0xE4, 0x17, 0xE4, 0x17, 0xE4, 0x17,
    0xE4, 0x17, 0xE4, 0x17, 0xE4, 0x17, 0xE4, 0x17, 0xE4, 0x17, 0xE4, 0x17, 0xE4, 0x17, 0xE4, 0x17,
    0xE4, 0x17, 0xE4, 0x17, 0xE4, 0x17, 0xE4, 0x17, 0xE4, 0x17, 0xE4, 0x17, 0xE4, 0x17, 0xE4, 0x17,
    0xE4, 0x17, 0xE4, 0x17, 0xE4, 0x17, 0xE4, 0xC1, 0x17, 0xE4, 0x17, 0xE4, 0x17, 0xE4, 0x17, 0xE4,
    0x17, 0xE4, 0x17, 0xE4, 0x17, 0xE4, 0x17, 0xE4, 0x17, 0xE4, 0x17, 0xE4, 0x17, 0xE4, 0x17, 0xE4,
    0x17, 0xE4, 0x1F, 0xE4, 0x2F, 0xE7, 0x5E, 0xCB, 0xA6, 0x94, 0xC6, 0x97, 0xE7, 0x5C, 0xF7, 0x9E,
    0xFF, 0x7F, 0xDE, 0xFB, 0xB5, 0xD5, 0x9D, 0x32, 0xBD, 0xD4, 0xCD, 0xB4, 0xEE, 0x57, 0xFE, 0xF9,
    0xFE, 0xD9, 0xFE, 0xD9, 0xFE, 0xD9, 0xFE, 0xF9, 0xFE, 0xF9, 0x02, 0xD5, 0xFF, 0xE6, 0x77, 0xFF,
    0x1A, 0xFF, 0x19, 0xEE, 0x97, 0xCD, 0x93, 0xF7, 0x19, 0xFF, 0x7A, 0xFF, 0x5A, 0xFF, 0x5A, 0xFF,
    0x7A, 0xEE, 0xB8, 0xE6, 0x97, 0xFF, 0x5A, 0xFF, 0x5A, 0xFF, 0x5A, 0xE6, 0x97, 0xC5, 0x93, 0xE6,
    0x97, 0xFF, 0x7B, 0xF6, 0xF9, 0xE6, 0x56, 0xFF, 0x3A, 0xFF, 0x5A, 0xFF, 0x5A, 0xFF, 0x5A, 0xFF,
    0x7A, 0xFF, 0x5A, 0xFF, 0x5A, 0xFF, 0x7B, 0xFF, 0x7B, 0xE6, 0xB7, 0xDE, 0x76, 0xE6, 0xB7, 0xFF,
    0x9B, 0xFF, 0x7B, 0xAE, 0x33, 0x5F, 0x0C, 0x2F, 0xE7, 0x17, 0xE4, 0x17, 0xE4, 0x17, 0xE4, 0x17,
    0xE4, 0x17, 0xE4, 0x17, 0xE4, 0x17, 0xE4, 0x17, 0xE4, 0x17, 0xE4, 0x17, 0xE4, 0x17, 0xE4, 0x17,
    0xE4, 0x17, 0xE4, 0x17, 0xE4, 0x17, 0xE4, 0x17, 0xE4, 0x17, 0xE4, 0x17, 0xE4, 0x17, 0xE4, 0x17,
    0xE4, 0x17, 0xE4, 0x17, 0xE4, 0x17, 0xE4, 0x17, 0xE4, 0x17, 0xE4, 0x17, 0xE4, 0xED, 0x17, 0xE4,
    0x17, 0xE4, 0x17, 0xE4, 0x17, 0xE4, 0x17, 0xE4, 0x17, 0xE4, 0x17, 0xE4, 0x17, 0xE4, 0x17, 0xE4,
    0x17, 0xE4, 0x17, 0xE4, 0x17, 0xE4, 0x17, 0xE4, 0x17, 0xE4, 0x17, 0xE4, 0x17, 0xE4, 0x17, 0xE4,
    0x17, 0xE4, 0x17, 0xE4, 0x17, 0xE4, 0x17, 0xE4, 0x17, 0xE4, 0x17, 0xE4, 0x17, 0xE4, 0x17, 0xE4,
    0x17, 0xE4, 0x17, 0xE4, 0x17, 0xE4, 0x17, 0xE4, 0x17, 0xE4, 0x17, 0xE4, 0x17, 0xE4, 0x17, 0xE4,
    0x17, 0xE4, 0x17, 0xE4, 0x17, 0xE4, 0x17, 0xE4, 0x17, 0xE4, 0x17, 0xE4, 0x17, 0xE4, 0x17, 0xE4,
    0x17, 0xE4, 0x17, 0xE4, 0x17, 0xE4, 0x17, 0xE4, 0x17, 0xE4, 0x17, 0xE4, 0x17, 0xE3, 0x1F, 0xE5,
    0x3F, 0xE8, 0x4E, 0x2A, 0xAE, 0xB4, 0xF7, 0x9D, 0xFF, 0x9E, 0xFF, 0xDF, 0x05, 0xFF, 0x86, 0x9E,
    0xEF, 0x1C, 0xE6, 0xBB, 0xBD, 0x33, 0x02, 0xD5, 0xFF, 0xFE, 0xFA, 0xFE, 0xD9, 0xFE, 0xD9, 0xFE,
    0xF9, 0xF6, 0xD9, 0xFE, 0xF9, 0xEE, 0x77, 0xD5, 0x94, 0xFE, 0xD9, 0xFE, 0xF9, 0xEE, 0x97, 0xC5,
    0x32, 0xDE, 0x15, 0xFF, 0x3A, 0xFF, 0x5A, 0xFF, 0x5A, 0xFF, 0x5A, 0xFF, 0x5A, 0xD6, 0x15, 0xF7,
    0x19, 0xFF, 0x5A, 0xFF, 0x3A, 0xFF, 0x5A, 0xFF, 0x39, 0xDE, 0x15, 0xCD, 0x93, 0xEE, 0xD8, 0xFF,
    0x7A, 0xEE, 0xB8, 0xE6, 0x77, 0xFF, 0x3A, 0xFF, 0x5A, 0xFF, 0x5A, 0xFF, 0x7A, 0xFF, 0x7A, 0xFF,
    0x7A, 0xFF, 0x7B, 0xFF, 0x7B, 0xFF, 0x3A, 0xDE, 0x76, 0xDE, 0x56, 0xF7, 0x3A, 0xFF, 0x9B, 0xE6,
    0xD7, 0x86, 0x2E, 0x47, 0xE9, 0x1F, 0xE4, 0x17, 0xE4, 0x1F, 0xE4, 0x1F, 0xE4, 0x1F, 0xE4, 0x17,
    0xE4, 0x17, 0xE4, 0x17, 0xE4, 0x17, 0xE4, 0x17, 0xE4, 0x17, 0xE4, 0x17, 0xE4, 0x17, 0xE4, 0x17,
    0xE4, 0x17, 0xE4, 0x17, 0xE4, 0x17, 0xE4, 0x17, 0xE4, 0xF9, 0x17, 0xE4, 0x17, 0xE4, 0x17, 0xE4,
    0x17, 0xE4, 0x17, 0xE4, 0x17, 0xE4, 0x17, 0xE4, 0x17, 0xE4, 0x17, 0xE4, 0x17, 0xE4, 0x17, 0xE4,
    0x17, 0xE4, 0x17, 0xE4, 0x17, 0xE4, 0x17, 0xE4, 0x17, 0xE4, 0x17, 0xE4, 0x17, 0xE4, 0x17, 0xE4,
    0x17, 0xE4, 0x17, 0xE4, 0x17, 0xE4, 0x17, 0xE4, 0x17, 0xE4, 0x17, 0xE4, 0x17, 0xE4, 0x17, 0xE4,
    0x17, 0xE4, 0x17, 0xE4, 0x17, 0xE4, 0x17, 0xE4, 0x17, 0xE4, 0x17, 0xE4, 0x17, 0xE4, 0x17, 0xE4,
    0x17, 0xE4, 0x17, 0xE4, 0x17, 0xE4, 0x17, 0xE4, 0x17, 0xE4, 0x17, 0xE4, 0x17, 0xE4, 0x17, 0xE4,
    0x17, 0xE4, 0x17, 0xE4, 0x17, 0xE4, 0x17, 0xE4, 0x17, 0xE4, 0x17, 0xE4, 0x17, 0xE4, 0x17, 0xE4,
    0x17, 0xE4, 0x17, 0xE4, 0x17, 0xE4, 0x17, 0xE4, 0x17, 0xE3, 0x27, 0xE6, 0x5E, 0x6B, 0xAE, 0x76,
    0xDF, 0x3B, 0xFF, 0xDF, 0x0B, 0xFF, 0xFF, 0xDF, 0xF7, 0x5D, 0xCD, 0xF6, 0xE6, 0x58, 0xFE, 0xD9,
    0xF6, 0xD9, 0xFE, 0xD9, 0xF6, 0xF8, 0xFE, 0xF9, 0xFE, 0xF9, 0xD5, 0x94, 0xDD, 0xF5, 0xFE, 0xF9,
    0xF6, 0xB8, 0xDD, 0xD5, 0xC5, 0x12, 0xF6, 0xB8, 0xFE, 0xF9, 0xFF, 0x19, 0xFF, 0x19, 0xFF, 0x3A,
    0xE6, 0x76, 0xD5, 0xD4, 0xFF, 0x7A, 0xFF, 0x3A, 0xFF, 0x3A, 0xFF, 0x3A, 0xFF, 0x3A, 0xF6, 0xF9,
    0xD5, 0xF5, 0xCD, 0x93, 0xEE, 0xB8, 0xFF, 0x5A, 0xEE, 0x97, 0xEE, 0x97, 0xF6, 0xF9, 0xFF, 0x5A,
    0xFF, 0x5A, 0xFF, 0x7A, 0xFF, 0x7A, 0xFF, 0x7B, 0xFF, 0x7A, 0xFF, 0x7B, 0xE6, 0xB7, 0xD6, 0x35,
    0xEE, 0xF8, 0xFF, 0x9A, 0xFF, 0x39, 0xAD, 0xF1, 0x57, 0x4A, 0x27, 0xE5, 0x17, 0xE4, 0x1F, 0xE4,
    0x1F, 0xE4, 0x17, 0xE4, 0x17, 0xE4, 0x17, 0xE4, 0x17, 0xE4, 0x17, 0xE4, 0x17, 0xE4, 0x17, 0xE4,
    0x17, 0xE4, 0x17, 0xE4, 0x17, 0xE4, 0x17, 0xFF, 0xE4, 0x17, 0xE4, 0x17, 0xE4, 0x17, 0xE4, 0x17,
    0xE4, 0x17, 0xE4, 0x17, 0xE4, 0x17, 0xE4, 0x17, 0xE4, 0x17, 0xE4, 0x17, 0xE4, 0x17, 0xE4, 0x17,
    0xE4, 0x17, 0xE4, 0x17, 0xE4, 0x17, 0xE4, 0x17, 0xE4, 0x17, 0xE4, 0x17, 0xE4, 0x17, 0xE4, 0x17,
    0xE4, 0x17, 0xE4, 0x17, 0xE4, 0x17, 0xE4, 0x17, 0xE4, 0x17, 0xE4, 0x17, 0xE4, 0x17, 0xE4, 0x17,
    0xE4, 0x17, 0xE4, 0x17, 0xE4, 0x17, 0xE4, 0x17, 0xE4, 0x17, 0xE4, 0x17, 0xE4, 0x17, 0xE4, 0x17,
    0xE4, 0x17, 0xE4, 0x17, 0xE4, 0x17, 0xE4, 0x17, 0xE4, 0x17, 0xE4, 0x17, 0xE4, 0x17, 0xE4, 0x17,
    0xE4, 0x17, 0xE4, 0x17, 0xE4, 0x17, 0xE4, 0x17, 0xE4, 0x17, 0xE4, 0x17, 0xE4, 0x17, 0xE4, 0x17,
    0xE4, 0x17, 0xE4, 0x17, 0xE4, 0x17, 0xE4, 0x17, 0xE4, 0x17, 0xE4, 0x17, 0xE4, 0x17, 0xE4, 0x2F,
    0x47, 0xA6, 0xF5, 0xF7, 0x7E, 0xFF, 0xBF, 0xFF, 0x82, 0xDF, 0xFF, 0xDF, 0x07, 0xFF, 0x80, 0xDF,
    0x02, 0xFF, 0xFF, 0xF7, 0x5C, 0xD6, 0x17, 0xF6, 0xD9, 0xFE, 0xD9, 0xF6, 0xD9, 0xF6, 0xD8, 0xFE,
    0xD9, 0xFE, 0xD9, 0xF6, 0x98, 0xCD, 0x53, 0xF6, 0x98, 0xFE, 0xF9, 0xDD, 0xD5, 0xC5, 0x12, 0xD5,
    0x94, 0xFE, 0xD9, 0xFE, 0xD9, 0xFE, 0xD9, 0xFE, 0xF9, 0xFE, 0xD9, 0xC5, 0x52, 0xE6, 0x36, 0xFF,
    0x1A, 0xFE, 0xF9, 0xFE, 0xF9, 0xFF, 0x19, 0xFF, 0x1A, 0xFF, 0x19, 0xEE, 0x98, 0xD5, 0xD4, 0xCD,
    0xB4, 0xEE, 0x77, 0xFF, 0x3A, 0xE6, 0x77, 0xDE, 0x36, 0xFF, 0x5A, 0xFF, 0x7A, 0xFF, 0x7A, 0xFF,
    0x7A, 0xFF, 0x5A, 0xFF, 0x5A, 0xFF, 0x7B, 0xF7, 0x39, 0xD6, 0x15, 0xE6, 0x77, 0xFF, 0x7B, 0xFF,
    0x7B, 0xDE, 0xB6, 0x76, 0x8D, 0x3F, 0xE7, 0x27, 0xE5, 0x27, 0xE5, 0x1F, 0xE4, 0x17, 0xE4, 0x17,
    0xE4, 0x17, 0xE4, 0x17, 0xE4, 0x17, 0xE4, 0x17, 0xE4, 0x17, 0xE4, 0x17, 0xE4, 0x17, 0xE4, 0x17,
    0xE4, 0x17, 0xE4, 0xFF, 0x17, 0xE4, 0x17, 0xE4, 0x17, 0xE4, 0x17, 0xE4, 0x17, 0xE4, 0x17, 0xE4,
    0x17, 0xE4, 0x17, 0xE4, 0x17, 0xE4, 0x17, 0xE4, 0x17, 0xE4, 0x17, 0xE4, 0x17, 0xE4, 0x17, 0xE4,
    0x17, 0xE4, 0x17, 0xE4, 0x17, 0xE4, 0x17, 0xE4, 0x17, 0xE4, 0x17, 0xE4, 0x17, 0xE4, 0x17, 0xE4,
    0x17, 0xE4, 0x17, 0xE4, 0x17, 0xE4, 0x17, 0xE4, 0x17, 0xE4, 0x17, 0xE4, 0x17, 0xE4, 0x17, 0xE4,
    0x17, 0xE4, 0x17, 0xE4, 0x17, 0xE4, 0x17, 0xE4, 0x17, 0xE4, 0x17, 0xE4, 0x17, 0xE4, 0x17, 0xE4,
    0x17, 0xE4, 0x17, 0xE4, 0x17, 0xE4, 0x17, 0xE4, 0x17, 0xE4, 0x17, 0xE4, 0x17, 0xE4, 0x17, 0xE4,
    0x17, 0xE4, 0x17, 0xE4, 0x17, 0xE4, 0x17, 0xE4, 0x17, 0xE4, 0x17, 0xE4, 0x17, 0xE4, 0x17, 0xE4,
    0x17, 0xE4, 0x17, 0xE4, 0x17, 0xE4, 0x17, 0xE3, 0x1F, 0xE5, 0x3F, 0x2A, 0xC7, 0x39, 0xFF, 0x9F,
    0xFF, 0xDF, 0xFF, 0xDF, 0x0B, 0xFF, 0xBC, 0xDF, 0xE6, 0xDB, 0xE6, 0x79, 0xF6, 0xDA, 0xFE, 0xB9,
    0xFE, 0xD9, 0xFE, 0xD9, 0xFE, 0xD9, 0xFE, 0xD9, 0xE6, 0x36, 0xD5, 0x94, 0xFE, 0xD8, 0xEE, 0x57,
    0xCD, 0x53, 0xC5, 0x12, 0xE6, 0x16, 0xFE, 0xD9, 0xFE, 0xB8, 0xEE, 0x57, 0xE6, 0x16, 0xDD, 0xB4,
    0xC5, 0x11, 0xF6, 0xB8, 0xFE, 0xF9, 0xFE, 0xD9, 0xF6, 0xD9, 0xF6, 0xD9, 0xF6, 0xD9, 0xFE, 0xF9,
    0xF6, 0xD9, 0xE6, 0x56, 0x02, 0xD5, 0xFF, 0xCD, 0x94, 0xDE, 0x16, 0xEE, 0x97, 0xD5, 0xF5, 0xEE,
    0xB8, 0xFF, 0x5A, 0xFF, 0x7B, 0xFF, 0x7A, 0xFF, 0x7A, 0xFF, 0x5A, 0xFF, 0x5A, 0xFF, 0x7A, 0xE6,
    0x97, 0xCD, 0xD4, 0xFF, 0x3A, 0xFF, 0x5A, 0xF7, 0x19, 0x9E, 0x50, 0x67, 0x4B, 0x4F, 0x8A, 0x4F,
    0xAA, 0x47, 0xE9, 0x2F, 0xE7, 0x1F, 0xE5, 0x17, 0xE4, 0x17, 0xE4, 0x17, 0xE4, 0x17, 0xE4, 0x17,
    0xE4, 0x17, 0xE4, 0x17, 0xE4, 0x17, 0xE4, 0x17, 0xE4, 0x17, 0xE4, 0x17, 0xE4, 0x17, 0xE4, 0x17,
    0xE4, 0x17, 0xE4, 0x17, 0xE4, 0x17, 0xE4, 0x17, 0xE4, 0x17, 0xE4, 0x17, 0xE4, 0x17, 0xE4, 0x17,
    0xE4, 0x17, 0xE4, 0x17, 0xE4, 0x17, 0xE4, 0x17, 0xE4, 0x17, 0xE4, 0x17, 0xE4, 0x17, 0xE4, 0x17,
    0xE4, 0x17, 0xE4, 0x17, 0xE4, 0x17, 0xE4, 0x17, 0xE4, 0x17, 0xE4, 0x17, 0xE4, 0x17, 0xE4, 0x17,
    0xE4, 0x17, 0xE4, 0x17, 0xE4, 0x17, 0xE4, 0xC1, 0x17, 0xE4, 0x17, 0xE4, 0x17, 0xE4, 0x17, 0xE4,
    0x17, 0xE4, 0x17, 0xE4, 0x17, 0xE4, 0x17, 0xE4, 0x17, 0xE4, 0x17, 0xE4, 0x17, 0xE4, 0x17, 0xE4,
    0x17, 0xE4, 0x17, 0xE4, 0x17, 0xE4, 0x17, 0xE4, 0x17, 0xE4, 0x17, 0xE4, 0x17, 0xE4, 0x17, 0xE4,
    0x17, 0xE4, 0x17, 0xE4, 0x17, 0xE4, 0x17, 0xE4, 0x17, 0xE4, 0x17, 0xE4, 0x17, 0xE3, 0x1F, 0xE5,
    0x46, 0x8A, 0xC6, 0xF9, 0xF7, 0x5D, 0xFF, 0xDF, 0xFF, 0xDF, 0x0B, 0xFF, 0xFF, 0xDF, 0xDE, 0x79,
    0xEE, 0xB9, 0xF6, 0xD9, 0xFE, 0xB9, 0xFE, 0xB9, 0xFE, 0xB9, 0xFE, 0xD9, 0xFE, 0xD9, 0xDD, 0x94,
    0xE5, 0xF5, 0xFE, 0x98, 0xDD, 0xB4, 0xD5, 0x73, 0xCD, 0x53, 0xF6, 0x77, 0xEE, 0x57, 0xDD, 0xD5,
    0xE5, 0xF5, 0xEE, 0x36, 0xCD, 0x32, 0xDD, 0xB4, 0xFE, 0xD9, 0xFE, 0xD9, 0xFE, 0xD9, 0xFE, 0xD9,
    0xF6, 0xD9, 0xFE, 0xD9, 0xFE, 0xD9, 0xFE, 0xF9, 0xF6, 0xD9, 0xE6, 0x56, 0xDD, 0xF5, 0xDD, 0xF5,
    0xCD, 0xB4, 0xD5, 0xF5, 0xE6, 0x97, 0xDE, 0x56, 0xEE, 0xB8, 0xFF, 0x3A, 0xFF, 0x5A, 0xFF, 0x5A,
    0xFF, 0x3A, 0xFF, 0x3A, 0xF6, 0xD8, 0xCD, 0x73, 0xF6, 0xD8, 0xFE, 0xF9, 0xFF, 0x1A, 0xB5, 0xB2,
    0x8D, 0x6E, 0x9E, 0x52, 0x8E, 0x31, 0x76, 0x0F, 0x5F, 0x2D, 0x47, 0xE9, 0x27, 0xE6, 0x1F, 0xE4,
    0x17, 0xE4, 0x17, 0xE4, 0x17, 0xE4, 0x17, 0xE4, 0x17, 0xE4, 0x17, 0xE4, 0x17, 0xFF, 0xE4, 0x17,
    0xE4, 0x17, 0xE4, 0x17, 0xE4, 0x17, 0xE4, 0x17, 0xE4, 0x17, 0xE4, 0x17, 0xE4, 0x17, 0xE4, 0x17,
    0xE4, 0x17, 0xE4, 0x17, 0xE4, 0x17, 0xE4, 0x17, 0xE4, 0x17, 0xE4, 0x17, 0xE4, 0x17, 0xE4, 0x17,
    0xE4, 0x17, 0xE4, 0x17, 0xE4, 0x17, 0xE4, 0x17, 0xE4, 0x17, 0xE4, 0x17, 0xE4, 0x17, 0xE4, 0x17,
    0xE4, 0x17, 0xE4, 0x17, 0xE4, 0x17, 0xE4, 0x17, 0xE4, 0x17, 0xE4, 0x17, 0xE4, 0x17, 0xE4, 0x17,
    0xE4, 0x17, 0xE4, 0x17, 0xE4, 0x17, 0xE4, 0x17, 0xE4, 0x17, 0xE4, 0x17, 0xE4, 0x17, 0xE4, 0x17,
    0xE4, 0x17, 0xE4, 0x17, 0xE4, 0x17, 0xE4, 0x17, 0xE4, 0x17, 0xE4, 0x17, 0xE4, 0x17, 0xE4, 0x17,
    0xE4, 0x17, 0xE4, 0x17, 0xE4, 0x17, 0xE4, 0x17, 0xE4, 0x17, 0xE4, 0x17, 0xE4, 0x17, 0xE4, 0x17,
    0xE3, 0x17, 0xE3, 0x0F, 0xE4, 0x67, 0x4E, 0xD7, 0x1B, 0xEE, 0xDC, 0xF7, 0x5D, 0xFF, 0x80, 0xDE,
    0x0A, 0xFF, 0xE1, 0xF7, 0x7D, 0xD6, 0x38, 0xEE, 0xB9, 0xF6, 0xB9, 0xFE, 0xB9, 0xFE, 0xB9, 0xFE,
    0xB9, 0xFE, 0xD9, 0xF6, 0x98, 0xD5, 0x73, 0xF6, 0x57, 0xE5, 0xF5, 0xD5, 0x74, 0xDD, 0x94, 0xDD,
    0x94, 0xF6, 0x98, 0xE6, 0x36, 0xEE, 0x77, 0xFE, 0xF9, 0xF6, 0x77, 0xC5, 0x12, 0xE6, 0x36, 0xFE,
    0xD9, 0xFE, 0xD9, 0xFE, 0xD9, 0xF6, 0xD8, 0xFE, 0xD9, 0xF6, 0xD9, 0xFE, 0xD9, 0xFE, 0xD9, 0xFE,
    0xF9, 0xF6, 0xD8, 0xEE, 0x57, 0xE6, 0x36, 0xCD, 0x73, 0xC5, 0x52, 0xDD, 0xF5, 0xE6, 0x56, 0xDE,
    0x16, 0xEE, 0x77, 0xFE, 0xF9, 0xFE, 0xF9, 0xFE, 0xF9, 0xFE, 0xF9, 0xFE, 0xD9, 0xD5, 0x93, 0xEE,
    0x56, 0xFE, 0xF9, 0xFE, 0xF9, 0x03, 0xD5, 0xFF, 0xF6, 0xF7, 0x3B, 0xF7, 0x5C, 0xCE, 0x99, 0x8D,
    0x92, 0x6E, 0x0D, 0x57, 0x8B, 0x37, 0xE8, 0x1F, 0xE4, 0x17, 0xE4, 0x17, 0xE4, 0x17, 0xE4, 0x17,
    0xE4, 0x17, 0xE4, 0x17, 0xE4, 0x17, 0xE4, 0x17, 0xE4, 0x17, 0xE4, 0x17, 0xE4, 0x17, 0xE4, 0x17,
    0xE4, 0x17, 0xE4, 0x17, 0xE4, 0x17, 0xE4, 0x17, 0xE4, 0x17, 0xE4, 0x17, 0xE4, 0x17, 0xE4, 0x17,
    0xE4, 0x17, 0xE4, 0x17, 0xE4, 0x17, 0xE4, 0x17, 0xE4, 0x17, 0xE4, 0x17, 0xE4, 0x17, 0xE4, 0x17,
    0xE4, 0x17, 0xE4, 0x17, 0xE4, 0x17, 0xE4, 0x17, 0xE4, 0x17, 0xE4, 0x17, 0xE4, 0x17, 0xE4, 0x17,
    0xE4, 0x17, 0xE4, 0x17, 0xE4, 0x17, 0xE4, 0x17, 0xE4, 0x17, 0xE4, 0x17, 0xE4, 0x17, 0xE4, 0x17,
    0xE4, 0x17, 0xE4, 0x17, 0xE4, 0x17, 0xE4, 0x17, 0xE4, 0x17, 0xE4, 0x17, 0xE4, 0x17, 0xE4, 0x17,
    0xE4, 0x17, 0xE4, 0x17, 0xE4, 0x17, 0xE4, 0x17, 0xA2, 0xE4, 0x17, 0xE4, 0x17, 0xE4, 0x17, 0xE4,
    0x17, 0xE4, 0x17, 0xE4, 0x17, 0xE4, 0x17, 0xE3, 0x17, 0xE3, 0x0F, 0xE3, 0x5F, 0x2D, 0xD7, 0x1B,
    0xEE, 0xBB, 0xEE, 0xDB, 0xFF, 0x7D, 0xFF, 0xDE, 0xFF, 0xDE, 0xFF, 0xDF, 0x04, 0xFF, 0xC9, 0xEF,
    0x1B, 0xCD, 0xF6, 0xEE, 0xD9, 0xF6, 0xB9, 0xFE, 0xB9, 0xFE, 0xB9, 0xFE, 0xB9, 0xFE, 0xD9, 0xEE,
    0x16, 0xD5, 0x74, 0xEE, 0x36, 0xDD, 0x74, 0xE5, 0xB4, 0xDD, 0x94, 0xE5, 0xD5, 0xFE, 0xD9, 0xFE,
    0xD9, 0xFE, 0xD9, 0xFE, 0xD9, 0xDD, 0xB4, 0xC5, 0x12, 0xEE, 0x57, 0xFE, 0xD9, 0xFE, 0xD9, 0xFE,
    0xD9, 0xFE, 0xD9, 0xFE, 0xD8, 0xF6, 0xD9, 0xFE, 0xD9, 0xFE, 0xD9, 0xFE, 0xD9, 0xFE, 0xD9, 0xF6,
    0xB8, 0xF6, 0xB8, 0xCD, 0x73, 0xC5, 0x32, 0xCD, 0x73, 0x02, 0xD5, 0xFF, 0xF6, 0xB8, 0xF6, 0xB8,
    0xF6, 0xD9, 0xF6, 0xD9, 0xF6, 0xD8, 0xF6, 0x98, 0xFE, 0xD8, 0xD5, 0xB4, 0xDE, 0x15, 0xFE, 0xF9,
    0xF6, 0xF9, 0xE6, 0x57, 0xE6, 0x78, 0xFF, 0xBE, 0xFF, 0xDF, 0xFF, 0x9E, 0xDE, 0x9A, 0xB5, 0xD6,
    0x75, 0xAF, 0x4F, 0xEC, 0x27, 0xE6, 0x17, 0xE4, 0x17, 0xE3, 0x17, 0xE4, 0x17, 0xE4, 0x17, 0xE4,
    0x17, 0xE4, 0x17, 0xE4, 0x17, 0xE4, 0x17, 0xE4, 0x17, 0xE4, 0x17, 0xE4, 0x17, 0xE4, 0x17, 0xE4,
    0x17, 0xE4, 0x17, 0xE4, 0x17, 0xE4, 0x17, 0xE4, 0x17, 0xE4, 0x17, 0xE4, 0x17, 0xE4, 0x17, 0xE4,
    0x17, 0xE4, 0x17, 0xE4, 0x17, 0xE4, 0x17, 0xE4, 0x17, 0xE4, 0x17, 0xE4, 0x17, 0xE4, 0x17, 0xE4,
    0x17, 0xE4, 0x17, 0xE4, 0x17, 0xE4, 0x17, 0xE4, 0x17, 0xE4, 0x17, 0xE4, 0x17, 0xE4, 0x17, 0xE4,
    0x17, 0xE4, 0x17, 0xE4, 0x17, 0xE4, 0x17, 0xE4, 0x17, 0xE4, 0x17, 0xE4, 0xFF, 0x17, 0xE4, 0x17,
    0xE4, 0x17, 0xE4, 0x17, 0xE4, 0x17, 0xE4, 0x17, 0xE4, 0x17, 0xE4, 0x17, 0xE4, 0x17, 0xE4, 0x17,
    0xE4, 0x17, 0xE4, 0x17, 0xE4, 0x17, 0xE4, 0x17, 0xE4, 0x17, 0xE4, 0x17, 0xE4, 0x17, 0xE4, 0x17,
    0xE4, 0x17, 0xE4, 0x17, 0xE4, 0x17, 0xE3, 0x17, 0xE4, 0x2E, 0x88, 0xBE, 0xD7, 0xEE, 0xBB, 0xEE,
    0xBA, 0xEE, 0xFB, 0xEF, 0x1B, 0xEF, 0x1C, 0xF7, 0x3D, 0xFF, 0x9E, 0xFF, 0x9E, 0xD6, 0x78, 0xCD,
    0xD6, 0xEE, 0x99, 0xFE, 0xB9, 0xFE, 0xB9, 0xFE, 0xB9, 0xFE, 0xB9, 0xFE, 0xD9, 0xDD, 0xD5, 0xDD,
    0x94, 0xD5, 0x53, 0xDD, 0x73, 0xE5, 0xD5, 0xE5, 0x94, 0xEE, 0x16, 0xFE, 0xD9, 0xFE, 0xD9, 0xFE,
    0xD9, 0xF6, 0x98, 0xCD, 0x53, 0xCD, 0x53, 0xF6, 0x98, 0xFE, 0xD9, 0xFE, 0xD9, 0xFE, 0xD9, 0xFE,
    0xD8, 0xFE, 0xD8, 0xF6, 0xD8, 0xFE, 0xD9, 0xFE, 0xD9, 0xFE, 0xD9, 0xFE, 0xD9, 0xA7, 0xF6, 0xD9,
    0xF6, 0xB8, 0xCD, 0x53, 0xDD, 0xF5, 0xEE, 0x77, 0xDD, 0xF5, 0xDD, 0xF5, 0xF6, 0xB8, 0xFE, 0xD9,
    0xFE, 0xD9, 0xF6, 0xB8, 0xE6, 0x36, 0xFE, 0xD8, 0xDD, 0xF5, 0xD5, 0xD4, 0xFE, 0xF9, 0xF6, 0xD9,
    0xE6, 0x78, 0xE6, 0x99, 0xFF, 0xFE, 0x03, 0xFF, 0xFF, 0xDF, 0xFF, 0x9F, 0xEF, 0x3D, 0xA5, 0xB5,
    0x66, 0x8E, 0x3F, 0xE9, 0x17, 0xE4, 0x17, 0xE3, 0x17, 0xE3, 0x17, 0xE4, 0x17, 0xE4, 0x17, 0xE4,
    0x17, 0xE4, 0x17, 0xE4, 0x17, 0xE4, 0x17, 0xE4, 0x17, 0xE4, 0x17, 0xE4, 0x17, 0xE4, 0x17, 0xE4,
    0x17, 0xE4, 0x17, 0xE4, 0x17, 0xE4, 0x17, 0xE4, 0x17, 0xE4, 0x17, 0xE4, 0x17, 0xE4, 0x17, 0xE4,
    0x17, 0xE4, 0x17, 0xE4, 0x17, 0xE4, 0x17, 0xE4, 0x17, 0xE4, 0x17, 0xE4, 0x17, 0xE4, 0x17, 0xE4,
    0x17, 0xE4, 0x17, 0xE4, 0x17, 0xE4, 0x17, 0xE4, 0x17, 0xE4, 0x17, 0xE4, 0x17, 0xE4, 0x17, 0xE4,
    0x17, 0xE4, 0x17, 0xE4, 0x17, 0xE4, 0x17, 0xE4, 0x17, 0xE4, 0x17, 0xE4, 0x17, 0xE4, 0x17, 0xE4,
    0x17, 0xE4, 0x17, 0xE4, 0x17, 0xE4, 0x17, 0xE4, 0x17, 0xE4, 0x17, 0xE4, 0x17, 0xE4, 0x17, 0xE4,
    0x17, 0xE4, 0x17, 0xE4, 0x17, 0xE4, 0x17, 0xE4, 0x17, 0xFF, 0xE4, 0x17, 0xE4, 0x17, 0xE4, 0x17,
    0xE4, 0x17, 0xE4, 0x17, 0xE3, 0x17, 0xE4, 0x2F, 0x47, 0xBF, 0x37, 0xEE, 0xBB, 0xEE, 0xBA, 0xE6,
    0xDA, 0xE6, 0xDA, 0xE6, 0xBA, 0xE6, 0xBB, 0xE6, 0xDB, 0xEE, 0xDB, 0xCD, 0xB6, 0xCD, 0xB6, 0xEE,
    0x58, 0xFE, 0xB9, 0xFE, 0xB8, 0xFE, 0xB8, 0xFE, 0xD9, 0xFE, 0xB9, 0xDD, 0xB4, 0xD5, 0x73, 0xCC,
    0xF2, 0xE5, 0xB5, 0xED, 0xF6, 0xE5, 0xD5, 0xEE, 0x37, 0xFE, 0xD9, 0xFE, 0xD9, 0xFE, 0xD9, 0xE6,
    0x36, 0xCD, 0x33, 0xDD, 0xD5, 0xFE, 0xB8, 0xFE, 0xB8, 0xFE, 0xB9, 0xFE, 0xB8, 0xFE, 0xD8, 0xFE,
    0xD8, 0xFE, 0xD8, 0xFE, 0xD8, 0xFE, 0xD9, 0xFE, 0xD9, 0xFE, 0xD9, 0xFE, 0xD9, 0xEE, 0x57, 0xC5,
    0x32, 0xEE, 0x77, 0xF6, 0xB8, 0xF6, 0xB8, 0xE6, 0x36, 0xEE, 0x57, 0xF6, 0xD9, 0xFE, 0xD9, 0xF6,
    0x97, 0xDE, 0x15, 0xFE, 0xD8, 0xE6, 0x36, 0xD5, 0xB4, 0xFE, 0x88, 0xD9, 0xF6, 0xD9, 0xEE, 0xB9,
    0xE6, 0x78, 0xFF, 0xDE, 0x07, 0xFF, 0xFF, 0x9E, 0xCE, 0x38, 0x7D, 0x50, 0x5F, 0x2C, 0x27, 0xE6,
    0x17, 0xE3, 0x17, 0xE3, 0x17, 0xE4, 0x17, 0xE4, 0x17, 0xE4, 0x17, 0xE4, 0x17, 0xE4, 0x17, 0xE4,
    0x17, 0xE4, 0x17, 0xE4, 0x17, 0xE4, 0x17, 0xE4, 0x17, 0xE4, 0x17, 0xE4, 0x17, 0xE4, 0x17, 0xE4,
    0x17, 0xE4, 0x17, 0xE4, 0x17, 0xE4, 0x17, 0xE4, 0x17, 0xE4, 0x17, 0xE4, 0x17, 0xE4, 0x17, 0xE4,
    0x17, 0xE4, 0x17, 0xE4, 0x17, 0xE4, 0x17, 0xE4, 0x17, 0xE4, 0x17, 0xE4, 0x17, 0xE4, 0x17, 0xE4,
    0x17, 0xE4, 0x17, 0xE4, 0x17, 0xE4, 0x17, 0xE4, 0x17, 0xE4, 0x17, 0xE4, 0x17, 0xE4, 0x17, 0xE4,
    0x17, 0xE4, 0x17, 0xE4, 0x17, 0xE4, 0x17, 0xE4, 0x17, 0xE4, 0x17, 0xE4, 0x17, 0xE4, 0x17, 0xE4,
    0x17, 0xE4, 0x17, 0xE4, 0x17, 0xE4, 0x17, 0xE4, 0x17, 0xE4, 0x17, 0xE4, 0x17, 0xE4, 0x17, 0xE4,
    0x17, 0xE4, 0x17, 0xE4, 0x17, 0xE4, 0x17, 0xA1, 0xE4, 0x17, 0xE4, 0x17, 0xE4, 0x17, 0xE3, 0x17,
    0xE3, 0x1F, 0xC6, 0x9F, 0x54, 0xE6, 0xFA, 0xEE, 0xBA, 0xEE, 0xBA, 0xEE, 0xDA, 0xEE, 0xDA, 0xE6,
    0xBA, 0xEE, 0xBB, 0xE6, 0x9A, 0xC5, 0x75, 0xD5, 0xD6, 0xE5, 0x02, 0xF6, 0xE0, 0x78, 0xFE, 0xB9,
    0xFE, 0xB8, 0xFE, 0xD9, 0xF6, 0xB8, 0xDD, 0x94, 0xCD, 0x12, 0xD5, 0x53, 0xE5, 0xD5, 0xF6, 0x37,
    0xEE, 0x16, 0xF6, 0x57, 0xFE, 0xD9, 0xFE, 0xD9, 0xFE, 0xD9, 0xDD, 0xD5, 0xCD, 0x53, 0xE5, 0xD5,
    0xFE, 0xB8, 0xFE, 0xB8, 0xFE, 0xB9, 0xFE, 0xD9, 0xFE, 0xD8, 0xFE, 0xD8, 0xFE, 0xD8, 0xFE, 0xD8,
    0xFE, 0xD8, 0xFE, 0xD8, 0xFE, 0xD8, 0xFE, 0xD9, 0xDD, 0xD4, 0xC5, 0x32, 0xF6, 0xB8, 0xFE, 0xB8,
    0xF6, 0xB8, 0xF6, 0xB8, 0xF6, 0xB8, 0xFE, 0xB8, 0xFE, 0xD9, 0xEE, 0x57, 0xDD, 0xF5, 0xFE, 0xD9,
    0xE6, 0x56, 0xD5, 0xD4, 0xFE, 0xD9, 0xF6, 0xD9, 0xEE, 0xB8, 0xDE, 0x78, 0xFF, 0xDE, 0x07, 0xFF,
    0xFF, 0xDF, 0xF7, 0x5D, 0xC6, 0x37, 0x75, 0xEE, 0x37, 0xE7, 0x17, 0xE3, 0x17, 0xE3, 0x17, 0xE4,
    0x17, 0xE4, 0x17, 0xE4, 0x17, 0xE4, 0x17, 0xE4, 0x17, 0xE4, 0x17, 0xE4, 0x17, 0xE4, 0x17, 0xE4,
    0x17, 0xE4, 0x17, 0xE4, 0x17, 0xE4, 0x17, 0xE4, 0x17, 0xE4, 0x17, 0xE4, 0x17, 0xE4, 0x17, 0xE4,
    0x17, 0xE4, 0x17, 0xE4, 0x17, 0xE4, 0x17, 0xE4, 0x17, 0xE4, 0x17, 0xE4, 0x17, 0xE4, 0x17, 0xE4,
    0x17, 0xE4, 0x17, 0xE4, 0x17, 0xE4, 0x17, 0xE4, 0x17, 0xE4, 0x17, 0xE4, 0x17, 0xE4, 0x17, 0xE4,
    0x17, 0xE4, 0x17, 0xE4, 0x17, 0xE4, 0x17, 0xE4, 0x17, 0xE4, 0x17, 0xE4, 0x17, 0xE4, 0x17, 0xE4,
    0x17, 0xE4, 0x17, 0xE4, 0x17, 0xE4, 0x17, 0xE4, 0x17, 0xE4, 0x17, 0xE4, 0x17, 0xE4, 0x17, 0xE4,
    0x17, 0xE4, 0x17, 0xE4, 0x17, 0xE4, 0x17, 0xE4, 0x17, 0xE4, 0x17, 0xE4, 0x17, 0xE4, 0x17, 0xE4,
    0x17, 0xFF, 0xE4, 0x17, 0xE4, 0x17, 0xE4, 0x17, 0xE3, 0x17, 0xE3, 0x17, 0xE5, 0x47, 0x2B, 0xB7,
    0x56, 0xE6, 0xF9, 0xE6, 0xDA, 0xEE, 0xBA, 0xEE, 0xDA, 0xEE, 0xBB, 0xEE, 0xBB, 0xE6, 0x59, 0xC5,
    0x54, 0xDD, 0xD6, 0xDD, 0xB5, 0xEE, 0x36, 0xFE, 0xB8, 0xFE, 0xB8, 0xFE, 0xD9, 0xEE, 0x37, 0xD5,
    0x53, 0xCC, 0xF2, 0xE5, 0xB5, 0xEE, 0x37, 0xFE, 0xB9, 0xF6, 0x57, 0xF6, 0x57, 0xFE, 0xD9, 0xFE,
    0xD9, 0xFE, 0xB9, 0xDD, 0xB4, 0xDD, 0x94, 0xDD, 0x74, 0xE5, 0x95, 0xED, 0xF5, 0xF6, 0x37, 0xFE,
    0x98, 0xFE, 0xB8, 0xFE, 0xD8, 0xFE, 0xB8, 0xFE, 0xD8, 0xFE, 0xD8, 0xFE, 0xD8, 0xFE, 0xD9, 0xF6,
    0x77, 0xCD, 0x32, 0xDD, 0xB4, 0xFE, 0xD8, 0xFE, 0xD8, 0xFE, 0xD8, 0xFE, 0xB8, 0xFE, 0xB8, 0xFE,
    0xD8, 0xFE, 0xD9, 0xDD, 0xF5, 0xE6, 0x36, 0xFE, 0xF9, 0xE6, 0x56, 0xDD, 0xD4, 0xFE, 0xF9, 0xFE,
    0xD9, 0xF6, 0x84, 0xB9, 0xDE, 0x58, 0xFF, 0xBE, 0x09, 0xFF, 0xFF, 0x9F, 0xE6, 0x9B, 0x8D, 0xD1,
    0x3F, 0xE8, 0x17, 0xE4, 0x17, 0xE4, 0x17, 0xE4, 0x17, 0xE4, 0x17, 0xE4, 0x17, 0xE4, 0x17, 0xE4,
    0x17, 0xE4, 0x17, 0xE4, 0x17, 0xE4, 0x17, 0xE4, 0x17, 0xE4, 0x17, 0xE4, 0x17, 0xE4, 0x17, 0xE4,
    0x17, 0xE4, 0x17, 0xE4, 0x17, 0xE4, 0x17, 0xE4, 0x17, 0xE4, 0x17, 0xE4, 0x17, 0xE4, 0x17, 0xE4,
    0x17, 0xE4, 0x17, 0xE4, 0x17, 0xE4, 0x17, 0xE4, 0x17, 0xE4, 0x17, 0xE4, 0x17, 0xE4, 0x17, 0xE4,
    0x17, 0xE4, 0x17, 0xE4, 0x17, 0xE4, 0x17, 0xE4, 0x17, 0xE4, 0x17, 0xE4, 0x17, 0xE4, 0x17, 0xE4,
    0x17, 0xE4, 0x17, 0xE4, 0x17, 0xE4, 0x17, 0xE4, 0x17, 0xE4, 0x17, 0xE4, 0x17, 0xE4, 0x17, 0xE4,
    0x17, 0xE4, 0x17, 0xE4, 0x17, 0xE4, 0x17, 0xE4, 0x17, 0xE4, 0x17, 0xE4, 0x17, 0xE4, 0x17, 0xE4,
    0x17, 0xE4, 0x17, 0xE4, 0x17, 0xE4, 0x17, 0xE4, 0x17, 0xE4, 0x17, 0xAF, 0xE4, 0x17, 0xE3, 0x17,
    0xE3, 0x17, 0xE3, 0x17, 0xE4, 0x27, 0xE6, 0x56, 0x2A, 0x9E, 0x12, 0xDF, 0x1A, 0xEE, 0xDB, 0xEE,
    0xBB, 0xEE, 0xBA, 0xF6, 0xBB, 0xE6, 0x58, 0xCD, 0x54, 0xDD, 0xD6, 0xDD, 0xB5, 0xE5, 0xD5, 0xF6,
    0x57, 0xFE, 0x98, 0xFE, 0xB9, 0xE5, 0xF5, 0xD5, 0x33, 0xDD, 0x33, 0xED, 0x02, 0xF6, 0x87, 0x98,
    0xFF, 0x3B, 0xF6, 0x98, 0xDD, 0xB5, 0xED, 0x02, 0xF6, 0xC6, 0x57, 0xFE, 0x57, 0xE5, 0x54, 0xED,
    0x95, 0xED, 0x95, 0xED, 0x74, 0xE5, 0x54, 0xE5, 0x53, 0xE5, 0x73, 0xED, 0xD5, 0xFE, 0x57, 0xFE,
    0x98, 0xFE, 0xD8, 0xFE, 0xD8, 0xFE, 0xD8, 0xFE, 0xD9, 0xE5, 0xD5, 0xCD, 0x32, 0xEE, 0x16, 0xFE,
    0xD9, 0xFE, 0xD9, 0xFE, 0xD8, 0xFE, 0xD8, 0xFE, 0xD8, 0xFE, 0xD8, 0xFE, 0xD8, 0xDD, 0xD5, 0xEE,
    0x77, 0xFE, 0xF9, 0xEE, 0x56, 0xDD, 0xD5, 0xFE, 0xD9, 0xFE, 0xD9, 0xF6, 0xB9, 0xDE, 0x37, 0xFF,
    0xBD, 0x07, 0xFF, 0xFF, 0xDF, 0xFF, 0x5E, 0xDE, 0x3A, 0x7D, 0x90, 0x37, 0xE8, 0x17, 0xE3, 0x17,
    0xE3, 0x17, 0xE4, 0x17, 0xE4, 0x17, 0xE4, 0x17, 0xE4, 0x17, 0xE4, 0x17, 0xE4, 0x17, 0xE4, 0x17,
    0xE4, 0x17, 0xE4, 0x17, 0xE4, 0x17, 0xE4, 0x17, 0xE4, 0x17, 0xE4, 0x17, 0xE4, 0x17, 0xE4, 0x17,
    0xE4, 0x17, 0xE4, 0x17, 0xE4, 0x17, 0xE4, 0x17, 0xE4, 0x17, 0xE4, 0x17, 0xE4, 0x17, 0xE4, 0x17,
    0xE4, 0x17, 0xE4, 0x17, 0xE4, 0x17, 0xE4, 0x17, 0xE4, 0x17, 0xE4, 0x17, 0xE4, 0x17, 0xE4, 0x17,
    0xE4, 0x17, 0xE4, 0x17, 0xE4, 0x17, 0xE4, 0x17, 0xE4, 0x17, 0xE4, 0x17, 0xE4, 0x17, 0xE4, 0x17,
    0xE4, 0x17, 0xE4, 0x17, 0xE4, 0x17, 0xE4, 0x17, 0xE4, 0x17, 0xE4, 0x17, 0xE4, 0x17, 0xE4, 0x17,
    0xE4, 0x17, 0xE4, 0x17, 0xE4, 0x17, 0xE4, 0x17, 0xE4, 0x17, 0xE4, 0x17, 0xE4, 0x17, 0xE4, 0x17,
    0xE4, 0x17, 0xE4, 0x17, 0xFF, 0xE4, 0x17, 0xE4, 0x17, 0xE4, 0x17, 0xE3, 0x17, 0xE3, 0x17, 0xE4,
    0x3F, 0xE8, 0x5E, 0x6B, 0x75, 0x8E, 0xA6, 0x34, 0xD6, 0xD9, 0xEE, 0x9A, 0xEE, 0x9A, 0xEE, 0x9A,
    0xE6, 0x18, 0xCD, 0x33, 0xDD, 0xB5, 0xDD, 0xB5, 0xDD, 0xB4, 0xE5, 0xD5, 0xF6, 0x36, 0xFE, 0x98,
    0xE5, 0xD5, 0xCD, 0x12, 0xE5, 0x95, 0xF6, 0x57, 0xFF, 0x1A, 0xFF, 0x5B, 0xFE, 0xFA, 0xE5, 0xB5,
    0xE5, 0x74, 0xDD, 0x33, 0xE5, 0x54, 0xE5, 0x54, 0xF5, 0x95, 0xF5, 0x95, 0xF5, 0x95, 0xF5, 0x95,
    0xF5, 0x95, 0xF5, 0x94, 0xED, 0x74, 0xE5, 0x53, 0xE5, 0x74, 0xED, 0xF5, 0xFE, 0x77, 0xFE, 0xD9,
    0xFE, 0x98, 0xE5, 0x94, 0xDD, 0x54, 0xF6, 0x57, 0xFE, 0xB9, 0xFE, 0xD8, 0xFE, 0xD8, 0xF6, 0xD8,
    0xFE, 0xD8, 0xFE, 0xD8, 0xF6, 0xB8, 0xDD, 0xF5, 0xF6, 0xB8, 0xFE, 0xD8, 0xE6, 0x56, 0xDD, 0xF5,
    0xFE, 0xD9, 0xFE, 0xD9, 0xF6, 0x84, 0xB9, 0xDE, 0x17, 0xFF, 0x9D, 0x03, 0xFF, 0xFF, 0xDF, 0xF7,
    0x7E, 0xEF, 0x1D, 0xEE, 0xDC, 0xDE, 0x7B, 0x75, 0xD0, 0x37, 0xE8, 0x17, 0xE3, 0x17, 0xE3, 0x17,
    0xE4, 0x17, 0xE4, 0x17, 0xE4, 0x17, 0xE4, 0x17, 0xE4, 0x17, 0xE4, 0x17, 0xE4, 0x17, 0xE4, 0x17,
    0xE4, 0x17, 0xE4, 0x17, 0xE4, 0x17, 0xE4, 0x17, 0xE4, 0x17, 0xE4, 0x17, 0xE4, 0x17, 0xE4, 0x17,
    0xE4, 0x17, 0xE4, 0x17, 0xE4, 0x17, 0xE4, 0x17, 0xE4, 0x17, 0xE4, 0x17, 0xE4, 0x17, 0xE4, 0x17,
    0xE4, 0x17, 0xE4, 0x17, 0xE4, 0x17, 0xE4, 0x17, 0xE4, 0x17, 0xE4, 0x17, 0xE4, 0x17, 0xE4, 0x17,
    0xE4, 0x17, 0xE4, 0x17, 0xE4, 0x17, 0xE4, 0x17, 0xE4, 0x17, 0xE4, 0x17, 0xE4, 0x17, 0xE4, 0x17,
    0xE4, 0x17, 0xE4, 0x17, 0xE4, 0x17, 0xE4, 0x17, 0xE4, 0x17, 0xE4, 0x17, 0xE4, 0x17, 0xE4, 0x17,
    0xE4, 0x17, 0xE4, 0x17, 0xE4, 0x17, 0xE4, 0x17, 0xE4, 0x17, 0xE4, 0x17, 0xE4, 0x17, 0xFF, 0xE4,
    0x17, 0xE4, 0x17, 0xE4, 0x17, 0xE4, 0x17, 0xE4, 0x17, 0xE4, 0x17, 0xE3, 0x1F, 0xE5, 0x47, 0x2A,
    0x8E, 0x6F, 0x7E, 0x6E, 0x55, 0xCC, 0x7D, 0x6E, 0xBD, 0x73, 0xCD, 0x74, 0xCD, 0x75, 0xC5, 0x34,
    0xD5, 0x54, 0xDD, 0x94, 0xDD, 0x94, 0xE5, 0xB4, 0xE5, 0xB4, 0xE5, 0xD4, 0xE5, 0xF5, 0xD5, 0x53,
    0xD5, 0x53, 0xEE, 0x36, 0xFE, 0xB9, 0xFF, 0x3B, 0xFF, 0x5C, 0xFF, 0x3B, 0xFE, 0x78, 0xED, 0xB5,
    0xED, 0x95, 0xED, 0x95, 0xED, 0x95, 0xED, 0xB5, 0xED, 0x95, 0xF5, 0x95, 0xF5, 0x95, 0xF5, 0x95,
    0xF5, 0x95, 0xF5, 0x95, 0xF5, 0x95, 0xED, 0x74, 0xE5, 0x53, 0xE5, 0x74, 0xED, 0xF5, 0xED, 0xD5,
    0xE5, 0x74, 0xDD, 0x54, 0xED, 0xD5, 0xFE, 0x98, 0xFE, 0xD9, 0xFE, 0xD8, 0xFE, 0xD8, 0xF6, 0xD8,
    0xFE, 0xD9, 0xE6, 0x36, 0xE6, 0x36, 0xFE, 0xD9, 0xFE, 0xD9, 0xE6, 0x15, 0xE6, 0x15, 0xFE, 0xFF,
    0xD9, 0xFE, 0xD9, 0xF6, 0xB9, 0xD5, 0xD6, 0xF7, 0x3B, 0xFF, 0x9D, 0xF7, 0x5D, 0xEE, 0xFC, 0xE6,
    0xBB, 0xEE, 0x9C, 0xDE, 0xBA, 0x6E, 0x50, 0x2F, 0xE7, 0x17, 0xE3, 0x17, 0xE3, 0x17, 0xE4, 0x17,
    0xE4, 0x17, 0xE4, 0x17, 0xE4, 0x17, 0xE4, 0x17, 0xE4, 0x17, 0xE4, 0x17, 0xE4, 0x17, 0xE4, 0x17,
    0xE4, 0x17, 0xE4, 0x17, 0xE4, 0x17, 0xE4, 0x17, 0xE4, 0x17, 0xE4, 0x17, 0xE4, 0x17, 0xE4, 0x17,
    0xE4, 0x17, 0xE4, 0x17, 0xE4, 0x17, 0xE4, 0x17, 0xE4, 0x17, 0xE4, 0x17, 0xE4, 0x17, 0xE4, 0x17,
    0xE4, 0x17, 0xE4, 0x17, 0xE4, 0x17, 0xE4, 0x17, 0xE4, 0x17, 0xE4, 0x17, 0xE4, 0x17, 0xE4, 0x17,
    0xE4, 0x17, 0xE4, 0x17, 0xE4, 0x17, 0xE4, 0x17, 0xE4, 0x17, 0xE4, 0x17, 0xE4, 0x17, 0xE4, 0x17,
    0xE4, 0x17, 0xE4, 0x17, 0xE4, 0x17, 0xE4, 0x17, 0xE4, 0x17, 0xE4, 0x17, 0xE4, 0x17, 0xE4, 0x17,
    0xFF, 0xE4, 0x17, 0xE4, 0x17, 0xE4, 0x17, 0xE4, 0x17, 0xE4, 0x17, 0xE4, 0x17, 0xE4, 0x17, 0xE4,
    0x17, 0xE4, 0x17, 0xE4, 0x17, 0xE4, 0x17, 0xE4, 0x17, 0xE3, 0x27, 0xE7, 0x6E, 0xCE, 0x8E, 0x4F,
    0x56, 0xCB, 0x57, 0x2D, 0x85, 0xF0, 0xCD, 0xF5, 0xD5, 0x95, 0xD5, 0x95, 0xCD, 0x54, 0xD5, 0x33,
    0xDD, 0x74, 0xDD, 0x94, 0xE5, 0xB4, 0xE5, 0x94, 0xE5, 0xB4, 0xDD, 0xB4, 0xC4, 0xF1, 0xDD, 0xB4,
    0xF6, 0xB8, 0xFF, 0x3A, 0xFF, 0x5B, 0xFF, 0x5B, 0xFF, 0x5B, 0xF6, 0x98, 0xE5, 0xD5, 0xE5, 0xD5,
    0xE5, 0xD6, 0xE5, 0xF6, 0xED, 0xF6, 0xED, 0xF6, 0xED, 0xD6, 0xED, 0xB6, 0xED, 0xB6, 0xF5, 0xB5,
    0xF5, 0xB5, 0xF5, 0xB5, 0xF5, 0x95, 0xF5, 0x95, 0xED, 0x74, 0xE5, 0x53, 0xE5, 0x33, 0xF5, 0x95,
    0xF5, 0x95, 0xE5, 0x54, 0xE5, 0x74, 0xFE, 0x78, 0xFE, 0xD9, 0xFE, 0xD9, 0xFE, 0xD9, 0xF6, 0xB8,
    0xDD, 0xFF, 0xF5, 0xF6, 0x98, 0xFE, 0xD9, 0xFE, 0xF9, 0xDD, 0xD4, 0xE6, 0x36, 0xFE, 0xD9, 0xFE,
    0xD9, 0xF6, 0x98, 0xCD, 0xB5, 0xE6, 0xB9, 0xE6, 0xFB, 0xE6, 0xDB, 0xE6, 0xBB, 0xEE, 0xBB, 0xEE,
    0x9B, 0xAD, 0xF4, 0x4E, 0xEB, 0x27, 0xE5, 0x17, 0xE3, 0x17, 0xE4, 0x17, 0xE4, 0x17, 0xE4, 0x17,
    0xE4, 0x17, 0xE4, 0x17, 0xE4, 0x17, 0xE4, 0x17, 0xE4, 0x17, 0xE4, 0x17, 0xE4, 0x17, 0xE4, 0x17,
    0xE4, 0x17, 0xE4, 0x17, 0xE4, 0x17, 0xE4, 0x17, 0xE4, 0x17, 0xE4, 0x17, 0xE4, 0x17, 0xE4, 0x17,
    0xE4, 0x17, 0xE4, 0x17, 0xE4, 0x17, 0xE4, 0x17, 0xE4, 0x17, 0xE4, 0x17, 0xE4, 0x17, 0xE4, 0x17,
    0xE4, 0x17, 0xE4, 0x17, 0xE4, 0x17, 0xE4, 0x17, 0xE4, 0x17, 0xE4, 0x17, 0xE4, 0x17, 0xE4, 0x17,
    0xE4, 0x17, 0xE4, 0x17, 0xE4, 0x17, 0xE4, 0x17, 0xE4, 0x17, 0xE4, 0x17, 0xE4, 0x17, 0xE4, 0x17,
    0xE4, 0x17, 0xFF, 0xE4, 0x17, 0xE4, 0x17, 0xE4, 0x17, 0xE4, 0x17, 0xE4, 0x17, 0xE4, 0x17, 0xE4,
    0x17, 0xE4, 0x17, 0xE4, 0x17, 0xE4, 0x17, 0xE4, 0x17, 0xE4, 0x17, 0xE4, 0x17, 0xE4, 0x17, 0xE4,
    0x17, 0xE4, 0x17, 0xE4, 0x17, 0xE4, 0x17, 0xE3, 0x2F, 0xE7, 0x86, 0xB1, 0x6E, 0x2C, 0x57, 0xAD,
    0x5E, 0xCE, 0xB6, 0x54, 0xD5, 0xB5, 0xD5, 0x94, 0xD5, 0xB5, 0xCD, 0x53, 0xD5, 0x33, 0xDD, 0x73,
    0xDD, 0x94, 0xE5, 0xB4, 0xE5, 0x94, 0xE5, 0xB4, 0xDD, 0x94, 0xC4, 0xF1, 0xE5, 0xF6, 0xFE, 0xF9,
    0xFF, 0x5B, 0xFF, 0x5B, 0xFF, 0x5B, 0xFF, 0x5B, 0xFF, 0x1A, 0xEE, 0xB8, 0xE6, 0x57, 0xEE, 0x57,
    0xF6, 0x99, 0xFE, 0xD9, 0xFE, 0xDA, 0xFE, 0xD9, 0xF6, 0x99, 0xEE, 0x17, 0xED, 0xD6, 0xED, 0xB5,
    0xED, 0xB5, 0xF5, 0xB5, 0xF5, 0xB5, 0xF5, 0xB5, 0xF5, 0x95, 0xF5, 0x95, 0xF5, 0x95, 0xF5, 0x95,
    0xF5, 0x95, 0xE5, 0xFF, 0x54, 0xE5, 0x74, 0xF6, 0x57, 0xFE, 0xB8, 0xFE, 0xD9, 0xF6, 0x77, 0xE6,
    0x16, 0xFE, 0xB8, 0xFE, 0xD9, 0xF6, 0xD8, 0xD5, 0xB4, 0xEE, 0x56, 0xFE, 0xD9, 0xFE, 0xB8, 0xE6,
    0x16, 0xD5, 0x95, 0xE6, 0xBA, 0xE6, 0xDA, 0xE6, 0xDB, 0xEE, 0xDB, 0xEE, 0xBB, 0xE6, 0x9A, 0x7D,
    0x90, 0x47, 0xEA, 0x1F, 0xE4, 0x17, 0xE3, 0x17, 0xE4, 0x17, 0xE4, 0x17, 0xE4, 0x17, 0xE4, 0x17,
    0xE4, 0x17, 0xE4, 0x17, 0xE4, 0x17, 0xE4, 0x17, 0xE4, 0x17, 0xE4, 0x17, 0xE4, 0x17, 0xE4, 0x17,
    0xE4, 0x17, 0xE4, 0x17, 0xE4, 0x17, 0xE4, 0x17, 0xE4, 0x17, 0xE4, 0x17, 0xE4, 0x17, 0xE4, 0x17,
    0xE4, 0x17, 0xE4, 0x17, 0xE4, 0x17, 0xE4, 0x17, 0xE4, 0x17, 0xE4, 0x17, 0xE4, 0x17, 0xE4, 0x17,
    0xE4, 0x17, 0xE4, 0x17, 0xE4, 0x17, 0xE4, 0x17, 0xE4, 0x17, 0xE4, 0x17, 0xE4, 0x17, 0xE4, 0x17,
    0xE4, 0x17, 0xE4, 0x17, 0xC1, 0xE4, 0x17, 0xE4, 0x17, 0xE4, 0x17, 0xE4, 0x17, 0xE4, 0x17, 0xE4,
    0x17, 0xE4, 0x17, 0xE4, 0x17, 0xE4, 0x17, 0xE4, 0x17, 0xE4, 0x17, 0xE4, 0x17, 0xE4, 0x17, 0xE4,
    0x17, 0xE4, 0x17, 0xE4, 0x17, 0xE4, 0x17, 0xE4, 0x17, 0xE4, 0x17, 0xE4, 0x17, 0xE4, 0x17, 0xE4,
    0x17, 0xE4, 0x17, 0xE4, 0x17, 0xE4, 0x3F, 0xC8, 0x7E, 0x70, 0x76, 0xAE, 0x56, 0xAC, 0x7E, 0x0F,
    0xCE, 0x15, 0xDD, 0xF5, 0xDD, 0xD5, 0xDD, 0x02, 0xD5, 0xD1, 0x73, 0xCD, 0x32, 0xDD, 0x73, 0xE5,
    0x73, 0xE5, 0xB4, 0xE5, 0xB4, 0xE5, 0xB4, 0xDD, 0x73, 0xC4, 0xF1, 0xEE, 0x36, 0xFF, 0x1A, 0xFF,
    0x5B, 0xFF, 0x5B, 0xFF, 0x5B, 0xFF, 0x5B, 0xFF, 0x5B, 0xFF, 0x5B, 0xFF, 0x3B, 0xFF, 0x1A, 0xFF,
    0x3B, 0xFF, 0x5B, 0xFF, 0x5C, 0xFF, 0x5C, 0xFF, 0x5C, 0xFF, 0x1B, 0xF6, 0x99, 0xF6, 0x58, 0xED,
    0xF6, 0xED, 0xD6, 0xED, 0xB5, 0xED, 0xB5, 0xF5, 0x95, 0xF5, 0xB5, 0xF5, 0xB5, 0xF5, 0xB5, 0xF5,
    0x95, 0xF5, 0xB5, 0xE5, 0x54, 0xDD, 0x74, 0xFE, 0x57, 0xFE, 0x78, 0xED, 0x02, 0xF6, 0xFF, 0x77,
    0xFE, 0xD9, 0xFE, 0xD9, 0xEE, 0x77, 0xD5, 0x93, 0xF6, 0x98, 0xFE, 0xB8, 0xEE, 0x57, 0xDD, 0xB5,
    0xD5, 0xB5, 0xEE, 0xBA, 0xEE, 0xBA, 0xE6, 0xBB, 0xE6, 0xDB, 0xE6, 0xFB, 0xCE, 0xB8, 0x66, 0x6E,
    0x37, 0xE8, 0x17, 0xE4, 0x17, 0xE4, 0x17, 0xE4, 0x17, 0xE4, 0x17, 0xE4, 0x17, 0xE4, 0x17, 0xE4,
    0x17, 0xE4, 0x17, 0xE4, 0x17, 0xE4, 0x17, 0xE4, 0x17, 0xE4, 0x17, 0xE4, 0x17, 0xE4, 0x17, 0xE4,
    0x17, 0xE4, 0x17, 0xE4, 0x17, 0xE4, 0x17, 0xE4, 0x17, 0xE4, 0x17, 0xE4, 0x17, 0xE4, 0x17, 0xE4,
    0x17, 0xE4, 0x17, 0xE4, 0x17, 0xE4, 0x17, 0xE4, 0x17, 0xE4, 0x17, 0xE4, 0x17, 0xE4, 0x17, 0xE4,
    0x17, 0xE4, 0x17, 0xE4, 0x17, 0xE4, 0x17, 0xE4, 0x17, 0xE4, 0x17, 0xE4, 0x17, 0xE4, 0x17, 0xE4,
    0x17, 0xE4, 0x17, 0xE4, 0x17, 0xE4, 0x17, 0xE4, 0x17, 0xE4, 0x17, 0xE4, 0x17, 0xE4, 0x17, 0xFF,
    0xE4, 0x17, 0xE4, 0x17, 0xE4, 0x17, 0xE4, 0x17, 0xE4, 0x17, 0xE4, 0x17, 0xE4, 0x17, 0xE4, 0x17,
    0xE4, 0x17, 0xE4, 0x17, 0xE4, 0x17, 0xE4, 0x17, 0xE4, 0x17, 0xE4, 0x17, 0xE4, 0x17, 0xE4, 0x1F,
    0xE5, 0x2F, 0xE6, 0x37, 0xE7, 0x56, 0xAA, 0x6D, 0x4C, 0x8D, 0xCF, 0x95, 0xD0, 0xC6, 0x54, 0xE6,
    0x96, 0xF6, 0x98, 0xE6, 0x15, 0xDD, 0xD4, 0xC5, 0x52, 0xC5, 0x52, 0xD5, 0x52, 0xDD, 0x53, 0xE5,
    0xB4, 0xE5, 0xB4, 0xE5, 0xB4, 0xD5, 0x73, 0xCD, 0x32, 0xF6, 0x98, 0xFF, 0x3A, 0xFF, 0x5B, 0xFF,
    0x5B, 0xFF, 0x5B, 0xFF, 0x5B, 0xFF, 0x5B, 0xFF, 0x5B, 0xFF, 0x5B, 0xFF, 0x5B, 0xFF, 0x3B, 0xFF,
    0x3B, 0xFF, 0x3B, 0xFF, 0x5C, 0xFF, 0x5C, 0xFF, 0x5C, 0xFF, 0x5C, 0xFF, 0x3B, 0xFE, 0xDA, 0xEE,
    0x58, 0xEE, 0x17, 0xE5, 0xF6, 0xED, 0xF7, 0xEE, 0x37, 0xED, 0xF6, 0xED, 0xD6, 0xED, 0xB5, 0xED,
    0x91, 0x95, 0xF5, 0x95, 0xE5, 0x74, 0xED, 0xB5, 0xE5, 0x94, 0xE5, 0x94, 0xFE, 0x98, 0xFE, 0xB8,
    0xFE, 0xB8, 0xE5, 0x02, 0xD5, 0xFF, 0x94, 0xFE, 0xB8, 0xF6, 0x57, 0xED, 0xF6, 0xD5, 0x94, 0xD5,
    0xB6, 0xF6, 0xBA, 0xEE, 0xBB, 0xE6, 0xDA, 0xD7, 0x19, 0xB6, 0xF6, 0x76, 0x4F, 0x3F, 0x6A, 0x1F,
    0xE6, 0x17, 0xE4, 0x17, 0xE4, 0x17, 0xE4, 0x17, 0xE4, 0x17, 0xE4, 0x17, 0xE4, 0x17, 0xE4, 0x17,
    0xE4, 0x17, 0xE4, 0x17, 0xE4, 0x17, 0xE4, 0x17, 0xE4, 0x17, 0xE4, 0x17, 0xE4, 0x17, 0xE4, 0x17,
    0xE4, 0x17, 0xE4, 0x17, 0xE4, 0x17, 0xE4, 0x17, 0xE4, 0x17, 0xE4, 0x17, 0xE4, 0x17, 0xE4, 0x17,
    0xE4, 0x17, 0xE4, 0x17, 0xE4, 0x17, 0xE4, 0x17, 0xE4, 0x17, 0xE4, 0x17, 0xE4, 0x17, 0xE4, 0x17,
    0xE4, 0x17, 0xE4, 0x17, 0xE4, 0x17, 0xE4, 0x17, 0xE4, 0x17, 0xE4, 0x17, 0xE4, 0x17, 0xE4, 0x17,
    0xE4, 0x17, 0xE4, 0x17, 0xE4, 0x17, 0xE4, 0x17, 0xE4, 0x17, 0xE4, 0x17, 0xE4, 0x17, 0xE4, 0x17,
    0xE4, 0x17, 0xE4, 0x17, 0xE4, 0x17, 0xFF, 0xE4, 0x17, 0xE4, 0x17, 0xE4, 0x17, 0xE4, 0x17, 0xE4,
    0x17, 0xE4, 0x17, 0xE4, 0x17, 0xE4, 0x17, 0xE4, 0x17, 0xE4, 0x1F, 0xE5, 0x2F, 0xE7, 0x47, 0xC9,
    0x5E, 0xEB, 0x76, 0x2E, 0x9E, 0x11, 0xC6, 0x34, 0xE6, 0x96, 0xEE, 0xF8, 0xF6, 0xF8, 0xF6, 0xD8,
    0xF6, 0x97, 0xE5, 0xF5, 0xD5, 0xD4, 0x94, 0xCE, 0x84, 0xED, 0xBD, 0x51, 0xC4, 0xD1, 0xE5, 0xB4,
    0xDD, 0xB4, 0xDD, 0xB4, 0xD5, 0x73, 0xD5, 0x73, 0xFE, 0xF9, 0xFF, 0x5B, 0xFF, 0x7C, 0xFF, 0x5B,
    0xFF, 0x5B, 0xFF, 0x5B, 0xFF, 0x5B, 0xFF, 0x5B, 0xFF, 0x7B, 0xFF, 0x5B, 0xF6, 0xFA, 0xEE, 0x99,
    0xE6, 0x98, 0xF7, 0x1B, 0xFF, 0x5C, 0xFF, 0x5C, 0xFF, 0x5C, 0xFF, 0x5C, 0xFF, 0x5C, 0xFF, 0x3B,
    0xFF, 0x1B, 0xF6, 0xDA, 0xFF, 0x1B, 0xFF, 0x5C, 0xFF, 0x1B, 0xEE, 0x79, 0xE5, 0xF7, 0xED, 0xB5,
    0xED, 0xB5, 0xED, 0xB5, 0xED, 0x95, 0xE5, 0xFF, 0x74, 0xE5, 0x54, 0xED, 0xD5, 0xFE, 0xB9, 0xF6,
    0x57, 0xCD, 0x12, 0xE5, 0xF5, 0xFE, 0x98, 0xEE, 0x16, 0xE5, 0xD5, 0xCD, 0x53, 0xDD, 0xB6, 0xF6,
    0x9A, 0xF6, 0x9B, 0xBE, 0x57, 0x66, 0x4D, 0x46, 0xE8, 0x37, 0xC7, 0x27, 0xE6, 0x17, 0xE4, 0x17,
    0xE4, 0x17, 0xE4, 0x17, 0xE4, 0x17, 0xE4, 0x17, 0xE4, 0x17, 0xE4, 0x17, 0xE4, 0x17, 0xE4, 0x17,
    0xE4, 0x17, 0xE4, 0x17, 0xE4, 0x17, 0xE4, 0x17, 0xE4, 0x17, 0xE4, 0x17, 0xE4, 0x17, 0xE4, 0x17,
    0xE4, 0x17, 0xE4, 0x17, 0xE4, 0x17, 0xE4, 0x17, 0xE4, 0x17, 0xE4, 0x17, 0xE4, 0x17, 0xE4, 0x17,
    0xE4, 0x17, 0xE4, 0x17, 0xE4, 0x17, 0xE4, 0x17, 0xE4, 0x17, 0xE4, 0x17, 0xE4, 0x17, 0xE4, 0x17,
    0xE4, 0x17, 0xE4, 0x17, 0xE4, 0x17, 0xE4, 0x17, 0xE4, 0x17, 0xE4, 0x17, 0xE4, 0x17, 0xE4, 0x17,
    0xE4, 0x17, 0xE4, 0x17, 0xE4, 0x17, 0xE4, 0x17, 0xFF, 0xE4, 0x17, 0xE4, 0x17, 0xE4, 0x17, 0xE4,
    0x17, 0xE4, 0x17, 0xE4, 0x17, 0xE4, 0x17, 0xE4, 0x17, 0xE4, 0x17, 0xE4, 0x17, 0xE4, 0x17, 0xE4,
    0x17, 0xE4, 0x17, 0xE3, 0x17, 0xE4, 0x2F, 0xE6, 0x47, 0xC9, 0x66, 0xCB, 0x96, 0x70, 0xC6, 0x95,
    0xEE, 0xD9, 0xF6, 0xF9, 0xF7, 0x18, 0xF6, 0xD8, 0xF6, 0xB8, 0xFE, 0xD8, 0xFE, 0xD8, 0xEE, 0x56,
    0xDD, 0xD5, 0xB5, 0x91, 0x65, 0x6A, 0x56, 0x0A, 0xA5, 0xD0, 0xAC, 0x2E, 0xDD, 0x73, 0xE5, 0xB4,
    0xE5, 0xB4, 0xD5, 0x73, 0xD5, 0x94, 0xFF, 0x1A, 0xF6, 0xFA, 0xFE, 0xFA, 0xFF, 0x3B, 0xFF, 0x3B,
    0xFF, 0x3B, 0xFF, 0x3B, 0xFF, 0x1A, 0xF6, 0xB9, 0xEE, 0x37, 0xCD, 0x54, 0xCD, 0x54, 0xF6, 0xB9,
    0xFF, 0x3B, 0xFF, 0x5C, 0xFF, 0x5C, 0xFF, 0x5C, 0xFF, 0x5C, 0xFF, 0x5C, 0xFF, 0x5C, 0xFF, 0x5C,
    0xFF, 0x5C, 0xFF, 0x5C, 0xF6, 0xFA, 0xEE, 0xB9, 0xFF, 0xFF, 0x1B, 0xFE, 0xFA, 0xEE, 0x58, 0xED,
    0xF6, 0xE5, 0xD5, 0xED, 0xB5, 0xED, 0xB5, 0xED, 0x95, 0xDD, 0x53, 0xEE, 0x16, 0xE5, 0xD5, 0xBC,
    0x90, 0xEE, 0x16, 0xEE, 0x16, 0xE5, 0xB4, 0xE5, 0xB4, 0xCD, 0x12, 0xCD, 0x12, 0xD5, 0x54, 0xCD,
    0x14, 0x75, 0x2E, 0x3F, 0xAA, 0x27, 0xE6, 0x1F, 0xE4, 0x17, 0xE4, 0x17, 0xE3, 0x17, 0xE4, 0x17,
    0xE4, 0x17, 0xE4, 0x17, 0xE4, 0x17, 0xE4, 0x17, 0xE4, 0x17, 0xE4, 0x17, 0xE4, 0x17, 0xE4, 0x17,
    0xE4, 0x17, 0xE4, 0x17, 0xE4, 0x17, 0xE4, 0x17, 0xE4, 0x17, 0xE4, 0x17, 0xE4, 0x17, 0xE4, 0x17,
    0xE4, 0x17, 0xE4, 0x17, 0xE4, 0x17, 0xE4, 0x17, 0xE4, 0x17, 0xE4, 0x17, 0xE4, 0x17, 0xE4, 0x17,
    0xE4, 0x17, 0xE4, 0x17, 0xE4, 0x17, 0xE4, 0x17, 0xE4, 0x17, 0xE4, 0x17, 0xE4, 0x17, 0xE4, 0x17,
    0xE4, 0x17, 0xE4, 0x17, 0xE4, 0x17, 0xE4, 0x17, 0xE4, 0x17, 0xFF, 0xE4, 0x17, 0xE4, 0x17, 0xE4,
    0x17, 0xE4, 0x17, 0xE4, 0x17, 0xE4, 0x17, 0xE4, 0x17, 0xE4, 0x17, 0xE4, 0x17, 0xE4, 0x17, 0xE4,
    0x17, 0xE4, 0x17, 0xE4, 0x17, 0xE4, 0x17, 0xE4, 0x17, 0xE4, 0x17, 0xE4, 0x17, 0xE4, 0x17, 0xE4,
    0x1F, 0xE4, 0x27, 0xE5, 0x3F, 0x48, 0x86, 0x8F, 0xC6, 0xD6, 0xEE, 0xF9, 0xF7, 0x1A, 0xFE, 0xFA,
    0xF6, 0xD9, 0xFE, 0xD9, 0xFE, 0xD9, 0xF6, 0xB8, 0xFE, 0xB8, 0xF6, 0x77, 0xED, 0xF5, 0xD5, 0xB3,
    0x85, 0x4C, 0x4F, 0x69, 0x37, 0x87, 0x8E, 0x2E, 0xA4, 0x0D, 0xCC, 0xD1, 0xE5, 0xD4, 0xE5, 0xB4,
    0xD5, 0x73, 0xD5, 0x94, 0xFF, 0x1A, 0xCD, 0xB4, 0x7B, 0x0A, 0x72, 0xA9, 0x7A, 0xE9, 0x82, 0xE9,
    0x7A, 0xC9, 0x72, 0x88, 0x72, 0x68, 0x61, 0xC6, 0x40, 0xA1, 0x48, 0xE2, 0xB4, 0x70, 0xFF, 0x3B,
    0xFF, 0x5C, 0xFF, 0x5C, 0xFF, 0x5C, 0xFF, 0x5C, 0xFF, 0x5C, 0xFF, 0xFF, 0x5C, 0xFF, 0x5C, 0xFF,
    0x5C, 0xFF, 0x5C, 0xF7, 0x1A, 0xEE, 0xD9, 0xEE, 0x99, 0xFF, 0x1A, 0xFF, 0x3B, 0xF6, 0x98, 0xEE,
    0x16, 0xE5, 0xD5, 0xED, 0xB5, 0xED, 0xB5, 0xE5, 0x94, 0xDD, 0x74, 0xC4, 0xB0, 0xCC, 0xF1, 0xED,
    0xF5, 0xE5, 0xB4, 0xE5, 0xB4, 0xDD, 0x94, 0xCD, 0x32, 0xDD, 0x94, 0xD5, 0x53, 0xCC, 0xD3, 0x85,
    0x8E, 0x3F, 0xEA, 0x17, 0xE4, 0x17, 0xE4, 0x17, 0xE3, 0x17, 0xE4, 0x17, 0xE4, 0x17, 0xE4, 0x17,
    0xE4, 0x17, 0xE4, 0x17, 0xE4, 0x17, 0xE4, 0x17, 0xE4, 0x17, 0xE4, 0x17, 0xE4, 0x17, 0xE4, 0x17,
    0xE4, 0x17, 0xE4, 0x17, 0xE4, 0x17, 0xE4, 0x17, 0xE4, 0x17, 0xE4, 0x17, 0xE4, 0x17, 0xE4, 0x17,
    0xE4, 0x17, 0xE4, 0x17, 0xE4, 0x17, 0xE4, 0x17, 0xE4, 0x17, 0xE4, 0x17, 0xE4, 0x17, 0xE4, 0x17,
    0xE4, 0x17, 0xE4, 0x17, 0xE4, 0x17, 0xE4, 0x17, 0xE4, 0x17, 0xE4, 0x17, 0xFF, 0xE4, 0x17, 0xE4,
    0x17, 0xE4, 0x17, 0xE4, 0x17, 0xE4, 0x17, 0xE4, 0x17, 0xE4, 0x17, 0xE4, 0x17, 0xE4, 0x17, 0xE4,
    0x17, 0xE4, 0x17, 0xE4, 0x17, 0xE4, 0x17, 0xE4, 0x17, 0xE4, 0x17, 0xE4, 0x17, 0xE4, 0x17, 0xE4,
    0x17, 0xE4, 0x17, 0xE4, 0x17, 0xE4, 0x17, 0xE4, 0x17, 0xE4, 0x17, 0xE4, 0x17, 0xE4, 0x2F, 0xE7,
    0x47, 0x48, 0x97, 0x12, 0xDF, 0x18, 0xE6, 0x78, 0xEE, 0x78, 0xF6, 0xD9, 0xF6, 0xF9, 0xF6, 0xD9,
    0xFE, 0xD9, 0xF6, 0xB8, 0xF6, 0x98, 0xF6, 0x77, 0xE5, 0xD5, 0xDD, 0xD4, 0xA5, 0xB0, 0x56, 0xCA,
    0x2F, 0xE7, 0x27, 0xE6, 0x66, 0x2B, 0xB4, 0xCF, 0xCC, 0xD0, 0xDD, 0x73, 0xE5, 0xB4, 0xDD, 0x73,
    0xD5, 0xB4, 0xFF, 0x1A, 0xAC, 0xB0, 0x51, 0xA5, 0x41, 0x22, 0x38, 0xC0, 0x38, 0xC0, 0x49, 0x22,
    0x51, 0x63, 0x59, 0xC5, 0x59, 0x85, 0x51, 0x64, 0x6A, 0x28, 0xAC, 0x70, 0xFF, 0xA7, 0x1B, 0xFF,
    0x5C, 0xFF, 0x5C, 0xFF, 0x5C, 0xFF, 0x5C, 0xFF, 0x5C, 0xFF, 0x5C, 0xFF, 0x5C, 0xFF, 0x5C, 0xFF,
    0x3B, 0xCD, 0xD5, 0x93, 0xEE, 0xC5, 0x53, 0xF6, 0xDA, 0xFF, 0x5C, 0xFF, 0x3B, 0xFE, 0xB9, 0xEE,
    0x16, 0xE5, 0xD5, 0xE5, 0xB5, 0xED, 0x02, 0xD5, 0xFF, 0x12, 0xB3, 0xEE, 0xDD, 0x74, 0xE5, 0xB4,
    0xE5, 0x94, 0xE5, 0x94, 0xD5, 0x53, 0xD5, 0x53, 0xE5, 0xD5, 0xE5, 0xB5, 0xD5, 0x54, 0x85, 0xAF,
    0x3F, 0xE9, 0x17, 0xE4, 0x17, 0xE4, 0x17, 0xE4, 0x17, 0xE4, 0x17, 0xE4, 0x17, 0xE4, 0x17, 0xE4,
    0x17, 0xE4, 0x17, 0xE4, 0x17, 0xE4, 0x17, 0xE4, 0x17, 0xE4, 0x17, 0xE4, 0x17, 0xE4, 0x17, 0xE4,
    0x17, 0xE4, 0x17, 0xE4, 0x17, 0xE4, 0x17, 0xE4, 0x17, 0xE4, 0x17, 0xE4, 0x17, 0xE4, 0x17, 0xE4,
    0x17, 0xE4, 0x17, 0xE4, 0x17, 0xE4, 0x17, 0xE4, 0x17, 0xE4, 0x17, 0xE4, 0x17, 0xE4, 0x17, 0xE4,
    0x17, 0xE4, 0x17, 0xE4, 0x17, 0xE4, 0x17, 0xE4, 0x17, 0xE4, 0x17, 0xE4, 0x17, 0xE4, 0x17, 0xE4,
    0x17, 0xE4, 0x17, 0xE4, 0x17, 0xE4, 0x17, 0xE4, 0x17, 0xE4, 0x17, 0xE4, 0x17, 0xE4, 0x17, 0xE4,
    0x17, 0xE4, 0x17, 0xE4, 0x17, 0xE4, 0x17, 0xE4, 0x17, 0xFF, 0xE4, 0x17, 0xE4, 0x17, 0xE4, 0x17,
    0xE4, 0x17, 0xE4, 0x17, 0xE4, 0x17, 0xE4, 0x17, 0xE4, 0x17, 0xE4, 0x27, 0xE6, 0x47, 0x29, 0x9F,
    0x32, 0xCE, 0xD6, 0xB5, 0x32, 0xE6, 0x57, 0xF6, 0xD9, 0xF6, 0xF9, 0xF6, 0xD9, 0xF6, 0xB9, 0xF6,
    0xB8, 0xEE, 0x57, 0xEE, 0x16, 0xE5, 0xF5, 0xDD, 0xF5, 0xA5, 0x90, 0x5E, 0x4B, 0x3F, 0xE9, 0x17,
    0xE5, 0x1F, 0xE6, 0x4E, 0x49, 0xB5, 0x50, 0xD5, 0x12, 0xCD, 0x11, 0xE5, 0xB4, 0xDD, 0x94, 0xDD,
    0xB4, 0xFF, 0x1A, 0xFE, 0xFA, 0xE6, 0x57, 0xD5, 0xB5, 0xBC, 0xF2, 0xAC, 0xB0, 0xB4, 0xD1, 0xB4,
    0xD1, 0xB4, 0xB1, 0xC5, 0x33, 0xDE, 0x17, 0xF6, 0xDA, 0xFF, 0x5C, 0xFF, 0x5C, 0xFF, 0x5C, 0xFF,
    0x5C, 0xFF, 0x5C, 0xFF, 0x5C, 0xFF, 0x5C, 0xFF, 0x5C, 0xFF, 0x5C, 0xFF, 0x9D, 0xE6, 0x99, 0x6A,
    0x88, 0x30, 0xA0, 0x41, 0x03, 0x7A, 0xCA, 0xC5, 0x12, 0xFE, 0xFF, 0xB9, 0xFF, 0x5B, 0xFF, 0x1A,
    0xF6, 0x98, 0xE5, 0xF6, 0xED, 0xF6, 0xD5, 0x12, 0xBC, 0x70, 0xE5, 0xB4, 0xE5, 0x94, 0xE5, 0x94,
    0xDD, 0x94, 0xC4, 0xF1, 0xDD, 0x73, 0xE5, 0xB5, 0xE5, 0xB5, 0xD5, 0x33, 0x7D, 0x8E, 0x37, 0xE9,
    0x17, 0xE4, 0x17, 0xE4, 0x17, 0xE4, 0x17, 0xE4, 0x17, 0xE4, 0x17, 0xE4, 0x17, 0xE4, 0x17, 0xE4,
    0x17, 0xE4, 0x17, 0xE4, 0x17, 0xE4, 0x17, 0xE4, 0x17, 0xE4, 0x17, 0xE4, 0x17, 0xE4, 0x17, 0xE4,
    0x17, 0xE4, 0x17, 0xE4, 0x17, 0xE4, 0x17, 0xE4, 0x17, 0xE4, 0x17, 0xE4, 0x17, 0xE4, 0x17, 0xE4,
    0x17, 0xE4, 0x17, 0xE4, 0x17, 0xE4, 0x17, 0xE4, 0x17, 0xE4, 0x17, 0xE4, 0x17, 0xE4, 0x17, 0xE4,
    0x17, 0xE4, 0x17, 0xE4, 0x17, 0xE4, 0x17, 0xE4, 0x17, 0xE4, 0x17, 0xE4, 0x17, 0xE4, 0x17, 0xE4,
    0x17, 0xE4, 0x17, 0xE4, 0x17, 0xE4, 0x17, 0xE4, 0x17, 0xE4, 0x17, 0xFF, 0xE4, 0x17, 0xE4, 0x17,
    0xE4, 0x17, 0xE4, 0x17, 0xE4, 0x17, 0xE4, 0x17, 0xE4, 0x17, 0xE4, 0x17, 0xE4, 0x17, 0xE4, 0x17,
    0xE4, 0x17, 0xE4, 0x17, 0xE4, 0x17, 0xE4, 0x17, 0xE4, 0x2F, 0xE6, 0x87, 0x10, 0xAF, 0x15, 0x6C,
    0x8C, 0xC5, 0xD3, 0xFE, 0xD9, 0xF6, 0xD9, 0xF6, 0xF9, 0xF6, 0xB9, 0xEE, 0x57, 0xE6, 0x16, 0xE5,
    0xD5, 0xE5, 0xB5, 0xD5, 0xF4, 0x9E, 0x10, 0x56, 0x8A, 0x37, 0xE8, 0x27, 0xE5, 0x17, 0xE4, 0x17,
    0xE5, 0x4E, 0xA9, 0xAD, 0x30, 0xC4, 0xD0, 0xC4, 0xD0, 0xCD, 0x11, 0xDD, 0xB4, 0xDD, 0xB4, 0xFF,
    0x1A, 0xFF, 0x3B, 0xFF, 0x5C, 0xFF, 0x7C, 0xFF, 0x7C, 0xFF, 0x7C, 0xFF, 0x7C, 0xFF, 0x7C, 0xFF,
    0x7C, 0xFF, 0x5C, 0xFF, 0x5C, 0xFF, 0x5C, 0xFF, 0x5C, 0xFF, 0x5C, 0xFF, 0x5C, 0xFF, 0x5C, 0xFF,
    0x5C, 0xFF, 0x5C, 0xFF, 0x5C, 0xFF, 0x5C, 0xFF, 0x5C, 0xFF, 0x7C, 0xFF, 0xFF, 0x5C, 0xD5, 0xF6,
    0x72, 0xC9, 0x49, 0x44, 0x51, 0x85, 0x61, 0xE6, 0x7A, 0x68, 0xAC, 0x0E, 0xDD, 0xB5, 0xF6, 0xB9,
    0xF6, 0x78, 0xE5, 0xD5, 0xCC, 0xF2, 0xD5, 0x32, 0xE5, 0xB4, 0xE5, 0xB4, 0xE5, 0x94, 0xD5, 0x32,
    0xCC, 0xF1, 0xE5, 0xB4, 0xE5, 0xB5, 0xE5, 0xB5, 0xD5, 0x54, 0x75, 0xEE, 0x2F, 0xE9, 0x0F, 0xE4,
    0x17, 0xE4, 0x17, 0xE4, 0x17, 0xE4, 0x17, 0xE4, 0x17, 0xE4, 0x17, 0xE4, 0x17, 0xE4, 0x17, 0xE4,
    0x17, 0xE4, 0x17, 0xE4, 0x17, 0xE4, 0x17, 0xE4, 0x17, 0xE4, 0x17, 0xE4, 0x17, 0xE4, 0x17, 0xE4,
    0x17, 0xE4, 0x17, 0xE4, 0x17, 0xE4, 0x17, 0xE4, 0x17, 0xE4, 0x17, 0xE4, 0x17, 0xE4, 0x17, 0xE4,
    0x17, 0xE4, 0x17, 0xE4, 0x17, 0xE4, 0x17, 0xE4, 0x17, 0xE4, 0x17, 0xE4, 0x17, 0xE4, 0x17, 0xE4,
    0x17, 0xE4, 0x17, 0xE4, 0x17, 0xE4, 0x17, 0xE4, 0x17, 0xE4, 0x17, 0xE4, 0x17, 0xAD, 0xE4, 0x17,
    0xE4, 0x17, 0xE4, 0x17, 0xE4, 0x17, 0xE4, 0x17, 0xE4, 0x17, 0xE4, 0x17, 0xE4, 0x17, 0xE4, 0x17,
    0xE4, 0x17, 0xE4, 0x17, 0xE4, 0x17, 0xE4, 0x17, 0xE4, 0x17, 0xE4, 0x17, 0xE4, 0x17, 0xE4, 0x17,
    0xE4, 0x17, 0xE4, 0x17, 0xE4, 0x1F, 0xE4, 0x3F, 0xA6, 0x87, 0x0F, 0x5E, 0x02, 0x6D, 0xFF, 0xEE,
    0xE6, 0xF8, 0xFE, 0xD9, 0xF6, 0xD8, 0xEE, 0x98, 0xEE, 0x57, 0xE5, 0xF6, 0xDE, 0x16, 0xDE, 0x15,
    0xCD, 0xD3, 0x8D, 0xEE, 0x46, 0xE9, 0x2F, 0xE7, 0x1F, 0xE6, 0x17, 0xE4, 0x17, 0xE4, 0x17, 0xE4,
    0x5F, 0x2B, 0xBD, 0xD2, 0xCD, 0x12, 0xD5, 0x72, 0xBC, 0xD0, 0xD5, 0x53, 0xD5, 0x94, 0xFE, 0xFA,
    0xFF, 0x3B, 0xFF, 0x3B, 0xFF, 0x1B, 0xFF, 0x1B, 0xFF, 0x1B, 0xFF, 0x1B, 0xFF, 0x3B, 0xFF, 0x3B,
    0xFF, 0x5B, 0xFF, 0x5C, 0xFF, 0x5C, 0xFF, 0x5C, 0xFF, 0x5C, 0xFF, 0x5C, 0xFF, 0x7C, 0xFF, 0x5C,
    0xFF, 0x5C, 0xFF, 0x5C, 0xFF, 0x5C, 0xFF, 0x5C, 0xFF, 0x5C, 0xFF, 0x5C, 0xFF, 0x7C, 0xFF, 0x1B,
    0xBD, 0x12, 0x7A, 0xEA, 0x61, 0xE6, 0x51, 0x64, 0x40, 0xC1, 0x49, 0x23, 0x6A, 0x47, 0xBC, 0xD1,
    0xDD, 0xB5, 0xD5, 0x12, 0xE5, 0xB4, 0xE5, 0xB4, 0xE5, 0x94, 0xD5, 0x32, 0xCC, 0xF1, 0xDD, 0xFF,
    0x93, 0xED, 0xD5, 0xE5, 0xB5, 0xE5, 0xB5, 0xDD, 0xD5, 0x76, 0x4F, 0x2F, 0xE8, 0x17, 0xE4, 0x17,
    0xE4, 0x17, 0xE4, 0x17, 0xE4, 0x17, 0xE4, 0x17, 0xE4, 0x17, 0xE4, 0x17, 0xE4, 0x17, 0xE4, 0x17,
    0xE4, 0x17, 0xE4, 0x17, 0xE4, 0x17, 0xE4, 0x17, 0xE4, 0x17, 0xE4, 0x17, 0xE4, 0x17, 0xE4, 0x17,
    0xE4, 0x17, 0xE4, 0x17, 0xE4, 0x17, 0xE4, 0x17, 0xE4, 0x17, 0xE4, 0x17, 0xE4, 0x17, 0xE4, 0x17,
    0xE4, 0x17, 0xE4, 0x17, 0xE4, 0x17, 0xE4, 0x17, 0xE4, 0x17, 0xE4, 0x17, 0xE4, 0x17, 0xE4, 0x17,
    0xE4, 0x17, 0xE4, 0x17, 0xE4, 0x17, 0xE4, 0x17, 0xE4, 0x17, 0xE4, 0x17, 0xE4, 0x17, 0xE4, 0x17,
    0xE4, 0x17, 0xE4, 0x17, 0xE4, 0x17, 0xE4, 0x17, 0xE4, 0x17, 0xE4, 0x17, 0xE4, 0x17, 0xE4, 0x17,
    0xE4, 0x17, 0xE4, 0x17, 0xE4, 0x17, 0xE4, 0x17, 0xE4, 0x17, 0xE4, 0x17, 0xE4, 0x17, 0xE4, 0x17,
    0xF0, 0xE4, 0x17, 0xE3, 0x1F, 0xE4, 0x2F, 0xA6, 0x46, 0xC9, 0x37, 0x4A, 0x87, 0x11, 0xEF, 0x19,
    0xF6, 0xB8, 0xEE, 0xB7, 0xE6, 0x16, 0xDD, 0xF5, 0xCE, 0x14, 0xBE, 0x52, 0x96, 0x2F, 0x66, 0x0A,
    0x47, 0x48, 0x2F, 0xE6, 0x27, 0xE4, 0x17, 0xE3, 0x0F, 0xE3, 0x0F, 0xE4, 0x0F, 0xE4, 0x57, 0x6B,
    0xD7, 0x37, 0xDD, 0xB4, 0xD5, 0x73, 0xD5, 0x73, 0xC5, 0x11, 0xCD, 0x32, 0xF6, 0x98, 0xFF, 0x1B,
    0xFE, 0xFA, 0xFE, 0xFA, 0xFE, 0xDA, 0xF6, 0xDA, 0xFE, 0xFA, 0xFF, 0x1B, 0xFF, 0x3B, 0xFF, 0x5C,
    0xFF, 0x5C, 0xFF, 0x5C, 0xFF, 0x5C, 0xFF, 0x5C, 0xFF, 0x5C, 0xFF, 0x3B, 0xFF, 0x1B, 0xFF, 0x1B,
    0xFF, 0x5C, 0xFF, 0x5C, 0xFF, 0x5C, 0xFF, 0x5C, 0xFF, 0x5C, 0xFF, 0x5C, 0xFF, 0x7C, 0xFF, 0x7C,
    0xF7, 0x1A, 0x02, 0xD5, 0xFF, 0xA4, 0x2F, 0x7A, 0xCA, 0x6A, 0x27, 0x49, 0x43, 0x93, 0x6C, 0xD5,
    0x74, 0xDD, 0x74, 0xE5, 0x94, 0xE5, 0x94, 0xD5, 0x53, 0xCC, 0xF1, 0xCC, 0xF1, 0xE5, 0xB4, 0xE5,
    0xD5, 0xE5, 0xD5, 0xE5, 0xF5, 0xE6, 0x57, 0x6E, 0xAE, 0x1F, 0xE7, 0x0F, 0xE4, 0x17, 0xE4, 0x17,
    0xE4, 0x17, 0xE4, 0x17, 0xE4, 0x17, 0xE4, 0x17, 0xE4, 0x17, 0xE4, 0x17, 0xE4, 0x17, 0xE4, 0x17,
    0xE4, 0x17, 0xE4, 0x17, 0xE4, 0x17, 0xE4, 0x17, 0xE3, 0x17, 0xE4, 0x17, 0xE4, 0x17, 0xE4, 0x17,
    0xE4, 0x17, 0xE4, 0x17, 0xE4, 0x17, 0xE4, 0x17, 0xE4, 0x17, 0xE4, 0x17, 0xE4, 0x17, 0xE4, 0x17,
    0xE4, 0x17, 0xE4, 0x17, 0xE4, 0x17, 0xE4, 0x17, 0xE4, 0x17, 0xE4, 0x17, 0xE4, 0x17, 0xE4, 0x17,
    0xE4, 0x17, 0xE4, 0x17, 0xE4, 0x17, 0xE4, 0x17, 0xE4, 0x17, 0xE4, 0x17, 0xE4, 0x17, 0xE4, 0x17,
    0xE4, 0x17, 0xE4, 0x17, 0xE4, 0xFF, 0x17, 0xE4, 0x17, 0xE4, 0x17, 0xE4, 0x17, 0xE4, 0x17, 0xE4,
    0x17, 0xE4, 0x17, 0xE4, 0x17, 0xE4, 0x17, 0xE4, 0x17, 0xE4, 0x17, 0xE4, 0x17, 0xE4, 0x17, 0xE3,
    0x17, 0xE3, 0x17, 0xE4, 0x1F, 0xE4, 0x27, 0xE5, 0x2F, 0xA8, 0xAF, 0x74, 0xEE, 0xF9, 0xE6, 0x76,
    0xDE, 0x15, 0xD5, 0xF4, 0xB6, 0x12, 0x86, 0x2E, 0x5E, 0xAB, 0x3F, 0x88, 0x37, 0xE7, 0x27, 0xE6,
    0x1F, 0xE5, 0x17, 0xE3, 0x17, 0xE3, 0x17, 0xE3, 0x17, 0xE3, 0x17, 0xE4, 0x2F, 0xC9, 0xB7, 0xF6,
    0xEF, 0x39, 0xEE, 0x36, 0xE5, 0xF5, 0xD5, 0xB4, 0xC5, 0x32, 0xE6, 0x16, 0xFE, 0xFA, 0xFE, 0xFA,
    0xFE, 0xDA, 0xF6, 0xDA, 0xF6, 0xDA, 0xFE, 0xFA, 0xFF, 0x3B, 0xFF, 0x5C, 0xFF, 0x5C, 0xFF, 0x5C,
    0xFF, 0x5C, 0xFF, 0x5C, 0xFF, 0x5C, 0xEE, 0x79, 0xDD, 0xB6, 0xE5, 0x96, 0xE5, 0x96, 0xED, 0xF7,
    0xFE, 0xDA, 0xFF, 0x5C, 0xFF, 0x5C, 0xFF, 0xFF, 0x5C, 0xFF, 0x5C, 0xFF, 0x5C, 0xFF, 0x5C, 0xFF,
    0x7C, 0xFF, 0x7C, 0xFF, 0x7C, 0xFF, 0x3B, 0xF6, 0xB9, 0xEE, 0x78, 0xDD, 0xD6, 0xD5, 0x53, 0xE5,
    0xB5, 0xE5, 0xB5, 0xD5, 0x32, 0xCC, 0xF2, 0xBC, 0x90, 0xD5, 0x53, 0xE5, 0xD4, 0xE5, 0xB4, 0xE5,
    0xD5, 0xF6, 0x57, 0xEE, 0x77, 0x6E, 0xAD, 0x27, 0xE7, 0x17, 0xE4, 0x17, 0xE4, 0x17, 0xE4, 0x17,
    0xE4, 0x17, 0xE4, 0x17, 0xE4, 0x17, 0xE4, 0x17, 0xE4, 0x17, 0xE4, 0x17, 0xE4, 0x17, 0xE4, 0x17,
    0xE4, 0x17, 0xE4, 0x17, 0xE4, 0x17, 0xE4, 0x17, 0xE4, 0x17, 0xE4, 0x17, 0xE4, 0x17, 0xE4, 0x17,
    0xE4, 0x17, 0xE4, 0x17, 0xE4, 0x17, 0xE4, 0x17, 0xE4, 0x17, 0xE4, 0x17, 0xE4, 0x17, 0xE4, 0x17,
    0xE4, 0x17, 0xE4, 0x17, 0xE4, 0x17, 0xE4, 0x17, 0xE4, 0x17, 0xE4, 0x17, 0xE4, 0x17, 0xE4, 0x17,
    0xE4, 0x17, 0xE4, 0x17, 0xE4, 0x17, 0xE4, 0xFF, 0x17, 0xE4, 0x17, 0xE4, 0x17, 0xE4, 0x17, 0xE4,
    0x17, 0xE4, 0x17, 0xE4, 0x17, 0xE4, 0x17, 0xE4, 0x17, 0xE4, 0x17, 0xE4, 0x17, 0xE4, 0x17, 0xE4,
    0x17, 0xE4, 0x17, 0xE4, 0x17, 0xE4, 0x17, 0xE4, 0x17, 0xE4, 0x17, 0xE4, 0x17, 0xE4, 0x17, 0xE3,
    0x17, 0xE4, 0x1F, 0xE4, 0x27, 0xE5, 0x2F, 0xC8, 0xBF, 0x97, 0xE6, 0xB8, 0xDE, 0x15, 0xC5, 0xF2,
    0x95, 0xEF, 0x5E, 0x4A, 0x3F, 0x48, 0x2F, 0xE7, 0x27, 0xE6, 0x1F, 0xE5, 0x17, 0xE5, 0x17, 0xE4,
    0x17, 0xE3, 0x17, 0xE3, 0x17, 0xE4, 0x17, 0xE4, 0x1F, 0xE5, 0x17, 0xE6, 0x5F, 0xCD, 0xC7, 0xF7,
    0xEF, 0x79, 0xE6, 0x56, 0xCD, 0x73, 0xD5, 0xD4, 0xEE, 0x77, 0xFE, 0xD9, 0xFE, 0xFA, 0xFE, 0xDA,
    0xFE, 0xDA, 0xFE, 0xDA, 0xFF, 0x1B, 0xFF, 0x3B, 0xFF, 0x5C, 0xFF, 0x5C, 0xFF, 0x5C, 0xFF, 0x5C,
    0xFF, 0x5C, 0xFE, 0xFA, 0xDD, 0x95, 0xE5, 0x95, 0xFF, 0xED, 0x96, 0xED, 0x75, 0xE5, 0x55, 0xE5,
    0xD6, 0xFF, 0x3C, 0xFF, 0x5C, 0xFF, 0x5C, 0xFF, 0x5C, 0xFF, 0x5C, 0xFF, 0x5C, 0xFF, 0x5B, 0xFF,
    0x3B, 0xFF, 0x1B, 0xFF, 0x3B, 0xFF, 0x5B, 0xFF, 0x1A, 0xDD, 0xD5, 0xDD, 0x94, 0xE5, 0xB5, 0xD5,
    0x53, 0xC4, 0xB0, 0xC4, 0x90, 0xB4, 0x2F, 0xE5, 0xB4, 0xE5, 0xB4, 0xE5, 0xD5, 0xEE, 0x36, 0xFE,
    0xB8, 0xEE, 0x77, 0x66, 0xAC, 0x27, 0xE6, 0x17, 0xE4, 0x17, 0xE4, 0x17, 0xE4, 0x17, 0xE4, 0x17,
    0xE4, 0x17, 0xE4, 0x17, 0xE4, 0x17, 0xE4, 0x17, 0xE4, 0x17, 0xE4, 0x17, 0xE4, 0x17, 0xE4, 0x17,
    0xE4, 0x17, 0xE4, 0x17, 0xE4, 0x17, 0xE4, 0x17, 0xE4, 0x17, 0xE4, 0x17, 0xE4, 0x17, 0xE4, 0x17,
    0xE4, 0x17, 0xE4, 0x17, 0xE4, 0x17, 0xE4, 0x17, 0xE4, 0x17, 0xE4, 0x17, 0xE4, 0x17, 0xE4, 0x17,
    0xE4, 0x17, 0xE4, 0x17, 0xE4, 0x17, 0xE4, 0x17, 0xE4, 0xFF, 0x17, 0xE4, 0x17, 0xE4, 0x17, 0xE4,
    0x17, 0xE4, 0x17, 0xE4, 0x17, 0xE4, 0x17, 0xE4, 0x17, 0xE4, 0x17, 0xE4, 0x17, 0xE4, 0x17, 0xE4,
    0x17, 0xE4, 0x17, 0xE4, 0x17, 0xE4, 0x17, 0xE4, 0x17, 0xE4, 0x17, 0xE4, 0x17, 0xE4, 0x17, 0xE4,
    0x17, 0xE4, 0x17, 0xE4, 0x17, 0xE4, 0x17, 0xE4, 0x17, 0xE4, 0x17, 0xE4, 0x17, 0xE4, 0x17, 0xE4,
    0x1F, 0xE4, 0x1F, 0xE4, 0x37, 0xE8, 0xB7, 0x96, 0xDE, 0x58, 0xCD, 0xD3, 0x85, 0xEC, 0x46, 0xE8,
    0x2F, 0xE7, 0x17, 0xE6, 0x17, 0xE4, 0x17, 0xE4, 0x17, 0xE4, 0x17, 0xE4, 0x17, 0xE4, 0x17, 0xE4,
    0x17, 0xE4, 0x17, 0xE4, 0x17, 0xE4, 0x17, 0xE4, 0x17, 0xE5, 0x1F, 0xE5, 0x57, 0xEB, 0xAF, 0xF5,
    0xDF, 0xB8, 0xEF, 0x38, 0xF7, 0x59, 0xFF, 0x3A, 0xFF, 0x1A, 0xFE, 0xFA, 0xFE, 0xFA, 0xFE, 0xFA,
    0xFF, 0x1B, 0xFF, 0x3B, 0xFF, 0x3C, 0xFF, 0x5C, 0xFF, 0x5C, 0xFF, 0xFF, 0x5C, 0xFF, 0x5C, 0xFF,
    0x5C, 0xEE, 0x99, 0xDD, 0x75, 0xED, 0x96, 0xF5, 0x76, 0xF5, 0x76, 0xED, 0x76, 0xE5, 0xB6, 0xFF,
    0x3C, 0xFF, 0x5C, 0xFF, 0x5C, 0xFF, 0x5C, 0xFF, 0x5C, 0xFF, 0x3B, 0xFF, 0x1B, 0xFE, 0xFA, 0xFE,
    0xDA, 0xFE, 0xFA, 0xFF, 0x1B, 0xE6, 0x37, 0xDD, 0xB5, 0xDD, 0x94, 0xD5, 0x33, 0xCC, 0xF2, 0xC4,
    0xB1, 0x9B, 0x6C, 0xC4, 0xB1, 0xE5, 0xB5, 0xE5, 0xB4, 0xED, 0xD5, 0xF6, 0x57, 0xFE, 0xDA, 0xDE,
    0x76, 0x4F, 0x2A, 0x1F, 0xE5, 0x17, 0xE4, 0x17, 0xE4, 0x17, 0xE4, 0x17, 0xE4, 0x17, 0xE4, 0x17,
    0xE4, 0x17, 0xE4, 0x17, 0xE4, 0x17, 0xE4, 0x17, 0xE4, 0x17, 0xE4, 0x17, 0xE4, 0x17, 0xE4, 0x17,
    0xE4, 0x17, 0xE4, 0x17, 0xE4, 0x17, 0xE4, 0x17, 0xE4, 0x17, 0xE4, 0x17, 0xE4, 0x17, 0xE4, 0x17,
    0xE4, 0x17, 0xE4, 0x17, 0xE4, 0x17, 0xE4, 0x17, 0xE4, 0x17, 0xE4, 0xFF, 0x17, 0xE4, 0x17, 0xE4,
    0x17, 0xE4, 0x17, 0xE4, 0x17, 0xE4, 0x17, 0xE4, 0x17, 0xE4, 0x17, 0xE4, 0x17, 0xE4, 0x17, 0xE4,
    0x17, 0xE4, 0x17, 0xE4, 0x17, 0xE4, 0x17, 0xE4, 0x17, 0xE4, 0x17, 0xE4, 0x17, 0xE4, 0x17, 0xE4,
    0x17, 0xE4, 0x17, 0xE4, 0x17, 0xE4, 0x17, 0xE4, 0x17, 0xE4, 0x17, 0xE4, 0x17, 0xE4, 0x17, 0xE4,
    0x17, 0xE4, 0x17, 0xE4, 0x17, 0xE4, 0x17, 0xE4, 0x17, 0xE4, 0x17, 0xE4, 0x17, 0xE4, 0x17, 0xE4,
    0x17, 0xE4, 0x2F, 0xE7, 0xB7, 0x96, 0xC5, 0xF6, 0x8D, 0x8E, 0x47, 0x48, 0x27, 0xE6, 0x17, 0xE5,
    0x17, 0xE4, 0x17, 0xE4, 0x17, 0xE4, 0x17, 0xE4, 0x17, 0xE4, 0x17, 0xE4, 0x17, 0xE4, 0x17, 0xE4,
    0x17, 0xE4, 0x17, 0xE4, 0x17, 0xE4, 0x17, 0xE4, 0x17, 0xE4, 0x17, 0xE5, 0x27, 0xE7, 0x57, 0x8B,
    0x7F, 0x4E, 0x7E, 0x8D, 0x9E, 0x51, 0xE7, 0x58, 0xFF, 0x5B, 0xFF, 0x1B, 0xFF, 0xFF, 0x3B, 0xFF,
    0x3C, 0xFF, 0x3C, 0xFF, 0x5C, 0xFF, 0x5C, 0xFF, 0x5C, 0xFF, 0x5C, 0xFF, 0x5C, 0xFF, 0x5C, 0xEE,
    0x58, 0xDD, 0x75, 0xF5, 0x96, 0xF5, 0x76, 0xF5, 0x76, 0xED, 0x76, 0xEE, 0x17, 0xFF, 0x5C, 0xFF,
    0x5C, 0xFF, 0x5C, 0xFF, 0x5C, 0xFF, 0x5C, 0xFF, 0x1B, 0xFE, 0xFA, 0xFE, 0xDA, 0xFE, 0xDA, 0xFE,
    0xDA, 0xE6, 0x37, 0xD5, 0xB5, 0xDD, 0xB5, 0xCC, 0xF2, 0xC4, 0xD2, 0xCC, 0xF2, 0x9B, 0x8D, 0x9B,
    0x8C, 0xDD, 0x74, 0xE5, 0x94, 0xE5, 0xB4, 0xEE, 0x16, 0xF6, 0x98, 0xFE, 0xFA, 0xBE, 0x54, 0x3F,
    0xE8, 0x17, 0xE4, 0x17, 0xE3, 0x17, 0xE4, 0x17, 0xE4, 0x17, 0xE4, 0x17, 0xE4, 0x17, 0xE4, 0x17,
    0xE4, 0x17, 0xE4, 0x17, 0xE4, 0x17, 0xE4, 0x17, 0xE4, 0x17, 0xE4, 0x17, 0xE4, 0x17, 0xE4, 0x17,
    0xE4, 0x17, 0xE4, 0x17, 0xE4, 0x17, 0xE4, 0x17, 0xE4, 0x17, 0xE4, 0x17, 0xE4, 0xFF, 0x17, 0xE4,
    0x17, 0xE4, 0x17, 0xE4, 0x17, 0xE4, 0x17, 0xE4, 0x17, 0xE4, 0x17, 0xE4, 0x17, 0xE4, 0x17, 0xE4,
    0x17, 0xE4, 0x17, 0xE4, 0x17, 0xE4, 0x17, 0xE4, 0x17, 0xE4, 0x17, 0xE4, 0x17, 0xE4, 0x17, 0xE4,
    0x17, 0xE4, 0x17, 0xE4, 0x17, 0xE4, 0x17, 0xE4, 0x17, 0xE4, 0x17, 0xE4, 0x17, 0xE4, 0x17, 0xE4,
    0x17, 0xE4, 0x17, 0xE4, 0x17, 0xE4, 0x17, 0xE4, 0x17, 0xE4, 0x17, 0xE4, 0x17, 0xE4, 0x17, 0xE4,
    0x17, 0xE4, 0x17, 0xE4, 0x17, 0xE4, 0x17, 0xE4, 0x17, 0xE4, 0x17, 0xE4, 0x17, 0xE4, 0x17, 0xE4,
    0x27, 0xE5, 0xA7, 0x93, 0x95, 0x90, 0x56, 0x89, 0x2F, 0xE7, 0x17, 0xE4, 0x17, 0xE4, 0x17, 0xE4,
    0x17, 0xE4, 0x17, 0xE4, 0x17, 0xE4, 0x17, 0xE4, 0x17, 0xE4, 0x17, 0xE4, 0x17, 0xE4, 0x17, 0xE4,
    0x17, 0xE4, 0x17, 0xE4, 0x17, 0xE4, 0x17, 0xE4, 0x17, 0xE4, 0x17, 0xE4, 0x1F, 0xE4, 0xFF, 0x27,
    0xE5, 0x27, 0xC4, 0x36, 0x85, 0x7E, 0xED, 0xDF, 0xF8, 0xF7, 0x9A, 0xFF, 0x5B, 0xFF, 0x5C, 0xFF,
    0x5C, 0xFF, 0x5D, 0xFF, 0x5C, 0xFF, 0x5C, 0xFF, 0x5C, 0xFF, 0x5C, 0xFF, 0x7C, 0xEE, 0x79, 0xDD,
    0x75, 0xF5, 0xB6, 0xF5, 0x76, 0xF5, 0x76, 0xE5, 0x55, 0xF6, 0x59, 0xFF, 0x5C, 0xFF, 0x5C, 0xFF,
    0x5C, 0xFF, 0x5C, 0xFF, 0x5C, 0xFF, 0x3B, 0xFE, 0xDA, 0xFE, 0xDA, 0xFE, 0xDA, 0xEE, 0x58, 0xC5,
    0x33, 0xC5, 0x33, 0xC5, 0x13, 0xC4, 0xD2, 0xC4, 0xD2, 0xA3, 0xCE, 0x8A, 0xEA, 0xCD, 0x13, 0xE5,
    0xD5, 0xDD, 0xB4, 0xE5, 0xB4, 0xEE, 0x57, 0xFE, 0xD8, 0xF6, 0xF9, 0x8E, 0x8F, 0x2F, 0xE6, 0x17,
    0xE4, 0x17, 0xE3, 0x17, 0xE4, 0x17, 0xE4, 0x17, 0xE4, 0x17, 0xE4, 0x17, 0xE4, 0x17, 0xE4, 0x17,
    0xE4, 0x17, 0xE4, 0x17, 0xE4, 0x17, 0xE4, 0x17, 0xE4, 0x17, 0xE4, 0x17, 0xE4, 0x17, 0xE4, 0xFF,
    0x17, 0xE4, 0x17, 0xE4, 0x17, 0xE4, 0x17, 0xE4, 0x17, 0xE4, 0x17, 0xE4, 0x17, 0xE4, 0x17, 0xE4,
    0x17, 0xE4, 0x17, 0xE4, 0x17, 0xE4, 0x17, 0xE4, 0x17, 0xE4, 0x17, 0xE4, 0x17, 0xE4, 0x17, 0xE4,
    0x17, 0xE4, 0x17, 0xE4, 0x17, 0xE4, 0x17, 0xE4, 0x17, 0xE4, 0x17, 0xE4, 0x17, 0xE4, 0x17, 0xE4,
    0x17, 0xE4, 0x17, 0xE4, 0x17, 0xE4, 0x17, 0xE4, 0x17, 0xE4, 0x17, 0xE4, 0x17, 0xE4, 0x17, 0xE4,
    0x17, 0xE4, 0x17, 0xE4, 0x17, 0xE4, 0x17, 0xE4, 0x17, 0xE4, 0x17, 0xE4, 0x17, 0xE4, 0x17, 0xE4,
    0x17, 0xE4, 0x17, 0xE4, 0x17, 0xE4, 0x17, 0xE4, 0x17, 0xE4, 0x17, 0xE4, 0x17, 0xE4, 0x1F, 0xE4,
    0x5F, 0x4B, 0x5E, 0x6B, 0x3F, 0xE9, 0x17, 0xE5, 0x17, 0xE4, 0x17, 0xE3, 0x17, 0xE3, 0x17, 0xE4,
    0x17, 0xE4, 0x17, 0xE4, 0x17, 0xE4, 0x17, 0xE4, 0x17, 0xE4, 0x17, 0xE4, 0x17, 0xE4, 0x17, 0xE4,
    0xDC, 0x17, 0xE4, 0x17, 0xE4, 0x17, 0xE4, 0x17, 0xE3, 0x17, 0xE3, 0x17, 0xE4, 0x1F, 0xE4, 0x27,
    0xE4, 0x1F, 0xE4, 0x1F, 0x84, 0x67, 0xAC, 0xBF, 0xF6, 0xE7, 0xDB, 0xFF, 0x7C, 0xFF, 0x5D, 0xFF,
    0x5D, 0xFF, 0x5D, 0xFF, 0x5C, 0xFF, 0x5C, 0xFF, 0x5C, 0xFF, 0x7C, 0xF6, 0xFA, 0xD5, 0x95, 0xE5,
    0x95, 0xED, 0xB6, 0xDD, 0x75, 0xE5, 0xB6, 0xFF, 0x1B, 0xFF, 0x5C, 0xFF, 0x5C, 0xFF, 0x5C, 0xFF,
    0x5C, 0xFF, 0x5C, 0xFF, 0x3C, 0xFF, 0x1B, 0xFE, 0xFA, 0xFE, 0xDA, 0xEE, 0x58, 0xDD, 0xF6, 0xDD,
    0xF7, 0xDD, 0x95, 0xCD, 0x33, 0xAB, 0xEF, 0x7A, 0xA9, 0xBC, 0x91, 0xEE, 0x16, 0xE5, 0x02, 0xD5,
    0xFF, 0x94, 0xE5, 0xD5, 0xF6, 0x78, 0xFE, 0xDA, 0xD6, 0xB7, 0x5F, 0x0C, 0x1F, 0xE5, 0x17, 0xE4,
    0x17, 0xE3, 0x17, 0xE4, 0x17, 0xE4, 0x17, 0xE4, 0x17, 0xE4, 0x17, 0xE4, 0x17, 0xE4, 0x17, 0xE4,
    0x17, 0xE4, 0x17, 0xE4, 0x17, 0xE4, 0x17, 0xE4, 0x17, 0xE4, 0x17, 0xE4, 0x17, 0xE4, 0x17, 0xE4,
    0x17, 0xE4, 0x17, 0xE4, 0x17, 0xE4, 0x17, 0xE4, 0x17, 0xE4, 0x17, 0xE4, 0x17, 0xE4, 0x17, 0xE4,
    0x17, 0xE4, 0x17, 0xE4, 0x17, 0xE4, 0x17, 0xE4, 0x17, 0xE4, 0x17, 0xE4, 0x17, 0xE4, 0x17, 0xE4,
    0x17, 0xE4, 0x17, 0xE4, 0x17, 0xE4, 0x17, 0xE4, 0x17, 0xE4, 0x17, 0xE4, 0x17, 0xE4, 0x17, 0xE4,
    0x17, 0xE4, 0x17, 0xE4, 0x17, 0xE4, 0x17, 0xE4, 0x17, 0xE4, 0x17, 0xE4, 0x17, 0xE4, 0x17, 0xE4,
    0x17, 0xE4, 0x17, 0xE4, 0x17, 0xE4, 0x17, 0xE4, 0x17, 0xE4, 0x17, 0xE4, 0x17, 0xE4, 0x17, 0xE4,
    0x17, 0xFF, 0xE4, 0x17, 0xE4, 0x17, 0xE4, 0x17, 0xE4, 0x17, 0xE4, 0x17, 0xE4, 0x1F, 0xE4, 0x1F,
    0xC4, 0x2F, 0xE7, 0x27, 0xE7, 0x17, 0xE4, 0x17, 0xE4, 0x17, 0xE3, 0x17, 0xE3, 0x17, 0xE3, 0x17,
    0xE3, 0x17, 0xE3, 0x17, 0xE3, 0x17, 0xE3, 0x17, 0xE3, 0x17, 0xE3, 0x17, 0xE4, 0x17, 0xE4, 0x17,
    0xE4, 0x17, 0xE4, 0x17, 0xE4, 0x17, 0xE4, 0x17, 0xE4, 0x17, 0xE4, 0x17, 0xE4, 0x17, 0xE4, 0x17,
    0xE4, 0x1F, 0xE5, 0x1F, 0xE5, 0x47, 0xCA, 0xA7, 0xF4, 0xDF, 0xFA, 0xF7, 0xBC, 0xFF, 0x5D, 0xFF,
    0x5D, 0xFF, 0x5D, 0xFF, 0x5C, 0xFF, 0x5C, 0xFF, 0x5C, 0xFF, 0x5C, 0xEE, 0x99, 0xE6, 0x17, 0xE6,
    0x58, 0xDE, 0x37, 0xF6, 0xFA, 0xFF, 0x7C, 0xFF, 0x5C, 0xFF, 0x5C, 0xFF, 0x5C, 0xFF, 0x5C, 0xFF,
    0x5C, 0xFF, 0x5C, 0xFF, 0x5C, 0xFF, 0x3B, 0xFF, 0x3B, 0xFF, 0x3B, 0xF7, 0x3B, 0xDE, 0x78, 0xBC,
    0xF3, 0xA3, 0xFF, 0xEF, 0x8A, 0xEB, 0xBC, 0xB1, 0xEE, 0x37, 0xE5, 0xF5, 0xD5, 0x73, 0xD5, 0xB4,
    0xE6, 0x36, 0xFE, 0x99, 0xFE, 0xDA, 0x9E, 0x52, 0x3F, 0xC9, 0x17, 0xE4, 0x17, 0xE4, 0x17, 0xE4,
    0x17, 0xE4, 0x17, 0xE4, 0x17, 0xE4, 0x17, 0xE4, 0x17, 0xE4, 0x17, 0xE4, 0x17, 0xE4, 0x17, 0xE4,
    0x17, 0xE4, 0x17, 0xE4, 0x17, 0xE4, 0x17, 0xE4, 0x17, 0xE4, 0x17, 0xE4, 0x17, 0xE4, 0x17, 0xE4,
    0x17, 0xE4, 0x17, 0xE4, 0x17, 0xE4, 0x17, 0xE4, 0x17, 0xE4, 0x17, 0xE4, 0x17, 0xE4, 0x17, 0xE4,
    0x17, 0xE4, 0x17, 0xE4, 0x17, 0xE4, 0x17, 0xE4, 0x17, 0xE4, 0x17, 0xE4, 0x17, 0xE4, 0x17, 0xE4,
    0x17, 0xE4, 0x17, 0xE4, 0x17, 0xE4, 0x17, 0xE4, 0x17, 0xE4, 0x17, 0xE4, 0x17, 0xE4, 0x17, 0xE4,
    0x17, 0xE4, 0x17, 0xE4, 0x17, 0xE4, 0x17, 0xE4, 0x17, 0xE4, 0x17, 0xE4, 0x17, 0xE4, 0x17, 0xE4,
    0x17, 0xE4, 0x17, 0xFF, 0xE4, 0x17, 0xE4, 0x17, 0xE4, 0x17, 0xE4, 0x17, 0xE4, 0x17, 0xE4, 0x17,
    0xE4, 0x17, 0xE4, 0x17, 0xE4, 0x17, 0xE4, 0x17, 0xE4, 0x17, 0xE4, 0x17, 0xE4, 0x17, 0xE3, 0x1F,
    0xE4, 0x17, 0xE4, 0x17, 0xE4, 0x17, 0xE3, 0x17, 0xE3, 0x17, 0xE4, 0x17, 0xE3, 0x17, 0xE3, 0x17,
    0xE3, 0x17, 0xE3, 0x17, 0xE3, 0x17, 0xE3, 0x17, 0xE3, 0x17, 0xE4, 0x17, 0xE4, 0x17, 0xE4, 0x17,
    0xE4, 0x17, 0xE4, 0x17, 0xE4, 0x17, 0xE4, 0x17, 0xE4, 0x17, 0xE4, 0x17, 0xE4, 0x17, 0xE4, 0x17,
    0xE4, 0x1F, 0xE5, 0x17, 0xE5, 0x2F, 0xC7, 0x7F, 0xF0, 0xCF, 0xF9, 0xEF, 0xDC, 0xFF, 0x7D, 0xFF,
    0x5D, 0xFF, 0x5D, 0xFF, 0x5C, 0xFF, 0x5C, 0xFF, 0x5C, 0xFF, 0x5C, 0xFF, 0x3B, 0xFF, 0x5C, 0xFF,
    0x5C, 0xFF, 0x7C, 0xFF, 0x5C, 0xFF, 0x5C, 0xFF, 0x5C, 0xFF, 0x5C, 0xFF, 0x5C, 0xFF, 0x5C, 0xFF,
    0x5C, 0xFF, 0x5C, 0xFF, 0xFF, 0x7C, 0xFF, 0x9C, 0xEF, 0xBB, 0xB6, 0xD6, 0x6C, 0xAC, 0x63, 0x6B,
    0x93, 0xAE, 0xDD, 0x75, 0xF6, 0x58, 0xE5, 0xD5, 0xCD, 0x32, 0xDD, 0x94, 0xDD, 0xF5, 0xEE, 0x78,
    0xFE, 0xFA, 0xD6, 0xB7, 0x66, 0xCC, 0x2F, 0xE7, 0x17, 0xE4, 0x17, 0xE4, 0x17, 0xE4, 0x17, 0xE4,
    0x17, 0xE4, 0x17, 0xE4, 0x17, 0xE4, 0x17, 0xE4, 0x17, 0xE4, 0x17, 0xE4, 0x17, 0xE4, 0x17, 0xE4,
    0x17, 0xE4, 0x17, 0xE4, 0x17, 0xE4, 0x17, 0xE4, 0x17, 0xE4, 0x17, 0xE4, 0x17, 0xE4, 0x17, 0xE4,
    0x17, 0xE4, 0x17, 0xE4, 0x17, 0xE4, 0x17, 0xE4, 0x17, 0xE4, 0x17, 0xE4, 0x17, 0xE4, 0x17, 0xE4,
    0x17, 0xE4, 0x17, 0xE4, 0x17, 0xE4, 0x17, 0xE4, 0x17, 0xE4, 0x17, 0xE4, 0x17, 0xE4, 0x17, 0xE4,
    0x17, 0xE4, 0x17, 0xE4, 0x17, 0xE4, 0x17, 0xE4, 0x17, 0xE4, 0x17, 0xE4, 0x17, 0xE4, 0x17, 0xE4,
    0x17, 0xE4, 0x17, 0xE4, 0x17, 0xFF, 0xE4, 0x17, 0xE4, 0x17, 0xE4, 0x17, 0xE4, 0x17, 0xE4, 0x17,
    0xE4, 0x17, 0xE4, 0x17, 0xE4, 0x17, 0xE4, 0x17, 0xE4, 0x17, 0xE4, 0x17, 0xE4, 0x17, 0xE4, 0x17,
    0xE4, 0x17, 0xE4, 0x17, 0xE4, 0x17, 0xE4, 0x17, 0xE4, 0x17, 0xE4, 0x17, 0xE4, 0x17, 0xE4, 0x17,
    0xE4, 0x17, 0xE4, 0x17, 0xE4, 0x17, 0xE4, 0x17, 0xE4, 0x17, 0xE4, 0x17, 0xE4, 0x17, 0xE4, 0x17,
    0xE4, 0x17, 0xE4, 0x17, 0xE4, 0x17, 0xE4, 0x17, 0xE4, 0x17, 0xE4, 0x17, 0xE4, 0x17, 0xE4, 0x17,
    0xE4, 0x17, 0xE4, 0x17, 0xE4, 0x17, 0xE4, 0x17, 0xE4, 0x17, 0xE4, 0x17, 0xE4, 0x17, 0xE4, 0x1F,
    0xE4, 0x1F, 0xE4, 0x1F, 0xE5, 0x1F, 0xE6, 0x47, 0xAB, 0x8F, 0xF2, 0xCF, 0xF8, 0xEF, 0xDB, 0xFF,
    0x7D, 0xFF, 0x7C, 0xFF, 0x5C, 0xFF, 0x5C, 0xFF, 0x5C, 0xFF, 0x5C, 0xFF, 0x7C, 0xFF, 0x5C, 0xFF,
    0x5C, 0xFF, 0x5C, 0xFF, 0x5C, 0xFF, 0xFF, 0x5C, 0xFF, 0x5C, 0xFF, 0x5C, 0xFF, 0x5C, 0xFF, 0x7C,
    0xF7, 0xBC, 0xE7, 0xDA, 0xBF, 0xB6, 0x87, 0x0F, 0x46, 0x89, 0x3E, 0x29, 0x6D, 0x2E, 0xCD, 0x75,
    0xDD, 0xB6, 0xD5, 0x74, 0xD5, 0x53, 0xDD, 0xB4, 0xDD, 0xD5, 0xE6, 0x37, 0xF6, 0xFA, 0xD7, 0x37,
    0x76, 0xAE, 0x37, 0xE8, 0x17, 0xE5, 0x17, 0xE4, 0x17, 0xE4, 0x17, 0xE4, 0x17, 0xE4, 0x17, 0xE4,
    0x17, 0xE4, 0x17, 0xE4, 0x17, 0xE4, 0x17, 0xE4, 0x17, 0xE4, 0x17, 0xE4, 0x17, 0xE4, 0x17, 0xE4,
    0x17, 0xE4, 0x17, 0xE4, 0x17, 0xE4, 0x17, 0xE4, 0x17, 0xE4, 0x17, 0xE4, 0x17, 0xE4, 0x17, 0xE4,
    0x17, 0xE4, 0x17, 0xE4, 0x17, 0xE4, 0x17, 0xE4, 0x17, 0xE4, 0x17, 0xE4, 0x17, 0xE4, 0x17, 0xE4,
    0x17, 0xE4, 0x17, 0xE4, 0x17, 0xE4, 0x17, 0xE4, 0x17, 0xE4, 0x17, 0xE4, 0x17, 0xE4, 0x17, 0xE4,
    0x17, 0xE4, 0x17, 0xE4, 0x17, 0xE4, 0x17, 0xFF, 0xE4, 0x17, 0xE4, 0x17, 0xE4, 0x17, 0xE4, 0x17,
    0xE4, 0x17, 0xE4, 0x17, 0xE4, 0x17, 0xE4, 0x17, 0xE4, 0x17, 0xE4, 0x17, 0xE4, 0x17, 0xE4, 0x17,
    0xE4, 0x17, 0xE4, 0x17, 0xE4, 0x17, 0xE4, 0x17, 0xE4, 0x17, 0xE4, 0x17, 0xE4, 0x17, 0xE4, 0x17,
    0xE4, 0x17, 0xE4, 0x17, 0xE4, 0x17, 0xE4, 0x17, 0xE4, 0x17, 0xE4, 0x17, 0xE4, 0x17, 0xE4, 0x17,
    0xE4, 0x17, 0xE4, 0x17, 0xE4, 0x17, 0xE4, 0x17, 0xE4, 0x17, 0xE4, 0x17, 0xE4, 0x17, 0xE4, 0x17,
    0xE4, 0x17, 0xE4, 0x17, 0xE4, 0x17, 0xE4, 0x17, 0xE4, 0x17, 0xE4, 0x17, 0xE4, 0x17, 0xE4, 0x17,
    0xE4, 0x17, 0xE4, 0x17, 0xE4, 0x17, 0xE4, 0x17, 0xE4, 0x17, 0xE3, 0x17, 0xE3, 0x17, 0xE4, 0x17,
    0xE4, 0x1F, 0xE5, 0x1F, 0xE5, 0x17, 0xE5, 0x17, 0xE5, 0x47, 0x89, 0x9F, 0x12, 0xEE, 0xFA, 0xFF,
    0x5C, 0xFF, 0x5C, 0xFF, 0x7C, 0xFF, 0x7C, 0xFF, 0xFF, 0x5C, 0xFF, 0x5C, 0xFF, 0x7C, 0xFF, 0x7C,
    0xFF, 0x5C, 0xFF, 0x5C, 0xFF, 0x7C, 0xFF, 0x7C, 0xFF, 0xBB, 0xEF, 0xDA, 0xCF, 0xD7, 0x9F, 0xB3,
    0x5F, 0x6D, 0x3F, 0x88, 0x37, 0xE6, 0x3F, 0xE9, 0x57, 0x8B, 0x6D, 0x2C, 0xBD, 0x32, 0xD5, 0x95,
    0xDD, 0xB5, 0xDD, 0xB4, 0xDD, 0xD4, 0xE6, 0x56, 0xEF, 0x19, 0xCF, 0x17, 0x6E, 0xAD, 0x3F, 0xC8,
    0x1F, 0xE5, 0x17, 0xE4, 0x17, 0xE4, 0x17, 0xE4, 0x17, 0xE4, 0x17, 0xE4, 0x17, 0xE4, 0x17, 0xE4,
    0x17, 0xE4, 0x17, 0xE4, 0x17, 0xE4, 0x17, 0xE4, 0x17, 0xE4, 0x17, 0xE4, 0x17, 0xE4, 0x17, 0xE4,
    0x17, 0xE4, 0x17, 0xE4, 0x17, 0xE4, 0x17, 0xE4, 0x17, 0xE4, 0x17, 0xE4, 0x17, 0xE4, 0x17, 0xE4,
    0x17, 0xE4, 0x17, 0xE4, 0x17, 0xE4, 0x17, 0xE4, 0x17, 0xE4, 0x17, 0xE4, 0x17, 0xE4, 0x17, 0xE4,
    0x17, 0xE4, 0x17, 0xE4, 0x17, 0xE4, 0x17, 0xE4, 0x17, 0xFF, 0xE4, 0x17, 0xE4, 0x17, 0xE4, 0x17,
    0xE4, 0x17, 0xE4, 0x17, 0xE4, 0x17, 0xE4, 0x17, 0xE4, 0x17, 0xE4, 0x17, 0xE4, 0x17, 0xE4, 0x17,
    0xE4, 0x17, 0xE4, 0x17, 0xE4, 0x17, 0xE4, 0x17, 0xE4, 0x17, 0xE4, 0x17, 0xE4, 0x17, 0xE4, 0x17,
    0xE4, 0x17, 0xE4, 0x17, 0xE4, 0x17, 0xE4, 0x17, 0xE4, 0x17, 0xE4, 0x17, 0xE4, 0x17, 0xE4, 0x17,
    0xE4, 0x17, 0xE4, 0x17, 0xE4, 0x17, 0xE4, 0x17, 0xE4, 0x17, 0xE4, 0x17, 0xE4, 0x17, 0xE4, 0x17,
    0xE4, 0x17, 0xE4, 0x17, 0xE4, 0x17, 0xE4, 0x17, 0xE4, 0x17, 0xE4, 0x17, 0xE4, 0x17, 0xE4, 0x17,
    0xE4, 0x17, 0xE4, 0x17, 0xE4, 0x17, 0xE4, 0x17, 0xE4, 0x17, 0xE4, 0x17, 0xE4, 0x17, 0xE4, 0x17,
    0xE4, 0x17, 0xE4, 0x17, 0xE3, 0x17, 0xE3, 0x1F, 0xE3, 0x1F, 0xE4, 0x27, 0xE5, 0x2F, 0xE6, 0x2F,
    0xE6, 0x2F, 0xE6, 0x2F, 0xE6, 0x2F, 0xE7, 0x3F, 0xC8, 0x4C, 0xFF, 0xC8, 0xAC, 0xD1, 0xDD, 0xF7,
    0xDE, 0x58, 0xE6, 0x99, 0xEE, 0xB9, 0xF6, 0xFA, 0xFF, 0x3B, 0xEF, 0x9B, 0xDF, 0x9A, 0xDF, 0xBA,
    0xD7, 0xD9, 0xD7, 0xB8, 0xC7, 0xD6, 0x9F, 0x92, 0x6F, 0x4D, 0x47, 0x49, 0x2F, 0xC6, 0x1F, 0xE6,
    0x1F, 0xE5, 0x1F, 0xE4, 0x3F, 0xE7, 0x6E, 0x2A, 0xBD, 0xF2, 0xDD, 0xF5, 0xDD, 0xB5, 0xDD, 0xB5,
    0xDD, 0xD5, 0xDE, 0x56, 0xDF, 0x18, 0xAF, 0x14, 0x56, 0xEB, 0x37, 0xE7, 0x27, 0xE5, 0x17, 0xE4,
    0x17, 0xE3, 0x17, 0xE4, 0x17, 0xE4, 0x17, 0xE4, 0x17, 0xE4, 0x17, 0xE4, 0x17, 0xE4, 0x17, 0xE4,
    0x17, 0xE4, 0x17, 0xE4, 0x17, 0xE4, 0x17, 0xE4, 0x17, 0xE4, 0x17, 0xE4, 0x17, 0xE4, 0x17, 0xE4,
    0x17, 0xE4, 0x17, 0xE4, 0x17, 0xE4, 0x17, 0xE4, 0x17, 0xE4, 0x17, 0xE4, 0x17, 0xE4, 0x17, 0xE4,
    0x17, 0xE4, 0x17, 0xE4, 0x17, 0xE4, 0x17, 0xE4, 0x17, 0xE4, 0x17, 0xFF, 0xE4, 0x17, 0xE4, 0x17,
    0xE4, 0x17, 0xE4, 0x17, 0xE4, 0x17, 0xE4, 0x17, 0xE4, 0x17, 0xE4, 0x17, 0xE4, 0x17, 0xE4, 0x17,
    0xE4, 0x17, 0xE4, 0x17, 0xE4, 0x17, 0xE4, 0x17, 0xE4, 0x17, 0xE4, 0x17, 0xE4, 0x17, 0xE4, 0x17,
    0xE4, 0x17, 0xE4, 0x17, 0xE4, 0x17, 0xE4, 0x17, 0xE4, 0x17, 0xE4, 0x17, 0xE4, 0x17, 0xE4, 0x17,
    0xE4, 0x17, 0xE4, 0x17, 0xE4, 0x17, 0xE4, 0x17, 0xE4, 0x17, 0xE4, 0x17, 0xE4, 0x17, 0xE4, 0x17,
    0xE4, 0x17, 0xE4, 0x17, 0xE4, 0x17, 0xE4, 0x17, 0xE4, 0x17, 0xE4, 0x17, 0xE4, 0x17, 0xE4, 0x17,
    0xE4, 0x17, 0xE4, 0x17, 0xE4, 0x17, 0xE4, 0x17, 0xE4, 0x17, 0xE4, 0x17, 0xE4, 0x17, 0xE4, 0x17,
    0xE4, 0x17, 0xE4, 0x17, 0xE4, 0x17, 0xE4, 0x17, 0xE4, 0x17, 0xE4, 0x17, 0xE4, 0x17, 0xE4, 0x17,
    0xE4, 0x17, 0xE3, 0x17, 0xE3, 0x27, 0xE5, 0x3F, 0xE7, 0x4F, 0x67, 0x5E, 0xBA, 0xC8, 0x66, 0xA9,
    0x66, 0x89, 0x66, 0xA9, 0x5E, 0x8A, 0x76, 0x4D, 0xC7, 0x16, 0xEE, 0xDA, 0xD6, 0x17, 0xCD, 0x95,
    0xCD, 0x74, 0xCD, 0x74, 0xC5, 0x33, 0xAC, 0xD1, 0x8D, 0x70, 0x7E, 0x51, 0x66, 0x8E, 0x56, 0xCB,
    0x4F, 0x2A, 0x2F, 0x68, 0x1F, 0xE6, 0x27, 0xE6, 0x27, 0xE5, 0x1F, 0xE5, 0x17, 0xE4, 0x17, 0xE4,
    0x17, 0xE4, 0x47, 0x67, 0x9E, 0x2D, 0xD5, 0xF4, 0x02, 0xD5, 0x80, 0xDD, 0x02, 0xD5, 0xFF, 0xF5,
    0xCE, 0x95, 0xC7, 0x36, 0x8E, 0xF1, 0x47, 0x09, 0x2F, 0xE6, 0x1F, 0xE4, 0x17, 0xE3, 0x17, 0xE3,
    0x17, 0xE3, 0x17, 0xE4, 0x17, 0xE4, 0x17, 0xE4, 0x17, 0xE4, 0x17, 0xE4, 0x17, 0xE4, 0x17, 0xE4,
    0x17, 0xE4, 0x17, 0xE4, 0x17, 0xE4, 0x17, 0xE4, 0x17, 0xE4, 0x17, 0xE4, 0x17, 0xE4, 0x17, 0xE4,
    0x17, 0xE4, 0x17, 0xE4, 0x17, 0xE4, 0x17, 0xE4, 0x17, 0xE4, 0x17, 0xE4, 0x17, 0xE4, 0x17, 0xE4,
    0x17, 0xE4, 0x17, 0xE4, 0x17, 0xE4, 0x17, 0xE4, 0x17, 0xE4, 0x17, 0xE4, 0x17, 0xE4, 0x17, 0xE4,
    0x17, 0xE4, 0x17, 0xE4, 0x17, 0xE4, 0x17, 0xE4, 0x17, 0xE4, 0x17, 0xE4, 0x17, 0xE4, 0x17, 0xE4,
    0x17, 0xE4, 0x17, 0xE4, 0x17, 0xE4, 0x17, 0xE4, 0x17, 0xE4, 0x17, 0xE4, 0x17, 0xE4, 0x17, 0xE4,
    0x17, 0xE4, 0x17, 0xE4, 0x17, 0xE4, 0x17, 0xE4, 0x17, 0xE4, 0x17, 0xE4, 0x17, 0xE4, 0x17, 0xFF,
    0xE4, 0x17, 0xE4, 0x17, 0xE4, 0x17, 0xE4, 0x17, 0xE4, 0x17, 0xE4, 0x17, 0xE4, 0x17, 0xE4, 0x17,
    0xE4, 0x17, 0xE4, 0x17, 0xE4, 0x17, 0xE4, 0x17, 0xE4, 0x17, 0xE4, 0x17, 0xE4, 0x17, 0xE4, 0x17,
    0xE4, 0x17, 0xE4, 0x17, 0xE4, 0x17, 0xE4, 0x17, 0xE4, 0x17, 0xE4, 0x17, 0xE4, 0x17, 0xE4, 0x17,
    0xE4, 0x17, 0xE4, 0x17, 0xE4, 0x17, 0xE4, 0x17, 0xE4, 0x17, 0xE4, 0x17, 0xE4, 0x17, 0xE4, 0x17,
    0xE4, 0x17, 0xE4, 0x1F, 0xE4, 0x37, 0xE7, 0x4D, 0xA7, 0x5B, 0x86, 0x72, 0xE6, 0x7A, 0xC7, 0x7A,
    0x66, 0x6A, 0x05, 0x62, 0x05, 0xC4, 0xF2, 0xFF, 0xBD, 0xFF, 0xDD, 0xFF, 0x9C, 0xF6, 0xDA, 0xD5,
    0xB5, 0xD5, 0xB5, 0xDE, 0x17, 0xCD, 0xF6, 0x84, 0xCF, 0x75, 0x8E, 0x66, 0x8D, 0x57, 0x6B, 0x37,
    0xE7, 0x17, 0xE6, 0x17, 0xE5, 0x17, 0xE4, 0x17, 0xE4, 0x17, 0xE4, 0x17, 0xE4, 0x17, 0xE4, 0x17,
    0xFF, 0xE5, 0x5F, 0x0A, 0xB6, 0xB1, 0xC6, 0x53, 0xB6, 0x53, 0xA6, 0x11, 0x96, 0x6F, 0x76, 0xCD,
    0x4F, 0x2A, 0x37, 0xE8, 0x27, 0xE6, 0x1F, 0xE4, 0x17, 0xE3, 0x17, 0xE3, 0x17, 0xE3, 0x17, 0xE4,
    0x17, 0xE4, 0x17, 0xE4, 0x17, 0xE4, 0x17, 0xE4, 0x17, 0xE4, 0x17, 0xE4, 0x17, 0xE4, 0x17, 0xE4,
    0x17, 0xE4, 0x17, 0xE4, 0x17, 0xE4, 0x17, 0xE4, 0x17, 0xE4, 0x17, 0xE4, 0x17, 0xE4, 0x17, 0xE4,
    0x17, 0xE4, 0x17, 0xE4, 0x17, 0xE4, 0x17, 0xE4, 0x17, 0xE4, 0x17, 0xE4, 0x17, 0xE4, 0x17, 0xE4,
    0x17, 0xE4, 0x17, 0xE4, 0x17, 0xE4, 0x17, 0xE4, 0x17, 0xE4, 0x17, 0xE4, 0x17, 0xE4, 0x17, 0xE4,
    0x17, 0xE4, 0x17, 0xE4, 0x17, 0xE4, 0x17, 0xE4, 0x17, 0xE4, 0x17, 0xE4, 0x17, 0xE4, 0x17, 0xE4,
    0x17, 0xE4, 0x17, 0xE4, 0x17, 0xE4, 0x17, 0xE4, 0x17, 0xE4, 0x17, 0xE4, 0x17, 0xE4, 0x17, 0xE4,
    0x17, 0xFF, 0xE4, 0x17, 0xE4, 0x17, 0xE4, 0x17, 0xE4, 0x17, 0xE4, 0x17, 0xE4, 0x17, 0xE4, 0x17,
    0xE4, 0x17, 0xE4, 0x17, 0xE4, 0x17, 0xE4, 0x17, 0xE4, 0x17, 0xE4, 0x17, 0xE4, 0x17, 0xE4, 0x17,
    0xE4, 0x17, 0xE4, 0x17, 0xE4, 0x17, 0xE4, 0x17, 0xE4, 0x17, 0xE4, 0x17, 0xE4, 0x17, 0xE4, 0x17,
    0xE4, 0x17, 0xE4, 0x17, 0xE4, 0x17, 0xE4, 0x17, 0xE4, 0x17, 0xE4, 0x17, 0xE4, 0x17, 0xE4, 0x17,
    0xE4, 0x17, 0xE4, 0x17, 0xE4, 0x17, 0xE4, 0x17, 0xE4, 0x17, 0xE4, 0x17, 0xE4, 0x17, 0xE4, 0x17,
    0xE4, 0x27, 0xE6, 0x36, 0x25, 0x42, 0x62, 0x69, 0xC5, 0x8A, 0x07, 0x91, 0xE8, 0x99, 0xA7, 0x99,
    0x67, 0x91, 0x26, 0xBA, 0x6B, 0xD3, 0xEF, 0xCC, 0x51, 0xD4, 0xF3, 0xDD, 0x34, 0xE5, 0x95, 0xED,
    0xB6, 0xFE, 0x99, 0xFF, 0x1B, 0xBD, 0x13, 0x52, 0x46, 0x63, 0x68, 0x85, 0xAD, 0x5F, 0xEA, 0x1F,
    0xE6, 0x17, 0xFF, 0xE5, 0x17, 0xE4, 0x17, 0xE4, 0x17, 0xE4, 0x17, 0xE3, 0x17, 0xE4, 0x1F, 0xE5,
    0x77, 0x4E, 0x8E, 0xF0, 0x6E, 0xAC, 0x56, 0xA9, 0x47, 0x08, 0x3F, 0xC7, 0x2F, 0xE7, 0x27, 0xE6,
    0x1F, 0xE5, 0x17, 0xE4, 0x17, 0xE4, 0x17, 0xE4, 0x17, 0xE4, 0x17, 0xE3, 0x17, 0xE4, 0x17, 0xE4,
    0x17, 0xE4, 0x17, 0xE4, 0x17, 0xE4, 0x17, 0xE4, 0x17, 0xE4, 0x17, 0xE4, 0x17, 0xE4, 0x17, 0xE4,
    0x17, 0xE4, 0x17, 0xE4, 0x17, 0xE4, 0x17, 0xE4, 0x17, 0xE4, 0x17, 0xE4, 0x17, 0xE4, 0x17, 0xE4,
    0x17, 0xE4, 0x17, 0xE4, 0x17, 0xE4, 0x17, 0xE4, 0x17, 0xE4, 0x17, 0xE4, 0x17, 0xE4, 0x17, 0xE4,
    0x17, 0xE4, 0x17, 0xE4, 0x17, 0xE4, 0x17, 0xE4, 0x17, 0xE4, 0x17, 0xE4, 0x17, 0xE4, 0x17, 0xE4,
    0x17, 0xE4, 0x17, 0xE4, 0x17, 0xE4, 0x17, 0xE4, 0x17, 0xE4, 0x17, 0xE4, 0x17, 0xE4, 0x17, 0xE4,
    0x17, 0xE4, 0x17, 0xFF, 0xE4, 0x17, 0xE4, 0x17, 0xE4, 0x17, 0xE4, 0x17, 0xE4, 0x17, 0xE4, 0x17,
    0xE4, 0x17, 0xE4, 0x17, 0xE4, 0x17, 0xE4, 0x17, 0xE4, 0x17, 0xE4, 0x17, 0xE4, 0x17, 0xE4, 0x17,
    0xE4, 0x17, 0xE4, 0x17, 0xE4, 0x17, 0xE4, 0x17, 0xE4, 0x17, 0xE4, 0x17, 0xE4, 0x17, 0xE4, 0x17,
    0xE4, 0x17, 0xE4, 0x17, 0xE4, 0x17, 0xE4, 0x17, 0xE4, 0x17, 0xE4, 0x17, 0xE4, 0x17, 0xE4, 0x17,
    0xE4, 0x17, 0xE4, 0x17, 0xE4, 0x17, 0xE4, 0x17, 0xE4, 0x17, 0xE4, 0x17, 0xE4, 0x17, 0xE4, 0x17,
    0xE4, 0x17, 0xE4, 0x17, 0xE4, 0x17, 0xE4, 0x17, 0xE4, 0x17, 0xE4, 0x17, 0xE3, 0x1F, 0xE4, 0x27,
    0xE6, 0x2B, 0xE3, 0x73, 0x29, 0xDD, 0x95, 0xC4, 0x50, 0x8A, 0x08, 0x91, 0xC8, 0xA1, 0xA8, 0xB1,
    0xE8, 0xB1, 0xE9, 0xB2, 0x09, 0xAA, 0x09, 0xAA, 0x2A, 0xAA, 0x6A, 0xBB, 0x0D, 0xBA, 0xEC, 0xBB,
    0x0D, 0xC3, 0x2D, 0xBB, 0xFF, 0x0D, 0x91, 0xC8, 0x81, 0x45, 0x92, 0x68, 0x85, 0x6B, 0x57, 0xEA,
    0x27, 0xE6, 0x17, 0xE4, 0x17, 0xE4, 0x17, 0xE4, 0x17, 0xE3, 0x17, 0xE3, 0x1F, 0xC4, 0x57, 0x2B,
    0x47, 0x49, 0x2F, 0xE7, 0x2F, 0xE7, 0x27, 0xE6, 0x1F, 0xE5, 0x1F, 0xE4, 0x17, 0xE4, 0x17, 0xE4,
    0x17, 0xE4, 0x17, 0xE4, 0x17, 0xE4, 0x17, 0xE4, 0x17, 0xE3, 0x17, 0xE4, 0x17, 0xE4, 0x17, 0xE4,
    0x17, 0xE4, 0x17, 0xE4, 0x17, 0xE4, 0x17, 0xE4, 0x17, 0xE4, 0x17, 0xE4, 0x17, 0xE4, 0x17, 0xE4,
    0x17, 0xE4, 0x17, 0xE4, 0x17, 0xE4, 0x17, 0xE4, 0x17, 0xE4, 0x17, 0xE4, 0x17, 0xE4, 0x17, 0xE4,
    0x17, 0xE4, 0x17, 0xE4, 0x17, 0xE4, 0x17, 0xE4, 0x17, 0xE4, 0x17, 0xE4, 0x17, 0xE4, 0x17, 0xE4,
    0x17, 0xE4, 0x17, 0xE4, 0x17, 0xE4, 0x17, 0xE4, 0x17, 0xE4, 0x17, 0xE4, 0x17, 0xE4, 0x17, 0xE4,
    0x17, 0xE4, 0x17, 0xE4, 0x17, 0xFF, 0xE4, 0x17, 0xE4, 0x17, 0xE4, 0x17, 0xE4, 0x17, 0xE4, 0x17,
    0xE4, 0x17, 0xE4, 0x17, 0xE4, 0x17, 0xE4, 0x17, 0xE4, 0x17, 0xE4, 0x17, 0xE4, 0x17, 0xE4, 0x17,
    0xE4, 0x17, 0xE4, 0x17, 0xE4, 0x17, 0xE4, 0x17, 0xE4, 0x17, 0xE4, 0x17, 0xE4, 0x17, 0xE4, 0x17,
    0xE4, 0x17, 0xE4, 0x17, 0xE4, 0x17, 0xE4, 0x17, 0xE4, 0x17, 0xE4, 0x17, 0xE4, 0x17, 0xE4, 0x17,
    0xE4, 0x17, 0xE4, 0x17, 0xE4, 0x17, 0xE4, 0x17, 0xE4, 0x17, 0xE4, 0x17, 0xE4, 0x17, 0xE4, 0x17,
    0xE4, 0x17, 0xE4, 0x17, 0xE4, 0x17, 0xE4, 0x17, 0xE4, 0x17, 0xE4, 0x17, 0xE4, 0x17, 0xE4, 0x17,
    0xE4, 0x17, 0xE3, 0x17, 0xE4, 0x17, 0xE3, 0x17, 0xE3, 0x1F, 0xE3, 0x27, 0xE5, 0x27, 0x25, 0x54,
    0xCA, 0xEF, 0x5B, 0xFF, 0xBE, 0xAB, 0xCF, 0x89, 0xE8, 0x99, 0xC8, 0xA9, 0xE9, 0xBA, 0x2A, 0xBA,
    0x0A, 0xB9, 0xE9, 0xB9, 0x87, 0xB1, 0xFF, 0xA7, 0xA9, 0xC8, 0xA1, 0xC8, 0xA9, 0xE9, 0xA9, 0xC8,
    0xB9, 0xE9, 0xBA, 0x09, 0xC2, 0x2A, 0xA9, 0xA8, 0xA1, 0x46, 0x9A, 0x88, 0x86, 0x4D, 0x47, 0xE9,
    0x1F, 0xE5, 0x1F, 0xE4, 0x1F, 0xE3, 0x17, 0xE3, 0x17, 0xE3, 0x17, 0xE3, 0x27, 0xE5, 0x27, 0xE6,
    0x1F, 0xE5, 0x17, 0xE4, 0x17, 0xE4, 0x17, 0xE4, 0x17, 0xE4, 0x17, 0xE4, 0x17, 0xE4, 0x17, 0xE4,
    0x17, 0xE4, 0x17, 0xE4, 0x17, 0xE4, 0x17, 0xE4, 0x17, 0xE4, 0x17, 0xE4, 0x17, 0xE4, 0x17, 0xE4,
    0x17, 0xE4, 0x17, 0xE4, 0x17, 0xE4, 0x17, 0xE4, 0x17, 0xE4, 0x17, 0xE4, 0x17, 0xE4, 0x17, 0xE4,
    0x17, 0xE4, 0x17, 0xE4, 0x17, 0xE4, 0x17, 0xE4, 0x17, 0xE4, 0x17, 0xE4, 0x17, 0xE4, 0x17, 0xE4,
    0x17, 0xE4, 0x17, 0xE4, 0x17, 0xE4, 0x17, 0xE4, 0x17, 0xE4, 0x17, 0xE4, 0x17, 0xE4, 0x17, 0xE4,
    0x17, 0xE4, 0x17, 0xE4, 0x17, 0xE4, 0x17, 0xF6, 0xE4, 0x17, 0xE4, 0x17, 0xE4, 0x17, 0xE4, 0x17,
    0xE4, 0x17, 0xE4, 0x17, 0xE4, 0x17, 0xE4, 0x17, 0xE4, 0x17, 0xE4, 0x17, 0xE4, 0x17, 0xE4, 0x17,
    0xE4, 0x17, 0xE4, 0x17, 0xE4, 0x17, 0xE4, 0x17, 0xE4, 0x17, 0xE4, 0x17, 0xE4, 0x17, 0xE4, 0x17,
    0xE4, 0x17, 0xE4, 0x17, 0xE4, 0x17, 0xE4, 0x17, 0xE4, 0x17, 0xE4, 0x17, 0xE4, 0x17, 0xE4, 0x17,
    0xE4, 0x17, 0xE4, 0x17, 0xE4, 0x17, 0xE4, 0x17, 0xE4, 0x17, 0xE4, 0x17, 0xE4, 0x17, 0xE4, 0x17,
    0xE4, 0x17, 0xE4, 0x17, 0xE4, 0x17, 0xE4, 0x17, 0xE4, 0x17, 0xE4, 0x17, 0xE4, 0x17, 0xE4, 0x17,
    0xE4, 0x17, 0xE4, 0x17, 0xE4, 0x17, 0xE4, 0x17, 0xE4, 0x17, 0xE4, 0x17, 0xE4, 0x17, 0xE3, 0x17,
    0xE3, 0x17, 0xE3, 0x17, 0xE3, 0x17, 0xE3, 0x1F, 0xE4, 0x37, 0xE8, 0x5E, 0xAC, 0xCF, 0x39, 0x02,
    0xFF, 0xFF, 0xE7, 0x3B, 0x8A, 0xCB, 0x89, 0xC8, 0x99, 0xC8, 0xAA, 0x09, 0xB1, 0xE9, 0xA9, 0xA8,
    0xA1, 0x67, 0xA9, 0x46, 0xB1, 0x87, 0xA1, 0xC7, 0xB2, 0xAB, 0xA2, 0x09, 0xA9, 0x87, 0xB1, 0xA8,
    0xB1, 0xE9, 0xBA, 0x09, 0xBA, 0x09, 0xB1, 0xA7, 0xA1, 0xA7, 0xAC, 0x8D, 0x6F, 0x2C, 0x37, 0xE8,
    0x1F, 0xE5, 0x17, 0xE4, 0x17, 0xE4, 0x17, 0xE3, 0x17, 0xE4, 0x17, 0xE4, 0x17, 0xE4, 0x17, 0xE4,
    0x17, 0xE4, 0x17, 0xE4, 0x17, 0xE4, 0x17, 0xE4, 0x17, 0xE4, 0x17, 0xE4, 0x17, 0xE4, 0x17, 0xE4,
    0x17, 0xE4, 0x17, 0xE4, 0x17, 0xE4, 0x17, 0xE4, 0x17, 0xE4, 0x17, 0xE4, 0x17, 0xE4, 0x17, 0xE4,
    0x17, 0xE4, 0x17, 0xE4, 0x17, 0xE4, 0x17, 0xE4, 0x17, 0xE4, 0x17, 0xE4, 0x17, 0xE4, 0x17, 0xE4,
    0x17, 0xE4, 0x17, 0xE4, 0x17, 0xE4, 0x17, 0xE4, 0x17, 0xE4, 0x17, 0xE4, 0x17, 0xE4, 0x17, 0xE4,
    0x17, 0xE4, 0xFF, 0x17, 0xE4, 0x17, 0xE4, 0x17, 0xE4, 0x17, 0xE4, 0x17, 0xE4, 0x17, 0xE4, 0x17,
    0xE4, 0x17, 0xE4, 0x17, 0xE4, 0x17, 0xE4, 0x17, 0xE4, 0x17, 0xE4, 0x17, 0xE4, 0x17, 0xE4, 0x17,
    0xE4, 0x17, 0xE4, 0x17, 0xE4, 0x17, 0xE4, 0x17, 0xE4, 0x17, 0xE4, 0x17, 0xE4, 0x17, 0xE4, 0x17,
    0xE4, 0x17, 0xE4, 0x17, 0xE4, 0x17, 0xE4, 0x17, 0xE4, 0x17, 0xE4, 0x17, 0xE4, 0x17, 0xE4, 0x17,
    0xE4, 0x17, 0xE4, 0x17, 0xE4, 0x17, 0xE4, 0x17, 0xE4, 0x17, 0xE4, 0x17, 0xE4, 0x17, 0xE4, 0x17,
    0xE4, 0x17, 0xE4, 0x17, 0xE4, 0x17, 0xE3, 0x17, 0xE3, 0x17, 0xE4, 0x1F, 0xE4, 0x17, 0xE4, 0x17,
    0xE4, 0x17, 0xE4, 0x17, 0xE4, 0x17, 0xE4, 0x17, 0xE4, 0x17, 0xE4, 0x17, 0xE4, 0x17, 0xE4, 0x17,
    0xE4, 0x17, 0xE4, 0x17, 0xE4, 0x17, 0xE4, 0x17, 0xE4, 0x17, 0xE4, 0x17, 0xE4, 0x17, 0xE3, 0x17,
    0xE4, 0x17, 0xE3, 0xFF, 0x17, 0xE4, 0x2F, 0xE7, 0x4E, 0xCC, 0xC7, 0xB8, 0xF7, 0xFD, 0xFF, 0xFE,
    0xD6, 0x37, 0x7A, 0x28, 0x89, 0xE8, 0x89, 0xC7, 0x91, 0xC7, 0x91, 0xC7, 0xA9, 0xE8, 0xA9, 0xC8,
    0xC2, 0x09, 0xB9, 0xE8, 0xC3, 0x0C, 0xF5, 0x75, 0xB3, 0x2D, 0xB2, 0x09, 0xB1, 0x88, 0xA1, 0x67,
    0xA9, 0xA7, 0xBA, 0x09, 0xB1, 0xC8, 0xA9, 0x87, 0xCC, 0x30, 0x9D, 0xAF, 0x5F, 0x6C, 0x37, 0xE7,
    0x1F, 0xE4, 0x17, 0xE4, 0x17, 0xE3, 0x17, 0xE4, 0x17, 0xE4, 0x17, 0xE3, 0x17, 0xE4, 0x17, 0xE4,
    0x17, 0xE4, 0x17, 0xE4, 0x17, 0xE4, 0x17, 0xE4, 0x17, 0xE4, 0x17, 0xE4, 0x17, 0xE4, 0x17, 0xE4,
    0x17, 0xE4, 0x17, 0xE4, 0x17, 0xE4, 0x17, 0xE4, 0x17, 0xE4, 0x17, 0xE4, 0x17, 0xE4, 0x17, 0xE4,
    0x17, 0xE4, 0x17, 0xE4, 0x17, 0xE4, 0x17, 0xE4, 0x17, 0xE4, 0x17, 0xE4, 0x17, 0xE4, 0x17, 0xE4,
    0x17, 0xE4, 0x17, 0xE4, 0xFF, 0x17, 0xE4, 0x17, 0xE4, 0x17, 0xE4, 0x17, 0xE4, 0x17, 0xE4, 0x17,
    0xE4, 0x17, 0xE4, 0x17, 0xE4, 0x17, 0xE4, 0x17, 0xE4, 0x17, 0xE4, 0x17, 0xE4, 0x17, 0xE4, 0x17,
    0xE4, 0x17, 0xE4, 0x17, 0xE4, 0x17, 0xE4, 0x17, 0xE4, 0x17, 0xE4, 0x17, 0xE4, 0x17, 0xE4, 0x17,
    0xE4, 0x17, 0xE4, 0x17, 0xE4, 0x17, 0xE4, 0x17, 0xE4, 0x17, 0xE4, 0x17, 0xE4, 0x17, 0xE4, 0x17,
    0xE4, 0x17, 0xE4, 0x17, 0xE4, 0x17, 0xE4, 0x17, 0xE4, 0x17, 0xE4, 0x17, 0xE4, 0x17, 0xE4, 0x17,
    0xE4, 0x17, 0xE4, 0x17, 0xE4, 0x17, 0xE4, 0x17, 0xE4, 0x17, 0xE3, 0x17, 0xE3, 0x17, 0xE3, 0x17,
    0xE3, 0x17, 0xE3, 0x17, 0xE3, 0x1F, 0xE3, 0x2F, 0xE7, 0x3F, 0xE9, 0x47, 0xE9, 0x2F, 0xE8, 0x17,
    0xE6, 0x17, 0xE4, 0x17, 0xE4, 0x17, 0xE4, 0x17, 0xE4, 0x17, 0xE4, 0x17, 0xE4, 0x17, 0xE4, 0x17,
    0xE4, 0x17, 0xE4, 0x17, 0xE4, 0xFF, 0x17, 0xE4, 0x17, 0xE4, 0x17, 0xE4, 0x17, 0xE4, 0x17, 0xE4,
    0x17, 0xE5, 0x2F, 0xE7, 0x56, 0xEC, 0xB7, 0x98, 0xEF, 0xFE, 0xEF, 0xDD, 0xF7, 0xBD, 0xB4, 0xD2,
    0x79, 0xA7, 0x89, 0xE8, 0x69, 0x85, 0x50, 0xE2, 0x9A, 0x69, 0xC2, 0xAC, 0xBA, 0x0A, 0xCA, 0x0A,
    0xBA, 0x09, 0xDC, 0x71, 0xF5, 0xF7, 0xAA, 0xEC, 0xBA, 0x2A, 0xB9, 0xC8, 0xB2, 0x09, 0xA1, 0xC8,
    0xA1, 0xC8, 0xA1, 0xC8, 0x99, 0x87, 0xBB, 0x0D, 0xCD, 0x53, 0x85, 0xCF, 0x5F, 0xCC, 0x27, 0xE6,
    0x17, 0xE4, 0x17, 0xE3, 0x17, 0xE3, 0x17, 0xE4, 0x17, 0xE4, 0x17, 0xE4, 0x17, 0xE4, 0x17, 0xE3,
    0x17, 0xE3, 0x17, 0xE3, 0x17, 0xE3, 0x17, 0xE3, 0x17, 0xE3, 0x17, 0xE4, 0x17, 0xE4, 0x17, 0xE4,
    0x17, 0xE4, 0x17, 0xE4, 0x17, 0xE4, 0x17, 0xE4, 0x17, 0xE4, 0x17, 0xE4, 0x17, 0xE4, 0x17, 0xE4,
    0x17, 0xE4, 0x17, 0xE4, 0x17, 0xE4, 0xFF, 0x17, 0xE4, 0x17, 0xE4, 0x17, 0xE4, 0x17, 0xE4, 0x17,
    0xE4, 0x17, 0xE4, 0x17, 0xE4, 0x17, 0xE4, 0x17, 0xE4, 0x17, 0xE4, 0x17, 0xE4, 0x17, 0xE4, 0x17,
    0xE4, 0x17, 0xE4, 0x17, 0xE4, 0x17, 0xE4, 0x17, 0xE4, 0x17, 0xE4, 0x17, 0xE4, 0x17, 0xE4, 0x17,
    0xE4, 0x17, 0xE4, 0x17, 0xE4, 0x17, 0xE4, 0x17, 0xE4, 0x17, 0xE4, 0x17, 0xE4, 0x17, 0xE4, 0x17,
    0xE4, 0x17, 0xE4, 0x17, 0xE4, 0x17, 0xE4, 0x17, 0xE4, 0x17, 0xE4, 0x17, 0xE4, 0x17, 0xE4, 0x17,
    0xE4, 0x17, 0xE4, 0x17, 0xE4, 0x17, 0xE4, 0x17, 0xE4, 0x17, 0xE4, 0x17, 0xE4, 0x17, 0xE4, 0x17,
    0xE4, 0x17, 0xE4, 0x17, 0xE4, 0x17, 0xE4, 0x17, 0xE3, 0x17, 0xE3, 0x17, 0xE3, 0x17, 0xE3, 0x17,
    0xE3, 0x17, 0xE3, 0x2F, 0xE6, 0x4F, 0x6A, 0x76, 0x6E, 0x7E, 0x4E, 0x66, 0xCD, 0x47, 0xEA, 0x27,
    0xE5, 0x17, 0xE4, 0x17, 0xE4, 0x17, 0xE4, 0xFF, 0x17, 0xE4, 0x17, 0xE4, 0x17, 0xE4, 0x17, 0xE4,
    0x17, 0xE4, 0x17, 0xE4, 0x17, 0xE4, 0x17, 0xE4, 0x17, 0xE4, 0x17, 0xE4, 0x17, 0xE5, 0x2F, 0xE8,
    0x4F, 0x0C, 0xBF, 0x77, 0xF7, 0xFE, 0xF7, 0xFF, 0xF7, 0xBD, 0xEE, 0xFB, 0x9B, 0x6E, 0x89, 0xA8,
    0x89, 0xC8, 0x61, 0x44, 0x50, 0xE3, 0x9A, 0x08, 0xC2, 0x4A, 0xCA, 0x0A, 0xCA, 0x0B, 0x99, 0x88,
    0x8A, 0x6B, 0x9B, 0x2D, 0xAA, 0x6B, 0xC2, 0x4B, 0xC1, 0xE9, 0xCA, 0xED, 0xC3, 0x8F, 0x71, 0x67,
    0x79, 0x88, 0x81, 0xA8, 0x9A, 0x4A, 0xD5, 0x13, 0xB5, 0xB3, 0x7E, 0xCE, 0x37, 0xE9, 0x17, 0xE5,
    0x17, 0xE4, 0x17, 0xE4, 0x17, 0xE4, 0x17, 0xE4, 0x17, 0xE4, 0x17, 0xE4, 0x17, 0xE3, 0x17, 0xE3,
    0x17, 0xE3, 0x17, 0xE3, 0x17, 0xE3, 0x17, 0xE3, 0x17, 0xE4, 0x17, 0xE4, 0x17, 0xE4, 0x17, 0xE4,
    0x17, 0xE4, 0x1F, 0xE5, 0x27, 0xE5, 0x1F, 0xE5, 0xFF, 0x17, 0xE4, 0x17, 0xE4, 0x17, 0xE4, 0x17,
    0xE4, 0x17, 0xE4, 0x17, 0xE4, 0x17, 0xE4, 0x17, 0xE4, 0x17, 0xE4, 0x17, 0xE4, 0x17, 0xE4, 0x17,
    0xE4, 0x17, 0xE4, 0x17, 0xE4, 0x17, 0xE4, 0x17, 0xE4, 0x17, 0xE4, 0x17, 0xE4, 0x17, 0xE4, 0x17,
    0xE4, 0x17, 0xE4, 0x17, 0xE4, 0x17, 0xE4, 0x17, 0xE4, 0x17, 0xE4, 0x17, 0xE4, 0x17, 0xE4, 0x17,
    0xE4, 0x17, 0xE4, 0x17, 0xE4, 0x17, 0xE4, 0x17, 0xE4, 0x17, 0xE4, 0x17, 0xE4, 0x17, 0xE4, 0x17,
    0xE4, 0x17, 0xE4, 0x17, 0xE4, 0x17, 0xE4, 0x17, 0xE4, 0x17, 0xE4, 0x17, 0xE4, 0x17, 0xE4, 0x17,
    0xE4, 0x17, 0xE4, 0x17, 0xE4, 0x17, 0xE4, 0x17, 0xE4, 0x17, 0xE4, 0x17, 0xE4, 0x17, 0xE4, 0x17,
    0xE4, 0x17, 0xE4, 0x17, 0xE4, 0x17, 0xE3, 0x17, 0xE3, 0x17, 0xE3, 0x17, 0xE3, 0x17, 0xE3, 0x17,
    0xE4, 0x2F, 0xE7, 0x8E, 0xF1, 0xCE, 0xD8, 0xC6, 0x16, 0xA7, 0xA5, 0x92, 0x75, 0xEE, 0x57, 0xAB,
    0x27, 0xE6, 0x17, 0xE4, 0x17, 0xE4, 0x17, 0xE4, 0x17, 0xE4, 0x17, 0xE4, 0x17, 0xE4, 0x17, 0xE3,
    0x17, 0xE4, 0x17, 0xE3, 0x17, 0xE4, 0x17, 0xE4, 0x17, 0xE4, 0x2F, 0xE7, 0x56, 0xED, 0xBF, 0x78,
    0xFF, 0xFE, 0x04, 0xFF, 0xFF, 0xF7, 0x9D, 0xCD, 0xD7, 0x8A, 0x6B, 0x91, 0xC9, 0x81, 0x87, 0x61,
    0x45, 0x79, 0x86, 0xB2, 0x29, 0xC2, 0x0A, 0xCA, 0x0A, 0xC1, 0xEA, 0x68, 0xC6, 0x40, 0xE5, 0x61,
    0x47, 0xAA, 0x4B, 0xCA, 0x2B, 0xCA, 0x0A, 0x99, 0x67, 0x61, 0x46, 0x49, 0x26, 0x59, 0xA8, 0x7A,
    0x09, 0x92, 0x2A, 0xCC, 0xD3, 0xEE, 0x98, 0xAE, 0x53, 0x5F, 0x6C, 0x27, 0xE7, 0x17, 0xE4, 0x17,
    0xE4, 0x17, 0xE4, 0x17, 0xE4, 0x17, 0xE4, 0x17, 0xE4, 0x17, 0xE3, 0x17, 0xE4, 0x17, 0xE4, 0x17,
    0xE4, 0x17, 0xE4, 0x17, 0xE3, 0x17, 0xE3, 0x17, 0xE4, 0x17, 0xE4, 0x17, 0xE4, 0x27, 0xE6, 0x47,
    0xE8, 0x57, 0xCA, 0x4F, 0xEA, 0x2F, 0xE7, 0x17, 0xE5, 0x17, 0xE4, 0x17, 0xE4, 0x17, 0xE4, 0x17,
    0xE4, 0x17, 0xE4, 0x17, 0xE4, 0x17, 0xE4, 0x17, 0xE4, 0x17, 0xE4, 0x17, 0xE4, 0x17, 0xE4, 0x17,
    0xE4, 0x17, 0xE4, 0x17, 0xE4, 0xFF, 0x17, 0xE4, 0x17, 0xE4, 0x17, 0xE4, 0x17, 0xE4, 0x17, 0xE4,
    0x17, 0xE4, 0x17, 0xE4, 0x17, 0xE4, 0x17, 0xE4, 0x17, 0xE4, 0x17, 0xE4, 0x17, 0xE4, 0x17, 0xE4,
    0x17, 0xE4, 0x17, 0xE4, 0x17, 0xE4, 0x17, 0xE4, 0x17, 0xE4, 0x17, 0xE4, 0x17, 0xE4, 0x17, 0xE4,
    0x17, 0xE4, 0x17, 0xE4, 0x17, 0xE4, 0x17, 0xE4, 0x17, 0xE4, 0x17, 0xE4, 0x17, 0xE4, 0x17, 0xE4,
    0x17, 0xE4, 0x17, 0xE4, 0x17, 0xE4, 0x17, 0xE4, 0x17, 0xE4, 0x17, 0xE4, 0x17, 0xE4, 0x17, 0xE4,
    0x17, 0xE4, 0x17, 0xE4, 0x17, 0xE4, 0x17, 0xE4, 0x17, 0xE3, 0x17, 0xE4, 0x17, 0xE4, 0x47, 0x88,
    0xB6, 0xF4, 0xEE, 0xFA, 0xCD, 0xB6, 0xE6, 0x79, 0xBD, 0xD5, 0x8E, 0x30, 0x57, 0xEA, 0x27, 0xE5,
    0x17, 0xE4, 0x1F, 0xE4, 0x1F, 0xE4, 0x27, 0xE5, 0x27, 0xE5, 0x27, 0xE5, 0x27, 0xE4, 0x1F, 0xE4,
    0x1F, 0xE5, 0x27, 0xE5, 0x2F, 0xE6, 0x83, 0x5E, 0xEB, 0xBF, 0xB8, 0x03, 0xFF, 0x82, 0xDF, 0xFF,
    0xDF, 0x02, 0xFF, 0xFF, 0xF7, 0x5D, 0xB4, 0xB3, 0x82, 0x09, 0x91, 0xC9, 0x71, 0x67, 0x71, 0x86,
    0xAA, 0x4A, 0xC2, 0x2A, 0xCA, 0x0A, 0xCA, 0x2B, 0xA1, 0x88, 0x50, 0xE6, 0x49, 0x67, 0x61, 0x68,
    0xB2, 0x2B, 0xCA, 0x0A, 0xD2, 0x0A, 0x91, 0x06, 0x48, 0xC5, 0x41, 0x67, 0x51, 0xA8, 0x71, 0xE9,
    0x8A, 0x09, 0xC4, 0x72, 0xFF, 0x1B, 0xEF, 0x1A, 0x8E, 0x52, 0x4F, 0xCB, 0x27, 0xE6, 0x17, 0xE4,
    0x17, 0xE4, 0x17, 0xE4, 0x17, 0xE4, 0x17, 0xE4, 0x17, 0xE4, 0x17, 0xE4, 0x17, 0xE4, 0x17, 0xE3,
    0x17, 0xE3, 0x17, 0xE3, 0x17, 0xE3, 0x17, 0xE3, 0x17, 0xE5, 0x27, 0xE7, 0x4F, 0x8A, 0x86, 0xAF,
    0xB7, 0x34, 0x96, 0xD1, 0x4F, 0xAA, 0x1F, 0xE6, 0x17, 0xE4, 0x17, 0xE4, 0x17, 0xE4, 0x17, 0xE4,
    0x17, 0xE4, 0x17, 0xE4, 0x17, 0xE4, 0x17, 0xE4, 0x17, 0xE4, 0x17, 0xE4, 0x17, 0xE4, 0x17, 0xE4,
    0x17, 0xE4, 0x17, 0xE4, 0xFF, 0x17, 0xE4, 0x17, 0xE4, 0x17, 0xE4, 0x17, 0xE4, 0x17, 0xE4, 0x17,
    0xE4, 0x17, 0xE4, 0x17, 0xE4, 0x17, 0xE4, 0x17, 0xE4, 0x17, 0xE4, 0x17, 0xE4, 0x17, 0xE4, 0x17,
    0xE4, 0x17, 0xE4, 0x17, 0xE4, 0x17, 0xE4, 0x17, 0xE4, 0x17, 0xE4, 0x17, 0xE4, 0x17, 0xE4, 0x17,
    0xE4, 0x17, 0xE4, 0x17, 0xE4, 0x17, 0xE4, 0x17, 0xE4, 0x17, 0xE4, 0x17, 0xE4, 0x17, 0xE4, 0x17,
    0xE4, 0x17, 0xE4, 0x17, 0xE4, 0x17, 0xE4, 0x17, 0xE4, 0x17, 0xE4, 0x17, 0xE4, 0x17, 0xE4, 0x17,
    0xE4, 0x17, 0xE4, 0x17, 0xE4, 0x17, 0xE4, 0x17, 0xE3, 0x17, 0xE4, 0x17, 0xE5, 0x57, 0x0A, 0xCE,
    0xF6, 0xEE, 0x99, 0xDD, 0xD7, 0xDE, 0x18, 0xE6, 0x79, 0xBD, 0xF4, 0x76, 0x8F, 0x4F, 0xEB, 0x3F,
    0xE8, 0x3F, 0xE8, 0x47, 0xC9, 0x4F, 0x4B, 0x4F, 0x4B, 0x4F, 0xAA, 0x4F, 0xEA, 0x47, 0xEA, 0x47,
    0xE9, 0x47, 0x28, 0x6E, 0xCD, 0x89, 0xCF, 0xB9, 0xEF, 0xBE, 0xFF, 0xBF, 0xFF, 0xDF, 0xFF, 0xDF,
    0x02, 0xFF, 0xFF, 0xEF, 0x1C, 0x9B, 0xAF, 0x81, 0xE9, 0x89, 0x88, 0x71, 0x46, 0x92, 0x4A, 0xBA,
    0x6B, 0xCA, 0x0B, 0xCA, 0x2A, 0xB9, 0xE9, 0x70, 0xE6, 0x49, 0x27, 0x41, 0x88, 0x71, 0xE9, 0xBA,
    0x4B, 0xD2, 0x0A, 0xD9, 0xEA, 0x99, 0x27, 0x50, 0xE5, 0x49, 0xA8, 0x51, 0x88, 0x71, 0xC9, 0x81,
    0xC8, 0xBC, 0x31, 0xFF, 0x1B, 0xFF, 0xBE, 0xD7, 0x5A, 0x7E, 0xB0, 0x47, 0xE9, 0x1F, 0xE6, 0x17,
    0xE4, 0x17, 0xE4, 0x17, 0xE4, 0x17, 0xE4, 0x17, 0xE4, 0x17, 0xE4, 0x17, 0xE4, 0x17, 0xE4, 0x17,
    0xE3, 0x17, 0xE3, 0x17, 0xE3, 0x17, 0xE4, 0x27, 0xE7, 0x47, 0x8A, 0xA7, 0x53, 0xC6, 0x96, 0xE6,
    0xD8, 0xC6, 0x55, 0x66, 0xAC, 0x2F, 0xE7, 0x17, 0xE4, 0x17, 0xE4, 0x17, 0xE4, 0x17, 0xE4, 0x17,
    0xE4, 0x17, 0xE4, 0x17, 0xE4, 0x17, 0xE4, 0x17, 0xE4, 0x17, 0xE4, 0x17, 0xE4, 0x17, 0xE4, 0x17,
    0xE4, 0x17, 0xE4, 0xFF, 0x17, 0xE4, 0x17, 0xE4, 0x17, 0xE4, 0x17, 0xE4, 0x17, 0xE4, 0x17, 0xE4,
    0x17, 0xE4, 0x17, 0xE4, 0x17, 0xE4, 0x17, 0xE4, 0x17, 0xE4, 0x17, 0xE4, 0x17, 0xE4, 0x17, 0xE4,
    0x17, 0xE4, 0x17, 0xE4, 0x17, 0xE4, 0x17, 0xE4, 0x17, 0xE4, 0x17, 0xE4, 0x17, 0xE4, 0x17, 0xE4,
    0x17, 0xE4, 0x17, 0xE4, 0x17, 0xE4, 0x17, 0xE4, 0x17, 0xE4, 0x17, 0xE4, 0x17, 0xE4, 0x17, 0xE4,
    0x17, 0xE4, 0x17, 0xE4, 0x17, 0xE4, 0x17, 0xE4, 0x17, 0xE4, 0x17, 0xE4, 0x17, 0xE4, 0x17, 0xE4,
    0x17, 0xE4, 0x17, 0xE4, 0x17, 0xE4, 0x17, 0xE3, 0x17, 0xE3, 0x1F, 0xE5, 0x6E, 0xCC, 0xDF, 0x17,
    0xEE, 0x58, 0xDD, 0x76, 0xCD, 0x75, 0xEE, 0xBA, 0xDE, 0x79, 0x9D, 0x73, 0x86, 0x10, 0x76, 0x8E,
    0x76, 0x8E, 0x9E, 0xF4, 0xBF, 0x38, 0xB6, 0xD7, 0x96, 0x53, 0x7D, 0xD0, 0x7D, 0xAF, 0x7E, 0x10,
    0x9E, 0x93, 0xDF, 0x7B, 0x02, 0xFF, 0x87, 0xE7, 0x3D, 0xE6, 0xFD, 0xFF, 0xBF, 0xFF, 0xDF, 0x02,
    0xFF, 0xB3, 0xE6, 0x9A, 0x82, 0xCC, 0x81, 0xC9, 0x79, 0x27, 0x69, 0x26, 0x82, 0x29, 0xAA, 0x6C,
    0xBA, 0x4C, 0xC2, 0x4B, 0x91, 0x67, 0x48, 0xC5, 0x41, 0x88, 0x49, 0xA9, 0x8A, 0x4C, 0xC2, 0x4C,
    0xD2, 0x0A, 0xDA, 0x0A, 0x99, 0x26, 0x51, 0x06, 0x41, 0xA9, 0x49, 0x88, 0x69, 0xA9, 0x81, 0xC8,
    0xBC, 0x51, 0xFF, 0x1C, 0xFF, 0xDE, 0x02, 0xFF, 0xFF, 0xC6, 0xD7, 0x6E, 0xAE, 0x47, 0xEA, 0x1F,
    0xE5, 0x17, 0xE4, 0x17, 0xE4, 0x17, 0xE4, 0x1F, 0xE5, 0x1F, 0xE5, 0x1F, 0xE5, 0x1F, 0xE4, 0x1F,
    0xE4, 0x1F, 0xE4, 0x1F, 0xE4, 0x27, 0xE5, 0x3F, 0x8A, 0x97, 0x33, 0xEF, 0x7A, 0xCD, 0xB5, 0xEE,
    0x98, 0xDE, 0x77, 0x7D, 0xEE, 0x3F, 0xE9, 0x17, 0xE4, 0x17, 0xE4, 0x17, 0xE4, 0x17, 0xE4, 0x17,
    0xE4, 0x17, 0xE4, 0x17, 0xE4, 0x17, 0xE4, 0x17, 0xE4, 0x17, 0xE4, 0x17, 0xE4, 0x17, 0xE4, 0x17,
    0xE4, 0x17, 0xE4, 0x17, 0xE4, 0x17, 0xE4, 0x17, 0xE4, 0x17, 0xE4, 0x17, 0xE4, 0x17, 0xE4, 0x17,
    0xE4, 0x17, 0xE4, 0x17, 0xE4, 0x17, 0xE4, 0x17, 0xE4, 0x17, 0xE4, 0x17, 0xE4, 0x17, 0xE4, 0x17,
    0xE4, 0x17, 0xE4, 0x17, 0xE4, 0x17, 0xE4, 0x17, 0xE4, 0x17, 0xE4, 0x17, 0xE4, 0x17, 0xE4, 0x17,
    0xE4, 0x17, 0xE4, 0x17, 0xE4, 0x17, 0xE4, 0x17, 0xE4, 0xB9, 0x17, 0xE4, 0x17, 0xE4, 0x17, 0xE4,
    0x17, 0xE4, 0x17, 0xE4, 0x17, 0xE4, 0x17, 0xE4, 0x17, 0xE4, 0x17, 0xE4, 0x17, 0xE4, 0x17, 0xE4,
    0x17, 0xE3, 0x17, 0xE3, 0x17, 0xE3, 0x17, 0xE3, 0x17, 0xE3, 0x27, 0xE5, 0x7F, 0xCF, 0xDF, 0x38,
    0xE6, 0x17, 0xCC, 0xD3, 0xCD, 0x34, 0xEE, 0xB9, 0xFF, 0x3C, 0xDE, 0x38, 0xB5, 0x74, 0xB6, 0x16,
    0xC6, 0x98, 0xEF, 0xBE, 0x05, 0xFF, 0x86, 0xDF, 0xDE, 0xFC, 0xD6, 0x7A, 0xEF, 0x7D, 0x03, 0xFF,
    0x82, 0xDF, 0xFF, 0xDF, 0x02, 0xFF, 0xBD, 0xE7, 0x1C, 0xF7, 0x5D, 0xFF, 0xDF, 0xF7, 0x7E, 0xCD,
    0x96, 0x7A, 0x2A, 0x71, 0x26, 0x60, 0xC5, 0x59, 0x26, 0x41, 0x26, 0x59, 0x47, 0x82, 0x0B, 0x92,
    0x4B, 0x59, 0x06, 0x41, 0x26, 0x41, 0xA9, 0x51, 0xA9, 0x8A, 0x6C, 0xBA, 0x6C, 0xD2, 0x0B, 0xD2,
    0x0A, 0x99, 0x27, 0x51, 0x06, 0x41, 0xA9, 0x49, 0x89, 0x61, 0x87, 0x81, 0xE8, 0xC4, 0x52, 0xFF,
    0x1C, 0xFF, 0xBE, 0xFF, 0xDE, 0x02, 0xFF, 0xFF, 0xB6, 0x56, 0x66, 0xCF, 0x3F, 0xEA, 0x27, 0xE6,
    0x27, 0xE6, 0x37, 0xE8, 0x3F, 0xE8, 0x47, 0xC9, 0x47, 0xE9, 0x37, 0xE9, 0x37, 0xE8, 0x37, 0xE7,
    0x3F, 0xE8, 0x47, 0x49, 0x87, 0x11, 0xEF, 0xDC, 0xE6, 0x78, 0xCD, 0x74, 0xEE, 0x98, 0xE6, 0xB8,
    0x9E, 0x31, 0x3F, 0xEA, 0x17, 0xE4, 0x17, 0xE4, 0x17, 0xE4, 0x17, 0xE4, 0x17, 0xE4, 0x17, 0xE4,
    0x17, 0xE4, 0x17, 0xE4, 0x17, 0xE4, 0x17, 0xE4, 0x17, 0xE4, 0x17, 0xE4, 0x17, 0xE4, 0x17, 0xE4,
    0x17, 0xE4, 0x17, 0xE4, 0x17, 0xE4, 0x17, 0xE4, 0x17, 0xE4, 0x17, 0xE4, 0x17, 0xE4, 0x17, 0xE4,
    0x17, 0xE4, 0x17, 0xE4, 0x17, 0xE4, 0x17, 0xE4, 0x17, 0xE4, 0x17, 0xE4, 0x17, 0xE4, 0x17, 0xE4,
    0x17, 0xE4, 0x17, 0xE4, 0x17, 0xE4, 0x17, 0xE4, 0x17, 0xE4, 0x17, 0xE4, 0x17, 0xE4, 0x17, 0xE4,
    0x17, 0xE4, 0x17, 0xE4, 0x17, 0xE4, 0x17, 0xE3, 0xBB, 0x17, 0xE3, 0x17, 0xE3, 0x17, 0xE3, 0x17,
    0xE3, 0x17, 0xE4, 0x17, 0xE4, 0x17, 0xE4, 0x17, 0xE3, 0x17, 0xE3, 0x17, 0xE3, 0x17, 0xE3, 0x17,
    0xE3, 0x17, 0xE3, 0x17, 0xE3, 0x17, 0xE3, 0x17, 0xE4, 0x5F, 0xEC, 0xB7, 0x95, 0xC5, 0xD5, 0xC4,
    0xD2, 0xDD, 0x75, 0xF6, 0xBA, 0xFF, 0x1B, 0xFF, 0x3B, 0xCD, 0xF7, 0xD6, 0xB9, 0xF7, 0xBE, 0xEF,
    0x5D, 0xFF, 0xDF, 0xFF, 0xDF, 0x05, 0xFF, 0x86, 0xBF, 0xF7, 0x9E, 0xF7, 0x9E, 0xFF, 0xDF, 0x04,
    0xFF, 0xBB, 0xF7, 0x7E, 0xEF, 0x1C, 0xFF, 0xDF, 0xEF, 0x1C, 0xBD, 0x14, 0x71, 0xA8, 0x60, 0xC5,
    0x58, 0xA5, 0x49, 0x47, 0x39, 0x67, 0x28, 0xE6, 0x30, 0xE6, 0x39, 0x07, 0x30, 0xE6, 0x39, 0x68,
    0x41, 0xA9, 0x41, 0x68, 0x59, 0x68, 0x92, 0x2B, 0xB2, 0x6C, 0xC2, 0x6C, 0x89, 0x27, 0x49, 0x27,
    0x41, 0xAA, 0x41, 0x89, 0x59, 0x67, 0x81, 0xE8, 0xC4, 0x93, 0xF6, 0xDB, 0xFF, 0xBE, 0x04, 0xFF,
    0xFF, 0xE7, 0x1C, 0x7D, 0x91, 0x5E, 0xAE, 0x47, 0x8B, 0x4F, 0x4B, 0x66, 0xCD, 0x8E, 0xF1, 0x96,
    0xF2, 0x86, 0x90, 0x5E, 0x8D, 0x4E, 0x8B, 0x5E, 0xED, 0x86, 0xF0, 0x86, 0x0F, 0xDF, 0x7A, 0xF7,
    0x7C, 0xDE, 0x38, 0xC5, 0x54, 0xEE, 0x78, 0xF6, 0xF9, 0x96, 0x11, 0x3F, 0xE9, 0x1F, 0xE4, 0x17,
    0xE4, 0x17, 0xE4, 0x17, 0xE4, 0x17, 0xE4, 0x17, 0xE4, 0x17, 0xE4, 0x17, 0xE4, 0x17, 0xE4, 0x17,
    0xE4, 0x17, 0xE4, 0x17, 0xE4, 0x17, 0xE4, 0x17, 0xE4, 0x17, 0xE4, 0x17, 0xE4, 0x17, 0xE4, 0x17,
    0xE4, 0x17, 0xE4, 0x17, 0xE4, 0x17, 0xE4, 0x17, 0xE4, 0x17, 0xE4, 0x17, 0xE4, 0x17, 0xE4, 0x17,
    0xE4, 0x17, 0xE4, 0x17, 0xE4, 0x17, 0xE4, 0x17, 0xE4, 0x17, 0xE4, 0x17, 0xE4, 0x17, 0xE4, 0x17,
    0xE4, 0x17, 0xE4, 0x17, 0xE4, 0x17, 0xE4, 0x17, 0xE4, 0x17, 0xE4, 0x17, 0xE4, 0x17, 0xE4, 0x17,
    0xE4, 0xB3, 0x17, 0xE4, 0x17, 0xE4, 0x17, 0xE4, 0x17, 0xE4, 0x17, 0xE4, 0x17, 0xE4, 0x17, 0xE4,
    0x17, 0xE4, 0x17, 0xE3, 0x17, 0xE3, 0x17, 0xE3, 0x17, 0xE3, 0x17, 0xE3, 0x17, 0xE3, 0x17, 0xE3,
    0x17, 0xE4, 0x2F, 0xE7, 0x5F, 0xEB, 0x7E, 0x2D, 0xBD, 0xD3, 0xDD, 0xB6, 0xEE, 0x58, 0xFF, 0x3B,
    0xFF, 0x3B, 0xE6, 0xDA, 0xD6, 0x99, 0x02, 0xFF, 0x83, 0xEF, 0x3C, 0xF7, 0x7E, 0x09, 0xFF, 0x86,
    0xDF, 0xEF, 0x7D, 0xE7, 0x3C, 0xF7, 0x7D, 0x03, 0xFF, 0xFF, 0xDF, 0xEF, 0x3D, 0xF7, 0x3C, 0xDE,
    0x9A, 0xB4, 0xD3, 0x61, 0x26, 0x58, 0xA4, 0x48, 0xC5, 0x41, 0x67, 0x39, 0xA8, 0x31, 0x68, 0x21,
    0x06, 0x20, 0xC6, 0x29, 0x06, 0x31, 0x47, 0x39, 0x68, 0x31, 0x27, 0x30, 0xA5, 0x40, 0xE5, 0x69,
    0xE9, 0x8A, 0x4B, 0x59, 0x47, 0x41, 0x68, 0x41, 0xAA, 0x41, 0x88, 0x51, 0x46, 0x79, 0xC8, 0xCC,
    0x94, 0xE6, 0x5A, 0xEF, 0x1C, 0xEF, 0x3D, 0xE6, 0xDB, 0xDE, 0x7A, 0xCE, 0x79, 0xBE, 0xD8, 0xA6,
    0xD5, 0x9E, 0xD5, 0xD7, 0x7A, 0xF7, 0xFE, 0xFF, 0xFE, 0xEF, 0x9C, 0xBE, 0x77, 0xAE, 0x76, 0xD7,
    0x5A, 0xAD, 0xD4, 0xCE, 0x78, 0xF7, 0x7C, 0xF7, 0x3C, 0xD5, 0xD7, 0xBC, 0xF2, 0xCE, 0x34, 0xD6,
    0xF6, 0x7E, 0x6E, 0x37, 0xE8, 0x1F, 0xE4, 0x17, 0xE4, 0x17, 0xE4, 0x17, 0xE4, 0x17, 0xE4, 0x17,
    0xE4, 0x17, 0xE4, 0x17, 0xE4, 0x17, 0xE4, 0x17, 0xE4, 0x17, 0xF8, 0xE4, 0x17, 0xE4, 0x17, 0xE4,
    0x17, 0xE4, 0x17, 0xE4, 0x17, 0xE4, 0x17, 0xE4, 0x17, 0xE4, 0x17, 0xE4, 0x17, 0xE4, 0x17, 0xE4,
    0x17, 0xE4, 0x17, 0xE4, 0x17, 0xE4, 0x17, 0xE4, 0x17, 0xE4, 0x17, 0xE4, 0x17, 0xE4, 0x17, 0xE4,
    0x17, 0xE4, 0x17, 0xE4, 0x17, 0xE4, 0x17, 0xE4, 0x17, 0xE4, 0x17, 0xE4, 0x17, 0xE4, 0x17, 0xE4,
    0x17, 0xE4, 0x17, 0xE4, 0x17, 0xE4, 0x17, 0xE4, 0x17, 0xE4, 0x17, 0xE4, 0x17, 0xE4, 0x17, 0xE4,
    0x17, 0xE4, 0x17, 0xE4, 0x17, 0xE4, 0x17, 0xE4, 0x17, 0xE4, 0x17, 0xE4, 0x17, 0xE4, 0x17, 0xE4,
    0x17, 0xE4, 0x17, 0xE4, 0x17, 0xE4, 0x17, 0xE4, 0x1F, 0xE4, 0x1F, 0xE4, 0x1F, 0xE4, 0x27, 0x44,
    0x6E, 0x8B, 0xBE, 0x94, 0xD6, 0x36, 0xEE, 0x99, 0xFF, 0x3B, 0xE6, 0x99, 0xDE, 0x99, 0xFF, 0xDF,
    0xF7, 0x5D, 0xE6, 0xFC, 0x0C, 0xFF, 0xCF, 0xF7, 0x9E, 0xD6, 0x9A, 0xE7, 0x1C, 0xFF, 0xBF, 0xFF,
    0x9E, 0xEE, 0xDB, 0xDE, 0x79, 0xB4, 0x72, 0x60, 0xE5, 0x50, 0xA4, 0x38, 0xC4, 0x31, 0x06, 0x29,
    0x27, 0x29, 0x27, 0x21, 0x06, 0x20, 0xE6, 0x20, 0xC5, 0x28, 0xC5, 0x28, 0xC4, 0x28, 0xA4, 0x28,
    0x84, 0x30, 0xA4, 0x30, 0xC4, 0x41, 0x06, 0x41, 0x48, 0x41, 0xAA, 0x41, 0xAA, 0x41, 0x89, 0x51,
    0x26, 0x79, 0xE9, 0xCC, 0xD4, 0xD5, 0xD8, 0xC5, 0xB7, 0xCE, 0x18, 0xE6, 0xFC, 0xF7, 0x7E, 0xFF,
    0x9E, 0xE7, 0x1C, 0xEF, 0x5D, 0xFF, 0xDF, 0x05, 0xFF, 0x84, 0xDF, 0xEF, 0x5D, 0xF7, 0x9E, 0x02,
    0xFF, 0xFF, 0xF7, 0x5D, 0xC5, 0xB7, 0xEE, 0xFB, 0xF7, 0x5C, 0xE6, 0x99, 0xCD, 0xB5, 0xA5, 0x70,
    0x86, 0x4D, 0x87, 0x4D, 0x4F, 0xA9, 0x2F, 0xE7, 0x1F, 0xE4, 0x1F, 0xE4, 0x17, 0xE4, 0x17, 0xE4,
    0x17, 0xE4, 0x17, 0xE4, 0x17, 0xE4, 0x17, 0xE4, 0x17, 0xE4, 0x17, 0xE4, 0x17, 0xE4, 0x17, 0xE4,
    0x17, 0xE4, 0x17, 0xE4, 0x17, 0xE4, 0x17, 0xE4, 0x17, 0xE4, 0x17, 0xE4, 0x17, 0xE4, 0x17, 0xE4,
    0x17, 0xE4, 0x17, 0xE4, 0x17, 0xE4, 0x17, 0xE4, 0x17, 0xE4, 0x17, 0xE4, 0x17, 0xE4, 0x17, 0xE4,
    0x17, 0xE4, 0x17, 0xE4, 0x17, 0xE4, 0x17, 0xE4, 0x17, 0xE4, 0x17, 0xE4, 0x17, 0xE4, 0x17, 0xE4,
    0x17, 0xE4, 0x17, 0xE4, 0x17, 0xE4, 0x17, 0xE4, 0x17, 0xE4, 0x17, 0xE4, 0x17, 0xE4, 0x17, 0xE4,
    0x17, 0xE4, 0x17, 0xE4, 0x17, 0xE4, 0x17, 0xE4, 0x17, 0xE4, 0x17, 0xE4, 0x17, 0xE4, 0x17, 0xE4,
    0x17, 0xE4, 0x95, 0x17, 0xE4, 0x17, 0xE4, 0x17, 0xE4, 0x17, 0xE4, 0x17, 0xE3, 0x17, 0xE3, 0x17,
    0xE3, 0x27, 0xE4, 0x2F, 0xE5, 0x4E, 0xEA, 0x9E, 0x52, 0x02, 0xD5, 0x8B, 0xE6, 0x17, 0xC5, 0xB5,
    0xEE, 0xFB, 0xFF, 0xDF, 0xFF, 0x7D, 0xE6, 0xFB, 0x0E, 0xFF, 0xCD, 0xF7, 0x9E, 0xF7, 0x5E, 0xFF,
    0xBF, 0xFF, 0x9F, 0xE6, 0xDB, 0xD6, 0x39, 0xB4, 0x72, 0x58, 0xE5, 0x50, 0xA4, 0x38, 0xA4, 0x28,
    0xA5, 0x20, 0xC5, 0x18, 0xC5, 0x20, 0xC5, 0x28, 0xC5, 0x31, 0x05, 0x31, 0x05, 0x30, 0xE4, 0x30,
    0xC4, 0x30, 0xA3, 0x28, 0x83, 0x30, 0xA3, 0x30, 0xC5, 0x31, 0x28, 0x39, 0x89, 0x41, 0x89, 0x41,
    0x68, 0x49, 0x06, 0x79, 0xE9, 0xCC, 0xF5, 0xC5, 0x56, 0xC5, 0xF8, 0xF7, 0x5D, 0xFF, 0xDF, 0xFF,
    0xDF, 0xF7, 0x7E, 0xF7, 0x5D, 0xFF, 0xDF, 0xFF, 0xDF, 0x03, 0xFF, 0x86, 0xDF, 0xFF, 0xDF, 0xE6,
    0xFC, 0xFF, 0xBF, 0x02, 0xFF, 0xFF, 0xF7, 0x7D, 0xCE, 0x38, 0xF7, 0x3C, 0xF7, 0x3C, 0xD6, 0x97,
    0xA6, 0x11, 0x5E, 0x8A, 0x3F, 0xC7, 0x37, 0xE7, 0x27, 0xE6, 0x1F, 0xE5, 0x1F, 0xE4, 0x1F, 0xE4,
    0x17, 0xE4, 0x17, 0xE4, 0x17, 0xE4, 0x17, 0xE4, 0x17, 0xE4, 0x17, 0xE4, 0x17, 0xE4, 0x17, 0xE4,
    0x17, 0xE4, 0x17, 0xE4, 0x17, 0xE4, 0x17, 0xE4, 0x17, 0xE4, 0x17, 0xE4, 0x17, 0xE4, 0x17, 0xE4,
    0x17, 0xE4, 0x17, 0xE4, 0x17, 0xE4, 0x17, 0xE4, 0x17, 0xE4, 0x17, 0xE4, 0x17, 0xE4, 0x17, 0xE4,
    0x17, 0xE4, 0x17, 0xE4, 0x17, 0xE4, 0x17, 0xE4, 0x17, 0xE4, 0x17, 0xE4, 0x17, 0xE4, 0x17, 0xE4,
    0x17, 0xE4, 0x17, 0xE4, 0x17, 0xE4, 0x17, 0xE4, 0x17, 0xE4, 0x17, 0xE4, 0x17, 0xE4, 0x17, 0xE4,
    0x17, 0xE4, 0x17, 0xE4, 0x17, 0xE4, 0x17, 0xE4, 0x17, 0xE4, 0x17, 0xE4, 0x17, 0xE4, 0x17, 0xE4,
    0x17, 0xE4, 0x17, 0xE4, 0x17, 0xE4, 0xA7, 0x17, 0xE4, 0x17, 0xE4, 0x17, 0xE4, 0x17, 0xE4, 0x17,
    0xE3, 0x17, 0xE3, 0x17, 0xE3, 0x17, 0xE3, 0x1F, 0xE4, 0x1F, 0xE5, 0x3F, 0x2A, 0x96, 0x10, 0xBD,
    0xB3, 0xDE, 0xDA, 0xFF, 0xDF, 0xFF, 0xDF, 0xFF, 0x9E, 0xFF, 0x9E, 0xFF, 0xDF, 0xFF, 0xDF, 0x0B,
    0xFF, 0xC6, 0xDF, 0xFF, 0xDF, 0xFF, 0xBF, 0xEE, 0xFC, 0xDE, 0x3A, 0xD5, 0xF9, 0xA4, 0x10, 0x59,
    0x05, 0x48, 0xA4, 0x38, 0xA5, 0x28, 0xC6, 0x20, 0xC6, 0x20, 0xE6, 0x20, 0xE5, 0x41, 0xA8, 0x5A,
    0x2A, 0x5A, 0x09, 0x5A, 0x29, 0x5A, 0x29, 0x5A, 0x08, 0x49, 0x65, 0x30, 0xA2, 0x28, 0xA5, 0x28,
    0xC6, 0x28, 0xE7, 0x31, 0x07, 0x39, 0x06, 0x48, 0xC4, 0x82, 0x4A, 0xE5, 0x97, 0xE6, 0x5A, 0xFF,
    0x7E, 0xFF, 0xDF, 0xFF, 0xBF, 0xFF, 0xDF, 0xFF, 0xDF, 0x0B, 0xFF, 0x84, 0xDF, 0xEF, 0x1D, 0xFF,
    0xBF, 0x03, 0xFF, 0xFF, 0xBE, 0xD6, 0x18, 0xD6, 0x38, 0xCE, 0x77, 0x8E, 0x30, 0x56, 0xAA, 0x2F,
    0xE7, 0x1F, 0xE4, 0x1F, 0xE4, 0x1F, 0xE4, 0x1F, 0xE4, 0x1F, 0xE4, 0x17, 0xE4, 0x17, 0xE4, 0x17,
    0xE4, 0x17, 0xE4, 0x17, 0xE4, 0x17, 0xE4, 0x17, 0xE4, 0x17, 0xE4, 0x17, 0xE4, 0x17, 0xE4, 0x17,
    0xE4, 0x17, 0xE4, 0x17, 0xE4, 0x17, 0xE4, 0x17, 0xE4, 0x17, 0xE4, 0x17, 0xE4, 0x17, 0xE4, 0x17,
    0xE4, 0x17, 0xE4, 0x17, 0xE4, 0x17, 0xE4, 0x17, 0xE4, 0x17, 0xE4, 0x17, 0xE4, 0x17, 0xE4, 0x17,
    0xE4, 0x17, 0xE4, 0x17, 0xE4, 0x17, 0xE4, 0x17, 0xE4, 0x17, 0xE4, 0x17, 0xE4, 0x17, 0xE4, 0x17,
    0xE4, 0x17, 0xE4, 0x17, 0xE4, 0x17, 0xE4, 0x17, 0xE4, 0x17, 0xE4, 0x17, 0xE4, 0x17, 0xE4, 0x17,
    0xE4, 0x17, 0xE4, 0x17, 0xE4, 0x17, 0xE4, 0x17, 0xE4, 0x17, 0xE4, 0x17, 0xE4, 0x17, 0xE4, 0x17,
    0xE4, 0x17, 0xE4, 0x17, 0xA2, 0xE4, 0x17, 0xE4, 0x17, 0xE4, 0x17, 0xE4, 0x17, 0xE4, 0x17, 0xE4,
    0x17, 0xE4, 0x17, 0xE3, 0x17, 0xE4, 0x17, 0xE4, 0x1F, 0xE5, 0x4F, 0x8A, 0x9F, 0xD3, 0xDF, 0xFA,
    0xE7, 0x5A, 0xDE, 0xB9, 0xE6, 0xDB, 0xFF, 0xDE, 0x03, 0xFF, 0x80, 0xDF, 0x09, 0xFF, 0xC8, 0xDF,
    0xFF, 0xDF, 0xFF, 0x9E, 0xE6, 0xBB, 0xD6, 0x18, 0xCD, 0xD8, 0xB4, 0xF5, 0x6A, 0x69, 0x49, 0x05,
    0x40, 0xC5, 0x30, 0xC6, 0x29, 0x07, 0x29, 0x28, 0x29, 0x07, 0x31, 0x27, 0x5A, 0x8B, 0x52, 0x09,
    0x39, 0x26, 0x41, 0x46, 0x41, 0x46, 0x49, 0x46, 0x6A, 0x69, 0x38, 0xE3, 0x28, 0xA5, 0x28, 0xA6,
    0x20, 0xC6, 0x28, 0xE6, 0x38, 0xE5, 0x50, 0xE5, 0xB3, 0xD0, 0xED, 0xF9, 0xFE, 0xFC, 0xFF, 0xBF,
    0xFF, 0xBF, 0xFF, 0xDF, 0xFF, 0xDF, 0xFF, 0xDF, 0x0B, 0xFF, 0xFF, 0xDF, 0xFF, 0x9E, 0xFF, 0xDF,
    0xFF, 0xDF, 0xFF, 0xDF, 0xF7, 0x5D, 0xBD, 0xF5, 0x85, 0xCF, 0x57, 0x2B, 0x2F, 0xE7, 0x17, 0xE4,
    0x17, 0xE4, 0x17, 0xE4, 0x17, 0xE4, 0x17, 0xE4, 0x17, 0xE4, 0x17, 0xE4, 0x17, 0xE4, 0x17, 0xE4,
    0x17, 0xE4, 0x17, 0xE4, 0x17, 0xE4, 0x17, 0xE4, 0x17, 0xE4, 0x17, 0xE4, 0x17, 0xE4, 0x17, 0xE4,
    0x17, 0xE4, 0x17, 0xE4, 0x17, 0xE4, 0x17, 0xE4, 0x17, 0xE4, 0x17, 0xE4, 0x17, 0xE4, 0x17, 0xE4,
    0x17, 0xE4, 0x17, 0xE4, 0x17, 0xE4, 0x17, 0xE4, 0x17, 0xE4, 0x17, 0xE4, 0x17, 0xE4, 0x17, 0xE4,
    0x17, 0xE4, 0x17, 0xE4, 0x17, 0xE4, 0x17, 0xE4, 0x17, 0xE4, 0x17, 0xE4, 0x17, 0xE4, 0x17, 0xE4,
    0x17, 0xE4, 0x17, 0xE4, 0x17, 0xE4, 0x17, 0xE4, 0x17, 0xE4, 0x17, 0xE4, 0x17, 0xE4, 0x17, 0xE4,
    0x17, 0xE4, 0x17, 0xE4, 0x17, 0xE4, 0x17, 0xE4, 0x17, 0xE4, 0x17, 0xAC, 0xE4, 0x17, 0xE4, 0x17,
    0xE4, 0x17, 0xE4, 0x17, 0xE4, 0x17, 0xE4, 0x17, 0xE4, 0x17, 0xE4, 0x17, 0xE4, 0x17, 0xE4, 0x17,
    0xE4, 0x17, 0xE4, 0x17, 0xE4, 0x17, 0xE4, 0x1F, 0xE4, 0x27, 0xE5, 0x2F, 0xE6, 0x4E, 0xCA, 0x9E,
    0xB1, 0xD6, 0xB8, 0xEF, 0x5D, 0xFF, 0xDF, 0xFF, 0xDF, 0x09, 0xFF, 0xCA, 0xDF, 0xFF, 0xBE, 0xF7,
    0x5D, 0xE6, 0xBB, 0xCE, 0x38, 0xC6, 0x57, 0x9D, 0xF3, 0x5B, 0xCB, 0x39, 0x85, 0x39, 0x05, 0x30,
    0xE6, 0x31, 0x07, 0x31, 0x49, 0x39, 0x8A, 0x39, 0x8A, 0x41, 0x89, 0x7B, 0x4F, 0x5A, 0x4A, 0x41,
    0x87, 0x41, 0x87, 0x41, 0x67, 0x51, 0xA7, 0x8B, 0x6D, 0x49, 0x66, 0x39, 0x27, 0x28, 0xE7, 0x20,
    0xC7, 0x28, 0xC6, 0x38, 0xC6, 0x82, 0x8C, 0xE5, 0x56, 0xED, 0xD8, 0xEE, 0x9B, 0xFF, 0x7E, 0xFF,
    0xBF, 0xFF, 0xDF, 0xFF, 0xDF, 0xFF, 0xDF, 0x0D, 0xFF, 0xFF, 0xBF, 0xDE, 0xDB, 0xE6, 0xFC, 0xEF,
    0x7E, 0xD7, 0xDB, 0x8F, 0x32, 0x4F, 0x4A, 0x3F, 0xE8, 0x27, 0xE5, 0x17, 0xE4, 0x17, 0xE4, 0x17,
    0xE4, 0x17, 0xE4, 0x17, 0xE4, 0x17, 0xE4, 0x17, 0xE4, 0x17, 0xE4, 0x17, 0xE4, 0x17, 0xE4, 0x17,
    0xE4, 0x17, 0xE4, 0x17, 0xE4, 0x17, 0xE4, 0x17, 0xE4, 0x17, 0xE4, 0x17, 0xE4, 0x17, 0xE4, 0x17,
    0xE4, 0x17, 0xE4, 0x17, 0xE4, 0x17, 0xE4, 0x17, 0xE4, 0x17, 0xE4, 0x17, 0xE4, 0x17, 0xE4, 0x17,
    0xE4, 0x17, 0xE4, 0x17, 0xE4, 0x17, 0xE4, 0x17, 0xE4, 0x17, 0xE4, 0x17, 0xE4, 0x17, 0xE4, 0x17,
    0xE4, 0x17, 0xE4, 0x17, 0xE4, 0x17, 0xE4, 0x17, 0xE4, 0x17, 0xE4, 0x17, 0xE4, 0x17, 0xE4, 0x17,
    0xE4, 0x17, 0xE4, 0x17, 0xE4, 0x17, 0xE4, 0x17, 0xE4, 0x17, 0xE4, 0x17, 0xE4, 0x17, 0xE4, 0x17,
    0xE4, 0x17, 0xE4, 0x17, 0xE4, 0x17, 0xE4, 0x17, 0xE4, 0x17, 0xA6, 0xE4, 0x17, 0xE4, 0x17, 0xE4,
    0x17, 0xE4, 0x17, 0xE4, 0x17, 0xE4, 0x17, 0xE4, 0x17, 0xE4, 0x17, 0xE4, 0x17, 0xE4, 0x17, 0xE4,
    0x17, 0xE4, 0x17, 0xE4, 0x1F, 0xE3, 0x17, 0xE3, 0x1F, 0xE4, 0x1F, 0xE5, 0x46, 0xE9, 0xBF, 0xF8,
    0xEF, 0xFE, 0x03, 0xFF, 0xBD, 0xDF, 0xFF, 0xDF, 0xFF, 0xBF, 0xFF, 0x9F, 0xF7, 0x7E, 0xEE, 0xDC,
    0xDE, 0x7A, 0xCE, 0x38, 0xC6, 0x18, 0xBE, 0x56, 0x7E, 0x90, 0x57, 0x0C, 0x3D, 0x29, 0x21, 0xA4,
    0x31, 0x26, 0x31, 0x48, 0x31, 0x69, 0x39, 0x8A, 0x41, 0xAB, 0x41, 0xAB, 0x49, 0xAA, 0x83, 0x91,
    0x8B, 0xD0, 0x73, 0x2D, 0x73, 0x0D, 0x73, 0x0D, 0x83, 0x4E, 0x9C, 0x11, 0x49, 0x88, 0x41, 0xAA,
    0x39, 0x8A, 0x29, 0x02, 0x28, 0x94, 0xC6, 0x49, 0x48, 0xB4, 0x73, 0xE6, 0x19, 0xDD, 0xD8, 0xD5,
    0xD9, 0xE6, 0x9B, 0xFF, 0x7E, 0xFF, 0xDF, 0xFF, 0xDF, 0xFF, 0xDF, 0x0D, 0xFF, 0xFF, 0xDF, 0xE7,
    0x1C, 0xC6, 0x59, 0x96, 0x54, 0x56, 0xEC, 0x37, 0xE9, 0x27, 0xE6, 0x1F, 0xE5, 0x1F, 0xE4, 0x17,
    0xE4, 0x17, 0xE4, 0x17, 0xE4, 0x17, 0xE4, 0x17, 0xE4, 0x17, 0xE4, 0x17, 0xE4, 0x17, 0xE4, 0x17,
    0xE4, 0x17, 0xE4, 0x17, 0xE4, 0x17, 0xE4, 0x17, 0xE4, 0x17, 0xE4, 0x17, 0xE4, 0x17, 0xE4, 0x17,
    0xE4, 0x17, 0xE4, 0x17, 0xE4, 0x17, 0xE4, 0x17, 0xE4, 0x17, 0xE4, 0x17, 0xE4, 0x17, 0xE4, 0x17,
    0xE4, 0x17, 0xE4, 0x17, 0xE4, 0x17, 0xE4, 0x17, 0xE4, 0x17, 0xE4, 0x17, 0xE4, 0x17, 0xE4, 0x17,
    0xE4, 0x17, 0xE4, 0x17, 0xE4, 0x17, 0xE4, 0x17, 0xE4, 0x17, 0xE4, 0x17, 0xE4, 0x17, 0xE4, 0x17,
    0xE4, 0x17, 0xE4, 0x17, 0xE4, 0x17, 0xE4, 0x17, 0xE4, 0x17, 0xE4, 0x17, 0xE4, 0x17, 0xE4, 0x17,
    0xE4, 0x17, 0xE4, 0x17, 0xE4, 0x17, 0xE4, 0x17, 0xE4, 0x17, 0xE4, 0x17, 0xE4, 0x17, 0xFA, 0xE4,
    0x17, 0xE4, 0x17, 0xE4, 0x17, 0xE4, 0x17, 0xE4, 0x17, 0xE4, 0x17, 0xE4, 0x17, 0xE4, 0x17, 0xE4,
    0x17, 0xE4, 0x17, 0xE4, 0x17, 0xE4, 0x17, 0xE4, 0x17, 0xE4, 0x17, 0xE4, 0x17, 0xE3, 0x1F, 0xE5,
    0x1F, 0xE6, 0x47, 0x8B, 0x8F, 0xB2, 0xC7, 0xD8, 0xDF, 0x9B, 0xE7, 0x5B, 0xDE, 0xDA, 0xD6, 0x79,
    0xC6, 0x77, 0xC6, 0x56, 0xBE, 0x36, 0xAE, 0x55, 0x8E, 0x32, 0x66, 0x2D, 0x47, 0x89, 0x3F, 0x6A,
    0x13, 0xC4, 0x21, 0x86, 0x31, 0x89, 0x31, 0x69, 0x31, 0x49, 0x39, 0x8A, 0x41, 0xAB, 0x41, 0xAB,
    0x39, 0x6A, 0x41, 0xAB, 0x5A, 0x4C, 0x62, 0x8D, 0x6A, 0xCE, 0x72, 0xEE, 0x7B, 0x2E, 0x62, 0x8C,
    0x41, 0x89, 0x41, 0xAB, 0x39, 0x8B, 0x31, 0x6A, 0x39, 0x49, 0x39, 0x07, 0x63, 0x0C, 0x95, 0xD3,
    0xC6, 0x77, 0xD5, 0xF8, 0xD5, 0xF8, 0xDE, 0x7A, 0xF7, 0x7D, 0x03, 0xFF, 0x86, 0xDF, 0xFF, 0xDF,
    0xFF, 0xDF, 0xFF, 0xDF, 0x0A, 0xFF, 0xFF, 0xC7, 0x7A, 0x56, 0x8C, 0x2F, 0xE8, 0x17, 0xE5, 0x17,
    0xE4, 0x17, 0xE4, 0x17, 0xE4, 0x17, 0xE4, 0x17, 0xE4, 0x17, 0xE4, 0x17, 0xE4, 0x17, 0xE4, 0x17,
    0xE4, 0x17, 0xE4, 0x17, 0xE4, 0x17, 0xE4, 0x17, 0xE4, 0x17, 0xE4, 0x17, 0xE4, 0x17, 0xE4, 0x17,
    0xE4, 0x17, 0xE4, 0x17, 0xE4, 0x17, 0xE4, 0x17, 0xE4, 0x17, 0xE4, 0x17, 0xE4, 0x17, 0xE4, 0x17,
    0xE4, 0x17, 0xE4, 0x17, 0xE4, 0x17, 0xE4, 0x17, 0xE4, 0x17, 0xE4, 0x17, 0xE4, 0x17, 0xE4, 0x17,
    0xE4, 0x17, 0xE4, 0x17, 0xE4, 0x17, 0xE4, 0x17, 0xE4, 0x17, 0xE4, 0x17, 0xE4, 0x17, 0xE4, 0x17,
    0xE4, 0x17, 0xE4, 0x17, 0xE4, 0x17, 0xE4, 0x17, 0xE4, 0x17, 0xE4, 0x17, 0xE4, 0x17, 0xE4, 0x17,
    0xE4, 0x17, 0xE4, 0x17, 0xE4, 0x17, 0xE4, 0x17, 0xE4, 0x17, 0xE4, 0x17, 0xE4, 0x17, 0xE4, 0x17,
    0xE4, 0x17, 0xE4, 0x17, 0xE4, 0x17, 0xE4, 0xFF, 0x17, 0xE4, 0x17, 0xE4, 0x17, 0xE4, 0x17, 0xE4,
    0x17, 0xE4, 0x17, 0xE4, 0x17, 0xE4, 0x17, 0xE4, 0x17, 0xE4, 0x17, 0xE4, 0x17, 0xE4, 0x17, 0xE4,
    0x17, 0xE4, 0x17, 0xE4, 0x17, 0xE4, 0x17, 0xE4, 0x1F, 0xE5, 0x27, 0xC6, 0x3F, 0x28, 0x5E, 0xAB,
    0x76, 0x8E, 0x7E, 0x6F, 0x7E, 0x6F, 0x6E, 0x8E, 0x6E, 0xAD, 0x66, 0xAD, 0x56, 0xCB, 0x47, 0x4A,
    0x3F, 0xE9, 0x37, 0xA7, 0x0B, 0xC3, 0x19, 0xC6, 0x31, 0x8A, 0x39, 0xAB, 0x31, 0x6A, 0x31, 0x49,
    0x39, 0x8A, 0x41, 0xAB, 0x41, 0xAB, 0x31, 0x4A, 0x31, 0x29, 0x39, 0x8B, 0x41, 0x8B, 0x39, 0x6A,
    0x41, 0x8A, 0x31, 0x49, 0x31, 0x28, 0x41, 0xAA, 0x39, 0xCB, 0x39, 0xAB, 0x31, 0x49, 0x41, 0xAA,
    0x39, 0x28, 0x42, 0xC9, 0x55, 0xEC, 0x6E, 0x8E, 0xB6, 0x74, 0xC6, 0x36, 0xCE, 0x17, 0xD6, 0x79,
    0xE7, 0x3C, 0xF7, 0x9E, 0xFF, 0xDF, 0xFF, 0xDF, 0x0A, 0xFF, 0xFF, 0xC7, 0xDA, 0x6E, 0xEF, 0x37,
    0xE8, 0x17, 0xE5, 0x17, 0xE4, 0x17, 0xE3, 0x17, 0xE4, 0x17, 0xE4, 0x17, 0xE4, 0x17, 0xE4, 0x17,
    0xE4, 0x17, 0xE4, 0x17, 0xE4, 0x17, 0xE4, 0x17, 0xE4, 0x17, 0xE4, 0x17, 0xE4, 0x17, 0xE4, 0x17,
    0xE4, 0x17, 0xE4, 0x17, 0xE4, 0x17, 0xE4, 0x17, 0xE4, 0x17, 0xE4, 0x17, 0xE4, 0x17, 0xE4, 0x17,
    0xE4, 0x17, 0xE4, 0x17, 0xE4, 0x17, 0xE4, 0x17, 0xE4, 0x17, 0xE4, 0x17, 0xE4, 0x17, 0xE4, 0x17,
    0xE4, 0x17, 0xE4, 0x17, 0xE4, 0x17, 0xE4, 0x17, 0xE4, 0x17, 0xE4, 0x17, 0xE4, 0x17, 0xE4, 0x17,
    0xE4, 0x17, 0xE4, 0x17, 0xE4, 0x17, 0xE4, 0x17, 0xE4, 0x17, 0xE4, 0x17, 0xE4, 0x17, 0xE4, 0x17,
    0xE4, 0x17, 0xE4, 0x17, 0xE4, 0x17, 0xE4, 0x17, 0xE4, 0x17, 0xE4, 0x17, 0xE4, 0x17, 0xE4, 0x17,
    0xE4, 0x17, 0xE4, 0x17, 0xE4, 0x17, 0xE4, 0x17, 0xE4, 0x17, 0xE4, 0xFF, 0x17, 0xE4, 0x17, 0xE4,
    0x17, 0xE4, 0x17, 0xE4, 0x17, 0xE4, 0x17, 0xE4, 0x17, 0xE4, 0x17, 0xE4, 0x17, 0xE4, 0x17, 0xE4,
    0x17, 0xE4, 0x17, 0xE4, 0x17, 0xE4, 0x17, 0xE4, 0x17, 0xE4, 0x17, 0xE4, 0x17, 0xE4, 0x17, 0xE4,
    0x1F, 0xE4, 0x1F, 0xE5, 0x27, 0xE5, 0x2F, 0xE5, 0x2F, 0xE6, 0x2F, 0xE7, 0x2F, 0xE6, 0x2F, 0xE6,
    0x2F, 0xE6, 0x2F, 0xE7, 0x27, 0xE6, 0x2F, 0xE8, 0x14, 0xA5, 0x11, 0xC5, 0x31, 0xAA, 0x39, 0xAB,
    0x31, 0xAB, 0x31, 0x8A, 0x39, 0x8B, 0x39, 0xAB, 0x39, 0xCB, 0x39, 0xAB, 0x31, 0x4A, 0x39, 0x8B,
    0x41, 0xAB, 0x39, 0xAB, 0x39, 0xAB, 0x39, 0xAB, 0x31, 0x49, 0x31, 0x49, 0x41, 0xCB, 0x41, 0xCC,
    0x39, 0xAB, 0x31, 0x49, 0x39, 0x8A, 0x39, 0x6A, 0x29, 0xE7, 0x56, 0xCC, 0x37, 0xC8, 0x5E, 0xEB,
    0x86, 0xAF, 0xA6, 0xD3, 0xB6, 0x95, 0xBE, 0x96, 0xC6, 0xF8, 0xCF, 0x59, 0xFF, 0xD7, 0x7A, 0xDF,
    0xDB, 0xDF, 0xFB, 0xDF, 0xFB, 0xCF, 0xFA, 0x9F, 0x94, 0x57, 0x2B, 0x3F, 0xE8, 0x1F, 0xE5, 0x17,
    0xE4, 0x17, 0xE3, 0x17, 0xE3, 0x17, 0xE3, 0x17, 0xE4, 0x17, 0xE4, 0x17, 0xE4, 0x17, 0xE4, 0x17,
    0xE4, 0x17, 0xE4, 0x17, 0xE4, 0x17, 0xE4, 0x17, 0xE4, 0x17, 0xE4, 0x17, 0xE4, 0x17, 0xE4, 0x17,
    0xE4, 0x17, 0xE4, 0x17, 0xE4, 0x17, 0xE4, 0x17, 0xE4, 0x17, 0xE4, 0x17, 0xE4, 0x17, 0xE4, 0x17,
    0xE4, 0x17, 0xE4, 0x17, 0xE4, 0x17, 0xE4, 0x17, 0xE4, 0x17, 0xE4, 0x17, 0xE4, 0x17, 0xE4, 0x17,
    0xE4, 0x17, 0xE4, 0x17, 0xE4, 0x17, 0xE4, 0x17, 0xE4, 0x17, 0xE4, 0x17, 0xE4, 0x17, 0xE4, 0x17,
    0xE4, 0x17, 0xE4, 0x17, 0xE4, 0x17, 0xE4, 0x17, 0xE4, 0x17, 0xE4, 0x17, 0xE4, 0x17, 0xE4, 0x17,
    0xE4, 0x17, 0xE4, 0x17, 0xE4, 0x17, 0xE4, 0x17, 0xE4, 0x17, 0xE4, 0x17, 0xE4, 0xFF, 0x17, 0xE4,
    0x17, 0xE4, 0x17, 0xE4, 0x17, 0xE4, 0x17, 0xE4, 0x17, 0xE4, 0x17, 0xE4, 0x17, 0xE4, 0x17, 0xE4,
    0x17, 0xE4, 0x17, 0xE4, 0x17, 0xE4, 0x17, 0xE4, 0x17, 0xE4, 0x17, 0xE4, 0x17, 0xE4, 0x17, 0xE4,
    0x17, 0xE4, 0x17, 0xE4, 0x17, 0xE4, 0x17, 0xE4, 0x17, 0xE4, 0x17, 0xE4, 0x17, 0xE4, 0x17, 0xE4,
    0x17, 0xE4, 0x17, 0xE4, 0x17, 0xE4, 0x17, 0xE4, 0x17, 0xE4, 0x17, 0xE4, 0x17, 0xE4, 0x17, 0xE4,
    0x17, 0xE4, 0x27, 0xE6, 0x1D, 0x85, 0x1A, 0x06, 0x39, 0xCB, 0x39, 0xCB, 0x39, 0xAB, 0x31, 0x8B,
    0x31, 0xAB, 0x39, 0xAB, 0x39, 0xAB, 0x39, 0xAB, 0x31, 0x8A, 0x31, 0x6A, 0x39, 0xAB, 0x39, 0xAB,
    0x39, 0xAB, 0x39, 0xCB, 0x39, 0xAB, 0x31, 0x6A, 0x31, 0x8A, 0x39, 0xCB, 0x39, 0xCB, 0x39, 0xAB,
    0x31, 0x4A, 0x39, 0xAB, 0x41, 0xAB, 0x31, 0x89, 0x4D, 0xAC, 0x37, 0xE8, 0x1F, 0xE5, 0xFF, 0x2F,
    0xA6, 0x3F, 0x49, 0x5F, 0x2C, 0x67, 0x0C, 0x5E, 0xEC, 0x5E, 0xEC, 0x5F, 0x0C, 0x5F, 0x0C, 0x5F,
    0x2B, 0x57, 0x4B, 0x47, 0x89, 0x37, 0xE7, 0x27, 0xE6, 0x27, 0xE5, 0x17, 0xE4, 0x17, 0xE3, 0x17,
    0xE4, 0x17, 0xE4, 0x17, 0xE4, 0x17, 0xE4, 0x17, 0xE4, 0x17, 0xE4, 0x17, 0xE4, 0x17, 0xE4, 0x17,
    0xE4, 0x17, 0xE4, 0x17, 0xE4, 0x17, 0xE4, 0x17, 0xE4, 0x17, 0xE4, 0x17, 0xE4, 0x17, 0xE4, 0x17,
    0xE4, 0x17, 0xE4, 0x17, 0xE4, 0x17, 0xE4, 0x17, 0xE4, 0x17, 0xE4, 0x17, 0xE4, 0x17, 0xE4, 0x17,
    0xE4, 0x17, 0xE4, 0x17, 0xE4, 0x17, 0xE4, 0x17, 0xE4, 0x17, 0xE4, 0x17, 0xE4, 0x17, 0xE4, 0x17,
    0xE4, 0x17, 0xE4, 0x17, 0xE4, 0x17, 0xE4, 0x17, 0xE4, 0x17, 0xE4, 0x17, 0xE4, 0x17, 0xE4, 0x17,
    0xE4, 0x17, 0xE4, 0x17, 0xE4, 0x17, 0xE4, 0x17, 0xE4, 0x17, 0xE4, 0x17, 0xE4, 0x17, 0xE4, 0xFF,
    0x17, 0xE4, 0x17, 0xE4, 0x17, 0xE4, 0x17, 0xE4, 0x17, 0xE4, 0x17, 0xE4, 0x17, 0xE4, 0x17, 0xE4,
    0x17, 0xE4, 0x17, 0xE4, 0x17, 0xE4, 0x17, 0xE4, 0x17, 0xE4, 0x17, 0xE4, 0x17, 0xE4, 0x17, 0xE4,
    0x17, 0xE4, 0x17, 0xE4, 0x17, 0xE4, 0x17, 0xE4, 0x17, 0xE4, 0x17, 0xE4, 0x17, 0xE4, 0x17, 0xE4,
    0x17, 0xE4, 0x17, 0xE4, 0x17, 0xE4, 0x17, 0xE4, 0x17, 0xE4, 0x17, 0xE4, 0x17, 0xE4, 0x17, 0xE4,
    0x17, 0xE3, 0x17, 0xE4, 0x17, 0xE3, 0x17, 0xE4, 0x17, 0xE4, 0x17, 0xE4, 0x17, 0xE4, 0x27, 0xE6,
    0x27, 0x06, 0x0A, 0xC4, 0x31, 0xCA, 0x39, 0xCB, 0x39, 0xCB, 0x39, 0xAB, 0x39, 0xAB, 0x39, 0xCC,
    0x39, 0xCB, 0x39, 0xAB, 0x39, 0xAB, 0x31, 0x6A, 0x31, 0x8A, 0x39, 0xCB, 0x39, 0xAB, 0x39, 0xAB,
    0x39, 0xAB, 0x39, 0xAB, 0x31, 0x6A, 0x39, 0xAB, 0x39, 0xCB, 0x41, 0xCC, 0x39, 0xAB, 0x31, 0x4A,
    0xFF, 0x39, 0xAB, 0x41, 0xCB, 0x39, 0x6A, 0x4C, 0x6B, 0x3F, 0xE9, 0x0F, 0xE4, 0x1F, 0xE4, 0x1F,
    0xE5, 0x1F, 0xE5, 0x27, 0xE6, 0x1F, 0xE5, 0x1F, 0xE5, 0x1F, 0xE5, 0x1F, 0xE5, 0x1F, 0xE5, 0x1F,
    0xE4, 0x1F, 0xE4, 0x1F, 0xE4, 0x17, 0xE4, 0x17, 0xE4, 0x17, 0xE4, 0x17, 0xE4, 0x17, 0xE4, 0x17,
    0xE4, 0x17, 0xE4, 0x17, 0xE4, 0x17, 0xE4, 0x17, 0xE4, 0x17, 0xE4, 0x17, 0xE4, 0x17, 0xE4, 0x17,
    0xE4, 0x17, 0xE4, 0x17, 0xE4, 0x17, 0xE4, 0x17, 0xE4, 0x17, 0xE4, 0x17, 0xE4, 0x17, 0xE4, 0x17,
    0xE4, 0x17, 0xE4, 0x17, 0xE4, 0x17, 0xE4, 0x17, 0xE4, 0x17, 0xE4, 0x17, 0xE4, 0x17, 0xE4, 0x17,
    0xE4, 0x17, 0xE4, 0x17, 0xE4, 0x17, 0xE4, 0x17, 0xE4, 0x17, 0xE4, 0x17, 0xE4, 0x17, 0xE4, 0x17,
    0xE4, 0x17, 0xE4, 0x17, 0xE4, 0x17, 0xE4, 0x17, 0xE4, 0x17, 0xE4, 0x17, 0xE4, 0x17, 0xE4, 0x17,
    0xE4, 0xFF, 0x17, 0xE4, 0x17, 0xE4, 0x17, 0xE4, 0x17, 0xE4, 0x17, 0xE4, 0x17, 0xE4, 0x17, 0xE4,
    0x17, 0xE4, 0x17, 0xE4, 0x17, 0xE4, 0x17, 0xE4, 0x17, 0xE4, 0x17, 0xE4, 0x17, 0xE4, 0x17, 0xE4,
    0x17, 0xE4, 0x17, 0xE4, 0x17, 0xE4, 0x17, 0xE4, 0x17, 0xE4, 0x17, 0xE4, 0x17, 0xE4, 0x17, 0xE4,
    0x17, 0xE4, 0x17, 0xE4, 0x17, 0xE4, 0x17, 0xE4, 0x17, 0xE4, 0x17, 0xE4, 0x17, 0xE4, 0x17, 0xE4,
    0x17, 0xE4, 0x17, 0xE4, 0x17, 0xE4, 0x17, 0xE4, 0x17, 0xE4, 0x17, 0xE4, 0x17, 0xE4, 0x17, 0xE4,
    0x17, 0xE4, 0x17, 0xE4, 0x17, 0xE4, 0x17, 0xE4, 0x17, 0xE4, 0x1F, 0xE5, 0x2F, 0xC6, 0x0B, 0x83,
    0x29, 0xE8, 0x39, 0xCB, 0x39, 0xCB, 0x39, 0xCB, 0x39, 0xAB, 0x39, 0xCB, 0x41, 0xCC, 0x39, 0xCB,
    0x39, 0xAB, 0x39, 0xAB, 0x31, 0x8A, 0x39, 0xAB, 0x39, 0xAB, 0x39, 0xAB, 0x39, 0xAB, 0x39, 0xAB,
    0x39, 0xAB, 0xFF, 0x39, 0x8B, 0x39, 0xAB, 0x39, 0xAB, 0x39, 0xCB, 0x39, 0xAB, 0x31, 0x6A, 0x39,
    0xAB, 0x39, 0xAB, 0x39, 0x6A, 0x43, 0x4B, 0x4F, 0xCC, 0x1F, 0xE5, 0x17, 0xE4, 0x17, 0xE4, 0x17,
    0xE4, 0x17, 0xE4, 0x17, 0xE4, 0x17, 0xE4, 0x17, 0xE4, 0x17, 0xE4, 0x17, 0xE3, 0x0F, 0xE3, 0x17,
    0xE3, 0x17, 0xE3, 0x17, 0xE4, 0x17, 0xE4, 0x17, 0xE4, 0x17, 0xE4, 0x17, 0xE4, 0x17, 0xE4, 0x17,
    0xE4, 0x17, 0xE4, 0x17, 0xE4, 0x17, 0xE4, 0x17, 0xE4, 0x17, 0xE4, 0x17, 0xE4, 0x17, 0xE4, 0x17,
    0xE4, 0x17, 0xE4, 0x17, 0xE4, 0x17, 0xE4, 0x17, 0xE4, 0x17, 0xE4, 0x17, 0xE4, 0x17, 0xE4, 0x17,
    0xE4, 0x17, 0xE4, 0x17, 0xE4, 0x17, 0xE4, 0x17, 0xE4, 0x17, 0xE4, 0x17, 0xE4, 0x17, 0xE4, 0x17,
    0xE4, 0x17, 0xE4, 0x17, 0xE4, 0x17, 0xE4, 0x17, 0xE4, 0x17, 0xE4, 0x17, 0xE4, 0x17, 0xE4, 0x17,
    0xE4, 0x17, 0xE4, 0xFF, 0x17, 0xE4, 0x17, 0xE4, 0x17, 0xE4, 0x17, 0xE4, 0x17, 0xE4, 0x17, 0xE4,
    0x17, 0xE4, 0x17, 0xE4, 0x17, 0xE4, 0x17, 0xE4, 0x17, 0xE4, 0x17, 0xE4, 0x17, 0xE4, 0x17, 0xE4,
    0x17, 0xE4, 0x17, 0xE4, 0x17, 0xE4, 0x17, 0xE4, 0x17, 0xE4, 0x17, 0xE4, 0x17, 0xE4, 0x17, 0xE4,
    0x17, 0xE4, 0x17, 0xE4, 0x17, 0xE4, 0x17, 0xE4, 0x17, 0xE4, 0x17, 0xE4, 0x17, 0xE4, 0x17, 0xE4,
    0x17, 0xE4, 0x17, 0xE4, 0x17, 0xE4, 0x17, 0xE4, 0x17, 0xE4, 0x17, 0xE4, 0x17, 0xE4, 0x17, 0xE4,
    0x17, 0xE4, 0x17, 0xE4, 0x17, 0xE4, 0x17, 0xE4, 0x17, 0xE4, 0x17, 0xE4, 0x17, 0xE4, 0x17, 0xE4,
    0x17, 0xE4, 0x17, 0xE3, 0x17, 0xE4, 0x1F, 0xE5, 0x2F, 0xE7, 0x14, 0xA5, 0x22, 0x07, 0x39, 0xCB,
    0x39, 0xAB, 0x39, 0xAB, 0x39, 0xAB, 0x39, 0xAB, 0x39, 0xAB, 0x39, 0xCB, 0x39, 0xCB, 0x39, 0xAB,
    0x39, 0xAB, 0x39, 0xAB, 0xFF, 0x39, 0xAB, 0x39, 0xAB, 0x39, 0xAB, 0x39, 0xAB, 0x39, 0xAB, 0x39,
    0xAB, 0x39, 0xAB, 0x39, 0xCB, 0x39, 0xCB, 0x39, 0xCB, 0x39, 0xAB, 0x39, 0x8A, 0x39, 0xAB, 0x39,
    0xAB, 0x39, 0x8B, 0x3A, 0x6A, 0x5E, 0xCE, 0x27, 0xE7, 0x17, 0xE4, 0x17, 0xE3, 0x17, 0xE3, 0x17,
    0xE4, 0x17, 0xE4, 0x17, 0xE4, 0x17, 0xE4, 0x17, 0xE4, 0x17, 0xE3, 0x17, 0xE4, 0x17, 0xE3, 0x17,
    0xE4, 0x17, 0xE3, 0x17, 0xE4, 0x17, 0xE4, 0x17, 0xE4, 0x17, 0xE4, 0x17, 0xE4, 0x17, 0xE4, 0x17,
    0xE4, 0x17, 0xE3, 0x17, 0xE4, 0x17, 0xE3, 0x17, 0xE4, 0x17, 0xE4, 0x17, 0xE4, 0x17, 0xE4, 0x17,
    0xE4, 0x17, 0xE4, 0x17, 0xE4, 0x17, 0xE4, 0x17, 0xE4, 0x17, 0xE4, 0x17, 0xE4, 0x17, 0xE4, 0x17,
    0xE4, 0x17, 0xE4, 0x17, 0xE4, 0x17, 0xE4, 0x17, 0xE4, 0x17, 0xE4, 0x17, 0xE4, 0x17, 0xE4, 0x17,
    0xE4, 0x17, 0xE4, 0x17, 0xE4, 0xFF, 0x17, 0xE4, 0x17, 0xE4, 0x17, 0xE4, 0x17, 0xE4, 0x17, 0xE4,
    0x17, 0xE4, 0x17, 0xE4, 0x17, 0xE4, 0x17, 0xE4, 0x17, 0xE4, 0x17, 0xE4, 0x17, 0xE4, 0x17, 0xE4,
    0x17, 0xE4, 0x17, 0xE4, 0x17, 0xE4, 0x17, 0xE4, 0x17, 0xE4, 0x17, 0xE4, 0x17, 0xE4, 0x17, 0xE4,
    0x17, 0xE4, 0x17, 0xE4, 0x17, 0xE4, 0x17, 0xE4, 0x17, 0xE4, 0x17, 0xE4, 0x17, 0xE4, 0x17, 0xE4,
    0x17, 0xE4, 0x17, 0xE4, 0x17, 0xE4, 0x17, 0xE4, 0x17, 0xE4, 0x17, 0xE4, 0x17, 0xE4, 0x17, 0xE4,
    0x17, 0xE4, 0x17, 0xE4, 0x17, 0xE4, 0x17, 0xE4, 0x17, 0xE4, 0x17, 0xE4, 0x17, 0xE4, 0x17, 0xE4,
    0x17, 0xE4, 0x17, 0xE4, 0x17, 0xE4, 0x17, 0xE4, 0x17, 0xE4, 0x17, 0xE4, 0x17, 0xE4, 0x17, 0xE3,
    0x17, 0xE3, 0x1F, 0xE5, 0x37, 0xE8, 0x1D, 0x46, 0x12, 0x65, 0x31, 0xEA, 0x39, 0xCB, 0x39, 0xAB,
    0x39, 0xAB, 0x39, 0xAB, 0x39, 0xAB, 0xFF, 0x39, 0xAB, 0x39, 0xAB, 0x39, 0xAB, 0x39, 0xAB, 0x39,
    0xAB, 0x39, 0xAB, 0x39, 0xAB, 0x39, 0xAB, 0x39, 0xAB, 0x39, 0xAB, 0x39, 0xAB, 0x39, 0xAB, 0x39,
    0xAB, 0x39, 0xAB, 0x39, 0xAB, 0x39, 0xCB, 0x39, 0xAB, 0x31, 0x8A, 0x39, 0xAB, 0x39, 0xAB, 0x39,
    0xAB, 0x31, 0xC9, 0x5D, 0xCD, 0x37, 0xE8, 0x17, 0xE3, 0x17, 0xE3, 0x17, 0xE3, 0x17, 0xE4, 0x17,
    0xE4, 0x17, 0xE4, 0x17, 0xE4, 0x17, 0xE4, 0x17, 0xE4, 0x17, 0xE4, 0x17, 0xE4, 0x17, 0xE4, 0x17,
    0xE4, 0x17, 0xE4, 0x17, 0xE4, 0x17, 0xE4, 0x17, 0xE4, 0x17, 0xE4, 0x17, 0xE4, 0x17, 0xE4, 0x17,
    0xE3, 0x17, 0xE3, 0x17, 0xE3, 0x17, 0xE3, 0x17, 0xE3, 0x17, 0xE4, 0x17, 0xE4, 0x17, 0xE4, 0x17,
    0xE4, 0x17, 0xE4, 0x17, 0xE4, 0x17, 0xE4, 0x17, 0xE4, 0x17, 0xE4, 0x17, 0xE4, 0x17, 0xE4, 0x17,
    0xE4, 0x17, 0xE4, 0x17, 0xE4, 0x17, 0xE4, 0xFF, 0x17, 0xE4, 0x17, 0xE4, 0x17, 0xE4, 0x17, 0xE4,
    0x17, 0xE4, 0x17, 0xE4, 0x17, 0xE4, 0x17, 0xE4, 0x17, 0xE4, 0x17, 0xE4, 0x17, 0xE4, 0x17, 0xE4,
    0x17, 0xE4, 0x17, 0xE4, 0x17, 0xE4, 0x17, 0xE4, 0x17, 0xE4, 0x17, 0xE4, 0x17, 0xE4, 0x17, 0xE4,
    0x17, 0xE4, 0x17, 0xE4, 0x17, 0xE4, 0x17, 0xE4, 0x17, 0xE4, 0x17, 0xE4, 0x17, 0xE4, 0x17, 0xE4,
    0x17, 0xE4, 0x17, 0xE4, 0x17, 0xE4, 0x17, 0xE4, 0x17, 0xE4, 0x17, 0xE4, 0x17, 0xE4, 0x17, 0xE4,
    0x17, 0xE4, 0x17, 0xE4, 0x17, 0xE4, 0x17, 0xE4, 0x17, 0xE4, 0x17, 0xE4, 0x17, 0xE4, 0x17, 0xE4,
    0x17, 0xE4, 0x17, 0xE4, 0x17, 0xE4, 0x17, 0xE4, 0x17, 0xE4, 0x17, 0xE4, 0x17, 0xE4, 0x17, 0xE4,
    0x17, 0xE4, 0x17, 0xE4, 0x17, 0xE4, 0x17, 0xE4, 0x17, 0xE4, 0x17, 0xE3, 0x17, 0xE3, 0x1F, 0xE4,
    0x37, 0xE8, 0x2D, 0x87, 0x12, 0x65, 0x31, 0xE9, 0xFF, 0x39, 0xCB, 0x39, 0xAB, 0x39, 0xAB, 0x39,
    0xAB, 0x39, 0xAB, 0x39, 0xAB, 0x39, 0xAB, 0x39, 0xAB, 0x39, 0xAB, 0x39, 0xAB, 0x39, 0xAB, 0x39,
    0xAB, 0x39, 0xAB, 0x39, 0xAB, 0x39, 0xAB, 0x39, 0xAB, 0x39, 0xAB, 0x39, 0xAB, 0x39, 0xAB, 0x39,
    0xAB, 0x39, 0xAB, 0x39, 0xCB, 0x39, 0xAB, 0x39, 0xAB, 0x39, 0xAB, 0x39, 0xCB, 0x41, 0xAB, 0x31,
    0x89, 0x4C, 0xEC, 0x3F, 0xE9, 0x17, 0xE3, 0x17, 0xE3, 0x17, 0xE3, 0x17, 0xE4, 0x17, 0xE4, 0x17,
    0xE4, 0x17, 0xE4, 0x17, 0xE4, 0x17, 0xE4, 0x17, 0xE4, 0x17, 0xE4, 0x17, 0xE4, 0x17, 0xE4, 0x17,
    0xE4, 0x17, 0xE4, 0x17, 0xE4, 0x17, 0xE4, 0x17, 0xE4, 0x17, 0xE4, 0x17, 0xE4, 0x17, 0xE3, 0x17,
    0xE3, 0x17, 0xE3, 0x17, 0xE3, 0x17, 0xE3, 0x17, 0xE4, 0x17, 0xE4, 0x17, 0xE4, 0x17, 0xE4, 0x17,
    0xE4, 0x17, 0xE4, 0x17, 0xE4, 0x17, 0xE4, 0x17, 0xE4, 0xFF, 0x17, 0xE4, 0x17, 0xE4, 0x17, 0xE4,
    0x17, 0xE4, 0x17, 0xE4, 0x17, 0xE4, 0x17, 0xE4, 0x17, 0xE4, 0x17, 0xE4, 0x17, 0xE4, 0x17, 0xE4,
    0x17, 0xE4, 0x17, 0xE4, 0x17, 0xE4, 0x17, 0xE4, 0x17, 0xE4, 0x17, 0xE4, 0x17, 0xE4, 0x17, 0xE4,
    0x17, 0xE4, 0x17, 0xE4, 0x17, 0xE4, 0x17, 0xE4, 0x17, 0xE4, 0x17, 0xE4, 0x17, 0xE4, 0x17, 0xE4,
    0x17, 0xE4, 0x17, 0xE4, 0x17, 0xE4, 0x17, 0xE4, 0x17, 0xE4, 0x17, 0xE4, 0x17, 0xE4, 0x17, 0xE4,
    0x17, 0xE4, 0x17, 0xE4, 0x17, 0xE4, 0x17, 0xE4, 0x17, 0xE4, 0x17, 0xE4, 0x17, 0xE4, 0x17, 0xE4,
    0x17, 0xE4, 0x17, 0xE4, 0x17, 0xE4, 0x17, 0xE4, 0x17, 0xE4, 0x17, 0xE4, 0x17, 0xE4, 0x17, 0xE4,
    0x17, 0xE4, 0x17, 0xE4, 0x17, 0xE4, 0x17, 0xE4, 0x17, 0xE4, 0x17, 0xE4, 0x17, 0xE4, 0x17, 0xE4,
    0x17, 0xE4, 0x17, 0xE4, 0x17, 0xE4, 0x17, 0xE4, 0x17, 0xE4, 0xFF, 0x17, 0xE3, 0x2F, 0xE6, 0x2D,
    0xE7, 0x1A, 0x46, 0x31, 0xCA, 0x39, 0xCB, 0x39, 0xCB, 0x39, 0xAB, 0x39, 0xAB, 0x39, 0xAB, 0x39,
    0xAB, 0x39, 0xAB, 0x39, 0xAB, 0x39, 0xAB, 0x39, 0xAB, 0x39, 0xAB, 0x39, 0xAB, 0x39, 0xAB, 0x39,
    0xAB, 0x39, 0xAB, 0x39, 0xAB, 0x39, 0xAB, 0x39, 0xAB, 0x39, 0xAB, 0x39, 0xAB, 0x39, 0xAB, 0x39,
    0xAB, 0x39, 0xAB, 0x39, 0xAB, 0x39, 0xAB, 0x39, 0xAB, 0x39, 0xAB, 0x41, 0xAB, 0x31, 0x6A, 0x44,
    0x2C, 0x3F, 0xEA, 0x0F, 0xE3, 0x17, 0xE3, 0x17, 0xE4, 0x17, 0xE4, 0x17, 0xE4, 0x17, 0xE4, 0x17,
    0xE4, 0x17, 0xE4, 0x17, 0xE4, 0x17, 0xE4, 0x17, 0xE4, 0x17, 0xE4, 0x17, 0xE4, 0x17, 0xE4, 0x17,
    0xE4, 0x17, 0xE4, 0x17, 0xE4, 0x17, 0xE4, 0x17, 0xE4, 0x17, 0xE4, 0x17, 0xE4, 0x17, 0xE3, 0x17,
    0xE3, 0x17, 0xE3, 0x17, 0xE3, 0x17, 0xE4, 0x17, 0xE4, 0x17, 0xE4, 0xFF, 0x17, 0xE4, 0x17, 0xE4,
    0x17, 0xE4, 0x17, 0xE4, 0x17, 0xE4, 0x17, 0xE4, 0x17, 0xE4, 0x17, 0xE4, 0x17, 0xE4, 0x17, 0xE4,
    0x17, 0xE4, 0x17, 0xE4, 0x17, 0xE4, 0x17, 0xE4, 0x17, 0xE4, 0x17, 0xE4, 0x17, 0xE4, 0x17, 0xE4,
    0x17, 0xE4, 0x17, 0xE4, 0x17, 0xE4, 0x17, 0xE4, 0x17, 0xE4, 0x17, 0xE4, 0x17, 0xE4, 0x17, 0xE4,
    0x17, 0xE4, 0x17, 0xE4, 0x17, 0xE4, 0x17, 0xE4, 0x17, 0xE4, 0x17, 0xE4, 0x17, 0xE4, 0x17, 0xE4,
    0x17, 0xE4, 0x17, 0xE4, 0x17, 0xE4, 0x17, 0xE4, 0x17, 0xE4, 0x17, 0xE4, 0x17, 0xE4, 0x17, 0xE4,
    0x17, 0xE4, 0x17, 0xE4, 0x17, 0xE4, 0x17, 0xE4, 0x17, 0xE4, 0x17, 0xE4, 0x17, 0xE4, 0x17, 0xE4,
    0x17, 0xE4, 0x17, 0xE4, 0x17, 0xE4, 0x17, 0xE4, 0x17, 0xE4, 0x17, 0xE4, 0x17, 0xE4, 0x17, 0xE4,
    0x17, 0xE4, 0x17, 0xE4, 0x17, 0xE4, 0x17, 0xE4, 0x17, 0xE4, 0x17, 0xE4, 0xFF, 0x17, 0xE4, 0x17,
    0xE4, 0x17, 0xE4, 0x17, 0xE4, 0x17, 0xE4, 0x17, 0xE4, 0x1F, 0xE6, 0x27, 0x06, 0x12, 0xA5, 0x31,
    0x8A, 0x41, 0xAC, 0x39, 0xCC, 0x39, 0xCB, 0x39, 0xAB, 0x39, 0xAB, 0x39, 0xAB, 0x39, 0xAB, 0x39,
    0xAB, 0x39, 0xAB, 0x39, 0xAB, 0x39, 0xAB, 0x39, 0xAB, 0x39, 0xAB, 0x39, 0xAB, 0x39, 0xAB, 0x39,
    0xAB, 0x39, 0xAB, 0x39, 0xAB, 0x39, 0xAB, 0x39, 0xAB, 0x39, 0xAB, 0x39, 0xAB, 0x39, 0xAB, 0x39,
    0xAB, 0x39, 0xAB, 0x39, 0xAB, 0x39, 0xAB, 0x39, 0xCB, 0x41, 0xAB, 0x39, 0x6A, 0x3B, 0x2B, 0x47,
    0xEC, 0x17, 0xE4, 0x17, 0xE3, 0x17, 0xE3, 0x17, 0xE4, 0x17, 0xE3, 0x17, 0xE4, 0x17, 0xE4, 0x17,
    0xE4, 0x17, 0xE4, 0x17, 0xE4, 0x17, 0xE4, 0x17, 0xE4, 0x17, 0xE4, 0x17, 0xE4, 0x17, 0xE4, 0x17,
    0xE4, 0x17, 0xE4, 0x17, 0xE4, 0x17, 0xE4, 0x17, 0xE4, 0x17, 0xE4, 0x17, 0xE4, 0xFF, 0x17, 0xE3,
    0x17, 0xE3, 0x17, 0xE4, 0x17, 0xE4, 0x17, 0xE4, 0x17, 0xE4, 0x17, 0xE4, 0x17, 0xE4, 0x17, 0xE4,
    0x17, 0xE4, 0x17, 0xE4, 0x17, 0xE4, 0x17, 0xE4, 0x17, 0xE4, 0x17, 0xE4, 0x17, 0xE4, 0x17, 0xE4,
    0x17, 0xE4, 0x17, 0xE4, 0x17, 0xE4, 0x17, 0xE4, 0x17, 0xE4, 0x17, 0xE4, 0x17, 0xE4, 0x17, 0xE4,
    0x17, 0xE4, 0x17, 0xE4, 0x17, 0xE4, 0x17, 0xE4, 0x17, 0xE4, 0x17, 0xE4, 0x17, 0xE4, 0x17, 0xE4,
    0x17, 0xE4, 0x17, 0xE4, 0x17, 0xE4, 0x17, 0xE4, 0x17, 0xE4, 0x17, 0xE4, 0x17, 0xE4, 0x17, 0xE4,
    0x17, 0xE4, 0x17, 0xE4, 0x17, 0xE4, 0x17, 0xE4, 0x17, 0xE4, 0x17, 0xE4, 0x17, 0xE4, 0x17, 0xE4,
    0x17, 0xE4, 0x17, 0xE4, 0x17, 0xE4, 0x17, 0xE4, 0x17, 0xE4, 0x17, 0xE4, 0x17, 0xE4, 0x17, 0xE4,
    0x17, 0xE4, 0x17, 0xE4, 0x17, 0xE4, 0x17, 0xE4, 0x17, 0xE4, 0x17, 0xE4, 0x17, 0xE4, 0xFF, 0x17,
    0xE4, 0x17, 0xE4, 0x17, 0xE4, 0x17, 0xE4, 0x17, 0xE4, 0x17, 0xE4, 0x17, 0xE4, 0x17, 0xE4, 0x17,
    0xE4, 0x17, 0xE3, 0x17, 0xE4, 0x27, 0xE6, 0x37, 0x87, 0x0B, 0x63, 0x21, 0xA7, 0x39, 0xAB, 0x41,
    0xAC, 0x41, 0xCC, 0x39, 0xAC, 0x39, 0xAB, 0x39, 0xAB, 0x39, 0xAB, 0x39, 0xAB, 0x39, 0xAB, 0x39,
    0xAB, 0x39, 0xAB, 0x39, 0xAB, 0x39, 0xAB, 0x39, 0xAB, 0x39, 0xAB, 0x39, 0xAB, 0x39, 0xAB, 0x39,
    0xAB, 0x39, 0xAB, 0x39, 0xAB, 0x39, 0xAB, 0x39, 0xAB, 0x39, 0xAB, 0x39, 0xAB, 0x39, 0xAB, 0x39,
    0xAB, 0x39, 0xAB, 0x39, 0xAB, 0x39, 0xAB, 0x41, 0xAB, 0x39, 0x8B, 0x32, 0x8A, 0x4F, 0x8B, 0x1F,
    0xE5, 0x17, 0xE3, 0x1F, 0xE3, 0x17, 0xE4, 0x17, 0xE4, 0x17, 0xE4, 0x17, 0xE4, 0x17, 0xE4, 0x17,
    0xE4, 0x17, 0xE4, 0x17, 0xE4, 0x17, 0xE4, 0x17, 0xE4, 0x17, 0xE4, 0x17, 0xE4, 0x17, 0xE4, 0xFF,
    0x17, 0xE4, 0x17, 0xE4, 0x17, 0xE4, 0x17, 0xE4, 0x17, 0xE4, 0x17, 0xE4, 0x17, 0xE4, 0x17, 0xE4,
    0x17, 0xE4, 0x17, 0xE4, 0x17, 0xE4, 0x17, 0xE4, 0x17, 0xE4, 0x17, 0xE4, 0x17, 0xE4, 0x17, 0xE4,
    0x17, 0xE4, 0x17, 0xE4, 0x17, 0xE4, 0x17, 0xE4, 0x17, 0xE4, 0x17, 0xE4, 0x17, 0xE4, 0x17, 0xE4,
    0x17, 0xE4, 0x17, 0xE4, 0x17, 0xE4, 0x17, 0xE4, 0x17, 0xE4, 0x17, 0xE4, 0x17, 0xE4, 0x17, 0xE4,
    0x17, 0xE4, 0x17, 0xE4, 0x17, 0xE4, 0x17, 0xE4, 0x17, 0xE4, 0x17, 0xE4, 0x17, 0xE4, 0x17, 0xE4,
    0x17, 0xE4, 0x17, 0xE4, 0x17, 0xE4, 0x17, 0xE4, 0x17, 0xE4, 0x17, 0xE4, 0x17, 0xE4, 0x17, 0xE4,
    0x17, 0xE4, 0x17, 0xE4, 0x17, 0xE4, 0x17, 0xE4, 0x17, 0xE4, 0x17, 0xE4, 0x17, 0xE4, 0x17, 0xE4,
    0x17, 0xE4, 0x17, 0xE4, 0x17, 0xE4, 0x17, 0xE4, 0x17, 0xE4, 0x17, 0xE4, 0x17, 0xE4, 0x17, 0xE4,
    0xFF, 0x17, 0xE4, 0x17, 0xE4, 0x17, 0xE4, 0x17, 0xE4, 0x17, 0xE4, 0x17, 0xE4, 0x17, 0xE4, 0x17,
    0xE4, 0x17, 0xE4, 0x17, 0xE4, 0x17, 0xE4, 0x17, 0xE4, 0x17, 0xE4, 0x17, 0xE4, 0x17, 0xE3, 0x17,
    0xE4, 0x2F, 0xE7, 0x3F, 0x49, 0x13, 0x63, 0x21, 0x85, 0x39, 0xAA, 0x39, 0xCB, 0x39, 0xCB, 0x39,
    0xAB, 0x39, 0xAB, 0x39, 0xCC, 0x39, 0xAB, 0x39, 0xAB, 0x39, 0xAB, 0x39, 0xAB, 0x39, 0xAB, 0x39,
    0xAB, 0x39, 0xAB, 0x39, 0xAB, 0x39, 0xAB, 0x39, 0xAB, 0x39, 0xAB, 0x39, 0xAB, 0x39, 0xAB, 0x39,
    0xAB, 0x39, 0xAB, 0x39, 0xAB, 0x39, 0xAB, 0x39, 0xAB, 0x39, 0xAB, 0x39, 0xAB, 0x39, 0xAB, 0x39,
    0xAB, 0x39, 0xAB, 0x39, 0xCB, 0x39, 0xAB, 0x39, 0xAB, 0x3A, 0x29, 0x57, 0x0B, 0x1F, 0xE5, 0x17,
    0xE3, 0x1F, 0xE3, 0x17, 0xE4, 0x17, 0xE4, 0x17, 0xE4, 0x17, 0xE4, 0x17, 0xE4, 0x17, 0xE4, 0x17,
    0xE4, 0xFF, 0x17, 0xE4, 0x17, 0xE4, 0x17, 0xE4, 0x17, 0xE4, 0x17, 0xE4, 0x17, 0xE4, 0x17, 0xE4,
    0x17, 0xE4, 0x17, 0xE4, 0x17, 0xE4, 0x17, 0xE4, 0x17, 0xE4, 0x17, 0xE4, 0x17, 0xE4, 0x17, 0xE4,
    0x17, 0xE4, 0x17, 0xE4, 0x17, 0xE4, 0x17, 0xE4, 0x17, 0xE4, 0x17, 0xE4, 0x17, 0xE4, 0x17, 0xE4,
    0x17, 0xE4, 0x17, 0xE4, 0x17, 0xE4, 0x17, 0xE4, 0x17, 0xE4, 0x17, 0xE4, 0x17, 0xE4, 0x17, 0xE4,
    0x17, 0xE4, 0x17, 0xE4, 0x17, 0xE4, 0x17, 0xE4, 0x17, 0xE4, 0x17, 0xE4, 0x17, 0xE4, 0x17, 0xE4,
    0x17, 0xE4, 0x17, 0xE4, 0x17, 0xE4, 0x17, 0xE4, 0x17, 0xE4, 0x17, 0xE4, 0x17, 0xE4, 0x17, 0xE4,
    0x17, 0xE4, 0x17, 0xE4, 0x17, 0xE4, 0x17, 0xE4, 0x17, 0xE4, 0x17, 0xE4, 0x17, 0xE4, 0x17, 0xE4,
    0x17, 0xE4, 0x17, 0xE4, 0x17, 0xE4, 0x17, 0xE4, 0x17, 0xE4, 0x17, 0xE4, 0x17, 0xE4, 0x17, 0xE4,
    0x17, 0xE4, 0xFF, 0x17, 0xE4, 0x17, 0xE4, 0x17, 0xE4, 0x17, 0xE4, 0x17, 0xE4, 0x17, 0xE4, 0x17,
    0xE4, 0x17, 0xE4, 0x17, 0xE4, 0x17, 0xE4, 0x17, 0xE4, 0x17, 0xE4, 0x17, 0xE4, 0x17, 0xE4, 0x17,
    0xE4, 0x17, 0xE4, 0x17, 0xE4, 0x17, 0xE4, 0x17, 0xE4, 0x17, 0xE4, 0x17, 0xE4, 0x2F, 0xE7, 0x36,
    0xA9, 0x12, 0xC4, 0x11, 0x45, 0x39, 0x89, 0x39, 0xAB, 0x39, 0xAB, 0x39, 0xAB, 0x39, 0xAB, 0x39,
    0xAB, 0x39, 0xAB, 0x39, 0xAB, 0x39, 0xAB, 0x39, 0xAB, 0x39, 0xAB, 0x39, 0xAB, 0x39, 0xAB, 0x39,
    0xAB, 0x39, 0xAB, 0x39, 0xAB, 0x39, 0xAB, 0x39, 0xAB, 0x39, 0xAB, 0x39, 0xAB, 0x39, 0xAB, 0x39,
    0xAB, 0x39, 0xAB, 0x39, 0xAB, 0x39, 0xAB, 0x39, 0xAB, 0x39, 0xAB, 0x39, 0xAB, 0x39, 0xAB, 0x39,
    0xAB, 0x39, 0xAB, 0x39, 0xAB, 0x39, 0xAB, 0x31, 0xC9, 0x4E, 0x8B, 0x1F, 0xE6, 0x17, 0xE3, 0x1F,
    0xE3, 0x17, 0xE4, 0xFF, 0x17, 0xE4, 0x17, 0xE4, 0x17, 0xE4, 0x17, 0xE4, 0x17, 0xE4, 0x17, 0xE4,
    0x17, 0xE4, 0x17, 0xE4, 0x17, 0xE4, 0x17, 0xE4, 0x17, 0xE4, 0x17, 0xE4, 0x17, 0xE4, 0x17, 0xE4,
    0x17, 0xE4, 0x17, 0xE4, 0x17, 0xE4, 0x17, 0xE4, 0x17, 0xE4, 0x17, 0xE4, 0x17, 0xE4, 0x17, 0xE4,
    0x17, 0xE4, 0x17, 0xE4, 0x17, 0xE4, 0x17, 0xE4, 0x17, 0xE4, 0x17, 0xE4, 0x17, 0xE4, 0x17, 0xE4,
    0x17, 0xE4, 0x17, 0xE4, 0x17, 0xE4, 0x17, 0xE4, 0x17, 0xE4, 0x17, 0xE4, 0x17, 0xE4, 0x17, 0xE4,
    0x17, 0xE4, 0x17, 0xE4, 0x17, 0xE4, 0x17, 0xE4, 0x17, 0xE4, 0x17, 0xE4, 0x17, 0xE4, 0x17, 0xE4,
    0x17, 0xE4, 0x17, 0xE4, 0x17, 0xE4, 0x17, 0xE4, 0x17, 0xE4, 0x17, 0xE4, 0x17, 0xE4, 0x17, 0xE4,
    0x17, 0xE4, 0x17, 0xE4, 0x17, 0xE4, 0x17, 0xE4, 0x17, 0xE4, 0x17, 0xE4, 0x17, 0xE4, 0x17, 0xE4,
    0x17, 0xE4, 0x17, 0xE4, 0xFF, 0x17, 0xE4, 0x17, 0xE4, 0x17, 0xE4, 0x17, 0xE4, 0x17, 0xE4, 0x17,
    0xE4, 0x17, 0xE4, 0x17, 0xE4, 0x17, 0xE4, 0x17, 0xE4, 0x17, 0xE4, 0x17, 0xE4, 0x17, 0xE4, 0x17,
    0xE4, 0x17, 0xE4, 0x17, 0xE4, 0x17, 0xE4, 0x17, 0xE4, 0x17, 0xE4, 0x17, 0xE4, 0x17, 0xE4, 0x17,
    0xE4, 0x17, 0xE4, 0x17, 0xE4, 0x17, 0xE4, 0x1F, 0xE5, 0x2F, 0xE7, 0x2E, 0xC7, 0x02, 0x83, 0x10,
    0xE6, 0x29, 0x69, 0x39, 0xAB, 0x39, 0xAB, 0x41, 0xCB, 0x39, 0xAB, 0x39, 0xAB, 0x39, 0xAB, 0x39,
    0xAB, 0x39, 0xAB, 0x39, 0xCB, 0x39, 0xAB, 0x39, 0xAB, 0x39, 0xAB, 0x39, 0xAB, 0x39, 0xAB, 0x39,
    0xAB, 0x39, 0xAB, 0x39, 0xAB, 0x39, 0xAB, 0x39, 0xAB, 0x39, 0xAB, 0x39, 0xAB, 0x39, 0xAB, 0x39,
    0xAB, 0x39, 0xAB, 0x39, 0xAB, 0x39, 0xAB, 0x39, 0xAB, 0x39, 0xAB, 0x39, 0xAB, 0x39, 0xAB, 0x39,
    0xAB, 0x39, 0xAB, 0x39, 0xAB, 0xFF, 0x31, 0xAA, 0x4E, 0x2B, 0x27, 0xE6, 0x17, 0xE4, 0x17, 0xE4,
    0x17, 0xE4, 0x17, 0xE4, 0x17, 0xE4, 0x17, 0xE4, 0x17, 0xE4, 0x17, 0xE4, 0x17, 0xE4, 0x17, 0xE4,
    0x17, 0xE4, 0x17, 0xE4, 0x17, 0xE4, 0x17, 0xE4, 0x17, 0xE4, 0x17, 0xE4, 0x17, 0xE4, 0x17, 0xE4,
    0x17, 0xE4, 0x17, 0xE4, 0x17, 0xE4, 0x17, 0xE4, 0x17, 0xE4, 0x17, 0xE4, 0x17, 0xE4, 0x17, 0xE4,
    0x17, 0xE4, 0x17, 0xE4, 0x17, 0xE4, 0x17, 0xE4, 0x17, 0xE4, 0x17, 0xE4, 0x17, 0xE4, 0x17, 0xE4,
    0x17, 0xE4, 0x17, 0xE4, 0x17, 0xE4, 0x17, 0xE4, 0x17, 0xE4, 0x17, 0xE4, 0x17, 0xE4, 0x17, 0xE4,
    0x17, 0xE4, 0x17, 0xE4, 0x17, 0xE4, 0x17, 0xE4, 0x17, 0xE4, 0x17, 0xE4, 0x17, 0xE4, 0x17, 0xE4,
    0x17, 0xE4, 0x17, 0xE4, 0x17, 0xE4, 0x17, 0xE4, 0x17, 0xE4, 0x17, 0xE4, 0x17, 0xE4, 0x17, 0xE4,
    0x17, 0xE4, 0x17, 0xE4, 0x17, 0xE4, 0xC5, 0x17, 0xE4, 0x17, 0xE4, 0x17, 0xE4, 0x17, 0xE4, 0x17,
    0xE4, 0x17, 0xE4, 0x17, 0xE4, 0x17, 0xE4, 0x17, 0xE4, 0x17, 0xE4, 0x17, 0xE4, 0x17, 0xE4, 0x17,
    0xE4, 0x17, 0xE4, 0x17, 0xE4, 0x17, 0xE4, 0x17, 0xE4, 0x17, 0xE4, 0x17, 0xE4, 0x17, 0xE4, 0x17,
    0xE4, 0x17, 0xE4, 0x17, 0xE4, 0x17, 0xE4, 0x17, 0xE4, 0x17, 0xE4, 0x17, 0xE4, 0x17, 0xE4, 0x17,
    0xE4, 0x17, 0xE4, 0x1F, 0xE5, 0x2F, 0xE7, 0x26, 0x86, 0x0A, 0xE3, 0x11, 0x46, 0x02, 0x29, 0xFF,
    0x39, 0x8A, 0x39, 0xAB, 0x39, 0xCB, 0x39, 0xCB, 0x31, 0x8A, 0x31, 0x6A, 0x39, 0xAB, 0x39, 0xCB,
    0x39, 0xAB, 0x39, 0xAB, 0x39, 0xAB, 0x39, 0xAB, 0x39, 0xCB, 0x39, 0xCB, 0x39, 0xAB, 0x39, 0xAB,
    0x39, 0xAB, 0x39, 0xAB, 0x39, 0xAB, 0x39, 0xAB, 0x39, 0xAB, 0x39, 0xAB, 0x39, 0xAB, 0x39, 0xAB,
    0x39, 0xAB, 0x39, 0xAB, 0x39, 0xAB, 0x39, 0xAB, 0x39, 0xAB, 0x39, 0xAB, 0x39, 0xAB, 0x39, 0xAB,
    0x39, 0xAB, 0x39, 0xAB, 0x31, 0x8A, 0x4D, 0xAB, 0x2F, 0xE7, 0x17, 0xE4, 0x17, 0xE4, 0x17, 0xE4,
    0x17, 0xE4, 0x17, 0xE4, 0x17, 0xE4, 0x17, 0xE4, 0x17, 0xE4, 0x17, 0xE4, 0x17, 0xE4, 0x17, 0xE4,
    0x17, 0xE4, 0x17, 0xE4, 0x17, 0xE4, 0x17, 0xE4, 0x17, 0xE4, 0x17, 0xE4, 0x17, 0xE4, 0x17, 0xE4,
    0x17, 0xE4, 0x17, 0xE4, 0x17, 0xE4, 0x17, 0xE4, 0x17, 0xE4, 0x17, 0xE4, 0x17, 0xE4, 0x17, 0xE4,
    0xFF, 0x17, 0xE4, 0x17, 0xE4, 0x17, 0xE4, 0x17, 0xE4, 0x17, 0xE4, 0x17, 0xE4, 0x17, 0xE4, 0x17,
    0xE4, 0x17, 0xE4, 0x17, 0xE4, 0x17, 0xE4, 0x17, 0xE4, 0x17, 0xE4, 0x17, 0xE4, 0x17, 0xE4, 0x17,
    0xE4, 0x17, 0xE4, 0x17, 0xE4, 0x17, 0xE4, 0x17, 0xE4, 0x17, 0xE4, 0x17, 0xE4, 0x17, 0xE4, 0x17,
    0xE4, 0x17, 0xE4, 0x17, 0xE4, 0x17, 0xE4, 0x17, 0xE4, 0x17, 0xE4, 0x17, 0xE4, 0x17, 0xE4, 0x17,
    0xE4, 0x17, 0xE4, 0x17, 0xE4, 0x17, 0xE4, 0x17, 0xE4, 0x17, 0xE4, 0x17, 0xE4, 0x17, 0xE4, 0x17,
    0xE4, 0x17, 0xE4, 0x17, 0xE4, 0x17, 0xE4, 0x17, 0xE4, 0x17, 0xE4, 0x17, 0xE4, 0x17, 0xE4, 0x17,
    0xE4, 0x17, 0xE4, 0x17, 0xE4, 0x17, 0xE4, 0x17, 0xE4, 0x17, 0xE4, 0x17, 0xE4, 0x17, 0xE4, 0x17,
    0xE4, 0x17, 0xE4, 0x17, 0xE4, 0x17, 0xE4, 0x17, 0xE4, 0x17, 0xE4, 0x17, 0xE4, 0x17, 0xE3, 0x1F,
    0xE4, 0xFF, 0x37, 0xE7, 0x2E, 0x27, 0x0A, 0xA3, 0x19, 0x45, 0x21, 0x08, 0x31, 0x4A, 0x39, 0xAB,
    0x41, 0xAC, 0x39, 0xCB, 0x39, 0xAB, 0x31, 0x4A, 0x31, 0x6A, 0x39, 0xAB, 0x39, 0xAB, 0x39, 0xAB,
    0x39, 0xAB, 0x39, 0xAB, 0x39, 0xAB, 0x39, 0xAB, 0x39, 0xAB, 0x39, 0xAB, 0x39, 0xAB, 0x39, 0xAB,
    0x39, 0xAB, 0x39, 0xAB, 0x39, 0xAB, 0x39, 0xAB, 0x39, 0xAB, 0x39, 0xAB, 0x39, 0xAB, 0x39, 0xAB,
    0x39, 0xAB, 0x39, 0xAB, 0x39, 0xAB, 0x39, 0xAB, 0x39, 0xCB, 0x39, 0xAB, 0x39, 0xAB, 0x39, 0xAB,
    0x39, 0xAB, 0x39, 0xAA, 0x55, 0xCC, 0x2F, 0xE7, 0x17, 0xE4, 0x17, 0xE4, 0x17, 0xE4, 0x17, 0xE4,
    0x17, 0xE4, 0x17, 0xE4, 0x17, 0xE4, 0x17, 0xE4, 0x17, 0xE4, 0x17, 0xE4, 0x17, 0xE4, 0x17, 0xE4,
    0x17, 0xE4, 0x17, 0xE4, 0x17, 0xE4, 0x17, 0xE4, 0x17, 0xE4, 0x17, 0xE4, 0x17, 0xE4, 0x17, 0xE4,
    0x17, 0xE4, 0xFF, 0x17, 0xE4, 0x17, 0xE4, 0x17, 0xE4, 0x17, 0xE4, 0x17, 0xE4, 0x17, 0xE4, 0x17,
    0xE4, 0x17, 0xE4, 0x17, 0xE4, 0x17, 0xE4, 0x17, 0xE4, 0x17, 0xE4, 0x17, 0xE4, 0x17, 0xE4, 0x17,
    0xE4, 0x17, 0xE4, 0x17, 0xE4, 0x17, 0xE4, 0x17, 0xE4, 0x17, 0xE4, 0x17, 0xE4, 0x17, 0xE4, 0x17,
    0xE4, 0x17, 0xE4, 0x17, 0xE4, 0x17, 0xE4, 0x17, 0xE4, 0x17, 0xE4, 0x17, 0xE4, 0x17, 0xE4, 0x17,
    0xE4, 0x17, 0xE4, 0x17, 0xE4, 0x17, 0xE4, 0x17, 0xE4, 0x17, 0xE4, 0x17, 0xE4, 0x17, 0xE4, 0x17,
    0xE4, 0x17, 0xE4, 0x17, 0xE4, 0x17, 0xE4, 0x17, 0xE4, 0x17, 0xE4, 0x17, 0xE4, 0x17, 0xE4, 0x17,
    0xE4, 0x17, 0xE4, 0x17, 0xE4, 0x17, 0xE4, 0x17, 0xE4, 0x17, 0xE4, 0x17, 0xE4, 0x17, 0xE4, 0x17,
    0xE4, 0x17, 0xE4, 0x17, 0xE4, 0x17, 0xE4, 0x17, 0xE4, 0x17, 0xE4, 0x17, 0xE4, 0x17, 0xE4, 0x17,
    0xE4, 0x17, 0xE4, 0x9F, 0x17, 0xE4, 0x17, 0xE4, 0x17, 0xE4, 0x17, 0xE4, 0x17, 0xE4, 0x1F, 0xE4,
    0x26, 0x24, 0x1A, 0x65, 0x29, 0x68, 0x29, 0x07, 0x20, 0xE8, 0x31, 0x8A, 0x39, 0xAB, 0x41, 0xAB,
    0x39, 0xCB, 0x39, 0x8B, 0x02, 0x29, 0xFF, 0x31, 0x8A, 0x39, 0xAB, 0x39, 0xAB, 0x39, 0xAB, 0x39,
    0xAB, 0x39, 0xAB, 0x39, 0xAB, 0x31, 0x8A, 0x39, 0x8B, 0x39, 0xAB, 0x39, 0xAB, 0x39, 0xAB, 0x39,
    0xAB, 0x39, 0xAB, 0x39, 0xAB, 0x39, 0xAB, 0x39, 0xAB, 0x39, 0xAB, 0x39, 0xAB, 0x39, 0xAB, 0x39,
    0xAB, 0x39, 0xAB, 0x39, 0xAB, 0x39, 0xAB, 0x39, 0xAB, 0x39, 0xAB, 0x39, 0xAB, 0x39, 0xCB, 0x39,
    0xAB, 0x39, 0xEA, 0x56, 0x4C, 0x27, 0xE6, 0x0F, 0xE4, 0x17, 0xE4, 0x17, 0xE4, 0x17, 0xE4, 0x17,
    0xE4, 0x17, 0xE4, 0x17, 0xE4, 0x17, 0xE4, 0x17, 0xE4, 0x17, 0xE4, 0x17, 0xE4, 0x17, 0xE4, 0x17,
    0xE4, 0x17, 0xE4, 0x17, 0xE4, 0x17, 0xE4, 0x17, 0xE4, 0x17, 0xE4, 0x17, 0xE4, 0x17, 0xE4, 0x17,
    0xE4, 0x17, 0xE4, 0x17, 0xE4, 0x17, 0xE4, 0x17, 0xE4, 0x17, 0xE4, 0x17, 0xE4, 0x17, 0xE4, 0x17,
    0xE4, 0x17, 0xE4, 0x17, 0xE4, 0x17, 0xE4, 0xFF, 0x17, 0xE4, 0x17, 0xE4, 0x17, 0xE4, 0x17, 0xE4,
    0x17, 0xE4, 0x17, 0xE4, 0x17, 0xE4, 0x17, 0xE4, 0x17, 0xE4, 0x17, 0xE4, 0x17, 0xE4, 0x17, 0xE4,
    0x17, 0xE4, 0x17, 0xE4, 0x17, 0xE4, 0x17, 0xE4, 0x17, 0xE4, 0x17, 0xE4, 0x17, 0xE4, 0x17, 0xE4,
    0x17, 0xE4, 0x17, 0xE4, 0x17, 0xE4, 0x17, 0xE4, 0x17, 0xE4, 0x17, 0xE4, 0x17, 0xE4, 0x17, 0xE4,
    0x17, 0xE4, 0x17, 0xE4, 0x17, 0xE4, 0x17, 0xE4, 0x17, 0xE4, 0x17, 0xE4, 0x17, 0xE4, 0x17, 0xE4,
    0x17, 0xE4, 0x17, 0xE4, 0x17, 0xE4, 0x17, 0xE4, 0x17, 0xE4, 0x17, 0xE4, 0x17, 0xE4, 0x17, 0xE4,
    0x17, 0xE4, 0x17, 0xE4, 0x17, 0xE4, 0x17, 0xE4, 0x17, 0xE4, 0x17, 0xE4, 0x17, 0xE4, 0x17, 0xE4,
    0x17, 0xE4, 0x17, 0xE4, 0x17, 0xE4, 0x17, 0xE4, 0x17, 0xE4, 0x17, 0xE4, 0x1F, 0xE4, 0x04, 0x40,
    0x21, 0xA6, 0x29, 0x28, 0x20, 0xE7, 0x29, 0x28, 0x89, 0x39, 0xAB, 0x39, 0xCB, 0x39, 0xAB, 0x39,
    0xCC, 0x31, 0x6A, 0x02, 0x29, 0xFF, 0x39, 0xAB, 0x39, 0xAB, 0x39, 0xAB, 0x39, 0xAB, 0x39, 0xAB,
    0x39, 0xCB, 0x39, 0xAB, 0x31, 0x4A, 0x31, 0x6A, 0x39, 0xCB, 0x39, 0xAB, 0x39, 0xAB, 0x39, 0xAB,
    0x39, 0xAB, 0x39, 0xAB, 0x39, 0x8B, 0x31, 0x6A, 0x39, 0xCB, 0x39, 0xAB, 0x39, 0xAB, 0x39, 0xAB,
    0x39, 0xAB, 0x39, 0xCB, 0x39, 0xAB, 0x31, 0x6A, 0x39, 0xAB, 0x39, 0xCC, 0x39, 0xCB, 0x39, 0xAB,
    0x3A, 0x2A, 0x56, 0xCC, 0x1F, 0xE5, 0x0F, 0xE4, 0x17, 0xE4, 0x17, 0xE4, 0x17, 0xE4, 0x17, 0xE4,
    0x17, 0xE4, 0x17, 0xE4, 0x17, 0xE4, 0x17, 0xE4, 0x17, 0xE4, 0x17, 0xE4, 0x17, 0xE4, 0x17, 0xE4,
    0x17, 0xE4, 0x17, 0xE4, 0x17, 0xE4, 0x17, 0xE4, 0x17, 0xE4, 0x17, 0xE4, 0x17, 0xE4, 0x17, 0xE4,
    0x17, 0xE4, 0x17, 0xE4, 0x17, 0xE4, 0x17, 0xE4, 0x17, 0xE4, 0x17, 0xE4, 0x17, 0xE4, 0x17, 0xE4,
    0x17, 0xE4, 0x17, 0xE4, 0x17, 0xE4, 0xFF, 0x17, 0xE4, 0x17, 0xE4, 0x17, 0xE4, 0x17, 0xE4, 0x17,
    0xE4, 0x17, 0xE4, 0x17, 0xE4, 0x17, 0xE4, 0x17, 0xE4, 0x17, 0xE4, 0x17, 0xE4, 0x17, 0xE4, 0x17,
    0xE4, 0x17, 0xE4, 0x17, 0xE4, 0x17, 0xE4, 0x17, 0xE4, 0x17, 0xE4, 0x17, 0xE4, 0x17, 0xE4, 0x17,
    0xE4, 0x17, 0xE4, 0x17, 0xE4, 0x17, 0xE4, 0x17, 0xE4, 0x17, 0xE4, 0x17, 0xE4, 0x17, 0xE4, 0x17,
    0xE4, 0x17, 0xE4, 0x17, 0xE4, 0x17, 0xE4, 0x17, 0xE4, 0x17, 0xE4, 0x17, 0xE4, 0x17, 0xE4, 0x17,
    0xE4, 0x17, 0xE4, 0x17, 0xE4, 0x17, 0xE4, 0x17, 0xE4, 0x17, 0xE4, 0x17, 0xE4, 0x17, 0xE4, 0x17,
    0xE4, 0x17, 0xE4, 0x17, 0xE4, 0x17, 0xE4, 0x17, 0xE4, 0x17, 0xE4, 0x17, 0xE4, 0x17, 0xE4, 0x17,
    0xE4, 0x17, 0xE4, 0x17, 0xE4, 0x17, 0xE4, 0x17, 0xE4, 0x17, 0xE4, 0x1F, 0xE4, 0x0D, 0x61, 0x0A,
    0x02, 0x19, 0x25, 0x21, 0x07, 0x31, 0x69, 0x87, 0x39, 0xCB, 0x39, 0xCB, 0x39, 0xCB, 0x39, 0xAB,
    0x03, 0x29, 0x8E, 0x49, 0x39, 0xAB, 0x39, 0xAB, 0x39, 0xAB, 0x39, 0xAB, 0x39, 0xAB, 0x39, 0xCB,
    0x39, 0x8B, 0x02, 0x29, 0xFF, 0x31, 0x8B, 0x39, 0xCB, 0x39, 0xAB, 0x39, 0xAB, 0x39, 0xAB, 0x39,
    0xAB, 0x39, 0xCB, 0x39, 0x8B, 0x31, 0x4A, 0x39, 0xAB, 0x39, 0xCB, 0x39, 0xAB, 0x39, 0xAB, 0x39,
    0xAB, 0x39, 0xAB, 0x39, 0x8B, 0x29, 0x4A, 0x39, 0xAB, 0x39, 0xCB, 0x39, 0xCB, 0x41, 0x8B, 0x42,
    0x6A, 0x57, 0x2C, 0x1F, 0xE5, 0x0F, 0xE3, 0x17, 0xE4, 0x17, 0xE4, 0x17, 0xE4, 0x17, 0xE4, 0x17,
    0xE4, 0x17, 0xE4, 0x17, 0xE4, 0x17, 0xE4, 0x17, 0xE4, 0x17, 0xE4, 0x17, 0xE4, 0x17, 0xE4, 0x17,
    0xE4, 0x17, 0xE4, 0x17, 0xE4, 0x17, 0xE4, 0x17, 0xE4, 0x17, 0xE4, 0x17, 0xE4, 0x17, 0xE4, 0x17,
    0xE4, 0x17, 0xE4, 0x17, 0xE4, 0x17, 0xE4, 0x17, 0xE4, 0x17, 0xE4, 0x17, 0xE4, 0x17, 0xE4, 0x17,
    0xE4, 0x17, 0xE4, 0x17, 0xE4, 0x17, 0xE4, 0x17, 0xE4, 0x17, 0xE4, 0x17, 0xE4, 0x17, 0xE4, 0x17,
    0xE4, 0x17, 0xE4, 0x17, 0xE4, 0xFF, 0x17, 0xE4, 0x17, 0xE4, 0x17, 0xE4, 0x17, 0xE4, 0x17, 0xE4,
    0x17, 0xE4, 0x17, 0xE4, 0x17, 0xE4, 0x17, 0xE4, 0x17, 0xE4, 0x17, 0xE4, 0x17, 0xE4, 0x17, 0xE4,
    0x17, 0xE4, 0x17, 0xE4, 0x17, 0xE4, 0x17, 0xE4, 0x17, 0xE4, 0x17, 0xE4, 0x17, 0xE4, 0x17, 0xE4,
    0x17, 0xE4, 0x17, 0xE4, 0x17, 0xE4, 0x17, 0xE4, 0x17, 0xE4, 0x17, 0xE4, 0x17, 0xE4, 0x17, 0xE4,
    0x17, 0xE4, 0x17, 0xE4, 0x17, 0xE4, 0x17, 0xE4, 0x17, 0xE4, 0x17, 0xE4, 0x17, 0xE4, 0x17, 0xE4,
    0x17, 0xE4, 0x17, 0xE4, 0x17, 0xE4, 0x17, 0xE4, 0x17, 0xE4, 0x17, 0xE4, 0x17, 0xE4, 0x17, 0xE4,
    0x17, 0xE4, 0x17, 0xE4, 0x17, 0xE4, 0x17, 0xE4, 0x17, 0xE4, 0x1F, 0xE4, 0x1F, 0xE4, 0x04, 0x00,
    0x01, 0xA1, 0x21, 0x46, 0x39, 0x8A, 0x39, 0xCB, 0x39, 0xCB, 0x41, 0xCC, 0x31, 0x8A, 0x21, 0x08,
    0x31, 0x4A, 0x39, 0xAB, 0x39, 0xAB, 0x9B, 0x39, 0xAB, 0x39, 0xAB, 0x39, 0xCB, 0x39, 0xCB, 0x31,
    0x6A, 0x21, 0x09, 0x39, 0xAB, 0x39, 0xAB, 0x39, 0xAB, 0x39, 0xAB, 0x39, 0xAB, 0x39, 0xAB, 0x39,
    0xAB, 0x31, 0x6A, 0x02, 0x29, 0x8D, 0x39, 0xAB, 0x39, 0xAB, 0x39, 0xAB, 0x39, 0xAB, 0x39, 0xAB,
    0x39, 0xAB, 0x31, 0x8A, 0x02, 0x29, 0xFF, 0x39, 0xAB, 0x39, 0xCB, 0x39, 0xAB, 0x41, 0x8B, 0x4B,
    0x0B, 0x4F, 0xAB, 0x17, 0xE4, 0x17, 0xE4, 0x17, 0xE4, 0x17, 0xE4, 0x17, 0xE4, 0x17, 0xE4, 0x17,
    0xE4, 0x17, 0xE4, 0x17, 0xE4, 0x17, 0xE4, 0x17, 0xE4, 0x17, 0xE4, 0x17, 0xE4, 0x17, 0xE4, 0x17,
    0xE4, 0x17, 0xE4, 0x17, 0xE4, 0x17, 0xE4, 0x17, 0xE4, 0x17, 0xE4, 0x17, 0xE4, 0x17, 0xE4, 0x17,
    0xE4, 0x17, 0xE4, 0x17, 0xE4, 0x17, 0xE4, 0x17, 0xE4, 0x17, 0xE4, 0x17, 0xE4, 0x17, 0xE4, 0x17,
    0xE4, 0x17, 0xE4, 0x17, 0xE4, 0x17, 0xE4, 0x17, 0xE4, 0x17, 0xE4, 0x17, 0xE4, 0x17, 0xE4, 0x17,
    0xE4, 0x17, 0xE4, 0x17, 0xE4, 0x17, 0xE4, 0x17, 0xE4, 0x17, 0xE4, 0x17, 0xE4, 0x17, 0xE4, 0x17,
    0xE4, 0x17, 0xE4, 0x17, 0xE4, 0x17, 0xE4, 0x17, 0xE4, 0x17, 0xE4, 0x17, 0xE4, 0x17, 0xE4, 0x17,
    0xE4, 0x17, 0xE4, 0x17, 0xE4, 0x17, 0xE4, 0xF7, 0x17, 0xE4, 0x17, 0xE4, 0x17, 0xE4, 0x17, 0xE4,
    0x17, 0xE4, 0x17, 0xE4, 0x17, 0xE4, 0x17, 0xE4, 0x17, 0xE4, 0x17, 0xE4, 0x17, 0xE4, 0x17, 0xE4,
    0x17, 0xE4, 0x17, 0xE4, 0x17, 0xE4, 0x17, 0xE4, 0x17, 0xE4, 0x17, 0xE4, 0x17, 0xE4, 0x17, 0xE4,
    0x17, 0xE4, 0x17, 0xE4, 0x17, 0xE4, 0x17, 0xE4, 0x17, 0xE4, 0x17, 0xE4, 0x17, 0xE4, 0x17, 0xE4,
    0x17, 0xE4, 0x17, 0xE4, 0x17, 0xE4, 0x17, 0xE4, 0x17, 0xE4, 0x17, 0xE4, 0x1F, 0xE4, 0x27, 0xA5,
    0x0B, 0xC1, 0x21, 0xC5, 0x41, 0xAB, 0x41, 0xAC, 0x39, 0xCC, 0x39, 0xAC, 0x31, 0x4A, 0x20, 0xE8,
    0x31, 0x8A, 0x39, 0xAB, 0x39, 0xAB, 0x39, 0xAB, 0x39, 0xAB, 0x41, 0xCC, 0x39, 0xAB, 0x29, 0x09,
    0x21, 0x09, 0x39, 0xAB, 0x39, 0xAB, 0x39, 0xAB, 0x39, 0xAB, 0x39, 0xAB, 0x39, 0xCB, 0x39, 0xAB,
    0x03, 0x29, 0x8E, 0x09, 0x39, 0xAB, 0x39, 0xAB, 0x39, 0xAB, 0x39, 0xAB, 0x39, 0xAB, 0x39, 0xAB,
    0x31, 0x6A, 0x02, 0x29, 0xFF, 0x39, 0xAB, 0x39, 0xAB, 0x41, 0xAB, 0x39, 0x8A, 0x4B, 0x8B, 0x47,
    0xEA, 0x17, 0xE3, 0x17, 0xE4, 0x17, 0xE4, 0x17, 0xE4, 0x17, 0xE4, 0x17, 0xE4, 0x17, 0xE4, 0x17,
    0xE4, 0x17, 0xE4, 0x17, 0xE4, 0x17, 0xE4, 0x17, 0xE4, 0x17, 0xE4, 0x17, 0xE4, 0x17, 0xE4, 0x17,
    0xE4, 0x17, 0xE4, 0x17, 0xE4, 0x17, 0xE4, 0x17, 0xE4, 0x17, 0xE4, 0x17, 0xE4, 0x17, 0xE4, 0x17,
    0xE4, 0x17, 0xE4, 0x17, 0xE4, 0x17, 0xE4, 0x17, 0xE4, 0x17, 0xE4, 0x17, 0xE4, 0x17, 0xE4, 0x17,
    0xE4, 0x17, 0xE4, 0x17, 0xE4, 0x17, 0xE4, 0x17, 0xE4, 0x17, 0xE4, 0x17, 0xE4, 0x17, 0xE4, 0x17,
    0xE4, 0x17, 0xE4, 0x17, 0xE4, 0x17, 0xE4, 0x17, 0xE4, 0x17, 0xE4, 0x17, 0xE4, 0x17, 0xE4, 0x17,
    0xE4, 0x17, 0xE4, 0x17, 0xE4, 0x17, 0xE4, 0x17, 0xE4, 0x17, 0xE4, 0x17, 0xE4, 0x17, 0xE4, 0x17,
    0xE4, 0x17, 0xE4, 0x17, 0xE4, 0xE7, 0x17, 0xE4, 0x17, 0xE4, 0x17, 0xE4, 0x17, 0xE4, 0x17, 0xE4,
    0x17, 0xE4, 0x17, 0xE4, 0x17, 0xE4, 0x17, 0xE4, 0x17, 0xE4, 0x17, 0xE4, 0x17, 0xE4, 0x17, 0xE4,
    0x17, 0xE4, 0x17, 0xE4, 0x17, 0xE4, 0x17, 0xE4, 0x17, 0xE4, 0x17, 0xE4, 0x17, 0xE4, 0x17, 0xE4,
    0x17, 0xE4, 0x17, 0xE4, 0x17, 0xE4, 0x17, 0xE4, 0x17, 0xE4, 0x17, 0xE4, 0x17, 0xE4, 0x17, 0xE4,
    0x17, 0xE4, 0x17, 0xE4, 0x17, 0xE4, 0x17, 0xE4, 0x17, 0xE4, 0x17, 0xE4, 0x27, 0xE5, 0x26, 0x24,
    0x1A, 0x44, 0x41, 0xAB, 0x41, 0xAC, 0x39, 0xAC, 0x39, 0xAC, 0x29, 0x2A, 0x21, 0x08, 0x39, 0x8B,
    0x39, 0xAB, 0x39, 0xAB, 0x39, 0xAB, 0x39, 0xAB, 0x41, 0xCC, 0x31, 0x8A, 0x20, 0xE8, 0x02, 0x29,
    0xFF, 0x39, 0xAB, 0x39, 0xAB, 0x39, 0xAB, 0x39, 0xAB, 0x39, 0xAB, 0x39, 0xCB, 0x39, 0xAB, 0x29,
    0x09, 0x29, 0x09, 0x39, 0xAB, 0x39, 0xAB, 0x39, 0xAB, 0x39, 0xAB, 0x39, 0xAB, 0x39, 0xAB, 0x31,
    0x4A, 0x29, 0x09, 0x39, 0xAB, 0x39, 0xAB, 0x41, 0xAB, 0x39, 0x8A, 0x43, 0xEB, 0x3F, 0xEA, 0x17,
    0xE3, 0x17, 0xE4, 0x17, 0xE4, 0x17, 0xE4, 0x17, 0xE4, 0x17, 0xE4, 0x17, 0xE4, 0x17, 0xE4, 0x17,
    0xE4, 0x17, 0xE4, 0x17, 0xE4, 0x17, 0xE4, 0x17, 0xE4, 0x17, 0xE4, 0x17, 0xE4, 0x17, 0xE4, 0x17,
    0xE4, 0x17, 0xE4, 0x17, 0xE4, 0x17, 0xE4, 0x17, 0xE4, 0x17, 0xE4, 0x17, 0xE4, 0x17, 0xE4, 0x17,
    0xE4, 0x17, 0xE4, 0x17, 0xE4, 0x17, 0xE4, 0x17, 0xE4, 0x17, 0xE4, 0x17, 0xE4, 0x17, 0xE4, 0x17,
    0xE4, 0x17, 0xE4, 0x17, 0xE4, 0x17, 0xE4, 0x17, 0xE4, 0x17, 0xE4, 0x17, 0xE4, 0x17, 0xE4, 0x17,
    0xE4, 0xFF, 0x17, 0xE4, 0x17, 0xE4, 0x17, 0xE4, 0x17, 0xE4, 0x17, 0xE4, 0x17, 0xE4, 0x17, 0xE4,
    0x17, 0xE4, 0x17, 0xE4, 0x17, 0xE4, 0x17, 0xE4, 0x17, 0xE4, 0x17, 0xE4, 0x17, 0xE4, 0x17, 0xE4,
    0x17, 0xE4, 0x17, 0xE4, 0x17, 0xE4, 0x17, 0xE4, 0x17, 0xE4, 0x17, 0xE4, 0x17, 0xE4, 0x17, 0xE4,
    0x17, 0xE4, 0x17, 0xE4, 0x17, 0xE4, 0x17, 0xE4, 0x17, 0xE4, 0x17, 0xE4, 0x17, 0xE4, 0x17, 0xE4,
    0x17, 0xE4, 0x17, 0xE4, 0x17, 0xE4, 0x17, 0xE4, 0x17, 0xE4, 0x17, 0xE4, 0x17, 0xE4, 0x17, 0xE4,
    0x17, 0xE4, 0x17, 0xE4, 0x17, 0xE4, 0x17, 0xE4, 0x17, 0xE4, 0x17, 0xE4, 0x17, 0xE4, 0x17, 0xE4,
    0x17, 0xE4, 0x17, 0xE4, 0x17, 0xE4, 0x17, 0xE4, 0x17, 0xE4, 0x1F, 0xE4, 0x1E, 0xC3, 0x0A, 0xC1,
    0x2A, 0x08, 0x31, 0xCA, 0x39, 0xCB, 0x39, 0xAB, 0x20, 0xE9, 0x21, 0x09, 0x31, 0x8B, 0x39, 0xAB,
    0x39, 0xAB, 0xA9, 0x39, 0xAB, 0x39, 0xAB, 0x39, 0xCB, 0x31, 0x4A, 0x20, 0xC8, 0x29, 0x49, 0x39,
    0xAB, 0x39, 0xAB, 0x39, 0xAB, 0x39, 0xCB, 0x39, 0xAB, 0x39, 0xCB, 0x39, 0x8B, 0x20, 0xE8, 0x29,
    0x09, 0x39, 0xAB, 0x39, 0xAB, 0x39, 0xAB, 0x39, 0xAB, 0x39, 0xAB, 0x39, 0xAB, 0x03, 0x29, 0xFF,
    0x09, 0x39, 0xAB, 0x39, 0xAB, 0x41, 0xAB, 0x31, 0x89, 0x44, 0xAB, 0x3F, 0xE8, 0x17, 0xE4, 0x17,
    0xE3, 0x17, 0xE4, 0x17, 0xE4, 0x17, 0xE4, 0x17, 0xE4, 0x17, 0xE4, 0x17, 0xE4, 0x17, 0xE4, 0x17,
    0xE4, 0x17, 0xE4, 0x17, 0xE4, 0x17, 0xE4, 0x17, 0xE4, 0x17, 0xE4, 0x17, 0xE4, 0x17, 0xE4, 0x17,
    0xE4, 0x17, 0xE4, 0x17, 0xE4, 0x17, 0xE4, 0x17, 0xE4, 0x17, 0xE4, 0x17, 0xE4, 0x17, 0xE4, 0x17,
    0xE4, 0x17, 0xE4, 0x17, 0xE4, 0x17, 0xE4, 0x17, 0xE4, 0x17, 0xE4, 0x17, 0xE4, 0x17, 0xE4, 0x17,
    0xE4, 0x17, 0xE4, 0x17, 0xE4, 0x17, 0xE4, 0x17, 0xE4, 0x17, 0xE4, 0x17, 0xE4, 0x17, 0xE4, 0x17,
    0xE4, 0x17, 0xE4, 0x17, 0xE4, 0x17, 0xE4, 0x17, 0xE4, 0x17, 0xE4, 0x17, 0xE4, 0x17, 0xE4, 0x17,
    0xE4, 0x17, 0xE4, 0x17, 0xE4, 0x17, 0xE4, 0x17, 0xE4, 0x17, 0xE4, 0x17, 0xE4, 0x17, 0xE4, 0x17,
    0xE4, 0xE4, 0x17, 0xE4, 0x17, 0xE4, 0x17, 0xE4, 0x17, 0xE4, 0x17, 0xE4, 0x17, 0xE4, 0x17, 0xE4,
    0x17, 0xE4, 0x17, 0xE4, 0x17, 0xE4, 0x17, 0xE4, 0x17, 0xE4, 0x17, 0xE4, 0x17, 0xE4, 0x17, 0xE4,
    0x17, 0xE4, 0x17, 0xE4, 0x17, 0xE4, 0x17, 0xE4, 0x17, 0xE4, 0x17, 0xE4, 0x17, 0xE4, 0x17, 0xE4,
    0x17, 0xE4, 0x17, 0xE4, 0x17, 0xE4, 0x17, 0xE4, 0x17, 0xE4, 0x17, 0xE4, 0x17, 0xE4, 0x17, 0xE4,
    0x17, 0xE4, 0x17, 0xE4, 0x17, 0xE4, 0x17, 0xE4, 0x17, 0xE4, 0x1F, 0xE5, 0x0D, 0xE2, 0x0C, 0x02,
    0x0A, 0xE3, 0x1A, 0x65, 0x21, 0xE7, 0x19, 0x26, 0x21, 0x28, 0x31, 0xAB, 0x39, 0xAB, 0x39, 0xAB,
    0x39, 0xAB, 0x39, 0xAB, 0x39, 0xCB, 0x02, 0x29, 0xFF, 0x18, 0xA7, 0x29, 0x4A, 0x39, 0xAB, 0x39,
    0xAB, 0x39, 0xCB, 0x39, 0xAB, 0x39, 0xAB, 0x39, 0xCB, 0x39, 0x8B, 0x20, 0xE8, 0x29, 0x08, 0x39,
    0xCB, 0x39, 0xAB, 0x39, 0xAB, 0x41, 0xAB, 0x39, 0xAB, 0x39, 0xAA, 0x29, 0x28, 0x29, 0x08, 0x39,
    0xCB, 0x39, 0xAB, 0x39, 0x8B, 0x31, 0xA8, 0x4D, 0xAA, 0x37, 0xE7, 0x17, 0xE4, 0x17, 0xE4, 0x17,
    0xE4, 0x17, 0xE4, 0x17, 0xE4, 0x17, 0xE4, 0x17, 0xE4, 0x17, 0xE4, 0x17, 0xE4, 0x17, 0xE4, 0x17,
    0xE4, 0x17, 0xE4, 0x17, 0xE4, 0x17, 0xE4, 0x17, 0xE4, 0x17, 0xE4, 0x17, 0xE4, 0x17, 0xE4, 0x17,
    0xE4, 0x17, 0xE4, 0x17, 0xE4, 0x17, 0xE4, 0x17, 0xE4, 0x17, 0xE4, 0x17, 0xE4, 0x17, 0xE4, 0x17,
    0xE4, 0x17, 0xE4, 0x17, 0xE4, 0x17, 0xE4, 0x17, 0xE4, 0x17, 0xE4, 0x17, 0xE4, 0x17, 0xE4, 0x17,
    0xE4, 0x17, 0xE4, 0x17, 0xE4, 0x17, 0xE4, 0x17, 0xE4, 0xFF, 0x17, 0xE4, 0x17, 0xE4, 0x17, 0xE4,
    0x17, 0xE4, 0x17, 0xE4, 0x17, 0xE4, 0x17, 0xE4, 0x17, 0xE4, 0x17, 0xE4, 0x17, 0xE4, 0x17, 0xE4,
    0x17, 0xE4, 0x17, 0xE4, 0x17, 0xE4, 0x17, 0xE4, 0x17, 0xE4, 0x17, 0xE4, 0x17, 0xE4, 0x17, 0xE4,
    0x17, 0xE4, 0x17, 0xE4, 0x17, 0xE4, 0x17, 0xE4, 0x17, 0xE4, 0x17, 0xE4, 0x17, 0xE4, 0x17, 0xE4,
    0x17, 0xE4, 0x17, 0xE4, 0x17, 0xE4, 0x17, 0xE4, 0x17, 0xE4, 0x17, 0xE4, 0x17, 0xE4, 0x17, 0xE4,
    0x17, 0xE4, 0x17, 0xE4, 0x17, 0xE4, 0x17, 0xE4, 0x17, 0xE4, 0x17, 0xE4, 0x17, 0xE4, 0x17, 0xE4,
    0x17, 0xE4, 0x17, 0xE4, 0x17, 0xE4, 0x17, 0xE4, 0x17, 0xE4, 0x17, 0xE4, 0x17, 0xE4, 0x17, 0xE4,
    0x17, 0xE4, 0x17, 0xE4, 0x17, 0xE4, 0x17, 0xE4, 0x1F, 0xE5, 0x27, 0xE6, 0x27, 0xE5, 0x16, 0xC4,
    0x05, 0x42, 0x03, 0x60, 0x01, 0xE0, 0x11, 0x65, 0x31, 0xCB, 0xFF, 0x39, 0xAC, 0x39, 0xAB, 0x39,
    0xAB, 0x39, 0xAB, 0x39, 0x8B, 0x20, 0xE8, 0x18, 0xC7, 0x31, 0x4A, 0x39, 0xAB, 0x39, 0xAB, 0x39,
    0xAB, 0x39, 0xAB, 0x39, 0xAB, 0x39, 0xCB, 0x31, 0x8A, 0x20, 0xC8, 0x21, 0x28, 0x39, 0xCB, 0x39,
    0xAA, 0x39, 0xAB, 0x39, 0xCB, 0x39, 0xCB, 0x39, 0xAA, 0x29, 0x08, 0x29, 0x08, 0x39, 0xAB, 0x39,
    0xAB, 0x39, 0x8A, 0x31, 0xE8, 0x56, 0x8B, 0x27, 0xE6, 0x17, 0xE4, 0x17, 0xE4, 0x17, 0xE4, 0x17,
    0xE4, 0x17, 0xE4, 0x17, 0xE4, 0x17, 0xE4, 0x17, 0xE4, 0x17, 0xE4, 0x17, 0xE4, 0x17, 0xE4, 0x17,
    0xE4, 0x17, 0xE4, 0x17, 0xE4, 0x17, 0xE4, 0x17, 0xE4, 0x17, 0xE4, 0x17, 0xE4, 0x17, 0xE4, 0x17,
    0xE4, 0x17, 0xE4, 0x17, 0xE4, 0x17, 0xE4, 0x17, 0xE4, 0x17, 0xE4, 0x17, 0xE4, 0x17, 0xE4, 0x17,
    0xE4, 0x17, 0xE4, 0x17, 0xE4, 0x17, 0xE4, 0x17, 0xE4, 0x17, 0xE4, 0xFF, 0x17, 0xE4, 0x17, 0xE4,
    0x17, 0xE4, 0x17, 0xE4, 0x17, 0xE4, 0x17, 0xE4, 0x17, 0xE4, 0x17, 0xE4, 0x17, 0xE4, 0x17, 0xE4,
    0x17, 0xE4, 0x17, 0xE4, 0x17, 0xE4, 0x17, 0xE4, 0x17, 0xE4, 0x17, 0xE4, 0x17, 0xE4, 0x17, 0xE4,
    0x17, 0xE4, 0x17, 0xE4, 0x17, 0xE4, 0x17, 0xE4, 0x17, 0xE4, 0x17, 0xE4, 0x17, 0xE4, 0x17, 0xE4,
    0x17, 0xE4, 0x17, 0xE4, 0x17, 0xE4, 0x17, 0xE4, 0x17, 0xE4, 0x17, 0xE4, 0x17, 0xE4, 0x17, 0xE4,
    0x17, 0xE4, 0x17, 0xE4, 0x17, 0xE4, 0x17, 0xE4, 0x17, 0xE4, 0x17, 0xE4, 0x17, 0xE4, 0x17, 0xE4,
    0x17, 0xE4, 0x17, 0xE4, 0x17, 0xE4, 0x17, 0xE4, 0x17, 0xE4, 0x17, 0xE4, 0x17, 0xE4, 0x17, 0xE4,
    0x17, 0xE4, 0x17, 0xE4, 0x17, 0xE4, 0x17, 0xE4, 0x17, 0xE4, 0x17, 0xE4, 0x17, 0xE4, 0x17, 0xE4,
    0x17, 0xE4, 0x17, 0xE4, 0x17, 0xE4, 0x17, 0xE4, 0x17, 0xE4, 0x1F, 0xE4, 0xBB, 0x1F, 0xE5, 0x27,
    0xE6, 0x1F, 0xA4, 0x15, 0xA2, 0x0A, 0xA2, 0x29, 0xC9, 0x39, 0xAB, 0x39, 0xAB, 0x39, 0xAB, 0x39,
    0xAA, 0x31, 0x49, 0x18, 0xC7, 0x18, 0xC7, 0x31, 0x49, 0x39, 0xAB, 0x39, 0xAB, 0x39, 0xAB, 0x39,
    0xAB, 0x39, 0xAB, 0x39, 0xAB, 0x31, 0x6A, 0x18, 0xC7, 0x21, 0x08, 0x39, 0xCB, 0x39, 0xAB, 0x39,
    0xAB, 0x39, 0xAB, 0x39, 0xAB, 0x39, 0x8A, 0x21, 0x08, 0x02, 0x29, 0xFF, 0x39, 0xCB, 0x39, 0xAB,
    0x39, 0x69, 0x2A, 0x67, 0x47, 0x8A, 0x1F, 0xE5, 0x17, 0xE4, 0x17, 0xE4, 0x17, 0xE4, 0x17, 0xE4,
    0x17, 0xE4, 0x17, 0xE4, 0x17, 0xE4, 0x17, 0xE4, 0x17, 0xE4, 0x17, 0xE4, 0x17, 0xE4, 0x17, 0xE4,
    0x17, 0xE4, 0x17, 0xE4, 0x17, 0xE4, 0x17, 0xE4, 0x17, 0xE4, 0x17, 0xE4, 0x17, 0xE4, 0x17, 0xE4,
    0x17, 0xE4, 0x17, 0xE4, 0x17, 0xE4, 0x17, 0xE4, 0x17, 0xE4, 0x17, 0xE4, 0x17, 0xE4, 0x17, 0xE4,
    0x17, 0xE4, 0x17, 0xE4, 0x17, 0xE4, 0x17, 0xE4, 0x17, 0xE4, 0x17, 0xE4, 0x17, 0xE4, 0x17, 0xE4,
    0x17, 0xE4, 0x17, 0xE4, 0x17, 0xE4, 0x17, 0xE4, 0x17, 0xE4, 0x17, 0xE4, 0x17, 0xE4, 0x17, 0xE4,
    0x17, 0xE4, 0x17, 0xE4, 0x17, 0xE4, 0x17, 0xE4, 0x17, 0xE4, 0x17, 0xE4, 0x17, 0xE4, 0x17, 0xE4,
    0x17, 0xE4, 0x17, 0xE4, 0x17, 0xE4, 0x17, 0xE4, 0x17, 0xE4, 0x17, 0xE4, 0xFF, 0x17, 0xE4, 0x17,
    0xE4, 0x17, 0xE4, 0x17, 0xE4, 0x17, 0xE4, 0x17, 0xE4, 0x17, 0xE4, 0x17, 0xE4, 0x17, 0xE4, 0x17,
    0xE4, 0x17, 0xE4, 0x17, 0xE4, 0x17, 0xE4, 0x17, 0xE4, 0x17, 0xE4, 0x17, 0xE4, 0x17, 0xE4, 0x17,
    0xE4, 0x17, 0xE4, 0x17, 0xE4, 0x17, 0xE4, 0x17, 0xE4, 0x17, 0xE4, 0x17, 0xE4, 0x17, 0xE4, 0x17,
    0xE4, 0x17, 0xE4, 0x17, 0xE4, 0x17, 0xE4, 0x17, 0xE4, 0x17, 0xE4, 0x17, 0xE4, 0x17, 0xE4, 0x17,
    0xE4, 0x17, 0xE4, 0x17, 0xE4, 0x17, 0xE4, 0x17, 0xE3, 0x17, 0xE4, 0x17, 0xE4, 0x17, 0xE4, 0x1F,
    0xE5, 0x27, 0xE5, 0x0C, 0xA1, 0x1A, 0x44, 0x22, 0x07, 0x22, 0x07, 0x22, 0x07, 0x22, 0x07, 0x21,
    0x86, 0x18, 0xC5, 0x18, 0xA6, 0x31, 0x49, 0x41, 0xAA, 0x39, 0xAA, 0x39, 0xAA, 0x39, 0xCA, 0x39,
    0xCB, 0x39, 0xCB, 0x31, 0x69, 0x18, 0xC7, 0x21, 0x28, 0x39, 0xCB, 0x39, 0xAB, 0xFF, 0x39, 0xAB,
    0x39, 0xAB, 0x39, 0xAB, 0x31, 0x6A, 0x20, 0xE7, 0x29, 0x49, 0x39, 0xCB, 0x41, 0xCB, 0x31, 0x29,
    0x2B, 0x07, 0x3F, 0xE9, 0x17, 0xE4, 0x17, 0xE4, 0x17, 0xE4, 0x17, 0xE4, 0x17, 0xE4, 0x17, 0xE4,
    0x17, 0xE4, 0x17, 0xE4, 0x17, 0xE4, 0x17, 0xE4, 0x17, 0xE4, 0x17, 0xE4, 0x17, 0xE4, 0x17, 0xE4,
    0x17, 0xE4, 0x17, 0xE4, 0x17, 0xE4, 0x17, 0xE4, 0x17, 0xE4, 0x17, 0xE4, 0x17, 0xE4, 0x17, 0xE4,
    0x17, 0xE4, 0x17, 0xE4, 0x17, 0xE4, 0x17, 0xE4, 0x17, 0xE4, 0x17, 0xE4, 0x17, 0xE4, 0x17, 0xE4,
    0x17, 0xE4, 0x17, 0xE4, 0x17, 0xE4, 0x17, 0xE4, 0x17, 0xE4, 0x17, 0xE4, 0x17, 0xE4, 0x17, 0xE4,
    0x17, 0xE4, 0x17, 0xE4, 0x17, 0xE4, 0x17, 0xE4, 0x17, 0xE4, 0x17, 0xE4, 0x17, 0xE4, 0x17, 0xE4,
    0x17, 0xE4, 0x17, 0xE4, 0x17, 0xE4, 0x17, 0xE4, 0x17, 0xE4, 0x17, 0xE4, 0x17, 0xE4, 0xFF, 0x17,
    0xE4, 0x17, 0xE4, 0x17, 0xE4, 0x17, 0xE4, 0x17, 0xE4, 0x17, 0xE4, 0x17, 0xE4, 0x17, 0xE4, 0x17,
    0xE4, 0x17, 0xE4, 0x17, 0xE4, 0x17, 0xE4, 0x17, 0xE4, 0x17, 0xE4, 0x17, 0xE4, 0x17, 0xE4, 0x17,
    0xE4, 0x17, 0xE4, 0x17, 0xE4, 0x17, 0xE4, 0x17, 0xE4, 0x17, 0xE4, 0x17, 0xE4, 0x17, 0xE4, 0x17,
    0xE4, 0x17, 0xE4, 0x17, 0xE4, 0x17, 0xE4, 0x17, 0xE4, 0x17, 0xE4, 0x17, 0xE4, 0x17, 0xE4, 0x17,
    0xE4, 0x17, 0xE4, 0x17, 0xE4, 0x17, 0xE4, 0x17, 0xE4, 0x17, 0xE4, 0x17, 0xE4, 0x17, 0xE4, 0x17,
    0xE4, 0x17, 0xE4, 0x17, 0xE4, 0x17, 0xE4, 0x17, 0xE4, 0x17, 0xE4, 0x17, 0xE4, 0x17, 0xE4, 0x17,
    0xE4, 0x0E, 0xE3, 0x15, 0x03, 0x1C, 0xC5, 0x1C, 0xC5, 0x1C, 0xA5, 0x14, 0xA4, 0x1B, 0xC4, 0x43,
    0x07, 0x52, 0x09, 0x39, 0x27, 0x41, 0x68, 0x41, 0x88, 0x41, 0x88, 0x39, 0x88, 0x39, 0x88, 0xFF,
    0x39, 0x87, 0x21, 0x66, 0x11, 0x04, 0x21, 0x67, 0x41, 0xCA, 0x41, 0xAB, 0x41, 0xAB, 0x39, 0xAB,
    0x39, 0xCB, 0x31, 0x4A, 0x18, 0xC7, 0x29, 0x49, 0x39, 0xCB, 0x41, 0xAB, 0x29, 0x28, 0x33, 0xE7,
    0x3F, 0xE8, 0x17, 0xE4, 0x17, 0xE4, 0x17, 0xE4, 0x17, 0xE4, 0x17, 0xE4, 0x17, 0xE4, 0x17, 0xE4,
    0x17, 0xE4, 0x17, 0xE4, 0x17, 0xE4, 0x17, 0xE4, 0x17, 0xE4, 0x17, 0xE4, 0x17, 0xE4, 0x17, 0xE4,
    0x17, 0xE4, 0x17, 0xE4, 0x17, 0xE4, 0x17, 0xE4, 0x17, 0xE4, 0x17, 0xE4, 0x17, 0xE4, 0x17, 0xE4,
    0x17, 0xE4, 0x17, 0xE4, 0x17, 0xE4, 0x17, 0xE4, 0x17, 0xE4, 0x17, 0xE4, 0x17, 0xE4, 0x17, 0xE4,
    0x17, 0xE4, 0x17, 0xE4, 0x17, 0xE4, 0x17, 0xE4, 0x17, 0xE4, 0x17, 0xE4, 0x17, 0xE4, 0x17, 0xE4,
    0x17, 0xE4, 0x17, 0xE4, 0x17, 0xE4, 0x17, 0xE4, 0x17, 0xE4, 0x17, 0xE4, 0x17, 0xE4, 0x17, 0xE4,
    0xFF, 0x17, 0xE4, 0x17, 0xE4, 0x17, 0xE4, 0x17, 0xE4, 0x17, 0xE4, 0x17, 0xE4, 0x17, 0xE4, 0x17,
    0xE4, 0x17, 0xE4, 0x17, 0xE4, 0x17, 0xE4, 0x17, 0xE4, 0x17, 0xE4, 0x17, 0xE4, 0x17, 0xE4, 0x17,
    0xE4, 0x17, 0xE4, 0x17, 0xE4, 0x17, 0xE4, 0x17, 0xE4, 0x17, 0xE4, 0x17, 0xE4, 0x17, 0xE4, 0x17,
    0xE4, 0x17, 0xE4, 0x17, 0xE4, 0x17, 0xE4, 0x17, 0xE4, 0x17, 0xE4, 0x17, 0xE4, 0x17, 0xE4, 0x17,
    0xE4, 0x17, 0xE4, 0x17, 0xE4, 0x17, 0xE4, 0x17, 0xE4, 0x17, 0xE4, 0x17, 0xE4, 0x17, 0xE4, 0x17,
    0xE4, 0x17, 0xE4, 0x17, 0xE4, 0x17, 0xE4, 0x17, 0xE4, 0x17, 0xE4, 0x17, 0xE4, 0x17, 0xE4, 0x17,
    0xE4, 0x17, 0xE4, 0x17, 0xE4, 0x17, 0xE4, 0x17, 0xE4, 0x17, 0xE4, 0x17, 0xE4, 0x17, 0xE4, 0x1F,
    0xE5, 0x27, 0xE6, 0x27, 0xE6, 0x2F, 0xE6, 0x2F, 0xE6, 0x2F, 0xE6, 0x37, 0x87, 0x7E, 0xAD, 0xBD,
    0x73, 0xFF, 0x72, 0x6A, 0x69, 0xE9, 0x6A, 0x29, 0x72, 0x4A, 0x7A, 0x6A, 0x7A, 0xAB, 0x72, 0xCA,
    0x43, 0x68, 0x13, 0xA5, 0x12, 0x04, 0x41, 0xA9, 0x49, 0x89, 0x49, 0xA9, 0x41, 0x68, 0x41, 0x47,
    0x41, 0x47, 0x39, 0x06, 0x39, 0x67, 0x39, 0xE9, 0x31, 0xC8, 0x19, 0xC4, 0x2D, 0x66, 0x2F, 0xE7,
    0x17, 0xE3, 0x17, 0xE4, 0x17, 0xE4, 0x17, 0xE4, 0x17, 0xE4, 0x17, 0xE4, 0x17, 0xE4, 0x17, 0xE4,
    0x17, 0xE4, 0x17, 0xE4, 0x17, 0xE4, 0x17, 0xE4, 0x17, 0xE4, 0x17, 0xE4, 0x17, 0xE4, 0x17, 0xE4,
    0x17, 0xE4, 0x17, 0xE4, 0x17, 0xE4, 0x17, 0xE4, 0x17, 0xE4, 0x17, 0xE4, 0x17, 0xE4, 0x17, 0xE4,
    0x17, 0xE4, 0x17, 0xE4, 0x17, 0xE4, 0x17, 0xE4, 0x17, 0xE4, 0x17, 0xE4, 0x17, 0xE4, 0x17, 0xE4,
    0x17, 0xE4, 0x17, 0xE4, 0x17, 0xE4, 0x17, 0xE4, 0x17, 0xE4, 0x17, 0xE4, 0x17, 0xE4, 0x17, 0xE4,
    0x17, 0xE4, 0xFF, 0x17, 0xE4, 0x17, 0xE4, 0x17, 0xE4, 0x17, 0xE4, 0x17, 0xE4, 0x17, 0xE4, 0x17,
    0xE4, 0x17, 0xE4, 0x17, 0xE4, 0x17, 0xE4, 0x17, 0xE4, 0x17, 0xE4, 0x17, 0xE4, 0x17, 0xE4, 0x17,
    0xE4, 0x17, 0xE4, 0x17, 0xE4, 0x17, 0xE4, 0x17, 0xE4, 0x17, 0xE4, 0x17, 0xE4, 0x17, 0xE4, 0x17,
    0xE4, 0x17, 0xE4, 0x17, 0xE4, 0x17, 0xE4, 0x17, 0xE4, 0x17, 0xE4, 0x17, 0xE4, 0x17, 0xE4, 0x17,
    0xE4, 0x17, 0xE4, 0x17, 0xE4, 0x17, 0xE4, 0x17, 0xE4, 0x17, 0xE4, 0x17, 0xE4, 0x17, 0xE4, 0x17,
    0xE4, 0x17, 0xE4, 0x17, 0xE4, 0x17, 0xE4, 0x17, 0xE4, 0x17, 0xE4, 0x17, 0xE4, 0x17, 0xE4, 0x17,
    0xE4, 0x17, 0xE4, 0x17, 0xE4, 0x17, 0xE4, 0x17, 0xE4, 0x17, 0xE4, 0x17, 0xE4, 0x17, 0xE4, 0x17,
    0xE4, 0x17, 0xE4, 0x17, 0xE4, 0x17, 0xE4, 0x17, 0xE4, 0x17, 0xE4, 0x17, 0xE4, 0x17, 0xE4, 0x17,
    0xE4, 0x17, 0xE4, 0xFF, 0x0F, 0xE4, 0x17, 0xE4, 0x17, 0xE4, 0x1F, 0xE5, 0x57, 0x0A, 0xCE, 0x55,
    0xE5, 0x54, 0xE5, 0x14, 0xE5, 0x14, 0xED, 0x34, 0xED, 0x54, 0xED, 0x55, 0xCD, 0x12, 0x76, 0x8D,
    0x37, 0x29, 0x02, 0xE3, 0x39, 0x87, 0x51, 0x66, 0x59, 0xC8, 0x72, 0x8A, 0x93, 0x2C, 0xBC, 0x50,
    0xB3, 0xEF, 0x62, 0x48, 0x2A, 0x24, 0x2B, 0xA6, 0x25, 0x45, 0x37, 0xE7, 0x1F, 0xE4, 0x17, 0xE3,
    0x17, 0xE4, 0x17, 0xE4, 0x17, 0xE4, 0x17, 0xE4, 0x17, 0xE4, 0x17, 0xE4, 0x17, 0xE4, 0x17, 0xE4,
    0x17, 0xE4, 0x17, 0xE4, 0x17, 0xE4, 0x17, 0xE4, 0x17, 0xE4, 0x17, 0xE4, 0x17, 0xE4, 0x17, 0xE4,
    0x17, 0xE4, 0x17, 0xE4, 0x17, 0xE4, 0x17, 0xE4, 0x17, 0xE4, 0x17, 0xE4, 0x17, 0xE4, 0x17, 0xE4,
    0x17, 0xE4, 0x17, 0xE4, 0x17, 0xE4, 0x17, 0xE4, 0x17, 0xE4, 0x17, 0xE4, 0x17, 0xE3, 0x17, 0xE4,
    0x17, 0xE4, 0x17, 0xE4, 0xFF, 0x17, 0xE4, 0x17, 0xE4, 0x17, 0xE4, 0x17, 0xE4, 0x17, 0xE4, 0x17,
    0xE4, 0x17, 0xE4, 0x17, 0xE4, 0x17, 0xE4, 0x17, 0xE4, 0x17, 0xE4, 0x17, 0xE4, 0x17, 0xE4, 0x17,
    0xE4, 0x17, 0xE4, 0x17, 0xE4, 0x17, 0xE4, 0x17, 0xE4, 0x17, 0xE4, 0x17, 0xE4, 0x17, 0xE4, 0x17,
    0xE4, 0x17, 0xE4, 0x17, 0xE4, 0x17, 0xE4, 0x17, 0xE4, 0x17, 0xE4, 0x17, 0xE4, 0x17, 0xE4, 0x17,
    0xE4, 0x17, 0xE4, 0x17, 0xE4, 0x17, 0xE4, 0x17, 0xE4, 0x17, 0xE4, 0x17, 0xE4, 0x17, 0xE4, 0x17,
    0xE4, 0x17, 0xE4, 0x17, 0xE4, 0x17, 0xE4, 0x17, 0xE4, 0x17, 0xE4, 0x17, 0xE4, 0x17, 0xE4, 0x17,
    0xE4, 0x17, 0xE4, 0x17, 0xE4, 0x17, 0xE4, 0x17, 0xE4, 0x17, 0xE4, 0x17, 0xE4, 0x17, 0xE4, 0x17,
    0xE4, 0x17, 0xE4, 0x17, 0xE4, 0x17, 0xE4, 0x17, 0xE4, 0x17, 0xE4, 0x17, 0xE4, 0x17, 0xE4, 0x17,
    0xE4, 0x17, 0xE4, 0x17, 0xE4, 0xFF, 0x17, 0xE4, 0x17, 0xE4, 0x17, 0xE4, 0x17, 0xE4, 0x17, 0xE4,
    0x17, 0xE4, 0x17, 0xE4, 0x17, 0xE4, 0x17, 0xE4, 0x1F, 0xE4, 0x47, 0x68, 0xC6, 0x33, 0xF5, 0xB5,
    0xFD, 0x95, 0xFD, 0x95, 0xFD, 0x95, 0xFD, 0x95, 0xFD, 0x95, 0xCD, 0x12, 0x76, 0xAC, 0x37, 0xEA,
    0x2D, 0x07, 0x8B, 0xCD, 0xBC, 0x50, 0xD4, 0xD2, 0xED, 0x94, 0xF5, 0xD5, 0xFD, 0xF5, 0xFD, 0xD5,
    0xB4, 0xB0, 0x55, 0x49, 0x3F, 0xE8, 0x2F, 0xE6, 0x27, 0xE5, 0x17, 0xE3, 0x17, 0xE4, 0x17, 0xE4,
    0x17, 0xE4, 0x17, 0xE4, 0x17, 0xE4, 0x17, 0xE4, 0x17, 0xE4, 0x17, 0xE4, 0x17, 0xE4, 0x17, 0xE4,
    0x17, 0xE4, 0x17, 0xE4, 0x17, 0xE4, 0x17, 0xE4, 0x17, 0xE4, 0x17, 0xE4, 0x17, 0xE4, 0x17, 0xE4,
    0x17, 0xE4, 0x17, 0xE4, 0x17, 0xE4, 0x17, 0xE4, 0x17, 0xE4, 0x17, 0xE4, 0x17, 0xE4, 0x17, 0xE4,
    0x17, 0xE4, 0x17, 0xE4, 0x17, 0xE4, 0xFF, 0x17, 0xE4, 0x17, 0xE4, 0x17, 0xE4, 0x17, 0xE4, 0x17,
    0xE4, 0x17, 0xE4, 0x17, 0xE4, 0x17, 0xE4, 0x17, 0xE4, 0x17, 0xE4, 0x17, 0xE4, 0x17, 0xE4, 0x17,
    0xE4, 0x17, 0xE4, 0x17, 0xE4, 0x17, 0xE4, 0x17, 0xE4, 0x17, 0xE4, 0x17, 0xE4, 0x17, 0xE4, 0x17,
    0xE4, 0x17, 0xE4, 0x17, 0xE4, 0x17, 0xE4, 0x17, 0xE4, 0x17, 0xE4, 0x17, 0xE4, 0x17, 0xE4, 0x17,
    0xE4, 0x17, 0xE4, 0x17, 0xE4, 0x17, 0xE4, 0x17, 0xE4, 0x17, 0xE4, 0x17, 0xE4, 0x17, 0xE4, 0x17,
    0xE4, 0x17, 0xE4, 0x17, 0xE4, 0x17, 0xE4, 0x17, 0xE4, 0x17, 0xE4, 0x17, 0xE4, 0x17, 0xE4, 0x17,
    0xE4, 0x17, 0xE4, 0x17, 0xE4, 0x17, 0xE4, 0x17, 0xE4, 0x17, 0xE4, 0x17, 0xE4, 0x17, 0xE4, 0x17,
    0xE4, 0x17, 0xE4, 0x17, 0xE4, 0x17, 0xE4, 0x17, 0xE4, 0x17, 0xE4, 0x17, 0xE4, 0x17, 0xE4, 0x17,
    0xE4, 0x17, 0xE4, 0x17, 0xE4, 0x17, 0xE4, 0xFF, 0x17, 0xE4, 0x17, 0xE4, 0x17, 0xE4, 0x17, 0xE4,
    0x17, 0xE4, 0x17, 0xE4, 0x17, 0xE4, 0x17, 0xE4, 0x17, 0xE4, 0x17, 0xE4, 0x17, 0xE4, 0x17, 0xE4,
    0x17, 0xE4, 0x17, 0xE4, 0x17, 0xE4, 0x17, 0xE5, 0x2F, 0x46, 0xAE, 0x11, 0xF5, 0xB5, 0xFD, 0x95,
    0xFD, 0x95, 0xFD, 0x95, 0xFD, 0x95, 0xF5, 0x96, 0xD5, 0x32, 0x76, 0x6C, 0x3F, 0xE9, 0x5E, 0x2B,
    0xD5, 0xD4, 0xF5, 0xB5, 0xF5, 0xB5, 0xF5, 0x94, 0xF5, 0xB4, 0xF5, 0xB4, 0xF5, 0xB5, 0xBD, 0x71,
    0x5F, 0x4B, 0x27, 0xE6, 0x17, 0xE4, 0x17, 0xE4, 0x17, 0xE4, 0x17, 0xE4, 0x17, 0xE4, 0x17, 0xE4,
    0x17, 0xE4, 0x17, 0xE4, 0x17, 0xE4, 0x17, 0xE4, 0x17, 0xE4, 0x17, 0xE4, 0x17, 0xE4, 0x17, 0xE4,
    0x17, 0xE4, 0x17, 0xE4, 0x17, 0xE4, 0x17, 0xE4, 0x17, 0xE4, 0x17, 0xE4, 0x17, 0xE4, 0x17, 0xE4,
    0x17, 0xE4, 0x17, 0xE4, 0x17, 0xE4, 0x17, 0xE4, 0xFF, 0x17, 0xE4, 0x17, 0xE4, 0x17, 0xE4, 0x17,
    0xE4, 0x17, 0xE4, 0x17, 0xE4, 0x17, 0xE4, 0x17, 0xE4, 0x17, 0xE4, 0x17, 0xE4, 0x17, 0xE4, 0x17,
    0xE4, 0x17, 0xE4, 0x17, 0xE4, 0x17, 0xE4, 0x17, 0xE4, 0x17, 0xE4, 0x17, 0xE4, 0x17, 0xE4, 0x17,
    0xE4, 0x17, 0xE4, 0x17, 0xE4, 0x17, 0xE4, 0x17, 0xE4, 0x17, 0xE4, 0x17, 0xE4, 0x17, 0xE4, 0x17,
    0xE4, 0x17, 0xE4, 0x17, 0xE4, 0x17, 0xE4, 0x17, 0xE4, 0x17, 0xE4, 0x17, 0xE4, 0x17, 0xE4, 0x17,
    0xE4, 0x17, 0xE4, 0x17, 0xE4, 0x17, 0xE4, 0x17, 0xE4, 0x17, 0xE4, 0x17, 0xE4, 0x17, 0xE4, 0x17,
    0xE4, 0x17, 0xE4, 0x17, 0xE4, 0x17, 0xE4, 0x17, 0xE4, 0x17, 0xE4, 0x17, 0xE4, 0x17, 0xE4, 0x17,
    0xE4, 0x17, 0xE4, 0x17, 0xE4, 0x17, 0xE4, 0x17, 0xE4, 0x17, 0xE4, 0x17, 0xE4, 0x17, 0xE4, 0x17,
    0xE4, 0x17, 0xE4, 0x17, 0xE4, 0x17, 0xE4, 0x17, 0xE4, 0xFF, 0x17, 0xE4, 0x17, 0xE4, 0x17, 0xE4,
    0x17, 0xE4, 0x17, 0xE4, 0x17, 0xE4, 0x17, 0xE4, 0x17, 0xE4, 0x17, 0xE4, 0x17, 0xE4, 0x17, 0xE4,
    0x17, 0xE4, 0x17, 0xE4, 0x17, 0xE4, 0x17, 0xE4, 0x17, 0xE4, 0x17, 0xE4, 0x17, 0xE4, 0x17, 0xE4,
    0x17, 0xE4, 0x17, 0xE4, 0x17, 0xE4, 0x2F, 0x66, 0xA6, 0x10, 0xED, 0xB5, 0xF5, 0x95, 0xFD, 0x95,
    0xFD, 0x95, 0xF5, 0x95, 0xF5, 0xB6, 0xD5, 0x53, 0x7E, 0x6C, 0x47, 0x8A, 0x86, 0x0D, 0xE5, 0xD4,
    0xF5, 0x94, 0xF5, 0x74, 0xF5, 0x94, 0xF5, 0x94, 0xFD, 0x94, 0xF5, 0x94, 0xA5, 0x8F, 0x4F, 0xE9,
    0x17, 0xE4, 0x17, 0xE3, 0x17, 0xE4, 0x17, 0xE4, 0x17, 0xE4, 0x17, 0xE4, 0x17, 0xE4, 0x17, 0xE4,
    0x17, 0xE4, 0x17, 0xE4, 0x17, 0xE4, 0x17, 0xE4, 0x17, 0xE4, 0x17, 0xE4, 0x17, 0xE4, 0x17, 0xE4,
    0x17, 0xE4, 0x17, 0xE4, 0x17, 0xE4, 0x17, 0xE4, 0x17, 0xE4, 0xFF, 0x17, 0xE4, 0x17, 0xE4, 0x17,
    0xE4, 0x17, 0xE4, 0x17, 0xE4, 0x17, 0xE4, 0x17, 0xE4, 0x17, 0xE4, 0x17, 0xE4, 0x17, 0xE4, 0x17,
    0xE4, 0x17, 0xE4, 0x17, 0xE4, 0x17, 0xE4, 0x17, 0xE4, 0x17, 0xE4, 0x17, 0xE4, 0x17, 0xE4, 0x17,
    0xE4, 0x17, 0xE4, 0x17, 0xE4, 0x17, 0xE4, 0x17, 0xE4, 0x17, 0xE4, 0x17, 0xE4, 0x17, 0xE4, 0x17,
    0xE4, 0x17, 0xE4, 0x17, 0xE4, 0x17, 0xE4, 0x17, 0xE4, 0x17, 0xE4, 0x17, 0xE4, 0x17, 0xE4, 0x17,
    0xE4, 0x17, 0xE4, 0x17, 0xE4, 0x17, 0xE4, 0x17, 0xE4, 0x17, 0xE4, 0x17, 0xE4, 0x17, 0xE4, 0x17,
    0xE4, 0x17, 0xE4, 0x17, 0xE4, 0x17, 0xE4, 0x17, 0xE4, 0x17, 0xE4, 0x17, 0xE4, 0x17, 0xE4, 0x17,
    0xE4, 0x17, 0xE4, 0x17, 0xE4, 0x17, 0xE4, 0x17, 0xE4, 0x17, 0xE4, 0x17, 0xE4, 0x17, 0xE4, 0x17,
    0xE4, 0x17, 0xE4, 0x17, 0xE4, 0x17, 0xE4, 0x17, 0xE4, 0x17, 0xE4, 0xFF, 0x17, 0xE4, 0x17, 0xE4,
    0x17, 0xE4, 0x17, 0xE4, 0x17, 0xE4, 0x17, 0xE4, 0x17, 0xE4, 0x17, 0xE4, 0x17, 0xE4, 0x17, 0xE4,
    0x17, 0xE4, 0x17, 0xE4, 0x17, 0xE4, 0x17, 0xE4, 0x17, 0xE4, 0x17, 0xE4, 0x17, 0xE4, 0x17, 0xE4,
    0x17, 0xE4, 0x17, 0xE4, 0x17, 0xE4, 0x17, 0xE4, 0x17, 0xE4, 0x17, 0xE4, 0x17, 0xE4, 0x17, 0xE4,
    0x17, 0xE4, 0x17, 0xE5, 0x3F, 0x47, 0xB6, 0x12, 0xF5, 0x95, 0xF5, 0x95, 0xF5, 0x95, 0xF5, 0x95,
    0xF5, 0x95, 0xF5, 0xB6, 0xCD, 0x72, 0x7E, 0x4C, 0x56, 0x8A, 0xB5, 0xD0, 0xED, 0x94, 0xF5, 0x74,
    0xF5, 0x74, 0xF5, 0x94, 0xF5, 0x93, 0xF5, 0x94, 0xED, 0x94, 0x8D, 0xAE, 0x3F, 0xE8, 0x0F, 0xE4,
    0x17, 0xE3, 0x17, 0xE4, 0x17, 0xE4, 0x17, 0xE4, 0x17, 0xE4, 0x17, 0xE4, 0x17, 0xE4, 0x17, 0xE4,
    0x17, 0xE4, 0x17, 0xE4, 0x17, 0xE4, 0x17, 0xE4, 0x17, 0xE4, 0x17, 0xE4, 0xFF, 0x17, 0xE4, 0x17,
    0xE4, 0x17, 0xE4, 0x17, 0xE4, 0x17, 0xE4, 0x17, 0xE4, 0x17, 0xE4, 0x17, 0xE4, 0x17, 0xE4, 0x17,
    0xE4, 0x17, 0xE4, 0x17, 0xE4, 0x17, 0xE4, 0x17, 0xE4, 0x17, 0xE4, 0x17, 0xE4, 0x17, 0xE4, 0x17,
    0xE4, 0x17, 0xE4, 0x17, 0xE4, 0x17, 0xE4, 0x17, 0xE4, 0x17, 0xE4, 0x17, 0xE4, 0x17, 0xE4, 0x17,
    0xE4, 0x17, 0xE4, 0x17, 0xE4, 0x17, 0xE4, 0x17, 0xE4, 0x17, 0xE4, 0x17, 0xE4, 0x17, 0xE4, 0x17,
    0xE4, 0x17, 0xE4, 0x17, 0xE4, 0x17, 0xE4, 0x17, 0xE4, 0x17, 0xE4, 0x17, 0xE4, 0x17, 0xE4, 0x17,
    0xE4, 0x17, 0xE4, 0x17, 0xE4, 0x17, 0xE4, 0x17, 0xE4, 0x17, 0xE4, 0x17, 0xE4, 0x17, 0xE4, 0x17,
    0xE4, 0x17, 0xE4, 0x17, 0xE4, 0x17, 0xE4, 0x17, 0xE4, 0x17, 0xE4, 0x17, 0xE4, 0x17, 0xE4, 0x17,
    0xE4, 0x17, 0xE4, 0x17, 0xE4, 0x17, 0xE4, 0x17, 0xE4, 0x17, 0xE4, 0x17, 0xE4, 0xD0, 0x17, 0xE4,
    0x17, 0xE4, 0x17, 0xE4, 0x17, 0xE4, 0x17, 0xE4, 0x17, 0xE4, 0x17, 0xE4, 0x17, 0xE4, 0x17, 0xE4,
    0x17, 0xE4, 0x17, 0xE4, 0x17, 0xE4, 0x17, 0xE4, 0x17, 0xE4, 0x17, 0xE4, 0x17, 0xE4, 0x17, 0xE4,
    0x17, 0xE4, 0x17, 0xE4, 0x17, 0xE4, 0x17, 0xE4, 0x17, 0xE4, 0x17, 0xE4, 0x17, 0xE4, 0x17, 0xE4,
    0x17, 0xE4, 0x17, 0xE4, 0x17, 0xE4, 0x17, 0xE4, 0x17, 0xE4, 0x17, 0xE4, 0x17, 0xE4, 0x17, 0xE4,
    0x1F, 0xE5, 0x46, 0xE8, 0xCE, 0x13, 0xF5, 0x95, 0xED, 0x95, 0xED, 0x95, 0xF5, 0xD6, 0xF5, 0x02,
    0xF6, 0xFF, 0x17, 0xCD, 0xD3, 0x75, 0xED, 0x7D, 0xCD, 0xDD, 0xD3, 0xF5, 0x94, 0xF5, 0x74, 0xF5,
    0x94, 0xF5, 0x94, 0xF5, 0x94, 0xF5, 0xB5, 0xD5, 0x73, 0x6E, 0x8C, 0x27, 0xE7, 0x0F, 0xE3, 0x17,
    0xE4, 0x17, 0xE4, 0x17, 0xE4, 0x17, 0xE4, 0x17, 0xE4, 0x17, 0xE4, 0x17, 0xE4, 0x17, 0xE4, 0x17,
    0xE4, 0x17, 0xE4, 0x17, 0xE4, 0x17, 0xE4, 0x17, 0xE4, 0x17, 0xE4, 0x17, 0xE4, 0x17, 0xE4, 0x17,
    0xE4, 0x17, 0xE4, 0x17, 0xE4, 0x17, 0xE4, 0x17, 0xE4, 0x17, 0xE4, 0x17, 0xE4, 0x17, 0xE4, 0x17,
    0xE4, 0x17, 0xE4, 0x17, 0xE4, 0x17, 0xE4, 0x17, 0xE4, 0x17, 0xE4, 0x17, 0xE4, 0x17, 0xE4, 0x17,
    0xE4, 0x17, 0xE4, 0x17, 0xE4, 0x17, 0xE4, 0x17, 0xE4, 0x17, 0xE4, 0x17, 0xE4, 0x17, 0xE4, 0x17,
    0xE4, 0x17, 0xE4, 0x17, 0xE4, 0x17, 0xE4, 0x17, 0xE4, 0x17, 0xE4, 0x17, 0xE4, 0x17, 0xE4, 0x17,
    0xE4, 0x17, 0xFF, 0xE4, 0x17, 0xE4, 0x17, 0xE4, 0x17, 0xE4, 0x17, 0xE4, 0x17, 0xE4, 0x17, 0xE4,
    0x17, 0xE4, 0x17, 0xE4, 0x17, 0xE4, 0x17, 0xE4, 0x17, 0xE4, 0x17, 0xE4, 0x17, 0xE4, 0x17, 0xE4,
    0x17, 0xE4, 0x17, 0xE4, 0x17, 0xE4, 0x17, 0xE4, 0x17, 0xE4, 0x17, 0xE4, 0x17, 0xE4, 0x17, 0xE4,
    0x17, 0xE4, 0x17, 0xE4, 0x17, 0xE4, 0x17, 0xE4, 0x17, 0xE4, 0x17, 0xE4, 0x17, 0xE4, 0x17, 0xE4,
    0x17, 0xE4, 0x17, 0xE4, 0x17, 0xE4, 0x17, 0xE4, 0x17, 0xE4, 0x17, 0xE4, 0x17, 0xE4, 0x17, 0xE4,
    0x17, 0xE4, 0x17, 0xE4, 0x17, 0xE4, 0x17, 0xE4, 0x17, 0xE4, 0x17, 0xE4, 0x17, 0xE4, 0x17, 0xE4,
    0x17, 0xE4, 0x17, 0xE4, 0x17, 0xE4, 0x17, 0xE4, 0x17, 0xE4, 0x17, 0xE4, 0x17, 0xE4, 0x17, 0xE4,
    0x17, 0xE4, 0x17, 0xE4, 0x17, 0xE4, 0x17, 0xE4, 0x17, 0xE4, 0x17, 0xE4, 0x17, 0xE4, 0x1F, 0xE4,
    0x56, 0xC9, 0xD6, 0xFF, 0x14, 0xED, 0xB5, 0xE5, 0x95, 0xE5, 0xB5, 0xF6, 0x57, 0xFE, 0xDA, 0xFF,
    0x1A, 0xCE, 0x34, 0x7D, 0x8E, 0xB5, 0xD1, 0xED, 0xD4, 0xF5, 0x94, 0xF5, 0x94, 0xF5, 0x94, 0xF5,
    0x95, 0xF5, 0x95, 0xFD, 0x96, 0xB5, 0x91, 0x4F, 0x89, 0x1F, 0xE5, 0x17, 0xE4, 0x17, 0xE4, 0x17,
    0xE4, 0x17, 0xE4, 0x17, 0xE4, 0x17, 0xE4, 0x17, 0xE4, 0x17, 0xE4, 0x17, 0xE4, 0x17, 0xE4, 0x17,
    0xE4, 0x17, 0xE4, 0x17, 0xE4, 0x17, 0xE4, 0x17, 0xE4, 0x17, 0xE4, 0x17, 0xE4, 0x17, 0xE4, 0x17,
    0xE4, 0x17, 0xE4, 0x17, 0xE4, 0x17, 0xE4, 0x17, 0xE4, 0x17, 0xE4, 0x17, 0xE4, 0x17, 0xE4, 0x17,
    0xE4, 0x17, 0xE4, 0x17, 0xE4, 0x17, 0xE4, 0x17, 0xE4, 0x17, 0xE4, 0x17, 0xE4, 0x17, 0xE4, 0x17,
    0xE4, 0x17, 0xE4, 0x17, 0xE4, 0x17, 0xE4, 0x17, 0xE4, 0x17, 0xE4, 0x17, 0xE4, 0x17, 0xE4, 0x17,
    0xE4, 0x17, 0xE4, 0x17, 0xFF, 0xE4, 0x17, 0xE4, 0x17, 0xE4, 0x17, 0xE4, 0x17, 0xE4, 0x17, 0xE4,
    0x17, 0xE4, 0x17, 0xE4, 0x17, 0xE4, 0x17, 0xE4, 0x17, 0xE4, 0x17, 0xE4, 0x17, 0xE4, 0x17, 0xE4,
    0x17, 0xE4, 0x17, 0xE4, 0x17, 0xE4, 0x17, 0xE4, 0x17, 0xE4, 0x17, 0xE4, 0x17, 0xE4, 0x17, 0xE4,
    0x17, 0xE4, 0x17, 0xE4, 0x17, 0xE4, 0x17, 0xE4, 0x17, 0xE4, 0x17, 0xE4, 0x17, 0xE4, 0x17, 0xE4,
    0x17, 0xE4, 0x17, 0xE4, 0x17, 0xE4, 0x17, 0xE4, 0x17, 0xE4, 0x17, 0xE4, 0x17, 0xE4, 0x17, 0xE4,
    0x17, 0xE4, 0x17, 0xE4, 0x17, 0xE4, 0x17, 0xE4, 0x17, 0xE4, 0x17, 0xE4, 0x17, 0xE4, 0x17, 0xE4,
    0x17, 0xE4, 0x17, 0xE4, 0x17, 0xE4, 0x17, 0xE4, 0x17, 0xE4, 0x17, 0xE4, 0x17, 0xE4, 0x17, 0xE4,
    0x17, 0xE4, 0x17, 0xE4, 0x17, 0xE4, 0x17, 0xE4, 0x17, 0xE4, 0x17, 0xE4, 0x17, 0xE4, 0x17, 0xE4,
    0x17, 0xE4, 0x17, 0xE4, 0x17, 0xFF, 0xE4, 0x17, 0xE4, 0x17, 0xE4, 0x17, 0xE4, 0x1F, 0xE5, 0x6F,
    0x0C, 0xDE, 0x76, 0xF6, 0x78, 0xE5, 0xF6, 0xDD, 0xF6, 0xEE, 0x78, 0xEE, 0x98, 0xF6, 0xF9, 0xA5,
    0xD1, 0x85, 0x6E, 0xD5, 0xF3, 0xF5, 0xB4, 0xED, 0xB4, 0xED, 0xB4, 0xF5, 0x94, 0xF5, 0x95, 0xFD,
    0x96, 0xED, 0x96, 0x8E, 0x0E, 0x3F, 0xE8, 0x17, 0xE4, 0x17, 0xE4, 0x17, 0xE4, 0x17, 0xE4, 0x17,
    0xE4, 0x17, 0xE4, 0x17, 0xE4, 0x17, 0xE4, 0x17, 0xE4, 0x17, 0xE4, 0x17, 0xE4, 0x17, 0xE4, 0x17,
    0xE4, 0x17, 0xE4, 0x17, 0xE4, 0x17, 0xE4, 0x17, 0xE4, 0x17, 0xE4, 0x17, 0xE4, 0x17, 0xE4, 0x17,
    0xE4, 0x17, 0xE4, 0x17, 0xE4, 0x17, 0xE4, 0x17, 0xE4, 0x17, 0xE4, 0x17, 0xE4, 0x17, 0xE4, 0x17,
    0xE4, 0x17, 0xE4, 0x17, 0xE4, 0x17, 0xE4, 0x17, 0xE4, 0x17, 0xE4, 0x17, 0xE4, 0x17, 0xE4, 0x17,
    0xE4, 0x17, 0xE4, 0x17, 0xE4, 0x17, 0xFF, 0xE4, 0x17, 0xE4, 0x17, 0xE4, 0x17, 0xE4, 0x17, 0xE4,
    0x17, 0xE4, 0x17, 0xE4, 0x17, 0xE4, 0x17, 0xE4, 0x17, 0xE4, 0x17, 0xE4, 0x17, 0xE4, 0x17, 0xE4,
    0x17, 0xE4, 0x17, 0xE4, 0x17, 0xE4, 0x17, 0xE4, 0x17, 0xE4, 0x17, 0xE4, 0x17, 0xE4, 0x17, 0xE4,
    0x17, 0xE4, 0x17, 0xE4, 0x17, 0xE4, 0x17, 0xE4, 0x17, 0xE4, 0x17, 0xE4, 0x17, 0xE4, 0x17, 0xE4,
    0x17, 0xE4, 0x17, 0xE4, 0x17, 0xE4, 0x17, 0xE4, 0x17, 0xE4, 0x17, 0xE4, 0x17, 0xE4, 0x17, 0xE4,
    0x17, 0xE4, 0x17, 0xE4, 0x17, 0xE4, 0x17, 0xE4, 0x17, 0xE4, 0x17, 0xE4, 0x17, 0xE4, 0x17, 0xE4,
    0x17, 0xE4, 0x17, 0xE4, 0x17, 0xE4, 0x17, 0xE4, 0x17, 0xE4, 0x17, 0xE4, 0x17, 0xE4, 0x17, 0xE4,
    0x17, 0xE4, 0x17, 0xE4, 0x17, 0xE4, 0x17, 0xE4, 0x17, 0xE4, 0x17, 0xE4, 0x17, 0xE4, 0x17, 0xE4,
    0x17, 0xE4, 0x17, 0xE4, 0x17, 0xE4, 0x17, 0xFF, 0xE4, 0x17, 0xE4, 0x17, 0xE4, 0x17, 0xE4, 0x17,
    0xE4, 0x17, 0xE4, 0x17, 0xE4, 0x17, 0xE4, 0x17, 0xE4, 0x17, 0xE3, 0x1F, 0xE5, 0x8F, 0x50, 0xF7,
    0x5B, 0xFF, 0x3B, 0xF6, 0xD9, 0xDE, 0x37, 0xEE, 0x98, 0xEE, 0x98, 0xD6, 0x36, 0x7D, 0x6F, 0x8D,
    0x8F, 0xE5, 0xD4, 0xF5, 0x95, 0xED, 0x95, 0xF5, 0xB5, 0xF5, 0x94, 0xF5, 0x94, 0xED, 0xD5, 0x9D,
    0xAF, 0x4F, 0x49, 0x27, 0xE6, 0x17, 0xE4, 0x17, 0xE4, 0x17, 0xE4, 0x17, 0xE4, 0x17, 0xE4, 0x17,
    0xE4, 0x17, 0xE4, 0x17, 0xE4, 0x17, 0xE4, 0x17, 0xE4, 0x17, 0xE4, 0x17, 0xE4, 0x17, 0xE4, 0x17,
    0xE4, 0x17, 0xE4, 0x17, 0xE4, 0x17, 0xE4, 0x17, 0xE4, 0x17, 0xE4, 0x17, 0xE4, 0x17, 0xE4, 0x17,
    0xE4, 0x17, 0xE4, 0x17, 0xE4, 0x17, 0xE4, 0x17, 0xE4, 0x17, 0xE4, 0x17, 0xE4, 0x17, 0xE4, 0x17,
    0xE4, 0x17, 0xE4, 0x17, 0xE4, 0x17, 0xE4, 0x17, 0xFF, 0xE4, 0x17, 0xE4, 0x17, 0xE4, 0x17, 0xE4,
    0x17, 0xE4, 0x17, 0xE4, 0x17, 0xE4, 0x17, 0xE4, 0x17, 0xE4, 0x17, 0xE4, 0x17, 0xE4, 0x17, 0xE4,
    0x17, 0xE4, 0x17, 0xE4, 0x17, 0xE4, 0x17, 0xE4, 0x17, 0xE4, 0x17, 0xE4, 0x17, 0xE4, 0x17, 0xE4,
    0x17, 0xE4, 0x17, 0xE4, 0x17, 0xE4, 0x17, 0xE4, 0x17, 0xE4, 0x17, 0xE4, 0x17, 0xE4, 0x17, 0xE4,
    0x17, 0xE4, 0x17, 0xE4, 0x17, 0xE4, 0x17, 0xE4, 0x17, 0xE4, 0x17, 0xE4, 0x17, 0xE4, 0x17, 0xE4,
    0x17, 0xE4, 0x17, 0xE4, 0x17, 0xE4, 0x17, 0xE4, 0x17, 0xE4, 0x17, 0xE4, 0x17, 0xE4, 0x17, 0xE4,
    0x17, 0xE4, 0x17, 0xE4, 0x17, 0xE4, 0x17, 0xE4, 0x17, 0xE4, 0x17, 0xE4, 0x17, 0xE4, 0x17, 0xE4,
    0x17, 0xE4, 0x17, 0xE4, 0x17, 0xE4, 0x17, 0xE4, 0x17, 0xE4, 0x17, 0xE4, 0x17, 0xE4, 0x17, 0xE4,
    0x17, 0xE4, 0x17, 0xE4, 0x17, 0xE4, 0x17, 0xE4, 0x17, 0xFF, 0xE4, 0x17, 0xE4, 0x17, 0xE4, 0x17,
    0xE4, 0x17, 0xE4, 0x17, 0xE4, 0x17, 0xE4, 0x17, 0xE4, 0x17, 0xE4, 0x17, 0xE4, 0x17, 0xE4, 0x17,
    0xE4, 0x17, 0xE4, 0x17, 0xE4, 0x17, 0xE4, 0x17, 0xE3, 0x27, 0xE6, 0xB7, 0xB5, 0xFF, 0x7C, 0xFF,
    0x5C, 0xFF, 0x5C, 0xF6, 0xFB, 0xE6, 0x58, 0xEE, 0x78, 0xC6, 0x35, 0x75, 0xCE, 0xA5, 0xF0, 0xED,
    0xB5, 0xF5, 0x95, 0xF5, 0x95, 0xF5, 0x95, 0xF5, 0x94, 0xFD, 0x95, 0xBD, 0x71, 0x5E, 0xAA, 0x27,
    0xE6, 0x17, 0xE4, 0x17, 0xE4, 0x17, 0xE4, 0x17, 0xE4, 0x17, 0xE4, 0x17, 0xE4, 0x17, 0xE4, 0x17,
    0xE4, 0x17, 0xE4, 0x17, 0xE4, 0x17, 0xE4, 0x17, 0xE4, 0x17, 0xE4, 0x17, 0xE4, 0x17, 0xE4, 0x17,
    0xE4, 0x17, 0xE4, 0x17, 0xE4, 0x17, 0xE4, 0x17, 0xE4, 0x17, 0xE4, 0x17, 0xE4, 0x17, 0xE4, 0x17,
    0xE4, 0x17, 0xE4, 0x17, 0xE4, 0x17, 0xE4, 0x17, 0xE4, 0x17, 0xFF, 0xE4, 0x17, 0xE4, 0x17, 0xE4,
    0x17, 0xE4, 0x17, 0xE4, 0x17, 0xE4, 0x17, 0xE4, 0x17, 0xE4, 0x17, 0xE4, 0x17, 0xE4, 0x17, 0xE4,
    0x17, 0xE4, 0x17, 0xE4, 0x17, 0xE4, 0x17, 0xE4, 0x17, 0xE4, 0x17, 0xE4, 0x17, 0xE4, 0x17, 0xE4,
    0x17, 0xE4, 0x17, 0xE4, 0x17, 0xE4, 0x17, 0xE4, 0x17, 0xE4, 0x17, 0xE4, 0x17, 0xE4, 0x17, 0xE4,
    0x17, 0xE4, 0x17, 0xE4, 0x17, 0xE4, 0x17, 0xE4, 0x17, 0xE4, 0x17, 0xE4, 0x17, 0xE4, 0x17, 0xE4,
    0x17, 0xE4, 0x17, 0xE4, 0x17, 0xE4, 0x17, 0xE4, 0x17, 0xE4, 0x17, 0xE4, 0x17, 0xE4, 0x17, 0xE4,
    0x17, 0xE4, 0x17, 0xE4, 0x17, 0xE4, 0x17, 0xE4, 0x17, 0xE4, 0x17, 0xE4, 0x17, 0xE4, 0x17, 0xE4,
    0x17, 0xE4, 0x17, 0xE4, 0x17, 0xE4, 0x17, 0xE4, 0x17, 0xE4, 0x17, 0xE4, 0x17, 0xE4, 0x17, 0xE4,
    0x17, 0xE4, 0x17, 0xE4, 0x17, 0xE4, 0x17, 0xE4, 0x17, 0xE4, 0x17, 0xFF, 0xE4, 0x17, 0xE4, 0x17,
    0xE4, 0x17, 0xE4, 0x17, 0xE4, 0x17, 0xE4, 0x17, 0xE4, 0x17, 0xE4, 0x17, 0xE4, 0x17, 0xE4, 0x17,
    0xE4, 0x17, 0xE4, 0x17, 0xE4, 0x17, 0xE4, 0x17, 0xE4, 0x17, 0xE4, 0x17, 0xE4, 0x17, 0xE4, 0x17,
    0xE4, 0x17, 0xE4, 0x17, 0xE4, 0x17, 0xE4, 0x2F, 0xC8, 0xC7, 0xD8, 0xFF, 0x5D, 0xFF, 0x5C, 0xFF,
    0x5C, 0xFF, 0x5C, 0xFF, 0x1B, 0xEE, 0xB9, 0xA5, 0xF1, 0x66, 0x0D, 0xAE, 0x11, 0xF5, 0xB5, 0xF5,
    0x95, 0xF5, 0x95, 0xF5, 0x95, 0xF5, 0x94, 0xED, 0x53, 0x8D, 0xCC, 0x3F, 0xE8, 0x17, 0xE4, 0x17,
    0xE3, 0x17, 0xE4, 0x17, 0xE4, 0x17, 0xE4, 0x17, 0xE4, 0x17, 0xE4, 0x17, 0xE4, 0x17, 0xE4, 0x17,
    0xE4, 0x17, 0xE4, 0x17, 0xE4, 0x17, 0xE4, 0x17, 0xE4, 0x17, 0xE4, 0x17, 0xE4, 0x17, 0xE4, 0x17,
    0xE4, 0x17, 0xE4, 0x17, 0xE4, 0x17, 0xE4, 0x17, 0xE4, 0x17, 0xE4, 0x17, 0xFF, 0xE4, 0x17, 0xE4,
    0x17, 0xE4, 0x17, 0xE4, 0x17, 0xE4, 0x17, 0xE4, 0x17, 0xE4, 0x17, 0xE4, 0x17, 0xE4, 0x17, 0xE4,
    0x17, 0xE4, 0x17, 0xE4, 0x17, 0xE4, 0x17, 0xE4, 0x17, 0xE4, 0x17, 0xE4, 0x17, 0xE4, 0x17, 0xE4,
    0x17, 0xE4, 0x17, 0xE4, 0x17, 0xE4, 0x17, 0xE4, 0x17, 0xE4, 0x17, 0xE4, 0x17, 0xE4, 0x17, 0xE4,
    0x17, 0xE4, 0x17, 0xE4, 0x17, 0xE4, 0x17, 0xE4, 0x17, 0xE4, 0x17, 0xE4, 0x17, 0xE4, 0x17, 0xE4,
    0x17, 0xE4, 0x17, 0xE4, 0x17, 0xE4, 0x17, 0xE4, 0x17, 0xE4, 0x17, 0xE4, 0x17, 0xE4, 0x17, 0xE4,
    0x17, 0xE4, 0x17, 0xE4, 0x17, 0xE4, 0x17, 0xE4, 0x17, 0xE4, 0x17, 0xE4, 0x17, 0xE4, 0x17, 0xE4,
    0x17, 0xE4, 0x17, 0xE4, 0x17, 0xE4, 0x17, 0xE4, 0x17, 0xE4, 0x17, 0xE4, 0x17, 0xE4, 0x17, 0xE4,
    0x17, 0xE4, 0x17, 0xE4, 0x17, 0xE4, 0x17, 0xE4, 0x17, 0xE4, 0x17, 0xE4, 0x17, 0xFF, 0xE4, 0x17,
    0xE4, 0x17, 0xE4, 0x17, 0xE4, 0x17, 0xE4, 0x17, 0xE4, 0x17, 0xE4, 0x17, 0xE4, 0x17, 0xE4, 0x17,
    0xE4, 0x17, 0xE4, 0x17, 0xE4, 0x17, 0xE4, 0x17, 0xE4, 0x17, 0xE4, 0x17, 0xE4, 0x17, 0xE4, 0x17,
    0xE4, 0x17, 0xE4, 0x17, 0xE4, 0x17, 0xE4, 0x17, 0xE4, 0x17, 0xE4, 0x17, 0xE4, 0x17, 0xE4, 0x17,
    0xE4, 0x17, 0xE4, 0x17, 0xE4, 0x37, 0x89, 0xCF, 0x58, 0xFF, 0x5D, 0xFF, 0x7D, 0xFF, 0x7D, 0xFF,
    0x5C, 0xFF, 0x5C, 0xF7, 0x1B, 0x8E, 0x50, 0x56, 0x8C, 0xAD, 0xF1, 0xED, 0x75, 0xF5, 0x95, 0xF5,
    0x95, 0xED, 0x95, 0xED, 0x94, 0xAD, 0x4F, 0x57, 0x08, 0x27, 0xE5, 0x17, 0xE4, 0x17, 0xE3, 0x17,
    0xE4, 0x17, 0xE4, 0x17, 0xE4, 0x17, 0xE4, 0x17, 0xE4, 0x17, 0xE4, 0x17, 0xE4, 0x17, 0xE4, 0x17,
    0xE4, 0x17, 0xE4, 0x17, 0xE4, 0x17, 0xE4, 0x17, 0xE4, 0x17, 0xE4, 0x17, 0xE4, 0x17, 0xFF, 0xE4,
    0x17, 0xE4, 0x17, 0xE4, 0x17, 0xE4, 0x17, 0xE4, 0x17, 0xE4, 0x17, 0xE4, 0x17, 0xE4, 0x17, 0xE4,
    0x17, 0xE4, 0x17, 0xE4, 0x17, 0xE4, 0x17, 0xE4, 0x17, 0xE4, 0x17, 0xE4, 0x17, 0xE4, 0x17, 0xE4,
    0x17, 0xE4, 0x17, 0xE4, 0x17, 0xE4, 0x17, 0xE4, 0x17, 0xE4, 0x17, 0xE4, 0x17, 0xE4, 0x17, 0xE4,
    0x17, 0xE4, 0x17, 0xE4, 0x17, 0xE4, 0x17, 0xE4, 0x17, 0xE4, 0x17, 0xE4, 0x17, 0xE4, 0x17, 0xE4,
    0x17, 0xE4, 0x17, 0xE4, 0x17, 0xE4, 0x17, 0xE4, 0x17, 0xE4, 0x17, 0xE4, 0x17, 0xE4, 0x17, 0xE4,
    0x17, 0xE4, 0x17, 0xE4, 0x17, 0xE4, 0x17, 0xE4, 0x17, 0xE4, 0x17, 0xE4, 0x17, 0xE4, 0x17, 0xE4,
    0x17, 0xE4, 0x17, 0xE4, 0x17, 0xE4, 0x17, 0xE4, 0x17, 0xE4, 0x17, 0xE4, 0x17, 0xE4, 0x17, 0xE4,
    0x17, 0xE4, 0x17, 0xE4, 0x17, 0xE4, 0x17, 0xE4, 0x17, 0xE4, 0x17, 0xE4, 0x17, 0xE4, 0x17, 0xD2,
    0xE4, 0x17, 0xE4, 0x17, 0xE4, 0x17, 0xE4, 0x17, 0xE4, 0x17, 0xE4, 0x17, 0xE4, 0x17, 0xE4, 0x17,
    0xE4, 0x17, 0xE4, 0x17, 0xE4, 0x17, 0xE4, 0x17, 0xE4, 0x17, 0xE4, 0x17, 0xE4, 0x17, 0xE4, 0x17,
    0xE4, 0x17, 0xE4, 0x17, 0xE4, 0x17, 0xE4, 0x17, 0xE4, 0x17, 0xE4, 0x17, 0xE4, 0x17, 0xE4, 0x17,
    0xE4, 0x17, 0xE4, 0x17, 0xE4, 0x17, 0xE4, 0x17, 0xE4, 0x17, 0xE4, 0x17, 0xE4, 0x17, 0xE4, 0x17,
    0xE4, 0x17, 0xE3, 0x47, 0xAA, 0xCF, 0x59, 0xDE, 0x7A, 0xE6, 0xDB, 0xF7, 0x3C, 0xF7, 0x5D, 0xFF,
    0x5D, 0xE6, 0xF9, 0x02, 0x6E, 0xFF, 0x56, 0xEB, 0xB6, 0x13, 0xDD, 0x14, 0xE5, 0x74, 0xED, 0x95,
    0xF5, 0x95, 0xD5, 0x92, 0x6E, 0x2B, 0x2F, 0xE7, 0x1F, 0xE4, 0x17, 0xE4, 0x17, 0xE4, 0x17, 0xE3,
    0x17, 0xE3, 0x17, 0xE3, 0x17, 0xE4, 0x17, 0xE4, 0x17, 0xE4, 0x17, 0xE4, 0x17, 0xE4, 0x17, 0xE4,
    0x17, 0xE4, 0x17, 0xE4, 0x17, 0xE4, 0x17, 0xE4, 0x17, 0xE4, 0x17, 0xE4, 0x17, 0xE4, 0x17, 0xE4,
    0x17, 0xE4, 0x17, 0xE4, 0x17, 0xE4, 0x17, 0xE4, 0x17, 0xE4, 0x17, 0xE4, 0x17, 0xE4, 0x17, 0xE4,
    0x17, 0xE4, 0x17, 0xE4, 0x17, 0xE4, 0x17, 0xE4, 0x17, 0xE4, 0x17, 0xE4, 0x17, 0xE4, 0x17, 0xE4,
    0x17, 0xE4, 0x17, 0xE4, 0x17, 0xE4, 0x17, 0xE4, 0x17, 0xE4, 0x17, 0xE4, 0x17, 0xE4, 0x17, 0xE4,
    0x17, 0xE4, 0x17, 0xE4, 0x17, 0xE4, 0x17, 0xE4, 0x17, 0xE4, 0x17, 0xE4, 0x17, 0xE4, 0x17, 0xE4,
    0x17, 0xE4, 0x17, 0xE4, 0x17, 0xE4, 0xFF, 0x17, 0xE4, 0x17, 0xE4, 0x17, 0xE4, 0x17, 0xE4, 0x17,
    0xE4, 0x17, 0xE4, 0x17, 0xE4, 0x17, 0xE4, 0x17, 0xE4, 0x17, 0xE4, 0x17, 0xE4, 0x17, 0xE4, 0x17,
    0xE4, 0x17, 0xE4, 0x17, 0xE4, 0x17, 0xE4, 0x17, 0xE4, 0x17, 0xE4, 0x17, 0xE4, 0x17, 0xE4, 0x17,
    0xE4, 0x17, 0xE4, 0x17, 0xE4, 0x17, 0xE4, 0x17, 0xE4, 0x17, 0xE4, 0x17, 0xE4, 0x17, 0xE4, 0x17,
    0xE4, 0x17, 0xE4, 0x17, 0xE4, 0x17, 0xE4, 0x17, 0xE4, 0x17, 0xE4, 0x17, 0xE4, 0x17, 0xE4, 0x17,
    0xE4, 0x17, 0xE4, 0x17, 0xE4, 0x17, 0xE4, 0x17, 0xE4, 0x17, 0xE4, 0x17, 0xE4, 0x17, 0xE4, 0x17,
    0xE4, 0x17, 0xE4, 0x17, 0xE4, 0x17, 0xE4, 0x17, 0xE4, 0x17, 0xE4, 0x17, 0xE4, 0x17, 0xE4, 0x17,
    0xE4, 0x17, 0xE4, 0x17, 0xE4, 0x17, 0xE4, 0x17, 0xE4, 0x17, 0xE4, 0x17, 0xE4, 0x17, 0xE4, 0x0F,
    0xE3, 0x4F, 0xEB, 0xE7, 0xFC, 0xF7, 0x7E, 0xFF, 0xE7, 0x1C, 0xDE, 0xBB, 0xDE, 0x9A, 0xE6, 0x9A,
    0xC6, 0x57, 0x5E, 0xAD, 0x5F, 0x0B, 0xBE, 0x15, 0xDD, 0x56, 0xD5, 0x35, 0xD5, 0x34, 0xDD, 0x34,
    0x9D, 0x6E, 0x47, 0xC9, 0x1F, 0xE5, 0x17, 0xE4, 0x17, 0xE4, 0x17, 0xE3, 0x17, 0xE3, 0x17, 0xE3,
    0x17, 0xE3, 0x17, 0xE4, 0x17, 0xE4, 0x17, 0xE4, 0x17, 0xE4, 0x17, 0xE4, 0x17, 0xE4, 0x17, 0xE4,
    0x17, 0xE4, 0x17, 0xE4, 0x17, 0xE4, 0x17, 0xE4, 0x17, 0xE4, 0x17, 0xE4, 0x17, 0xE4, 0x17, 0xE4,
    0x17, 0xE4, 0x17, 0xE4, 0x17, 0xE4, 0x17, 0xE4, 0x17, 0xE4, 0x17, 0xE4, 0x17, 0xE4, 0x17, 0xE4,
    0x17, 0xE4, 0x17, 0xE4, 0x17, 0xE4, 0x17, 0xE4, 0x17, 0xE4, 0x17, 0xE4, 0x17, 0xE4, 0x17, 0xE4,
    0x17, 0xE4, 0x17, 0xE4, 0x17, 0xE4, 0x17, 0xE4, 0x17, 0xE4, 0x17, 0xE4, 0x17, 0xE4, 0x17, 0xE4,
    0x17, 0xE4, 0x17, 0xE4, 0x17, 0xE4, 0x17, 0xE4, 0xFF, 0x17, 0xE4, 0x17, 0xE4, 0x17, 0xE4, 0x17,
    0xE4, 0x17, 0xE4, 0x17, 0xE4, 0x17, 0xE4, 0x17, 0xE4, 0x17, 0xE4, 0x17, 0xE4, 0x17, 0xE4, 0x17,
    0xE4, 0x17, 0xE4, 0x17, 0xE4, 0x17, 0xE4, 0x17, 0xE4, 0x17, 0xE4, 0x17, 0xE4, 0x17, 0xE4, 0x17,
    0xE4, 0x17, 0xE4, 0x17, 0xE4, 0x17, 0xE4, 0x17, 0xE4, 0x17, 0xE4, 0x17, 0xE4, 0x17, 0xE4, 0x17,
    0xE4, 0x17, 0xE4, 0x17, 0xE4, 0x17, 0xE4, 0x17, 0xE4, 0x17, 0xE4, 0x17, 0xE4, 0x17, 0xE4, 0x17,
    0xE4, 0x17, 0xE4, 0x17, 0xE4, 0x17, 0xE4, 0x17, 0xE4, 0x17, 0xE4, 0x17, 0xE4, 0x17, 0xE4, 0x17,
    0xE4, 0x17, 0xE4, 0x17, 0xE4, 0x17, 0xE4, 0x17, 0xE4, 0x17, 0xE4, 0x17, 0xE4, 0x17, 0xE4, 0x17,
    0xE4, 0x17, 0xE4, 0x17, 0xE4, 0x17, 0xE4, 0x17, 0xE4, 0x17, 0xE4, 0x17, 0xE4, 0x17, 0xE4, 0x17,
    0xE4, 0x17, 0xE4, 0x17, 0xE4, 0x17, 0xE4, 0x17, 0xE4, 0xFF, 0x17, 0xE4, 0x17, 0xE4, 0x0F, 0xE3,
    0x47, 0xCA, 0xE7, 0xFC, 0xFF, 0xDF, 0xFF, 0xDF, 0xFF, 0xBF, 0xFF, 0xBE, 0xFF, 0x9E, 0xBE, 0xB8,
    0x57, 0x2C, 0x57, 0x2B, 0xC6, 0x36, 0xDD, 0xB7, 0xDD, 0x97, 0xDD, 0x76, 0xC5, 0x74, 0x6E, 0x2C,
    0x2F, 0xE8, 0x17, 0xE4, 0x17, 0xE4, 0x17, 0xE4, 0x17, 0xE4, 0x17, 0xE4, 0x17, 0xE4, 0x17, 0xE4,
    0x17, 0xE4, 0x17, 0xE4, 0x17, 0xE4, 0x17, 0xE4, 0x17, 0xE4, 0x17, 0xE4, 0x17, 0xE4, 0x17, 0xE4,
    0x17, 0xE4, 0x17, 0xE4, 0x17, 0xE4, 0x17, 0xE4, 0x17, 0xE4, 0x17, 0xE4, 0x17, 0xE4, 0x17, 0xE4,
    0x17, 0xE4, 0x17, 0xE4, 0x17, 0xE4, 0x17, 0xE4, 0x17, 0xE4, 0x17, 0xE4, 0x17, 0xE4, 0x17, 0xE4,
    0x17, 0xE4, 0x17, 0xE4, 0x17, 0xE4, 0x17, 0xE4, 0x17, 0xE4, 0x17, 0xE4, 0x17, 0xE4, 0x17, 0xE4,
    0x17, 0xE4, 0x17, 0xE4, 0x17, 0xE4, 0x17, 0xE4, 0x17, 0xE4, 0xFF, 0x17, 0xE4, 0x17, 0xE4, 0x17,
    0xE4, 0x17, 0xE4, 0x17, 0xE4, 0x17, 0xE4, 0x17, 0xE4, 0x17, 0xE4, 0x17, 0xE4, 0x17, 0xE4, 0x17,
    0xE4, 0x17, 0xE4, 0x17, 0xE4, 0x17, 0xE4, 0x17, 0xE4, 0x17, 0xE4, 0x17, 0xE4, 0x17, 0xE4, 0x17,
    0xE4, 0x17, 0xE4, 0x17, 0xE4, 0x17, 0xE4, 0x17, 0xE4, 0x17, 0xE4, 0x17, 0xE4, 0x17, 0xE4, 0x17,
    0xE4, 0x17, 0xE4, 0x17, 0xE4, 0x17, 0xE4, 0x17, 0xE4, 0x17, 0xE4, 0x17, 0xE4, 0x17, 0xE4, 0x17,
    0xE4, 0x17, 0xE4, 0x17, 0xE4, 0x17, 0xE4, 0x17, 0xE4, 0x17, 0xE4, 0x17, 0xE4, 0x17, 0xE4, 0x17,
    0xE4, 0x17, 0xE4, 0x17, 0xE4, 0x17, 0xE4, 0x17, 0xE4, 0x17, 0xE4, 0x17, 0xE4, 0x17, 0xE4, 0x17,
    0xE4, 0x17, 0xE4, 0x17, 0xE4, 0x17, 0xE4, 0x17, 0xE4, 0x17, 0xE4, 0x17, 0xE4, 0x17, 0xE4, 0x17,
    0xE4, 0x17, 0xE4, 0x17, 0xE4, 0x17, 0xE4, 0x17, 0xE4, 0x17, 0xE4, 0x9B, 0x17, 0xE4, 0x17, 0xE4,
    0x17, 0xE4, 0x17, 0xE4, 0x17, 0xE4, 0x17, 0xE4, 0x17, 0xE4, 0x17, 0xE4, 0x0F, 0xE3, 0x37, 0xA8,
    0xDF, 0xFC, 0xFF, 0xDF, 0xFF, 0xDF, 0xFF, 0xDF, 0x04, 0xFF, 0xFF, 0xAE, 0xB6, 0x47, 0x6A, 0x57,
    0x2B, 0xC6, 0x36, 0xDD, 0xB7, 0xDD, 0xB7, 0xE5, 0xD8, 0xB5, 0xB2, 0x57, 0x0B, 0x27, 0xE6, 0x17,
    0xE4, 0x17, 0xE3, 0x17, 0xE3, 0x17, 0xE4, 0x17, 0xE4, 0x17, 0xE4, 0x17, 0xE4, 0x17, 0xE4, 0x17,
    0xE4, 0x17, 0xE4, 0x17, 0xE4, 0x17, 0xE4, 0x17, 0xE4, 0x17, 0xE4, 0x17, 0xE4, 0x17, 0xE4, 0x17,
    0xE4, 0x17, 0xE4, 0x17, 0xE4, 0x17, 0xE4, 0x17, 0xE4, 0x17, 0xE4, 0x17, 0xE4, 0x17, 0xE4, 0x17,
    0xE4, 0x17, 0xE4, 0x17, 0xE4, 0x17, 0xE4, 0x17, 0xE4, 0x17, 0xE4, 0x17, 0xE4, 0x17, 0xE4, 0x17,
    0xE4, 0x17, 0xE4, 0x17, 0xE4, 0x17, 0xE4, 0x17, 0xE4, 0x17, 0xE4, 0x17, 0xE4, 0x17, 0xE4, 0x17,
    0xE4, 0x17, 0xE4, 0x17, 0xE4, 0x17, 0xE4, 0x17, 0xE4, 0x17, 0xE4, 0x17, 0xE4, 0x17, 0xE4, 0x17,
    0xE4, 0x17, 0xE4, 0x17, 0xE4, 0x17, 0xE4, 0x17, 0xE4, 0x17, 0xE4, 0xFF, 0x17, 0xE4, 0x17, 0xE4,
    0x17, 0xE4, 0x17, 0xE4, 0x17, 0xE4, 0x17, 0xE4, 0x17, 0xE4, 0x17, 0xE4, 0x17, 0xE4, 0x17, 0xE4,
    0x17, 0xE4, 0x17, 0xE4, 0x17, 0xE4, 0x17, 0xE4, 0x17, 0xE4, 0x17, 0xE4, 0x17, 0xE4, 0x17, 0xE4,
    0x17, 0xE4, 0x17, 0xE4, 0x17, 0xE4, 0x17, 0xE4, 0x17, 0xE4, 0x17, 0xE4, 0x17, 0xE4, 0x17, 0xE4,
    0x17, 0xE4, 0x17, 0xE4, 0x17, 0xE4, 0x17, 0xE4, 0x17, 0xE4, 0x17, 0xE4, 0x17, 0xE4, 0x17, 0xE4,
    0x17, 0xE4, 0x17, 0xE4, 0x17, 0xE4, 0x17, 0xE4, 0x17, 0xE4, 0x17, 0xE4, 0x17, 0xE4, 0x17, 0xE4,
    0x17, 0xE4, 0x17, 0xE4, 0x17, 0xE4, 0x17, 0xE4, 0x17, 0xE4, 0x17, 0xE4, 0x17, 0xE4, 0x17, 0xE4,
    0x17, 0xE4, 0x17, 0xE4, 0x17, 0xE4, 0x17, 0xE4, 0x17, 0xE4, 0x17, 0xE4, 0x17, 0xE4, 0x17, 0xE4,
    0x17, 0xE4, 0x17, 0xE4, 0x17, 0xE4, 0x17, 0xE4, 0x0F, 0xE3, 0x2F, 0xE8, 0x81, 0xD7, 0xFA, 0x03,
    0xFF, 0x80, 0xDF, 0x06, 0xFF, 0xFF, 0xA6, 0x75, 0x3F, 0x49, 0x57, 0x0B, 0xC6, 0x57, 0xDD, 0xD7,
    0xDD, 0xD8, 0xDD, 0xB7, 0x9D, 0x91, 0x4F, 0xCA, 0x1F, 0xE5, 0x17, 0xE4, 0x17, 0xE4, 0x17, 0xE3,
    0x17, 0xE4, 0x17, 0xE4, 0x17, 0xE4, 0x17, 0xE4, 0x17, 0xE4, 0x17, 0xE4, 0x17, 0xE4, 0x17, 0xE4,
    0x17, 0xE4, 0x17, 0xE4, 0x17, 0xE4, 0x17, 0xE4, 0x17, 0xE4, 0x17, 0xE4, 0x17, 0xE4, 0x17, 0xE4,
    0x17, 0xE4, 0x17, 0xE4, 0x17, 0xE4, 0x17, 0xE4, 0x17, 0xE4, 0x17, 0xE4, 0x17, 0xE4, 0x17, 0xE4,
    0x17, 0xE4, 0x17, 0xE4, 0x17, 0xE4, 0x17, 0xE4, 0x17, 0xE4, 0x17, 0xE4, 0x17, 0xE4, 0x17, 0xE4,
    0x17, 0xE4, 0x17, 0xE4, 0x17, 0xE4, 0x17, 0xE4, 0x17, 0xE4, 0x17, 0xE4, 0x17, 0xE4, 0x17, 0xE4,
    0x17, 0xE4, 0x17, 0xE4, 0x17, 0xE4, 0x17, 0xE4, 0x17, 0xE4, 0x17, 0xE4, 0x17, 0xE4, 0x17, 0xE4,
    0x17, 0xE4, 0x17, 0xE4, 0x17, 0xE4, 0xFF, 0x17, 0xE4, 0x17, 0xE4, 0x17, 0xE4, 0x17, 0xE4, 0x17,
    0xE4, 0x17, 0xE4, 0x17, 0xE4, 0x17, 0xE4, 0x17, 0xE4, 0x17, 0xE4, 0x17, 0xE4, 0x17, 0xE4, 0x17,
    0xE4, 0x17, 0xE4, 0x17, 0xE4, 0x17, 0xE4, 0x17, 0xE4, 0x17, 0xE4, 0x17, 0xE4, 0x17, 0xE4, 0x17,
    0xE4, 0x17, 0xE4, 0x17, 0xE4, 0x17, 0xE4, 0x17, 0xE4, 0x17, 0xE4, 0x17, 0xE4, 0x17, 0xE4, 0x17,
    0xE4, 0x17, 0xE4, 0x17, 0xE4, 0x17, 0xE4, 0x17, 0xE4, 0x17, 0xE4, 0x17, 0xE4, 0x17, 0xE4, 0x17,
    0xE4, 0x17, 0xE4, 0x17, 0xE4, 0x17, 0xE4, 0x17, 0xE4, 0x17, 0xE4, 0x17, 0xE4, 0x17, 0xE4, 0x17,
    0xE4, 0x17, 0xE4, 0x17, 0xE4, 0x17, 0xE4, 0x17, 0xE4, 0x17, 0xE4, 0x17, 0xE4, 0x17, 0xE4, 0x17,
    0xE4, 0x17, 0xE4, 0x17, 0xE4, 0x17, 0xE4, 0x17, 0xE4, 0x17, 0xE4, 0x17, 0xE4, 0x17, 0xE4, 0x17,
    0xE4, 0x17, 0xE4, 0x17, 0xE4, 0x1F, 0xE6, 0x81, 0xB7, 0xF7, 0x09, 0xFF, 0xFF, 0xBF, 0x9E, 0x13,
    0x3F, 0x48, 0x66, 0xEC, 0xCE, 0x37, 0xDD, 0xD7, 0xDD, 0xD8, 0xD5, 0xB7, 0x85, 0xCF, 0x3F, 0xE9,
    0x17, 0xE4, 0x17, 0xE4, 0x17, 0xE4, 0x17, 0xE4, 0x17, 0xE4, 0x17, 0xE4, 0x17, 0xE4, 0x17, 0xE4,
    0x17, 0xE4, 0x17, 0xE4, 0x17, 0xE4, 0x17, 0xE4, 0x17, 0xE4, 0x17, 0xE4, 0x17, 0xE4, 0x17, 0xE4,
    0x17, 0xE4, 0x17, 0xE4, 0x17, 0xE4, 0x17, 0xE4, 0x17, 0xE4, 0x17, 0xE4, 0x17, 0xE4, 0x17, 0xE4,
    0x17, 0xE4, 0x17, 0xE4, 0x17, 0xE4, 0x17, 0xE4, 0x17, 0xE4, 0x17, 0xE4, 0x17, 0xE4, 0x17, 0xE4,
    0x17, 0xE4, 0x17, 0xE4, 0x17, 0xE4, 0x17, 0xE4, 0x17, 0xE4, 0x17, 0xE4, 0x17, 0xE4, 0x17, 0xE4,
    0x17, 0xE4, 0x17, 0xE4, 0x17, 0xE4, 0x17, 0xE4, 0x17, 0xE4, 0x17, 0xE4, 0x17, 0xE4, 0x17, 0xE4,
    0x17, 0xE4, 0x17, 0xE4, 0x17, 0xE4, 0x17, 0xE4, 0x17, 0xE4, 0x17, 0xE4, 0x17, 0xFF, 0xE4, 0x17,
    0xE4, 0x17, 0xE4, 0x17, 0xE4, 0x17, 0xE4, 0x17, 0xE4, 0x17, 0xE4, 0x17, 0xE4, 0x17, 0xE4, 0x17,
    0xE4, 0x17, 0xE4, 0x17, 0xE4, 0x17, 0xE4, 0x17, 0xE4, 0x17, 0xE4, 0x17, 0xE4, 0x17, 0xE4, 0x17,
    0xE4, 0x17, 0xE4, 0x17, 0xE4, 0x17, 0xE4, 0x17, 0xE4, 0x17, 0xE4, 0x17, 0xE4, 0x17, 0xE4, 0x17,
    0xE4, 0x17, 0xE4, 0x17, 0xE4, 0x17, 0xE4, 0x17, 0xE4, 0x17, 0xE4, 0x17, 0xE4, 0x17, 0xE4, 0x17,
    0xE4, 0x17, 0xE4, 0x17, 0xE4, 0x17, 0xE4, 0x17, 0xE4, 0x17, 0xE4, 0x17, 0xE4, 0x17, 0xE4, 0x17,
    0xE4, 0x17, 0xE4, 0x17, 0xE4, 0x17, 0xE4, 0x17, 0xE4, 0x17, 0xE4, 0x17, 0xE4, 0x17, 0xE4, 0x17,
    0xE4, 0x17, 0xE4, 0x17, 0xE4, 0x17, 0xE4, 0x17, 0xE4, 0x17, 0xE4, 0x17, 0xE4, 0x17, 0xE4, 0x17,
    0xE4, 0x17, 0xE4, 0x17, 0xE4, 0x17, 0xE4, 0x17, 0xE4, 0x17, 0xE4, 0x17, 0xE4, 0x1F, 0x82, 0xE5,
    0x9F, 0xF4, 0x09, 0xFF, 0xFF, 0x9F, 0x96, 0x12, 0x3F, 0x68, 0x6E, 0xED, 0xD6, 0x17, 0xDD, 0xB7,
    0xDD, 0xF8, 0xD5, 0xD7, 0x7E, 0x2E, 0x37, 0xE8, 0x17, 0xE4, 0x17, 0xE4, 0x17, 0xE4, 0x17, 0xE4,
    0x17, 0xE4, 0x17, 0xE4, 0x17, 0xE4, 0x17, 0xE4, 0x17, 0xE4, 0x17, 0xE4, 0x17, 0xE4, 0x17, 0xE4,
    0x17, 0xE4, 0x17, 0xE4, 0x17, 0xE4, 0x17, 0xE4, 0x17, 0xE4, 0x17, 0xE4, 0x17, 0xE4, 0x17, 0xE4,
    0x17, 0xE4, 0x17, 0xE4, 0x17, 0xE4, 0x17, 0xE4, 0x17, 0xE4, 0x17, 0xE4, 0x17, 0xE4, 0x17, 0xE4,
    0x17, 0xE4, 0x17, 0xE4, 0x17, 0xE4, 0x17, 0xE4, 0x17, 0xE4, 0x17, 0xE4, 0x17, 0xE4, 0x17, 0xE4,
    0x17, 0xE4, 0x17, 0xE4, 0x17, 0xE4, 0x17, 0xE4, 0x17, 0xE4, 0x17, 0xE4, 0x17, 0xE4, 0x17, 0xE4,
    0x17, 0xE4, 0x17, 0xE4, 0x17, 0xE4, 0x17, 0xE4, 0x17, 0xE4, 0x17, 0xE4, 0x17, 0xE4, 0x17, 0xE4,
    0x17, 0xE4, 0x17, 0xE4, 0x17, 0xFF, 0xE4, 0x17, 0xE4, 0x17, 0xE4, 0x17, 0xE4, 0x17, 0xE4, 0x17,
    0xE4, 0x17, 0xE4, 0x17, 0xE4, 0x17, 0xE4, 0x17, 0xE4, 0x17, 0xE4, 0x17, 0xE4, 0x17, 0xE4, 0x17,
    0xE4, 0x17, 0xE4, 0x17, 0xE4, 0x17, 0xE4, 0x17, 0xE4, 0x17, 0xE4, 0x17, 0xE4, 0x17, 0xE4, 0x17,
    0xE4, 0x17, 0xE4, 0x17, 0xE4, 0x17, 0xE4, 0x17, 0xE4, 0x17, 0xE4, 0x17, 0xE4, 0x17, 0xE4, 0x17,
    0xE4, 0x17, 0xE4, 0x17, 0xE4, 0x17, 0xE4, 0x17, 0xE4, 0x17, 0xE4, 0x17, 0xE4, 0x17, 0xE4, 0x17,
    0xE4, 0x17, 0xE4, 0x17, 0xE4, 0x17, 0xE4, 0x17, 0xE4, 0x17, 0xE4, 0x17, 0xE4, 0x17, 0xE4, 0x17,
    0xE4, 0x17, 0xE4, 0x17, 0xE4, 0x17, 0xE4, 0x17, 0xE4, 0x17, 0xE4, 0x17, 0xE4, 0x17, 0xE4, 0x17,
    0xE4, 0x17, 0xE4, 0x17, 0xE4, 0x17, 0xE4, 0x17, 0xE4, 0x17, 0xE4, 0x17, 0xE4, 0x17, 0xE4, 0x17,
    0xE4, 0x17, 0xE4, 0x17, 0xE4, 0x17, 0x84, 0xE5, 0x77, 0xF0, 0xEF, 0xFE, 0x07, 0xFF, 0xFF, 0x9F,
    0x96, 0x11, 0x3F, 0x68, 0x6E, 0xEE, 0xD6, 0x17, 0xDD, 0xB7, 0xE6, 0x39, 0xDD, 0xF8, 0x76, 0x8D,
    0x27, 0xE6, 0x17, 0xE4, 0x17, 0xE4, 0x17, 0xE4, 0x17, 0xE4, 0x17, 0xE4, 0x17, 0xE4, 0x17, 0xE4,
    0x17, 0xE4, 0x17, 0xE4, 0x17, 0xE4, 0x17, 0xE4, 0x17, 0xE4, 0x17, 0xE4, 0x17, 0xE4, 0x17, 0xE4,
    0x17, 0xE4, 0x17, 0xE4, 0x17, 0xE4, 0x17, 0xE4, 0x17, 0xE4, 0x17, 0xE4, 0x17, 0xE4, 0x17, 0xE4,
    0x17, 0xE4, 0x17, 0xE4, 0x17, 0xE4, 0x17, 0xE4, 0x17, 0xE4, 0x17, 0xE4, 0x17, 0xE4, 0x17, 0xE4,
    0x17, 0xE4, 0x17, 0xE4, 0x17, 0xE4, 0x17, 0xE4, 0x17, 0xE4, 0x17, 0xE4, 0x17, 0xE4, 0x17, 0xE4,
    0x17, 0xE4, 0x17, 0xE4, 0x17, 0xE4, 0x17, 0xE4, 0x17, 0xE4, 0x17, 0xE4, 0x17, 0xE4, 0x17, 0xE4,
    0x17, 0xE4, 0x17, 0xE4, 0x17, 0xE4, 0x17, 0xE4, 0x17, 0xE4, 0x17, 0xE4, 0x17, 0xE4, 0x17, 0xFF,
    0xE4, 0x17, 0xE4, 0x17, 0xE4, 0x17, 0xE4, 0x17, 0xE4, 0x17, 0xE4, 0x17, 0xE4, 0x17, 0xE4, 0x17,
    0xE4, 0x17, 0xE4, 0x17, 0xE4, 0x17, 0xE4, 0x17, 0xE4, 0x17, 0xE4, 0x17, 0xE4, 0x17, 0xE4, 0x17,
    0xE4, 0x17, 0xE4, 0x17, 0xE4, 0x17, 0xE4, 0x17, 0xE4, 0x17, 0xE4, 0x17, 0xE4, 0x17, 0xE4, 0x17,
    0xE4, 0x17, 0xE4, 0x17, 0xE4, 0x17, 0xE4, 0x17, 0xE4, 0x17, 0xE4, 0x17, 0xE4, 0x17, 0xE4, 0x17,
    0xE4, 0x17, 0xE4, 0x17, 0xE4, 0x17, 0xE4, 0x17, 0xE4, 0x17, 0xE4, 0x17, 0xE4, 0x17, 0xE4, 0x17,
    0xE4, 0x17, 0xE4, 0x17, 0xE4, 0x17, 0xE4, 0x17, 0xE4, 0x17, 0xE4, 0x17, 0xE4, 0x17, 0xE4, 0x17,
    0xE4, 0x17, 0xE4, 0x17, 0xE4, 0x17, 0xE4, 0x17, 0xE4, 0x17, 0xE4, 0x17, 0xE4, 0x17, 0xE4, 0x17,
    0xE4, 0x17, 0xE4, 0x17, 0xE4, 0x17, 0xE4, 0x17, 0xE4, 0x17, 0xE4, 0x17, 0xE4, 0x17, 0xE3, 0x17,
    0x84, 0xE4, 0x4F, 0xEB, 0xDF, 0xFC, 0x07, 0xFF, 0xFF, 0x9F, 0x95, 0xD2, 0x57, 0x0A, 0x7E, 0xAF,
    0xD5, 0xF7, 0xD5, 0xD7, 0xF6, 0x9B, 0xCE, 0x37, 0x67, 0x2D, 0x1F, 0xE5, 0x17, 0xE4, 0x17, 0xE4,
    0x17, 0xE4, 0x17, 0xE4, 0x17, 0xE4, 0x17, 0xE4, 0x17, 0xE4, 0x17, 0xE4, 0x17, 0xE4, 0x17, 0xE4,
    0x17, 0xE4, 0x17, 0xE4, 0x17, 0xE4, 0x17, 0xE4, 0x17, 0xE4, 0x17, 0xE4, 0x17, 0xE4, 0x17, 0xE4,
    0x17, 0xE4, 0x17, 0xE4, 0x17, 0xE4, 0x17, 0xE4, 0x17, 0xE4, 0x17, 0xE4, 0x17, 0xE4, 0x17, 0xE4,
    0x17, 0xE4, 0x17, 0xE4, 0x17, 0xE4, 0x17, 0xE4, 0x17, 0xE4, 0x17, 0xE4, 0x17, 0xE4, 0x17, 0xE4,
    0x17, 0xE4, 0x17, 0xE4, 0x17, 0xE4, 0x17, 0xE4, 0x17, 0xE4, 0x17, 0xE4, 0x17, 0xE4, 0x17, 0xE4,
    0x17, 0xE4, 0x17, 0xE4, 0x17, 0xE4, 0x17, 0xE4, 0x17, 0xE4, 0x17, 0xE4, 0x17, 0xE4, 0x17, 0xE4,
    0x17, 0xE4, 0x17, 0xE4, 0x17, 0xE4, 0x17, 0xE4, 0x17, 0xFF, 0xE4, 0x17, 0xE4, 0x17, 0xE4, 0x17,
    0xE4, 0x17, 0xE4, 0x17, 0xE4, 0x17, 0xE4, 0x17, 0xE4, 0x17, 0xE4, 0x17, 0xE4, 0x17, 0xE4, 0x17,
    0xE4, 0x17, 0xE4, 0x17, 0xE4, 0x17, 0xE4, 0x17, 0xE4, 0x17, 0xE4, 0x17, 0xE4, 0x17, 0xE4, 0x17,
    0xE4, 0x17, 0xE4, 0x17, 0xE4, 0x17, 0xE4, 0x17, 0xE4, 0x17, 0xE4, 0x17, 0xE4, 0x17, 0xE4, 0x17,
    0xE4, 0x17, 0xE4, 0x17, 0xE4, 0x17, 0xE4, 0x17, 0xE4, 0x17, 0xE4, 0x17, 0xE4, 0x17, 0xE4, 0x17,
    0xE4, 0x17, 0xE4, 0x17, 0xE4, 0x17, 0xE4, 0x17, 0xE4, 0x17, 0xE4, 0x17, 0xE4, 0x17, 0xE4, 0x17,
    0xE4, 0x17, 0xE4, 0x17, 0xE4, 0x17, 0xE4, 0x17, 0xE4, 0x17, 0xE4, 0x17, 0xE4, 0x17, 0xE4, 0x17,
    0xE4, 0x17, 0xE4, 0x17, 0xE4, 0x17, 0xE4, 0x17, 0xE4, 0x17, 0xE4, 0x17, 0xE4, 0x17, 0xE4, 0x17,
    0xE4, 0x17, 0xE4, 0x17, 0xE4, 0x17, 0xE4, 0x17, 0xE4, 0x17, 0x84, 0xE4, 0x37, 0xE7, 0xC7, 0xF9,
    0x07, 0xFF, 0xFF, 0x9F, 0x95, 0x31, 0x65, 0x6B, 0x9E, 0x31, 0xD6, 0x18, 0xD6, 0x19, 0xF7, 0x1D,
    0xBE, 0x37, 0x57, 0x6C, 0x1F, 0xE5, 0x17, 0xE4, 0x17, 0xE4, 0x17, 0xE4, 0x17, 0xE4, 0x17, 0xE4,
    0x17, 0xE4, 0x17, 0xE4, 0x17, 0xE4, 0x17, 0xE4, 0x17, 0xE4, 0x17, 0xE4, 0x17, 0xE4, 0x17, 0xE4,
    0x17, 0xE4, 0x17, 0xE4, 0x17, 0xE4, 0x17, 0xE4, 0x17, 0xE4, 0x17, 0xE4, 0x17, 0xE4, 0x17, 0xE4,
    0x17, 0xE4, 0x17, 0xE4, 0x17, 0xE4, 0x17, 0xE4, 0x17, 0xE4, 0x17, 0xE4, 0x17, 0xE4, 0x17, 0xE4,
    0x17, 0xE4, 0x17, 0xE4, 0x17, 0xE4, 0x17, 0xE4, 0x17, 0xE4, 0x17, 0xE4, 0x17, 0xE4, 0x17, 0xE4,
    0x17, 0xE4, 0x17, 0xE4, 0x17, 0xE4, 0x17, 0xE4, 0x17, 0xE4, 0x17, 0xE4, 0x17, 0xE4, 0x17, 0xE4,
    0x17, 0xE4, 0x17, 0xE4, 0x17, 0xE4, 0x17, 0xE4, 0x17, 0xE4, 0x17, 0xE4, 0x17, 0xE4, 0x17, 0xE4,
    0x17, 0xE4, 0x17, 0xFF, 0xE4, 0x17, 0xE4, 0x17, 0xE4, 0x17, 0xE4, 0x17, 0xE4, 0x17, 0xE4, 0x17,
    0xE4, 0x17, 0xE4, 0x17, 0xE4, 0x17, 0xE4, 0x17, 0xE4, 0x17, 0xE4, 0x17, 0xE4, 0x17, 0xE4, 0x17,
    0xE4, 0x17, 0xE4, 0x17, 0xE4, 0x17, 0xE4, 0x17, 0xE4, 0x17, 0xE4, 0x17, 0xE4, 0x17, 0xE4, 0x17,
    0xE4, 0x17, 0xE4, 0x17, 0xE4, 0x17, 0xE4, 0x17, 0xE4, 0x17, 0xE4, 0x17, 0xE4, 0x17, 0xE4, 0x17,
    0xE4, 0x17, 0xE4, 0x17, 0xE4, 0x17, 0xE4, 0x17, 0xE4, 0x17, 0xE4, 0x17, 0xE4, 0x17, 0xE4, 0x17,
    0xE4, 0x17, 0xE4, 0x17, 0xE4, 0x17, 0xE4, 0x17, 0xE4, 0x17, 0xE4, 0x17, 0xE4, 0x17, 0xE4, 0x17,
    0xE4, 0x17, 0xE4, 0x17, 0xE4, 0x17, 0xE4, 0x17, 0xE4, 0x17, 0xE4, 0x17, 0xE4, 0x17, 0xE4, 0x17,
    0xE4, 0x17, 0xE4, 0x17, 0xE4, 0x17, 0xE4, 0x17, 0xE4, 0x17, 0xE4, 0x17, 0xE4, 0x17, 0xE4, 0x17,
    0xE4, 0x17, 0xE4, 0x17, 0x84, 0xE4, 0x1F, 0xE5, 0xA7, 0xF5, 0x07, 0xFF, 0xFF, 0xBF, 0x84, 0x30,
    0x6B, 0xCA, 0xB5, 0xD3, 0xD6, 0x38, 0xE6, 0x9A, 0xFF, 0x7E, 0xB6, 0x16, 0x57, 0x8C, 0x1F, 0xE5,
    0x17, 0xE4, 0x17, 0xE4, 0x17, 0xE4, 0x17, 0xE4, 0x17, 0xE4, 0x17, 0xE4, 0x17, 0xE4, 0x17, 0xE4,
    0x17, 0xE4, 0x17, 0xE4, 0x17, 0xE4, 0x17, 0xE4, 0x17, 0xE4, 0x17, 0xE4, 0x17, 0xE4, 0x17, 0xE4,
    0x17, 0xE4, 0x17, 0xE4, 0x17, 0xE4, 0x17, 0xE4, 0x17, 0xE4, 0x17, 0xE4, 0x17, 0xE4, 0x17, 0xE4,
    0x17, 0xE4, 0x17, 0xE4, 0x17, 0xE4, 0x17, 0xE4, 0x17, 0xE4, 0x17, 0xE4, 0x17, 0xE4, 0x17, 0xE4,
    0x17, 0xE4, 0x17, 0xE4, 0x17, 0xE4, 0x17, 0xE4, 0x17, 0xE4, 0x17, 0xE4, 0x17, 0xE4, 0x17, 0xE4,
    0x17, 0xE4, 0x17, 0xE4, 0x17, 0xE4, 0x17, 0xE4, 0x17, 0xE4, 0x17, 0xE4, 0x17, 0xE4, 0x17, 0xE4,
    0x17, 0xE4, 0x17, 0xE4, 0x17, 0xE4, 0x17, 0xE4, 0x17, 0xE4, 0x17, 0xE4, 0x17, 0xFF, 0xE4, 0x17,
    0xE4, 0x17, 0xE4, 0x17, 0xE4, 0x17, 0xE4, 0x17, 0xE4, 0x17, 0xE4, 0x17, 0xE4, 0x17, 0xE4, 0x17,
    0xE4, 0x17, 0xE4, 0x17, 0xE4, 0x17, 0xE4, 0x17, 0xE4, 0x17, 0xE4, 0x17, 0xE4, 0x17, 0xE4, 0x17,
    0xE4, 0x17, 0xE4, 0x17, 0xE4, 0x17, 0xE4, 0x17, 0xE4, 0x17, 0xE4, 0x17, 0xE4, 0x17, 0xE4, 0x17,
    0xE4, 0x17, 0xE4, 0x17, 0xE4, 0x17, 0xE4, 0x17, 0xE4, 0x17, 0xE4, 0x17, 0xE4, 0x17, 0xE4, 0x17,
    0xE4, 0x17, 0xE4, 0x17, 0xE4, 0x17, 0xE4, 0x17, 0xE4, 0x17, 0xE4, 0x17, 0xE4, 0x17, 0xE4, 0x17,
    0xE4, 0x17, 0xE4, 0x17, 0xE4, 0x17, 0xE4, 0x17, 0xE4, 0x17, 0xE4, 0x17, 0xE4, 0x17, 0xE4, 0x17,
    0xE4, 0x17, 0xE4, 0x17, 0xE4, 0x17, 0xE4, 0x17, 0xE4, 0x17, 0xE4, 0x17, 0xE4, 0x17, 0xE4, 0x17,
    0xE4, 0x17, 0xE4, 0x17, 0xE4, 0x17, 0xE4, 0x17, 0xE4, 0x17, 0xE4, 0x17, 0xE4, 0x17, 0x85, 0xE4,
    0x1F, 0xE4, 0x77, 0xD0, 0xF7, 0x05, 0xFF, 0xFF, 0xF7, 0xBE, 0xAC, 0xF4, 0x94, 0x2F, 0xBD, 0x74,
    0xD6, 0x38, 0xEF, 0x1C, 0xFF, 0x9E, 0xAE, 0x15, 0x57, 0xAB, 0x1F, 0xE4, 0x17, 0xE4, 0x17, 0xE4,
    0x17, 0xE4, 0x17, 0xE4, 0x17, 0xE4, 0x17, 0xE4, 0x17, 0xE4, 0x17, 0xE4, 0x17, 0xE4, 0x17, 0xE4,
    0x17, 0xE4, 0x17, 0xE4, 0x17, 0xE4, 0x17, 0xE4, 0x17, 0xE4, 0x17, 0xE4, 0x17, 0xE4, 0x17, 0xE4,
    0x17, 0xE4, 0x17, 0xE4, 0x17, 0xE4, 0x17, 0xE4, 0x17, 0xE4, 0x17, 0xE4, 0x17, 0xE4, 0x17, 0xE4,
    0x17, 0xE4, 0x17, 0xE4, 0x17, 0xE4, 0x17, 0xE4, 0x17, 0xE4, 0x17, 0xE4, 0x17, 0xE4, 0x17, 0xE4,
    0x17, 0xE4, 0x17, 0xE4, 0x17, 0xE4, 0x17, 0xE4, 0x17, 0xE4, 0x17, 0xE4, 0x17, 0xE4, 0x17, 0xE4,
    0x17, 0xE4, 0x17, 0xE4, 0x17, 0xE4, 0x17, 0xE4, 0x17, 0xE4, 0x17, 0xE4, 0x17, 0xE4, 0x17, 0xE4,
    0x17, 0xE4, 0x17, 0xE4, 0x17, 0xE4, 0x17, 0xE4, 0xFF, 0x17, 0xE4, 0x17, 0xE4, 0x17, 0xE4, 0x17,
    0xE4, 0x17, 0xE4, 0x17, 0xE4, 0x17, 0xE4, 0x17, 0xE4, 0x17, 0xE4, 0x17, 0xE4, 0x17, 0xE4, 0x17,
    0xE4, 0x17, 0xE4, 0x17, 0xE4, 0x17, 0xE4, 0x17, 0xE4, 0x17, 0xE4, 0x17, 0xE4, 0x17, 0xE4, 0x17,
    0xE4, 0x17, 0xE4, 0x17, 0xE4, 0x17, 0xE4, 0x17, 0xE4, 0x17, 0xE4, 0x17, 0xE4, 0x17, 0xE4, 0x17,
    0xE4, 0x17, 0xE4, 0x17, 0xE4, 0x17, 0xE4, 0x17, 0xE4, 0x17, 0xE4, 0x17, 0xE4, 0x17, 0xE4, 0x17,
    0xE4, 0x17, 0xE4, 0x17, 0xE4, 0x17, 0xE4, 0x17, 0xE4, 0x17, 0xE4, 0x17, 0xE4, 0x17, 0xE4, 0x17,
    0xE4, 0x17, 0xE4, 0x17, 0xE4, 0x17, 0xE4, 0x17, 0xE4, 0x17, 0xE4, 0x17, 0xE4, 0x17, 0xE4, 0x17,
    0xE4, 0x17, 0xE4, 0x17, 0xE4, 0x17, 0xE4, 0x17, 0xE4, 0x17, 0xE4, 0x17, 0xE4, 0x17, 0xE4, 0x17,
    0xE4, 0x17, 0xE4, 0x17, 0xE4, 0x17, 0xE4, 0x17, 0xE4, 0x87, 0x1F, 0xE4, 0x17, 0xE4, 0x4F, 0xAC,
    0xDF, 0xFC, 0x04, 0xFF, 0xFF, 0xF7, 0x9E, 0xBD, 0x76, 0xA4, 0x92, 0xBD, 0x55, 0xDE, 0x59, 0xFF,
    0x7D, 0xFF, 0x9F, 0xA5, 0xF4, 0x57, 0xAB, 0x1F, 0xE4, 0x17, 0xE4, 0x17, 0xE4, 0x17, 0xE4, 0x17,
    0xE4, 0x17, 0xE4, 0x17, 0xE4, 0x17, 0xE4, 0x17, 0xE4, 0x17, 0xE4, 0x17, 0xE4, 0x17, 0xE4, 0x17,
    0xE4, 0x17, 0xE4, 0x17, 0xE4, 0x17, 0xE4, 0x17, 0xE4, 0x17, 0xE4, 0x17, 0xE4, 0x17, 0xE4, 0x17,
    0xE4, 0x17, 0xE4, 0x17, 0xE4, 0x17, 0xE4, 0x17, 0xE4, 0x17, 0xE4, 0x17, 0xE4, 0x17, 0xE4, 0x17,
    0xE4, 0x17, 0xE4, 0x17, 0xE4, 0x17, 0xE4, 0x17, 0xE4, 0x17, 0xE4, 0x17, 0xE4, 0x17, 0xE4, 0x17,
    0xE4, 0x17, 0xE4, 0x17, 0xE4, 0x17, 0xE4, 0x17, 0xE4, 0x17, 0xE4, 0x17, 0xE4, 0x17, 0xE4, 0x17,
    0xE4, 0x17, 0xE4, 0x17, 0xE4, 0x17, 0xE4, 0x17, 0xE4, 0x17, 0xE4, 0x17, 0xE4, 0x17, 0xE4, 0x17,
    0xE4, 0x17, 0xE4, 0x17, 0xE4, 0xFF, 0x17, 0xE4, 0x17, 0xE4, 0x17, 0xE4, 0x17, 0xE4, 0x17, 0xE4,
    0x17, 0xE4, 0x17, 0xE4, 0x17, 0xE4, 0x17, 0xE4, 0x17, 0xE4, 0x17, 0xE4, 0x17, 0xE4, 0x17, 0xE4,
    0x17, 0xE4, 0x17, 0xE4, 0x17, 0xE4, 0x17, 0xE4, 0x17, 0xE4, 0x17, 0xE4, 0x17, 0xE4, 0x17, 0xE4,
    0x17, 0xE4, 0x17, 0xE4, 0x17, 0xE4, 0x17, 0xE4, 0x17, 0xE4, 0x17, 0xE4, 0x17, 0xE4, 0x17, 0xE4,
    0x17, 0xE4, 0x17, 0xE4, 0x17, 0xE4, 0x17, 0xE4, 0x17, 0xE4, 0x17, 0xE4, 0x17, 0xE4, 0x17, 0xE4,
    0x17, 0xE4, 0x17, 0xE4, 0x17, 0xE4, 0x17, 0xE4, 0x17, 0xE4, 0x17, 0xE4, 0x17, 0xE4, 0x17, 0xE4,
    0x17, 0xE4, 0x17, 0xE4, 0x17, 0xE4, 0x17, 0xE4, 0x17, 0xE4, 0x17, 0xE4, 0x17, 0xE4, 0x17, 0xE4,
    0x17, 0xE4, 0x17, 0xE4, 0x17, 0xE4, 0x17, 0xE4, 0x17, 0xE4, 0x17, 0xE4, 0x17, 0xE4, 0x17, 0xE4,
    0x17, 0xE4, 0x17, 0xE4, 0x17, 0xE4, 0x87, 0x17, 0xE4, 0x17, 0xE3, 0x27, 0xE7, 0xAF, 0xF6, 0x04,
    0xFF, 0xFF, 0xF7, 0x9E, 0xBD, 0x96, 0xA4, 0x92, 0xC5, 0x55, 0xEE, 0xBA, 0xFF, 0xBE, 0xFF, 0xBF,
    0xA5, 0x54, 0x5F, 0x0B, 0x2F, 0xE5, 0x17, 0xE3, 0x17, 0xE4, 0x17, 0xE4, 0x17, 0xE4, 0x17, 0xE4,
    0x17, 0xE4, 0x17, 0xE4, 0x17, 0xE4, 0x17, 0xE4, 0x17, 0xE4, 0x17, 0xE4, 0x17, 0xE4, 0x17, 0xE4,
    0x17, 0xE4, 0x17, 0xE4, 0x17, 0xE4, 0x17, 0xE4, 0x17, 0xE4, 0x17, 0xE4, 0x17, 0xE4, 0x17, 0xE4,
    0x17, 0xE4, 0x17, 0xE4, 0x17, 0xE4, 0x17, 0xE4, 0x17, 0xE4, 0x17, 0xE4, 0x17, 0xE4, 0x17, 0xE4,
    0x17, 0xE4, 0x17, 0xE4, 0x17, 0xE4, 0x17, 0xE4, 0x17, 0xE4, 0x17, 0xE4, 0x17, 0xE4, 0x17, 0xE4,
    0x17, 0xE4, 0x17, 0xE4, 0x17, 0xE4, 0x17, 0xE4, 0x17, 0xE4, 0x17, 0xE4, 0x17, 0xE4, 0x17, 0xE4,
    0x17, 0xE4, 0x17, 0xE4, 0x17, 0xE4, 0x17, 0xE4, 0x17, 0xE4, 0x17, 0xE4, 0x17, 0xE4, 0x17, 0xE4,
    0x17, 0xE4, 0xFF, 0x17, 0xE4, 0x17, 0xE4, 0x17, 0xE4, 0x17, 0xE4, 0x17, 0xE4, 0x17, 0xE4, 0x17,
    0xE4, 0x17, 0xE4, 0x17, 0xE4, 0x17, 0xE4, 0x17, 0xE4, 0x17, 0xE4, 0x17, 0xE4, 0x17, 0xE4, 0x17,
    0xE4, 0x17, 0xE4, 0x17, 0xE4, 0x17, 0xE4, 0x17, 0xE4, 0x17, 0xE4, 0x17, 0xE4, 0x17, 0xE4, 0x17,
    0xE4, 0x17, 0xE4, 0x17, 0xE4, 0x17, 0xE4, 0x17, 0xE4, 0x17, 0xE4, 0x17, 0xE4, 0x17, 0xE4, 0x17,
    0xE4, 0x17, 0xE4, 0x17, 0xE4, 0x17, 0xE4, 0x17, 0xE4, 0x17, 0xE4, 0x17, 0xE4, 0x17, 0xE4, 0x17,
    0xE4, 0x17, 0xE4, 0x17, 0xE4, 0x17, 0xE4, 0x17, 0xE4, 0x17, 0xE4, 0x17, 0xE4, 0x17, 0xE4, 0x17,
    0xE4, 0x17, 0xE4, 0x17, 0xE4, 0x17, 0xE4, 0x17, 0xE4, 0x17, 0xE4, 0x17, 0xE4, 0x17, 0xE4, 0x17,
    0xE4, 0x17, 0xE4, 0x17, 0xE4, 0x17, 0xE4, 0x17, 0xE3, 0x17, 0xE4, 0x17, 0xE4, 0x17, 0xE4, 0x17,
    0xE4, 0x17, 0xE4, 0x87, 0x17, 0xE4, 0x17, 0xE3, 0x17, 0xE4, 0x7F, 0xD1, 0x05, 0xFF, 0xFF, 0xBE,
    0xC5, 0xB7, 0xAC, 0xD3, 0xBD, 0x34, 0xE6, 0x59, 0xDE, 0x79, 0xDE, 0x7A, 0x9C, 0x72, 0x6D, 0xEC,
    0x3F, 0xE7, 0x17, 0xE4, 0x17, 0xE4, 0x17, 0xE4, 0x17, 0xE4, 0x17, 0xE4, 0x17, 0xE4, 0x17, 0xE4,
    0x17, 0xE4, 0x17, 0xE4, 0x17, 0xE4, 0x17, 0xE4, 0x17, 0xE4, 0x17, 0xE4, 0x17, 0xE4, 0x17, 0xE4,
    0x17, 0xE4, 0x17, 0xE4, 0x17, 0xE4, 0x17, 0xE4, 0x17, 0xE4, 0x17, 0xE4, 0x17, 0xE4, 0x17, 0xE4,
    0x17, 0xE4, 0x17, 0xE4, 0x17, 0xE4, 0x17, 0xE4, 0x17, 0xE4, 0x17, 0xE4, 0x17, 0xE4, 0x17, 0xE4,
    0x17, 0xE4, 0x17, 0xE4, 0x17, 0xE4, 0x17, 0xE4, 0x17, 0xE4, 0x17, 0xE4, 0x17, 0xE4, 0x17, 0xE4,
    0x17, 0xE4, 0x17, 0xE4, 0x17, 0xE4, 0x17, 0xE4, 0x17, 0xE4, 0x17, 0xE4, 0x17, 0xE4, 0x17, 0xE4,
    0x17, 0xE4, 0x17, 0xE4, 0x17, 0xE4, 0x17, 0xE4, 0x17, 0xE4, 0x17, 0xE4, 0x17, 0xE4, 0x17, 0xFF,
    0xE4, 0x17, 0xE4, 0x17, 0xE4, 0x17, 0xE4, 0x17, 0xE4, 0x17, 0xE4, 0x17, 0xE4, 0x17, 0xE4, 0x17,
    0xE4, 0x17, 0xE4, 0x17, 0xE4, 0x17, 0xE4, 0x17, 0xE4, 0x17, 0xE4, 0x17, 0xE4, 0x17, 0xE4, 0x17,
    0xE4, 0x17, 0xE4, 0x17, 0xE4, 0x17, 0xE4, 0x17, 0xE4, 0x17, 0xE4, 0x17, 0xE4, 0x17, 0xE4, 0x17,
    0xE4, 0x17, 0xE4, 0x17, 0xE4, 0x17, 0xE4, 0x17, 0xE4, 0x17, 0xE4, 0x17, 0xE4, 0x17, 0xE4, 0x17,
    0xE4, 0x17, 0xE4, 0x17, 0xE4, 0x17, 0xE4, 0x17, 0xE4, 0x17, 0xE4, 0x17, 0xE4, 0x17, 0xE4, 0x17,
    0xE4, 0x17, 0xE4, 0x17, 0xE4, 0x17, 0xE4, 0x17, 0xE4, 0x17, 0xE4, 0x17, 0xE4, 0x17, 0xE4, 0x17,
    0xE4, 0x17, 0xE4, 0x17, 0xE4, 0x17, 0xE4, 0x17, 0xE4, 0x17, 0xE4, 0x17, 0xE4, 0x17, 0xE4, 0x17,
    0xE4, 0x17, 0xE4, 0x17, 0xE4, 0x17, 0xE3, 0x17, 0xE4, 0x17, 0xE4, 0x17, 0xE4, 0x17, 0xE4, 0x17,
    0x88, 0xE4, 0x17, 0xE3, 0x0F, 0xE3, 0x5F, 0x8E, 0xEF, 0xFE, 0x03, 0xFF, 0xFF, 0xBF, 0xCD, 0xF8,
    0xB5, 0x14, 0xA4, 0x71, 0xD5, 0xB6, 0xE6, 0x79, 0xE6, 0xBB, 0xDE, 0x9A, 0x95, 0xB1, 0x4F, 0xCA,
    0x1F, 0xE5, 0x17, 0xE4, 0x17, 0xE4, 0x17, 0xE4, 0x17, 0xE4, 0x17, 0xE4, 0x17, 0xE4, 0x17, 0xE4,
    0x17, 0xE4, 0x17, 0xE4, 0x17, 0xE4, 0x17, 0xE4, 0x17, 0xE4, 0x17, 0xE4, 0x17, 0xE4, 0x17, 0xE4,
    0x17, 0xE4, 0x17, 0xE4, 0x17, 0xE4, 0x17, 0xE4, 0x17, 0xE4, 0x17, 0xE4, 0x17, 0xE4, 0x17, 0xE4,
    0x17, 0xE4, 0x17, 0xE4, 0x17, 0xE4, 0x17, 0xE4, 0x17, 0xE4, 0x17, 0xE4, 0x17, 0xE4, 0x17, 0xE4,
    0x17, 0xE4, 0x17, 0xE4, 0x17, 0xE4, 0x17, 0xE4, 0x17, 0xE4, 0x17, 0xE4, 0x17, 0xE4, 0x17, 0xE4,
    0x17, 0xE4, 0x17, 0xE4, 0x17, 0xE4, 0x17, 0xE4, 0x17, 0xE4, 0x17, 0xE4, 0x17, 0xE4, 0x17, 0xE4,
    0x17, 0xE4, 0x17, 0xE4, 0x17, 0xE4, 0x17, 0xE4, 0x17, 0xE4, 0x17, 0xE4, 0x17, 0xFF, 0xE4, 0x17,
    0xE4, 0x17, 0xE4, 0x17, 0xE4, 0x17, 0xE4, 0x17, 0xE4, 0x17, 0xE4, 0x17, 0xE4, 0x17, 0xE4, 0x17,
    0xE4, 0x17, 0xE4, 0x17, 0xE4, 0x17, 0xE4, 0x17, 0xE4, 0x17, 0xE4, 0x17, 0xE4, 0x17, 0xE4, 0x17,
    0xE4, 0x17, 0xE4, 0x17, 0xE4, 0x17, 0xE4, 0x17, 0xE4, 0x17, 0xE4, 0x17, 0xE4, 0x17, 0xE4, 0x17,
    0xE4, 0x17, 0xE4, 0x17, 0xE4, 0x17, 0xE4, 0x17, 0xE4, 0x17, 0xE4, 0x17, 0xE4, 0x17, 0xE4, 0x17,
    0xE4, 0x17, 0xE4, 0x17, 0xE4, 0x17, 0xE4, 0x17, 0xE4, 0x17, 0xE4, 0x17, 0xE4, 0x17, 0xE4, 0x17,
    0xE4, 0x17, 0xE4, 0x17, 0xE4, 0x17, 0xE4, 0x17, 0xE4, 0x17, 0xE4, 0x17, 0xE4, 0x17, 0xE4, 0x17,
    0xE4, 0x17, 0xE4, 0x17, 0xE4, 0x17, 0xE4, 0x17, 0xE4, 0x17, 0xE4, 0x17, 0xE4, 0x17, 0xE4, 0x17,
    0xE4, 0x17, 0xE4, 0x17, 0xE3, 0x17, 0xE3, 0x17, 0xE3, 0x17, 0xE3, 0x17, 0xE3, 0x17, 0xFF, 0xE3,
    0x17, 0xE3, 0x17, 0xE4, 0x57, 0x4D, 0xEF, 0xFE, 0xFF, 0xDF, 0xFF, 0xDF, 0xDE, 0x9A, 0xB5, 0x35,
    0xC5, 0x75, 0xEE, 0xBA, 0xDE, 0x38, 0xCD, 0xF7, 0xC5, 0xD7, 0x94, 0xD0, 0x5E, 0xCC, 0x27, 0xE7,
    0x17, 0xE4, 0x17, 0xE4, 0x17, 0xE4, 0x17, 0xE4, 0x17, 0xE4, 0x17, 0xE4, 0x17, 0xE4, 0x17, 0xE4,
    0x17, 0xE4, 0x17, 0xE4, 0x17, 0xE4, 0x17, 0xE4, 0x17, 0xE4, 0x17, 0xE4, 0x17, 0xE4, 0x17, 0xE4,
    0x17, 0xE4, 0x17, 0xE4, 0x17, 0xE4, 0x17, 0xE4, 0x17, 0xE4, 0x17, 0xE4, 0x17, 0xE4, 0x17, 0xE4,
    0x17, 0xE4, 0x17, 0xE4, 0x17, 0xE4, 0x17, 0xE4, 0x17, 0xE4, 0x17, 0xE4, 0x17, 0xE4, 0x17, 0xE4,
    0x17, 0xE4, 0x17, 0xE4, 0x17, 0xE4, 0x17, 0xE4, 0x17, 0xE4, 0x17, 0xE4, 0x17, 0xE4, 0x17, 0xE4,
    0x17, 0xE4, 0x17, 0xE4, 0x17, 0xE4, 0x17, 0xE4, 0x17, 0xE4, 0x17, 0xE4, 0x17, 0xE4, 0x17, 0xFF,
    0xE4, 0x17, 0xE4, 0x17, 0xE4, 0x17, 0xE4, 0x17, 0xE4, 0x17, 0xE4, 0x17, 0xE4, 0x17, 0xE4, 0x17,
    0xE4, 0x17, 0xE4, 0x17, 0xE4, 0x17, 0xE4, 0x17, 0xE4, 0x17, 0xE4, 0x17, 0xE4, 0x17, 0xE4, 0x17,
    0xE4, 0x17, 0xE4, 0x17, 0xE4, 0x17, 0xE4, 0x17, 0xE4, 0x17, 0xE4, 0x17, 0xE4, 0x17, 0xE4, 0x17,
    0xE4, 0x17, 0xE4, 0x17, 0xE4, 0x17, 0xE4, 0x17, 0xE4, 0x17, 0xE4, 0x17, 0xE4, 0x17, 0xE4, 0x17,
    0xE4, 0x17, 0xE4, 0x17, 0xE4, 0x17, 0xE4, 0x17, 0xE4, 0x17, 0xE4, 0x17, 0xE4, 0x17, 0xE4, 0x17,
    0xE4, 0x17, 0xE4, 0x17, 0xE4, 0x17, 0xE4, 0x17, 0xE4, 0x17, 0xE4, 0x17, 0xE4, 0x17, 0xE4, 0x17,
    0xE4, 0x17, 0xE4, 0x17, 0xE4, 0x17, 0xE4, 0x17, 0xE4, 0x17, 0xE4, 0x17, 0xE4, 0x17, 0xE4, 0x17,
    0xE4, 0x17, 0xE4, 0x17, 0xE4, 0x17, 0xE4, 0x17, 0xE4, 0x17, 0xE4, 0x17, 0xE4, 0x17, 0xE4, 0x17,
    0xFF, 0xE3, 0x17, 0xE3, 0x17, 0xE3, 0x17, 0xE3, 0x17, 0xE3, 0x17, 0xE3, 0x17, 0xE3, 0x17, 0xE3,
    0x1F, 0xE4, 0x56, 0x4C, 0xFF, 0xFE, 0xFF, 0xDF, 0xFF, 0xBE, 0xE6, 0xFB, 0xB4, 0xF4, 0xC5, 0x95,
    0xBD, 0x75, 0xCE, 0x18, 0xDE, 0x7A, 0xDE, 0x59, 0x94, 0x71, 0x5E, 0x2C, 0x2F, 0xE8, 0x17, 0xE4,
    0x17, 0xE4, 0x17, 0xE4, 0x17, 0xE4, 0x17, 0xE4, 0x17, 0xE4, 0x17, 0xE4, 0x17, 0xE4, 0x17, 0xE4,
    0x17, 0xE4, 0x17, 0xE4, 0x17, 0xE4, 0x17, 0xE4, 0x17, 0xE4, 0x17, 0xE4, 0x17, 0xE4, 0x17, 0xE4,
    0x17, 0xE4, 0x17, 0xE4, 0x17, 0xE4, 0x17, 0xE4, 0x17, 0xE4, 0x17, 0xE4, 0x17, 0xE4, 0x17, 0xE4,
    0x17, 0xE4, 0x17, 0xE4, 0x17, 0xE4, 0x17, 0xE4, 0x17, 0xE4, 0x17, 0xE4, 0x17, 0xE4, 0x17, 0xE4,
    0x17, 0xE4, 0x17, 0xE4, 0x17, 0xE4, 0x17, 0xE4, 0x17, 0xE4, 0x17, 0xE4, 0x17, 0xE4, 0x17, 0xE4,
    0x17, 0xFF, 0xE4, 0x17, 0xE4, 0x17, 0xE4, 0x17, 0xE4, 0x17, 0xE4, 0x17, 0xE4, 0x17, 0xE4, 0x17,
    0xE4, 0x17, 0xE4, 0x17, 0xE4, 0x17, 0xE4, 0x17, 0xE4, 0x17, 0xE4, 0x17, 0xE4, 0x17, 0xE4, 0x17,
    0xE4, 0x17, 0xE4, 0x17, 0xE4, 0x17, 0xE4, 0x17, 0xE4, 0x17, 0xE4, 0x17, 0xE4, 0x17, 0xE4, 0x17,
    0xE4, 0x17, 0xE4, 0x17, 0xE4, 0x17, 0xE4, 0x17, 0xE4, 0x17, 0xE4, 0x17, 0xE4, 0x17, 0xE4, 0x17,
    0xE4, 0x17, 0xE4, 0x17, 0xE4, 0x17, 0xE4, 0x17, 0xE4, 0x17, 0xE4, 0x17, 0xE4, 0x17, 0xE4, 0x17,
    0xE4, 0x17, 0xE4, 0x17, 0xE4, 0x17, 0xE4, 0x17, 0xE4, 0x17, 0xE4, 0x17, 0xE4, 0x17, 0xE4, 0x17,
    0xE4, 0x17, 0xE4, 0x17, 0xE4, 0x17, 0xE4, 0x17, 0xE4, 0x17, 0xE4, 0x17, 0xE4, 0x17, 0xE4, 0x17,
    0xE4, 0x17, 0xE4, 0x17, 0xE4, 0x17, 0xE4, 0x17, 0xE4, 0x17, 0xE4, 0x17, 0xE4, 0x17, 0xE4, 0x17,
    0xE4, 0x17, 0xFF, 0xE4, 0x17, 0xE4, 0x17, 0xE4, 0x17, 0xE4, 0x17, 0xE4, 0x17, 0xE4, 0x17, 0xE3,
    0x17, 0xE3, 0x17, 0xE3, 0x17, 0xE3, 0x17, 0xE3, 0x17, 0xE3, 0x17, 0xE4, 0x17, 0xE4, 0x2F, 0x45,
    0x7E, 0x0F, 0xE7, 0x3B, 0xD6, 0x79, 0xD6, 0x9A, 0xDE, 0xBA, 0xB5, 0x34, 0xB5, 0x13, 0xCD, 0xF7,
    0xE6, 0xFB, 0xFF, 0x9E, 0xFF, 0x7E, 0xAD, 0x55, 0x76, 0x2E, 0x3F, 0xE9, 0x17, 0xE4, 0x17, 0xE4,
    0x17, 0xE4, 0x17, 0xE4, 0x17, 0xE4, 0x17, 0xE4, 0x17, 0xE4, 0x17, 0xE4, 0x17, 0xE4, 0x17, 0xE4,
    0x17, 0xE4, 0x17, 0xE4, 0x17, 0xE4, 0x17, 0xE4, 0x17, 0xE4, 0x17, 0xE4, 0x17, 0xE4, 0x17, 0xE4,
    0x17, 0xE4, 0x17, 0xE4, 0x17, 0xE4, 0x17, 0xE4, 0x17, 0xE4, 0x17, 0xE4, 0x17, 0xE4, 0x17, 0xE4,
    0x17, 0xE4, 0x17, 0xE4, 0x17, 0xE4, 0x17, 0xE4, 0x17, 0xE4, 0x17, 0xE4, 0x17, 0xE4, 0x17, 0xE4,
    0x17, 0xE4, 0x17, 0xFF, 0xE4, 0x17, 0xE4, 0x17, 0xE4, 0x17, 0xE4, 0x17, 0xE4, 0x17, 0xE4, 0x17,
    0xE4, 0x17, 0xE4, 0x17, 0xE4, 0x17, 0xE4, 0x17, 0xE4, 0x17, 0xE4, 0x17, 0xE4, 0x17, 0xE4, 0x17,
    0xE4, 0x17, 0xE4, 0x17, 0xE4, 0x17, 0xE4, 0x17, 0xE4, 0x17, 0xE4, 0x17, 0xE4, 0x17, 0xE4, 0x17,
    0xE4, 0x17, 0xE4, 0x17, 0xE4, 0x17, 0xE4, 0x17, 0xE4, 0x17, 0xE4, 0x17, 0xE4, 0x17, 0xE4, 0x17,
    0xE4, 0x17, 0xE4, 0x17, 0xE4, 0x17, 0xE4, 0x17, 0xE4, 0x17, 0xE4, 0x17, 0xE4, 0x17, 0xE4, 0x17,
    0xE4, 0x17, 0xE4, 0x17, 0xE4, 0x17, 0xE4, 0x17, 0xE4, 0x17, 0xE4, 0x17, 0xE4, 0x17, 0xE4, 0x17,
    0xE4, 0x17, 0xE4, 0x17, 0xE4, 0x17, 0xE4, 0x17, 0xE4, 0x17, 0xE4, 0x17, 0xE4, 0x17, 0xE4, 0x17,
    0xE4, 0x17, 0xE4, 0x17, 0xE4, 0x17, 0xE4, 0x17, 0xE4, 0x17, 0xE4, 0x17, 0xE4, 0x17, 0xE4, 0x17,
    0xE4, 0x17, 0xE4, 0x17, 0xFF, 0xE4, 0x17, 0xE4, 0x17, 0xE4, 0x17, 0xE4, 0x17, 0xE4, 0x17, 0xE4,
    0x17, 0xE4, 0x17, 0xE4, 0x17, 0xE4, 0x17, 0xE4, 0x17, 0xE4, 0x17, 0xE4, 0x17, 0xE3, 0x17, 0xE3,
    0x17, 0xE3, 0x17, 0xE3, 0x17, 0xE3, 0x17, 0xE3, 0x17, 0xE4, 0x17, 0xE4, 0x46, 0xC9, 0x9D, 0xD3,
    0xC5, 0xD7, 0xEF, 0x3C, 0xE6, 0xFB, 0xD6, 0x79, 0xCD, 0xF7, 0xAC, 0x72, 0xD5, 0xF8, 0xDE, 0x99,
    0xD6, 0x59, 0xD6, 0x38, 0xDE, 0x58, 0x95, 0xAF, 0x5F, 0x8A, 0x27, 0xE6, 0x17, 0xE4, 0x17, 0xE4,
    0x17, 0xE4, 0x17, 0xE4, 0x17, 0xE4, 0x17, 0xE4, 0x17, 0xE4, 0x17, 0xE4, 0x17, 0xE4, 0x17, 0xE4,
    0x17, 0xE4, 0x17, 0xE4, 0x17, 0xE4, 0x17, 0xE4, 0x17, 0xE4, 0x17, 0xE4, 0x17, 0xE4, 0x17, 0xE4,
    0x17, 0xE4, 0x17, 0xE4, 0x17, 0xE4, 0x17, 0xE4, 0x17, 0xE4, 0x17, 0xE4, 0x17, 0xE4, 0x17, 0xE4,
    0x17, 0xE4, 0x17, 0xE4, 0x17, 0xFF, 0xE4, 0x17, 0xE4, 0x17, 0xE4, 0x17, 0xE4, 0x17, 0xE4, 0x17,
    0xE4, 0x17, 0xE4, 0x17, 0xE4, 0x17, 0xE4, 0x17, 0xE4, 0x17, 0xE4, 0x17, 0xE4, 0x17, 0xE4, 0x17,
    0xE4, 0x17, 0xE4, 0x17, 0xE4, 0x17, 0xE4, 0x17, 0xE4, 0x17, 0xE4, 0x17, 0xE4, 0x17, 0xE4, 0x17,
    0xE4, 0x17, 0xE4, 0x17, 0xE4, 0x17, 0xE4, 0x17, 0xE4, 0x17, 0xE4, 0x17, 0xE4, 0x17, 0xE4, 0x17,
    0xE4, 0x17, 0xE4, 0x17, 0xE4, 0x17, 0xE4, 0x17, 0xE4, 0x17, 0xE4, 0x17, 0xE4, 0x17, 0xE4, 0x17,
    0xE4, 0x17, 0xE4, 0x17, 0xE4, 0x17, 0xE4, 0x17, 0xE4, 0x17, 0xE4, 0x17, 0xE4, 0x17, 0xE4, 0x17,
    0xE4, 0x17, 0xE4, 0x17, 0xE4, 0x17, 0xE4, 0x17, 0xE4, 0x17, 0xE4, 0x17, 0xE4, 0x17, 0xE4, 0x17,
    0xE4, 0x17, 0xE4, 0x17, 0xE4, 0x17, 0xE4, 0x17, 0xE4, 0x17, 0xE4, 0x17, 0xE4, 0x17, 0xE4, 0x17,
    0xE4, 0x17, 0xE4, 0x17, 0xE4, 0x17, 0xFF, 0xE4, 0x17, 0xE4, 0x17, 0xE4, 0x17, 0xE4, 0x17, 0xE4,
    0x17, 0xE4, 0x17, 0xE4, 0x17, 0xE4, 0x17, 0xE4, 0x17, 0xE4, 0x17, 0xE4, 0x17, 0xE4, 0x17, 0xE4,
    0x17, 0xE4, 0x17, 0xE4, 0x17, 0xE4, 0x17, 0xE4, 0x17, 0xE4, 0x17, 0xE4, 0x17, 0xE3, 0x17, 0xE4,
    0x17, 0xE3, 0x17, 0xE3, 0x17, 0xE3, 0x17, 0xE4, 0x0F, 0xE4, 0x6F, 0x2E, 0xD6, 0xDA, 0xD6, 0x59,
    0xC5, 0xF6, 0xBD, 0x95, 0xD6, 0x37, 0xDE, 0x38, 0xA4, 0x31, 0xB4, 0xF3, 0xDE, 0x56, 0xCD, 0x54,
    0xBC, 0x91, 0xBC, 0x51, 0x8B, 0x6A, 0x75, 0x89, 0x3F, 0xE7, 0x17, 0xE4, 0x17, 0xE4, 0x17, 0xE4,
    0x17, 0xE4, 0x17, 0xE4, 0x17, 0xE4, 0x17, 0xE4, 0x17, 0xE4, 0x17, 0xE4, 0x17, 0xE4, 0x17, 0xE4,
    0x17, 0xE4, 0x17, 0xE4, 0x17, 0xE4, 0x17, 0xE4, 0x17, 0xE4, 0x17, 0xE4, 0x17, 0xE4, 0x17, 0xE4,
    0x17, 0xE4, 0x17, 0xE4, 0x17, 0xE4, 0x17, 0xFF, 0xE4, 0x17, 0xE4, 0x17, 0xE4, 0x17, 0xE4, 0x17,
    0xE4, 0x17, 0xE4, 0x17, 0xE4, 0x17, 0xE4, 0x17, 0xE4, 0x17, 0xE4, 0x17, 0xE4, 0x17, 0xE4, 0x17,
    0xE4, 0x17, 0xE4, 0x17, 0xE4, 0x17, 0xE4, 0x17, 0xE4, 0x17, 0xE4, 0x17, 0xE4, 0x17, 0xE4, 0x17,
    0xE4, 0x17, 0xE4, 0x17, 0xE4, 0x17, 0xE4, 0x17, 0xE4, 0x17, 0xE4, 0x17, 0xE4, 0x17, 0xE4, 0x17,
    0xE4, 0x17, 0xE4, 0x17, 0xE4, 0x17, 0xE4, 0x17, 0xE4, 0x17, 0xE4, 0x17, 0xE4, 0x17, 0xE4, 0x17,
    0xE4, 0x17, 0xE4, 0x17, 0xE4, 0x17, 0xE4, 0x17, 0xE4, 0x17, 0xE4, 0x17, 0xE4, 0x17, 0xE4, 0x17,
    0xE4, 0x17, 0xE4, 0x17, 0xE4, 0x17, 0xE4, 0x17, 0xE4, 0x17, 0xE4, 0x17, 0xE4, 0x17, 0xE4, 0x17,
    0xE4, 0x17, 0xE4, 0x17, 0xE4, 0x17, 0xE4, 0x17, 0xE4, 0x17, 0xE4, 0x17, 0xE4, 0x17, 0xE4, 0x17,
    0xE4, 0x17, 0xE4, 0x17, 0xE4, 0x17, 0xE4, 0x17, 0xC0, 0xE4, 0x17, 0xE4, 0x17, 0xE4, 0x17, 0xE4,
    0x17, 0xE4, 0x17, 0xE4, 0x17, 0xE4, 0x17, 0xE4, 0x17, 0xE4, 0x17, 0xE4, 0x17, 0xE4, 0x17, 0xE4,
    0x17, 0xE4, 0x17, 0xE4, 0x17, 0xE4, 0x17, 0xE4, 0x17, 0xE4, 0x17, 0xE4, 0x17, 0xE4, 0x17, 0xE4,
    0x17, 0xE4, 0x17, 0xE4, 0x17, 0xE4, 0x17, 0xE4, 0x17, 0xE4, 0x17, 0xE4, 0x17, 0xE3, 0x17, 0xE4,
    0x17, 0xE4, 0x17, 0xE4, 0x17, 0xE4, 0x0F, 0xE4, 0x77, 0x50, 0x02, 0xFF, 0xFF, 0xDE, 0xBA, 0xBD,
    0xB5, 0xD6, 0x38, 0xE6, 0x17, 0xDD, 0x76, 0xCC, 0xB3, 0xCC, 0xD2, 0x92, 0xEA, 0x8A, 0x28, 0x9A,
    0x49, 0xAA, 0x8A, 0xA2, 0x89, 0x73, 0x65, 0x47, 0xC7, 0x17, 0xE4, 0x17, 0xE3, 0x17, 0xE4, 0x17,
    0xE4, 0x17, 0xE4, 0x17, 0xE4, 0x17, 0xE4, 0x17, 0xE4, 0x17, 0xE4, 0x17, 0xE4, 0x17, 0xE4, 0x17,
    0xE4, 0x17, 0xE4, 0x17, 0xE4, 0x17, 0xE4, 0x17, 0xE4, 0x17, 0xE4, 0x17, 0xE4, 0x17, 0xE4, 0x17,
    0xE4, 0x17, 0xE4, 0x17, 0xE4, 0x17, 0xE4, 0x17, 0xE4, 0x17, 0xE4, 0x17, 0xE4, 0x17, 0xE4, 0x17,
    0xE4, 0x17, 0xE4, 0x17, 0xE4, 0x17, 0xE4, 0x17, 0xE4, 0x17, 0xE4, 0x17, 0xE4, 0x17, 0xE4, 0x17,
    0xE4, 0x17, 0xE4, 0x17, 0xE4, 0x17, 0xE4, 0x17, 0xE4, 0x17, 0xE4, 0x17, 0xE4, 0x17, 0xE4, 0x17,
    0xE4, 0x17, 0xE4, 0x17, 0xE4, 0x17, 0xE4, 0x17, 0xE4, 0x17, 0xE4, 0x17, 0xE4, 0xFF, 0x17, 0xE4,
    0x17, 0xE4, 0x17, 0xE4, 0x17, 0xE4, 0x17, 0xE4, 0x17, 0xE4, 0x17, 0xE4, 0x17, 0xE4, 0x17, 0xE4,
    0x17, 0xE4, 0x17, 0xE4, 0x17, 0xE4, 0x17, 0xE4, 0x17, 0xE4, 0x17, 0xE4, 0x17, 0xE4, 0x17, 0xE4,
    0x17, 0xE4, 0x17, 0xE4, 0x17, 0xE4, 0x17, 0xE4, 0x17, 0xE4, 0x17, 0xE4, 0x17, 0xE4, 0x17, 0xE4,
    0x17, 0xE4, 0x17, 0xE4, 0x17, 0xE4, 0x17, 0xE4, 0x17, 0xE4, 0x17, 0xE4, 0x17, 0xE4, 0x17, 0xE4,
    0x17, 0xE4, 0x17, 0xE4, 0x17, 0xE4, 0x17, 0xE4, 0x17, 0xE4, 0x17, 0xE4, 0x17, 0xE4, 0x17, 0xE4,
    0x17, 0xE4, 0x17, 0xE4, 0x17, 0xE4, 0x17, 0xE4, 0x17, 0xE4, 0x17, 0xE4, 0x17, 0xE4, 0x17, 0xE4,
    0x17, 0xE4, 0x17, 0xE4, 0x17, 0xE4, 0x17, 0xE4, 0x17, 0xE4, 0x17, 0xE4, 0x17, 0xE4, 0x17, 0xE4,
    0x17, 0xE4, 0x17, 0xE4, 0x17, 0xE4, 0x17, 0xE4, 0x17, 0xE4, 0x17, 0xE4, 0x17, 0xE4, 0x89, 0x17,
    0xE4, 0x17, 0xE4, 0x17, 0xE4, 0x0F, 0xE3, 0x77, 0x70, 0x03, 0xFF, 0xFF, 0xDF, 0xFF, 0x7C, 0xD5,
    0x75, 0xAB, 0x4E, 0xA2, 0x8B, 0xA2, 0xAB, 0xAA, 0xCB, 0x91, 0xA7, 0x91, 0x66, 0xA1, 0xE8, 0xB2,
    0x49, 0xAA, 0x49, 0x82, 0xE6, 0x4F, 0xA7, 0x17, 0xE4, 0x0F, 0xE3, 0x17, 0xE4, 0x17, 0xE4, 0x17,
    0xE4, 0x17, 0xE4, 0x17, 0xE4, 0x17, 0xE4, 0x17, 0xE4, 0x17, 0xE4, 0x17, 0xE4, 0x17, 0xE4, 0x17,
    0xE4, 0x17, 0xE4, 0x17, 0xE4, 0x17, 0xE4, 0x17, 0xE4, 0x17, 0xE4, 0x17, 0xE4, 0x17, 0xE4, 0x17,
    0xE4, 0x17, 0xE4, 0x17, 0xE4, 0x17, 0xE4, 0x17, 0xE4, 0x17, 0xE4, 0x17, 0xE4, 0x17, 0xE4, 0x17,
    0xE4, 0x17, 0xE4, 0x17, 0xE4, 0x17, 0xE4, 0x17, 0xE4, 0x17, 0xE4, 0x17, 0xE4, 0x17, 0xE4, 0x17,
    0xE4, 0x17, 0xE4, 0x17, 0xE4, 0x17, 0xE4, 0x17, 0xE4, 0x17, 0xE4, 0x17, 0xE4, 0x17, 0xE4, 0x17,
    0xE4, 0x17, 0xE4, 0x17, 0xE4, 0x17, 0xE4, 0x17, 0xE4, 0x17, 0xE4, 0x17, 0xFF, 0xE4, 0x17, 0xE4,
    0x17, 0xE4, 0x17, 0xE4, 0x17, 0xE4, 0x17, 0xE4, 0x17, 0xE4, 0x17, 0xE4, 0x17, 0xE4, 0x17, 0xE4,
    0x17, 0xE4, 0x17, 0xE4, 0x17, 0xE4, 0x17, 0xE4, 0x17, 0xE4, 0x17, 0xE4, 0x17, 0xE4, 0x17, 0xE4,
    0x17, 0xE4, 0x17, 0xE4, 0x17, 0xE4, 0x17, 0xE4, 0x17, 0xE4, 0x17, 0xE4, 0x17, 0xE4, 0x17, 0xE4,
    0x17, 0xE4, 0x17, 0xE4, 0x17, 0xE4, 0x17, 0xE4, 0x17, 0xE4, 0x17, 0xE4, 0x17, 0xE4, 0x17, 0xE4,
    0x17, 0xE4, 0x17, 0xE4, 0x17, 0xE4, 0x17, 0xE4, 0x17, 0xE4, 0x17, 0xE4, 0x17, 0xE4, 0x17, 0xE4,
    0x17, 0xE4, 0x17, 0xE4, 0x17, 0xE4, 0x17, 0xE4, 0x17, 0xE4, 0x17, 0xE4, 0x17, 0xE4, 0x17, 0xE4,
    0x17, 0xE4, 0x17, 0xE4, 0x17, 0xE4, 0x17, 0xE4, 0x17, 0xE4, 0x17, 0xE4, 0x17, 0xE4, 0x17, 0xE4,
    0x17, 0xE4, 0x17, 0xE4, 0x17, 0xE4, 0x17, 0xE4, 0x17, 0xE4, 0x17, 0xE4, 0x17, 0xFF, 0xE4, 0x17,
    0xE4, 0x17, 0xE4, 0x17, 0xE4, 0x57, 0x0B, 0xEF, 0xFC, 0xFF, 0x9D, 0xBC, 0xB2, 0x9A, 0xAB, 0xA2,
    0x8A, 0xAA, 0x6A, 0xAA, 0x4A, 0xB2, 0x4A, 0xAA, 0x09, 0x91, 0x66, 0x91, 0x86, 0x99, 0xE7, 0x91,
    0xE7, 0x63, 0x65, 0x37, 0xE6, 0x17, 0xE4, 0x0F, 0xE4, 0x17, 0xE4, 0x17, 0xE4, 0x17, 0xE4, 0x17,
    0xE4, 0x17, 0xE4, 0x17, 0xE4, 0x17, 0xE4, 0x17, 0xE4, 0x17, 0xE4, 0x17, 0xE4, 0x17, 0xE4, 0x17,
    0xE4, 0x17, 0xE4, 0x17, 0xE4, 0x17, 0xE4, 0x17, 0xE4, 0x17, 0xE4, 0x17, 0xE4, 0x17, 0xE4, 0x17,
    0xE4, 0x17, 0xE4, 0x17, 0xE4, 0x17, 0xE4, 0x17, 0xE4, 0x17, 0xE4, 0x17, 0xE4, 0x17, 0xE4, 0x17,
    0xE4, 0x17, 0xE4, 0x17, 0xE4, 0x17, 0xE4, 0x17, 0xE4, 0x17, 0xE4, 0x17, 0xE4, 0x17, 0xE4, 0x17,
    0xE4, 0x17, 0xE4, 0x17, 0xE4, 0x17, 0xE4, 0x17, 0xE4, 0x17, 0xE4, 0x17, 0xE4, 0x17, 0xFF, 0xE4,
    0x17, 0xE4, 0x17, 0xE4, 0x17, 0xE4, 0x17, 0xE4, 0x17, 0xE4, 0x17, 0xE4, 0x17, 0xE4, 0x17, 0xE4,
    0x17, 0xE4, 0x17, 0xE4, 0x17, 0xE4, 0x17, 0xE4, 0x17, 0xE4, 0x17, 0xE4, 0x17, 0xE4, 0x17, 0xE4,
    0x17, 0xE4, 0x17, 0xE4, 0x17, 0xE4, 0x17, 0xE4, 0x17, 0xE4, 0x17, 0xE4, 0x17, 0xE4, 0x17, 0xE4,
    0x17, 0xE4, 0x17, 0xE4, 0x17, 0xE4, 0x17, 0xE4, 0x17, 0xE4, 0x17, 0xE4, 0x17, 0xE4, 0x17, 0xE4,
    0x17, 0xE4, 0x17, 0xE4, 0x17, 0xE4, 0x17, 0xE4, 0x17, 0xE4, 0x17, 0xE4, 0x17, 0xE4, 0x17, 0xE4,
    0x17, 0xE4, 0x17, 0xE4, 0x17, 0xE4, 0x17, 0xE4, 0x17, 0xE4, 0x17, 0xE4, 0x17, 0xE4, 0x17, 0xE4,
    0x17, 0xE4, 0x17, 0xE4, 0x17, 0xE4, 0x17, 0xE4, 0x17, 0xE4, 0x17, 0xE4, 0x17, 0xE4, 0x17, 0xE4,
    0x17, 0xE4, 0x17, 0xE4, 0x17, 0xE4, 0x17, 0xE4, 0x17, 0xE4, 0x17, 0xE4, 0x17, 0xE4, 0x17, 0xAE,
    0xE4, 0x17, 0xE4, 0x17, 0xE4, 0x17, 0xE4, 0x17, 0xE4, 0x17, 0xE4, 0x17, 0xE4, 0x17, 0xE4, 0x17,
    0xE4, 0x1F, 0xE4, 0x1E, 0x43, 0x8D, 0x8F, 0xBC, 0xD2, 0x8A, 0x69, 0xAA, 0x8A, 0xB2, 0x8A, 0xB2,
    0x4A, 0xB2, 0x09, 0xB2, 0x2A, 0xAA, 0x4A, 0x89, 0xC6, 0x69, 0xA4, 0x61, 0xE4, 0x52, 0x63, 0x02,
    0x45, 0xFF, 0x2F, 0xE6, 0x17, 0xE4, 0x17, 0xE4, 0x17, 0xE4, 0x17, 0xE4, 0x17, 0xE4, 0x17, 0xE4,
    0x17, 0xE4, 0x17, 0xE4, 0x17, 0xE4, 0x17, 0xE4, 0x17, 0xE4, 0x17, 0xE4, 0x17, 0xE4, 0x17, 0xE4,
    0x17, 0xE4, 0x17, 0xE4, 0x17, 0xE4, 0x17, 0xE4, 0x17, 0xE4, 0x17, 0xE4, 0x17, 0xE4, 0x17, 0xE4,
    0x17, 0xE4, 0x17, 0xE4, 0x17, 0xE4, 0x17, 0xE4, 0x17, 0xE4, 0x17, 0xE4, 0x17, 0xE4, 0x17, 0xE4,
    0x17, 0xE4, 0x17, 0xE4, 0x17, 0xE4, 0x17, 0xE4, 0x17, 0xE4, 0x17, 0xE4, 0x17, 0xE4, 0x17, 0xE4,
    0x17, 0xE4, 0x17, 0xE4, 0x17, 0xE4, 0x17, 0xE4, 0x17, 0xE4, 0x17, 0xE4, 0x17, 0xE4, 0x17, 0xE4,
    0x17, 0xE4, 0x17, 0xE4, 0x17, 0xE4, 0x17, 0xE4, 0x17, 0xE4, 0x17, 0xE4, 0x17, 0xE4, 0x17, 0xE4,
    0x17, 0xE4, 0x17, 0xE4, 0x17, 0xE4, 0x17, 0xE4, 0x17, 0xE4, 0x17, 0xE4, 0x17, 0xE4, 0x17, 0xE4,
    0x17, 0xE4, 0xFF, 0x17, 0xE4, 0x17, 0xE4, 0x17, 0xE4, 0x17, 0xE4, 0x17, 0xE4, 0x17, 0xE4, 0x17,
    0xE4, 0x17, 0xE4, 0x17, 0xE4, 0x17, 0xE4, 0x17, 0xE4, 0x17, 0xE4, 0x17, 0xE4, 0x17, 0xE4, 0x17,
    0xE4, 0x17, 0xE4, 0x17, 0xE4, 0x17, 0xE4, 0x17, 0xE4, 0x17, 0xE4, 0x17, 0xE4, 0x17, 0xE4, 0x17,
    0xE4, 0x17, 0xE4, 0x17, 0xE4, 0x17, 0xE4, 0x17, 0xE4, 0x17, 0xE4, 0x17, 0xE4, 0x17, 0xE4, 0x17,
    0xE4, 0x17, 0xE4, 0x17, 0xE4, 0x17, 0xE4, 0x17, 0xE4, 0x17, 0xE4, 0x17, 0xE4, 0x17, 0xE4, 0x17,
    0xE4, 0x17, 0xE4, 0x17, 0xE4, 0x17, 0xE4, 0x17, 0xE4, 0x17, 0xE4, 0x17, 0xE4, 0x17, 0xE4, 0x17,
    0xE4, 0x17, 0xE4, 0x17, 0xE4, 0x17, 0xE4, 0x17, 0xE4, 0x17, 0xE4, 0x17, 0xE4, 0x17, 0xE4, 0x1F,
    0xE4, 0x17, 0x63, 0x1C, 0x21, 0x63, 0x06, 0x7A, 0xA7, 0x92, 0xC8, 0x92, 0x68, 0x92, 0x27, 0x92,
    0x28, 0x92, 0x47, 0xFF, 0x7A, 0x87, 0x52, 0xE4, 0x3B, 0xE3, 0x24, 0x82, 0x25, 0xA3, 0x37, 0xE7,
    0x1F, 0xE5, 0x17, 0xE4, 0x17, 0xE4, 0x17, 0xE4, 0x17, 0xE4, 0x17, 0xE4, 0x17, 0xE4, 0x17, 0xE4,
    0x17, 0xE4, 0x17, 0xE4, 0x17, 0xE4, 0x17, 0xE4, 0x17, 0xE4, 0x17, 0xE4, 0x17, 0xE4, 0x17, 0xE4,
    0x17, 0xE4, 0x17, 0xE4, 0x17, 0xE4, 0x17, 0xE4, 0x17, 0xE4, 0x17, 0xE4, 0x17, 0xE4, 0x17, 0xE4,
    0x17, 0xE4, 0x17, 0xE4, 0x17, 0xE4, 0x17, 0xE4, 0x17, 0xE4, 0x17, 0xE4, 0x17, 0xE4, 0x17, 0xE4,
    0x17, 0xE4, 0x17, 0xE4, 0x17, 0xE4, 0x17, 0xE4, 0x17, 0xE4, 0x17, 0xE4, 0x17, 0xE4, 0x17, 0xE4,
    0x17, 0xE4, 0x17, 0xE4, 0x17, 0xE4, 0x17, 0xE4, 0x17, 0xE4, 0x17, 0xE4, 0x17, 0xE4, 0x17, 0xE4,
    0x17, 0xE4, 0x17, 0xE4, 0x17, 0xE4, 0x17, 0xE4, 0x17, 0xE4, 0x17, 0xE4, 0x17, 0xE4, 0x17, 0xE4,
    0x17, 0xE4, 0x17, 0xE4, 0xFF, 0x17, 0xE4, 0x17, 0xE4, 0x17, 0xE4, 0x17, 0xE4, 0x17, 0xE4, 0x17,
    0xE4, 0x17, 0xE4, 0x17, 0xE4, 0x17, 0xE4, 0x17, 0xE4, 0x17, 0xE4, 0x17, 0xE4, 0x17, 0xE4, 0x17,
    0xE4, 0x17, 0xE4, 0x17, 0xE4, 0x17, 0xE4, 0x17, 0xE4, 0x17, 0xE4, 0x17, 0xE4, 0x17, 0xE4, 0x17,
    0xE4, 0x17, 0xE4, 0x17, 0xE4, 0x17, 0xE4, 0x17, 0xE4, 0x17, 0xE4, 0x17, 0xE4, 0x17, 0xE4, 0x17,
    0xE4, 0x17, 0xE4, 0x17, 0xE4, 0x17, 0xE4, 0x17, 0xE4, 0x17, 0xE4, 0x17, 0xE4, 0x17, 0xE4, 0x17,
    0xE4, 0x17, 0xE4, 0x17, 0xE4, 0x17, 0xE4, 0x17, 0xE4, 0x17, 0xE4, 0x17, 0xE4, 0x17, 0xE4, 0x17,
    0xE4, 0x17, 0xE4, 0x17, 0xE4, 0x17, 0xE4, 0x17, 0xE4, 0x17, 0xE4, 0x17, 0xE4, 0x17, 0xE4, 0x17,
    0xE4, 0x17, 0xE4, 0x17, 0xE4, 0x17, 0xE4, 0x17, 0xE4, 0x17, 0xE4, 0x17, 0xE4, 0x17, 0xE4, 0x1F,
    0xE4, 0x1F, 0x64, 0x25, 0x62, 0xFF, 0x34, 0x82, 0x44, 0x43, 0x4B, 0xE4, 0x53, 0xE5, 0x54, 0x05,
    0x54, 0x45, 0x44, 0xC4, 0x3E, 0x86, 0x37, 0xE7, 0x27, 0xE5, 0x1F, 0xE5, 0x1F, 0xE5, 0x17, 0xE4,
    0x17, 0xE4, 0x17, 0xE4, 0x17, 0xE4, 0x17, 0xE4, 0x17, 0xE4, 0x17, 0xE4, 0x17, 0xE4, 0x17, 0xE4,
    0x17, 0xE4, 0x17, 0xE4, 0x17, 0xE4, 0x17, 0xE4, 0x17, 0xE4, 0x17, 0xE4, 0x17, 0xE4, 0x17, 0xE4,
    0x17, 0xE4, 0x17, 0xE4, 0x17, 0xE4, 0x17, 0xE4, 0x17, 0xE4, 0x17, 0xE4, 0x17, 0xE4, 0x17, 0xE4,
    0x17, 0xE4, 0x17, 0xE4, 0x17, 0xE4, 0x17, 0xE4, 0x17, 0xE4, 0x17, 0xE4, 0x17, 0xE4, 0x17, 0xE4,
    0x17, 0xE4, 0x17, 0xE4, 0x17, 0xE4, 0x17, 0xE4, 0x17, 0xE4, 0x17, 0xE4, 0x17, 0xE4, 0x17, 0xE4,
    0x17, 0xE4, 0x17, 0xE4, 0x17, 0xE4, 0x17, 0xE4, 0x17, 0xE4, 0x17, 0xE4, 0x17, 0xE4, 0x17, 0xE4,
    0x17, 0xE4, 0x17, 0xE4, 0x17, 0xE4, 0xFF, 0x17, 0xE4, 0x17, 0xE4, 0x17, 0xE4, 0x17, 0xE4, 0x17,
    0xE4, 0x17, 0xE4, 0x17, 0xE4, 0x17, 0xE4, 0x17, 0xE4, 0x17, 0xE4, 0x17, 0xE4, 0x17, 0xE4, 0x17,
    0xE4, 0x17, 0xE4, 0x17, 0xE4, 0x17, 0xE4, 0x17, 0xE4, 0x17, 0xE4, 0x17, 0xE4, 0x17, 0xE4, 0x17,
    0xE4, 0x17, 0xE4, 0x17, 0xE4, 0x17, 0xE4, 0x17, 0xE4, 0x17, 0xE4, 0x17, 0xE4, 0x17, 0xE4, 0x17,
    0xE4, 0x17, 0xE4, 0x17, 0xE4, 0x17, 0xE4, 0x17, 0xE4, 0x17, 0xE4, 0x17, 0xE4, 0x17, 0xE4, 0x17,
    0xE4, 0x17, 0xE4, 0x17, 0xE4, 0x17, 0xE4, 0x17, 0xE4, 0x17, 0xE4, 0x17, 0xE4, 0x17, 0xE4, 0x17,
    0xE4, 0x17, 0xE4, 0x17, 0xE4, 0x17, 0xE4, 0x17, 0xE4, 0x17, 0xE4, 0x17, 0xE4, 0x17, 0xE4, 0x17,
    0xE4, 0x17, 0xE4, 0x17, 0xE4, 0x17, 0xE4, 0x17, 0xE4, 0x17, 0xE4, 0x17, 0xE4, 0x17, 0xE4, 0x17,
    0xE4, 0x17, 0xE4, 0x17, 0xE4, 0x17, 0xE4, 0xFF, 0x17, 0xE4, 0x17, 0xE4, 0x17, 0xE4, 0x17, 0xE4,
    0x1F, 0xE5, 0x27, 0xE4, 0x27, 0xE4, 0x2F, 0xC5, 0x2F, 0x85, 0x2F, 0x85, 0x37, 0xA6, 0x37, 0xC6,
    0x37, 0xE6, 0x27, 0xE6, 0x17, 0xE5, 0x17, 0xE4, 0x17, 0xE4, 0x17, 0xE4, 0x17, 0xE4, 0x17, 0xE4,
    0x17, 0xE4, 0x17, 0xE4, 0x17, 0xE4, 0x17, 0xE4, 0x17, 0xE4, 0x17, 0xE4, 0x17, 0xE4, 0x17, 0xE4,
    0x17, 0xE4, 0x17, 0xE4, 0x17, 0xE4, 0x17, 0xE4, 0x17, 0xE4, 0x17, 0xE4, 0x17, 0xE4, 0x17, 0xE4,
    0x17, 0xE4, 0x17, 0xE4, 0x17, 0xE4, 0x17, 0xE4, 0x17, 0xE4, 0x17, 0xE4, 0x17, 0xE4, 0x17, 0xE4,
    0x17, 0xE4, 0x17, 0xE4, 0x17, 0xE4, 0x17, 0xE4, 0x17, 0xE4, 0x17, 0xE4, 0x17, 0xE4, 0x17, 0xE4,
    0x17, 0xE4, 0x17, 0xE4, 0x17, 0xE4, 0x17, 0xE4, 0x17, 0xE4, 0x17, 0xE4, 0x17, 0xE4, 0x17, 0xE4,
    0x17, 0xE4, 0x17, 0xE4, 0x17, 0xE4, 0x17, 0xE4, 0xB1, 0x17, 0xE4, 0x17, 0xE4, 0x17, 0xE4, 0x17,
    0xE4, 0x17, 0xE4, 0x17, 0xE4, 0x17, 0xE4, 0x17, 0xE4, 0x17, 0xE4, 0x17, 0xE4, 0x17, 0xE4, 0x17,
    0xE4, 0x17, 0xE4, 0x17, 0xE4, 0x17, 0xE4, 0x17, 0xE4, 0x17, 0xE4, 0x17, 0xE4, 0x17, 0xE4, 0x17,
    0xE4, 0x17, 0xE4, 0x17, 0xE4, 0x17, 0xE4, 0x17, 0xE4, 0x17, 0xE4, 0x7F, 0x00, 0x7F, 0x00, 0x7F,
    0x00, 0x7F, 0x00, 0x7F, 0x00, 0x7F, 0x00, 0x7F, 0x00, 0x7F, 0x00, 0x7F, 0x00, 0x7F, 0x00, 0x7F,
    0x00, 0x7F, 0x00, 0x7F, 0x00, 0x7F, 0x00, 0x7F, 0x00, 0x7F, 0x00, 0x7F, 0x00, 0x7F, 0x00, 0x7F,
    0x00, 0x7F, 0x00, 0x7F, 0x00, 0x7F, 0x00, 0x7F, 0x00, 0x7F, 0x00, 0x7F, 0x00, 0x7F, 0x00, 0x7F,
    0x00, 0x7F, 0x00, 0x7F, 0x00, 0x7F, 0x00, 0x7F, 0x00, 0x7F, 0x00, 0x7F, 0x00, 0x7F, 0x00, 0x7F,
    0x00, 0x7F, 0x00, 0x7F, 0x00, 0x7F, 0x00, 0x7F, 0x00, 0x7F, 0x00, 0x7F, 0x00, 0x7F, 0x00, 0x7F,
    0x00, 0x7F, 0x00, 0x7F, 0x00, 0x7F, 0x00, 0x7F, 0x00, 0x7F, 0x00, 0x7F, 0x00, 0x7F, 0x00, 0x7F,
    0x00, 0x7F, 0x00, 0x7F, 0x00, 0x7F, 0x00, 0x7F, 0x00, 0x7F, 0x00, 0x7F, 0x00, 0x7F, 0x00, 0x7F,
    0x00, 0x7F, 0x00, 0x7F, 0x00, 0x7F, 0x00, 0x7F, 0x00, 0x7F, 0x00, 0x7F, 0x00, 0x7F, 0x00, 0x7F,
    0x00, 0x7F, 0x00, 0x7F, 0x00, 0x7F, 0x00, 0x7F, 0x00, 0x7F, 0x00, 0x7F, 0x00, 0x7F, 0x00, 0x7F,
    0x00, 0x7F, 0x00, 0x7F, 0x00, 0x7F, 0x00, 0x7F, 0x00, 0x7F, 0x00, 0x7F, 0x00, 0x7F, 0x00, 0x7F,
    0x00, 0x7F, 0x00, 0x7F, 0x00, 0x7F, 0x00, 0x42, 0x00,
};
// clang-format on
