// Copyright 2026 QMK -- generated source code only, image retains original copyright
// SPDX-License-Identifier: GPL-2.0-or-later

// This file was auto-generated by `painter_convert_graphics` with arguments:
//    format | rgb565
//    output | frames_cropped
//    input  | frame_07.png

// Image's metadata
// ----------------
// Width: 134
// Height: 240
// Single frame

#include <qp.h>

const uint32_t gfx_frame_07_length = 43165;

// clang-format off
const uint8_t gfx_frame_07[43165] = {
    0x00, 0xFF, 0x12, 0x00, 0x00, 0x51, 0x47, 0x46, 0x01, 0x9D, 0xA8, 0x00, 0x00, 0x62, 0x57, 0xFF,
    0xFF, 0x86, 0x00, 0xF0, 0x00, 0x01, 0x00, 0x01, 0xFE, 0x04, 0x00, 0x00, 0x20, 0x00, 0x00, 0x00,
    0x02, 0xFD, 0x06, 0x00, 0x00, 0x08, 0x00, 0x01, 0xFF, 0xE8, 0x03, 0x05, 0xFA, 0x6D, 0xA8, 0x00,
    0x7F, 0x00, 0x7F, 0x00, 0x7F, 0x00, 0x7F, 0x00, 0x7F, 0x00, 0x7F, 0x00, 0x7F, 0x00, 0x7F, 0x00,
    0x7F, 0x00, 0x7F, 0x00, 0x7F, 0x00, 0x7F, 0x00, 0x7F, 0x00, 0x7F, 0x00, 0x7F, 0x00, 0x7F, 0x00,
    0x7F, 0x00, 0x7F, 0x00, 0x7F, 0x00, 0x7F, 0x00, 0x7F, 0x00, 0x7F, 0x00, 0x7F, 0x00, 0x7F, 0x00,
    0x7F, 0x00, 0x7F, 0x00, 0x7F, 0x00, 0x7F, 0x00, 0x7F, 0x00, 0x7F, 0x00, 0x7F, 0x00, 0x7F, 0x00,
    0x7F, 0x00, 0x7F, 0x00, 0x7F, 0x00, 0x7F, 0x00, 0x7F, 0x00, 0x7F, 0x00, 0x7F, 0x00, 0x7F, 0x00,
    0x7F, 0x00, 0x7F, 0x00, 0x7F, 0x00, 0x7F, 0x00, 0x7F, 0x00, 0x7F, 0x00, 0x7F, 0x00, 0x7F, 0x00,
    0x7F, 0x00, 0x7F, 0x00, 0x7F, 0x00, 0x7F, 0x00, 0x7F, 0x00, 0x7F, 0x00, 0x7F, 0x00, 0x7F, 0x00,
    0x7F, 0x00, 0x7F, 0x00, 0x7F, 0x00, 0x7F, 0x00, 0x7F, 0x00, 0x7F, 0x00, 0x7F, 0x00, 0x7F, 0x00,
    0x7F, 0x00, 0x7F, 0x00, 0x7F, 0x00, 0x7F, 0x00, 0x7F, 0x00, 0x7F, 0x00, 0x7F, 0x00, 0x7F, 0x00,
    0x7F, 0x00, 0x7F, 0x00, 0x7F, 0x00, 0x7F, 0x00, 0x7F, 0x00, 0x7F, 0x00, 0x7F, 0x00, 0x7F, 0x00,
    0x7F, 0x00, 0x7F, 0x00, 0x7F, 0x00, 0x7F, 0x00, 0x34, 0x00, 0xFF, 0x17, 0xE4, 0x17, 0xE4, 0x17,
    0xE4, 0x17, 0xE4, 0x17, 0xE4, 0x17, 0xE4, 0x17, 0xE4, 0x17, 0xE4, 0x17, 0xE4, 0x17, 0xE4, 0x17,
    0xE4, 0x17, 0xE4, 0x17, 0xE4, 0x17, 0xE4, 0x17, 0xE4, 0x17, 0xE4, 0x17, 0xE4, 0x17, 0xE4, 0x17,
    0xE4, 0x17, 0xE4, 0x17, 0xE4, 0x17, 0xE4, 0x17, 0xE4, 0x17, 0xE4, 0x17, 0xE4, 0x17, 0xE4, 0x17,
    0xE4, 0x17, 0xE4, 0x17, 0xE4, 0x17, 0xE4, 0x17, 0xE4, 0x17, 0xE4, 0x17, 0xE4, 0x17, 0xE4, 0x17,
    0xE4, 0x17, 0xE4, 0x17, 0xE4, 0x17, 0xE4, 0x17, 0xE4, 0x17, 0xE4, 0x17, 0xE4, 0x17, 0xE4, 0x17,
    0xE4, 0x17, 0xE4, 0x17, 0xE4, 0x17, 0xE4, 0x17, 0xE4, 0x17, 0xE4, 0x17, 0xE4, 0x17, 0xE4, 0x17,
    0xE4, 0x17, 0xE4, 0x17, 0xE4, 0x17, 0xE4, 0x17, 0xE4, 0x17, 0xE4, 0x17, 0xE4, 0x17, 0xE4, 0x17,
    0xE4, 0x17, 0xE4, 0x17, 0xE4, 0x17, 0xE4, 0x17, 0xE4, 0x17, 0xE4, 0xFF, 0x17, 0xE4, 0x17, 0xE4,
    0x17, 0xE4, 0x17, 0xE4, 0x17, 0xE4, 0x17, 0xE4, 0x17, 0xE4, 0x17, 0xE4, 0x17, 0xE4, 0x17, 0xE4,
    0x17, 0xE4, 0x17, 0xE4, 0x17, 0xE4, 0x17, 0xE4, 0x17, 0xE4, 0x17, 0xE4, 0x17, 0xE4, 0x17, 0xE4,
    0x17, 0xE4, 0x17, 0xE4, 0x17, 0xE4, 0x17, 0xE4, 0x17, 0xE4, 0x17, 0xE4, 0x17, 0xE4, 0x17, 0xE4,
    0x17, 0xE4, 0x17, 0xE4, 0x17, 0xE4, 0x17, 0xE4, 0x17, 0xE4, 0x17, 0xE4, 0x17, 0xE4, 0x17, 0xE4,
    0x17, 0xE4, 0x17, 0xE4, 0x17, 0xE4, 0x17, 0xE4, 0x17, 0xE4, 0x17, 0xE4, 0x17, 0xE4, 0x17, 0xE4,
    0x17, 0xE4, 0x17, 0xE4, 0x17, 0xE4, 0x17, 0xE4, 0x17, 0xE4, 0x17, 0xE4, 0x17, 0xE4, 0x17, 0xE4,
    0x17, 0xE4, 0x17, 0xE4, 0x17, 0xE4, 0x17, 0xE4, 0x17, 0xE4, 0x17, 0xE4, 0x17, 0xE4, 0x17, 0xE4,
    0x17, 0xE4, 0x17, 0xE4, 0x17, 0xE4, 0x17, 0xE4, 0x17, 0xE4, 0x17, 0xE4, 0xFF, 0x17, 0xE4, 0x17,
    0xE4, 0x17, 0xE4, 0x17, 0xE4, 0x17, 0xE4, 0x17, 0xE4, 0x17, 0xE4, 0x17, 0xE4, 0x17, 0xE4, 0x17,
    0xE4, 0x17, 0xE4, 0x17, 0xE4, 0x17, 0xE4, 0x17, 0xE4, 0x17, 0xE4, 0x17, 0xE4, 0x17, 0xE4, 0x17,
    0xE4, 0x17, 0xE4, 0x17, 0xE4, 0x17, 0xE4, 0x17, 0xE4, 0x17, 0xE4, 0x17, 0xE4, 0x17, 0xE4, 0x17,
    0xE4, 0x17, 0xE4, 0x17, 0xE4, 0x17, 0xE4, 0x17, 0xE4, 0x17, 0xE4, 0x17, 0xE4, 0x17, 0xE4, 0x17,
    0xE4, 0x17, 0xE4, 0x17, 0xE4, 0x17, 0xE4, 0x17, 0xE4, 0x17, 0xE4, 0x17, 0xE4, 0x17, 0xE4, 0x17,
    0xE4, 0x17, 0xE4, 0x17, 0xE4, 0x17, 0xE4, 0x17, 0xE4, 0x17, 0xE4, 0x17, 0xE4, 0x17, 0xE4, 0x17,
    0xE4, 0x17, 0xE4, 0x17, 0xE4, 0x17, 0xE4, 0x17, 0xE4, 0x17, 0xE4, 0x17, 0xE4, 0x17, 0xE4, 0x17,
    0xE4, 0x17, 0xE4, 0x17, 0xE4, 0x17, 0xE4, 0x17, 0xE4, 0x17, 0xE4, 0x17, 0xE4, 0xFF, 0x17, 0xE4,
    0x17, 0xE4, 0x17, 0xE4, 0x17, 0xE4, 0x17, 0xE4, 0x17, 0xE4, 0x17, 0xE4, 0x17, 0xE4, 0x17, 0xE4,
    0x17, 0xE4, 0x17, 0xE4, 0x17, 0xE4, 0x17, 0xE4, 0x17, 0xE4, 0x17, 0xE4, 0x17, 0xE4, 0x17, 0xE4,
    0x17, 0xE4, 0x17, 0xE4, 0x17, 0xE4, 0x17, 0xE4, 0x17, 0xE4, 0x17, 0xE4, 0x17, 0xE4, 0x17, 0xE4,
    0x17, 0xE4, 0x17, 0xE4, 0x17, 0xE4, 0x17, 0xE4, 0x17, 0xE4, 0x17, 0xE4, 0x17, 0xE4, 0x17, 0xE4,
    0x17, 0xE4, 0x17, 0xE4, 0x17, 0xE4, 0x17, 0xE4, 0x17, 0xE4, 0x17, 0xE4, 0x17, 0xE4, 0x17, 0xE4,
    0x17, 0xE4, 0x17, 0xE4, 0x17, 0xE4, 0x17, 0xE4, 0x17, 0xE4, 0x17, 0xE4, 0x17, 0xE4, 0x17, 0xE4,
    0x17, 0xE4, 0x17, 0xE4, 0x17, 0xE4, 0x17, 0xE4, 0x17, 0xE4, 0x17, 0xE4, 0x17, 0xE4, 0x17, 0xE4,
    0x17, 0xE4, 0x17, 0xE4, 0x17, 0xE4, 0x17, 0xE4, 0x17, 0xE4, 0x17, 0xE4, 0x17, 0xE4, 0xFF, 0x17,
    0xE4, 0x17, 0xE4, 0x17, 0xE4, 0x17, 0xE4, 0x17, 0xE4, 0x17, 0xE4, 0x17, 0xE4, 0x17, 0xE4, 0x17,
    0xE4, 0x17, 0xE4, 0x17, 0xE4, 0x17, 0xE4, 0x17, 0xE4, 0x17, 0xE4, 0x17, 0xE4, 0x17, 0xE4, 0x17,
    0xE4, 0x17, 0xE4, 0x17, 0xE4, 0x17, 0xE4, 0x17, 0xE4, 0x17, 0xE4, 0x17, 0xE4, 0x17, 0xE4, 0x17,
    0xE4, 0x17, 0xE4, 0x17, 0xE4, 0x17, 0xE4, 0x17, 0xE4, 0x17, 0xE4, 0x17, 0xE4, 0x17, 0xE4, 0x17,
    0xE4, 0x17, 0xE4, 0x17, 0xE4, 0x17, 0xE4, 0x17, 0xE4, 0x17, 0xE4, 0x17, 0xE4, 0x17, 0xE4, 0x17,
    0xE4, 0x17, 0xE4, 0x17, 0xE4, 0x17, 0xE4, 0x17, 0xE4, 0x17, 0xE4, 0x17, 0xE4, 0x17, 0xE4, 0x17,
    0xE4, 0x17, 0xE4, 0x17, 0xE4, 0x17, 0xE4, 0x17, 0xE4, 0x17, 0xE4, 0x17, 0xE4, 0x17, 0xE4, 0x17,
    0xE4, 0x17, 0xE4, 0x17, 0xE4, 0x17, 0xE4, 0x17, 0xE4, 0x17, 0xE4, 0x17, 0xE4, 0x17, 0xE4, 0xFF,
    0x17, 0xE4, 0x17, 0xE4, 0x17, 0xE4, 0x17, 0xE4, 0x17, 0xE4, 0x17, 0xE4, 0x17, 0xE4, 0x17, 0xE4,
    0x17, 0xE4, 0x17, 0xE4, 0x17, 0xE4, 0x17, 0xE4, 0x17, 0xE4, 0x17, 0xE4, 0x17, 0xE4, 0x17, 0xE4,
    0x17, 0xE4, 0x17, 0xE4, 0x17, 0xE4, 0x17, 0xE4, 0x17, 0xE4, 0x17, 0xE4, 0x17, 0xE4, 0x17, 0xE4,
    0x17, 0xE4, 0x17, 0xE4, 0x17, 0xE4, 0x17, 0xE4, 0x17, 0xE4, 0x17, 0xE4, 0x17, 0xE4, 0x17, 0xE4,
    0x17, 0xE4, 0x17, 0xE4, 0x17, 0xE4, 0x17, 0xE4, 0x17, 0xE4, 0x17, 0xE4, 0x17, 0xE4, 0x17, 0xE4,
    0x17, 0xE4, 0x17, 0xE4, 0x17, 0xE4, 0x17, 0xE4, 0x17, 0xE4, 0x17, 0xE4, 0x17, 0xE4, 0x17, 0xE4,
    0x17, 0xE4, 0x17, 0xE4, 0x17, 0xE4, 0x17, 0xE4, 0x17, 0xE4, 0x17, 0xE4, 0x17, 0xE4, 0x17, 0xE4,
    0x17, 0xE4, 0x17, 0xE4, 0x17, 0xE4, 0x17, 0xE4, 0x17, 0xE4, 0x17, 0xE4, 0x17, 0xE4, 0x17, 0xE4,
    0xFF, 0x17, 0xE4, 0x17, 0xE4, 0x17, 0xE4, 0x17, 0xE4, 0x17, 0xE4, 0x17, 0xE4, 0x17, 0xE4, 0x17,
    0xE4, 0x17, 0xE4, 0x17, 0xE4, 0x17, 0xE4, 0x17, 0xE4, 0x17, 0xE4, 0x17, 0xE4, 0x17, 0xE4, 0x17,
    0xE4, 0x17, 0xE4, 0x17, 0xE4, 0x17, 0xE4, 0x17, 0xE4, 0x17, 0xE4, 0x17, 0xE4, 0x17, 0xE4, 0x17,
    0xE4, 0x17, 0xE4, 0x17, 0xE4, 0x17, 0xE4, 0x17, 0xE4, 0x17, 0xE4, 0x17, 0xE4, 0x17, 0xE4, 0x17,
    0xE4, 0x17, 0xE4, 0x17, 0xE4, 0x17, 0xE4, 0x17, 0xE4, 0x17, 0xE4, 0x17, 0xE4, 0x17, 0xE4, 0x17,
    0xE4, 0x17, 0xE4, 0x17, 0xE4, 0x17, 0xE4, 0x17, 0xE4, 0x17, 0xE4, 0x17, 0xE4, 0x17, 0xE4, 0x17,
    0xE4, 0x17, 0xE4, 0x17, 0xE4, 0x17, 0xE4, 0x17, 0xE4, 0x17, 0xE4, 0x17, 0xE4, 0x17, 0xE4, 0x17,
    0xE4, 0x17, 0xE4, 0x17, 0xE4, 0x17, 0xE4, 0x17, 0xE4, 0x17, 0xE4, 0x17, 0xE4, 0x17, 0xE4, 0x17,
    0xE4, 0xFF, 0x17, 0xE4, 0x17, 0xE4, 0x17, 0xE4, 0x17, 0xE4, 0x17, 0xE4, 0x17, 0xE4, 0x17, 0xE4,
    0x17, 0xE4, 0x17, 0xE4, 0x17, 0xE4, 0x17, 0xE4, 0x17, 0xE4, 0x17, 0xE4, 0x17, 0xE4, 0x17, 0xE4,
    0x17, 0xE4, 0x17, 0xE4, 0x17, 0xE4, 0x17, 0xE4, 0x17, 0xE4, 0x17, 0xE4, 0x17, 0xE4, 0x17, 0xE4,
    0x17, 0xE4, 0x17, 0xE4, 0x17, 0xE4, 0x17, 0xE4, 0x17, 0xE4, 0x17, 0xE4, 0x17, 0xE4, 0x17, 0xE4,
    0x17, 0xE4, 0x17, 0xE4, 0x17, 0xE4, 0x17, 0xE4, 0x17, 0xE4, 0x17, 0xE4, 0x17, 0xE4, 0x17, 0xE4,
    0x17, 0xE4, 0x17, 0xE4, 0x17, 0xE4, 0x17, 0xE4, 0x17, 0xE4, 0x17, 0xE4, 0x17, 0xE4, 0x17, 0xE4,
    0x17, 0xE4, 0x17, 0xE4, 0x17, 0xE4, 0x17, 0xE4, 0x17, 0xE4, 0x17, 0xE4, 0x17, 0xE4, 0x17, 0xE4,
    0x17, 0xE4, 0x17, 0xE4, 0x17, 0xE4, 0x17, 0xE4, 0x17, 0xE4, 0x17, 0xE4, 0x17, 0xE4, 0x17, 0xE4,
    0x17, 0xE4, 0xFF, 0x17, 0xE4, 0x17, 0xE4, 0x17, 0xE4, 0x17, 0xE4, 0x17, 0xE4, 0x17, 0xE4, 0x17,
    0xE4, 0x17, 0xE4, 0x17, 0xE4, 0x17, 0xE4, 0x17, 0xE4, 0x17, 0xE4, 0x17, 0xE4, 0x17, 0xE4, 0x17,
    0xE4, 0x17, 0xE4, 0x17, 0xE4, 0x17, 0xE4, 0x17, 0xE4, 0x17, 0xE4, 0x17, 0xE4, 0x17, 0xE4, 0x17,
    0xE4, 0x17, 0xE4, 0x17, 0xE4, 0x17, 0xE4, 0x17, 0xE4, 0x17, 0xE4, 0x17, 0xE4, 0x17, 0xE4, 0x17,
    0xE4, 0x17, 0xE4, 0x17, 0xE4, 0x17, 0xE4, 0x17, 0xE4, 0x17, 0xE4, 0x17, 0xE4, 0x17, 0xE4, 0x17,
    0xE4, 0x17, 0xE4, 0x17, 0xE4, 0x17, 0xE4, 0x17, 0xE4, 0x17, 0xE4, 0x17, 0xE4, 0x17, 0xE4, 0x17,
    0xE4, 0x17, 0xE4, 0x17, 0xE4, 0x17, 0xE4, 0x17, 0xE4, 0x17, 0xE4, 0x17, 0xE4, 0x17, 0xE4, 0x17,
    0xE4, 0x17, 0xE4, 0x17, 0xE4, 0x17, 0xE4, 0x17, 0xE4, 0x17, 0xE4, 0x17, 0xE4, 0x17, 0xE4, 0x17,
    0xE4, 0x17, 0xE4, 0xFF, 0x17, 0xE4, 0x17, 0xE4, 0x17, 0xE4, 0x17, 0xE4, 0x17, 0xE4, 0x17, 0xE4,
    0x17, 0xE4, 0x17, 0xE4, 0x17, 0xE4, 0x17, 0xE4, 0x17, 0xE4, 0x17, 0xE4, 0x17, 0xE4, 0x17, 0xE4,
    0x17, 0xE4, 0x17, 0xE4, 0x17, 0xE4, 0x17, 0xE4, 0x17, 0xE4, 0x17, 0xE4, 0x17, 0xE4, 0x17, 0xE4,
    0x17, 0xE4, 0x17, 0xE4, 0x17, 0xE4, 0x17, 0xE4, 0x17, 0xE4, 0x17, 0xE4, 0x17, 0xE4, 0x17, 0xE4,
    0x17, 0xE4, 0x17, 0xE4, 0x17, 0xE4, 0x17, 0xE4, 0x17, 0xE4, 0x17, 0xE4, 0x17, 0xE4, 0x17, 0xE4,
    0x17, 0xE4, 0x17, 0xE4, 0x17, 0xE4, 0x17, 0xE4, 0x17, 0xE4, 0x17, 0xE4, 0x17, 0xE4, 0x17, 0xE4,
    0x17, 0xE4, 0x17, 0xE4, 0x17, 0xE4, 0x17, 0xE4, 0x17, 0xE4, 0x17, 0xE4, 0x17, 0xE4, 0x17, 0xE4,
    0x17, 0xE4, 0x17, 0xE4, 0x17, 0xE4, 0x17, 0xE4, 0x17, 0xE4, 0x17, 0xE4, 0x17, 0xE4, 0x17, 0xE4,
    0x17, 0xE4, 0x17, 0xE4, 0xFF, 0x17, 0xE4, 0x17, 0xE4, 0x17, 0xE4, 0x17, 0xE4, 0x17, 0xE4, 0x17,
    0xE4, 0x17, 0xE4, 0x17, 0xE4, 0x17, 0xE4, 0x17, 0xE4, 0x17, 0xE4, 0x17, 0xE4, 0x17, 0xE4, 0x17,
    0xE4, 0x17, 0xE4, 0x17, 0xE4, 0x17, 0xE4, 0x17, 0xE4, 0x17, 0xE4, 0x17, 0xE4, 0x17, 0xE4, 0x17,
    0xE4, 0x17, 0xE4, 0x17, 0xE4, 0x17, 0xE4, 0x17, 0xE4, 0x17, 0xE4, 0x17, 0xE4, 0x17, 0xE4, 0x17,
    0xE4, 0x17, 0xE4, 0x17, 0xE4, 0x17, 0xE4, 0x17, 0xE4, 0x17, 0xE4, 0x17, 0xE4, 0x17, 0xE4, 0x17,
    0xE4, 0x17, 0xE4, 0x17, 0xE4, 0x17, 0xE4, 0x17, 0xE4, 0x17, 0xE4, 0x17, 0xE4, 0x17, 0xE4, 0x17,
    0xE4, 0x17, 0xE4, 0x17, 0xE4, 0x17, 0xE4, 0x17, 0xE4, 0x17, 0xE4, 0x17, 0xE4, 0x17, 0xE4, 0x17,
    0xE4, 0x17, 0xE4, 0x17, 0xE4, 0x17, 0xE4, 0x17, 0xE4, 0x17, 0xE4, 0x17, 0xE4, 0x17, 0xE4, 0x17,
    0xE4, 0x17, 0xE4, 0x17, 0xE4, 0xFF, 0x17, 0xE4, 0x17, 0xE4, 0x17, 0xE4, 0x17, 0xE4, 0x17, 0xE4,
    0x17, 0xE4, 0x17, 0xE4, 0x17, 0xE4, 0x17, 0xE4, 0x17, 0xE4, 0x17, 0xE4, 0x17, 0xE4, 0x17, 0xE4,
    0x17, 0xE4, 0x17, 0xE4, 0x17, 0xE4, 0x17, 0xE4, 0x17, 0xE4, 0x17, 0xE4, 0x17, 0xE4, 0x17, 0xE4,
    0x17, 0xE4, 0x17, 0xE4, 0x17, 0xE4, 0x17, 0xE4, 0x17, 0xE4, 0x17, 0xE4, 0x17, 0xE4, 0x17, 0xE4,
    0x17, 0xE4, 0x17, 0xE4, 0x17, 0xE4, 0x17, 0xE4, 0x17, 0xE4, 0x17, 0xE4, 0x17, 0xE4, 0x17, 0xE4,
    0x17, 0xE4, 0x17, 0xE4, 0x17, 0xE4, 0x17, 0xE4, 0x17, 0xE4, 0x17, 0xE4, 0x17, 0xE4, 0x17, 0xE4,
    0x17, 0xE4, 0x17, 0xE4, 0x17, 0xE4, 0x17, 0xE4, 0x17, 0xE4, 0x17, 0xE4, 0x17, 0xE4, 0x17, 0xE4,
    0x17, 0xE4, 0x17, 0xE4, 0x17, 0xE4, 0x17, 0xE4, 0x17, 0xE4, 0x17, 0xE4, 0x17, 0xE4, 0x17, 0xE4,
    0x17, 0xE4, 0x17, 0xE4, 0x17, 0xE4, 0xFF, 0x17, 0xE4, 0x17, 0xE4, 0x17, 0xE4, 0x17, 0xE4, 0x17,
    0xE4, 0x17, 0xE4, 0x17, 0xE4, 0x17, 0xE4, 0x17, 0xE4, 0x17, 0xE4, 0x17, 0xE4, 0x17, 0xE4, 0x17,
    0xE4, 0x17, 0xE4, 0x17, 0xE4, 0x17, 0xE4, 0x17, 0xE4, 0x17, 0xE4, 0x17, 0xE4, 0x17, 0xE4, 0x17,
    0xE4, 0x17, 0xE4, 0x17, 0xE4, 0x17, 0xE4, 0x17, 0xE4, 0x17, 0xE4, 0x17, 0xE4, 0x17, 0xE4, 0x17,
    0xE4, 0x17, 0xE4, 0x17, 0xE4, 0x17, 0xE4, 0x17, 0xE4, 0x17, 0xE4, 0x17, 0xE4, 0x17, 0xE4, 0x17,
    0xE4, 0x17, 0xE4, 0x17, 0xE4, 0x17, 0xE4, 0x17, 0xE4, 0x17, 0xE4, 0x17, 0xE4, 0x17, 0xE4, 0x17,
    0xE4, 0x17, 0xE4, 0x17, 0xE4, 0x17, 0xE4, 0x17, 0xE4, 0x17, 0xE4, 0x17, 0xE4, 0x17, 0xE4, 0x17,
    0xE4, 0x17, 0xE4, 0x17, 0xE4, 0x17, 0xE4, 0x17, 0xE4, 0x17, 0xE4, 0x17, 0xE4, 0x17, 0xE4, 0x17,
    0xE4, 0x17, 0xE4, 0x17, 0xE4, 0x17, 0xE4, 0xFF, 0x17, 0xE4, 0x17, 0xE4, 0x17, 0xE4, 0x17, 0xE4,
    0x17, 0xE4, 0x17, 0xE4, 0x17, 0xE4, 0x17, 0xE4, 0x17, 0xE4, 0x17, 0xE4, 0x17, 0xE4, 0x17, 0xE4,
    0x17, 0xE4, 0x17, 0xE4, 0x17, 0xE4, 0x17, 0xE4, 0x17, 0xE4, 0x17, 0xE4, 0x17, 0xE4, 0x17, 0xE4,
    0x17, 0xE4, 0x17, 0xE4, 0x17, 0xE4, 0x17, 0xE4, 0x17, 0xE4, 0x17, 0xE4, 0x17, 0xE4, 0x17, 0xE4,
    0x17, 0xE4, 0x17, 0xE4, 0x17, 0xE4, 0x17, 0xE4, 0x17, 0xE4, 0x17, 0xE4, 0x17, 0xE4, 0x17, 0xE4,
    0x17, 0xE4, 0x17, 0xE4, 0x17, 0xE4, 0x17, 0xE4, 0x17, 0xE4, 0x17, 0xE4, 0x17, 0xE4, 0x17, 0xE4,
    0x17, 0xE4, 0x17, 0xE4, 0x17, 0xE4, 0x17, 0xE4, 0x17, 0xE4, 0x17, 0xE4, 0x17, 0xE4, 0x17, 0xE4,
    0x17, 0xE4, 0x17, 0xE4, 0x17, 0xE4, 0x17, 0xE4, 0x17, 0xE4, 0x17, 0xE4, 0x17, 0xE4, 0x17, 0xE4,
    0x17, 0xE4, 0x17, 0xE4, 0x17, 0xE4, 0x17, 0xE4, 0xFF, 0x17, 0xE4, 0x17, 0xE4, 0x17, 0xE4, 0x17,
    0xE4, 0x17, 0xE4, 0x17, 0xE4, 0x17, 0xE4, 0x17, 0xE4, 0x17, 0xE4, 0x17, 0xE4, 0x17, 0xE4, 0x17,
    0xE4, 0x17, 0xE4, 0x17, 0xE4, 0x17, 0xE4, 0x17, 0xE4, 0x17, 0xE4, 0x17, 0xE4, 0x17, 0xE4, 0x17,
    0xE4, 0x17, 0xE4, 0x17, 0xE4, 0x17, 0xE4, 0x17, 0xE4, 0x17, 0xE4, 0x17, 0xE4, 0x17, 0xE4, 0x17,
    0xE4, 0x17, 0xE4, 0x17, 0xE4, 0x17, 0xE4, 0x17, 0xE4, 0x17, 0xE4, 0x17, 0xE4, 0x17, 0xE4, 0x17,
    0xE4, 0x17, 0xE4, 0x17, 0xE4, 0x17, 0xE4, 0x17, 0xE4, 0x17, 0xE4, 0x17, 0xE4, 0x17, 0xE4, 0x17,
    0xE4, 0x17, 0xE4, 0x17, 0xE4, 0x17, 0xE4, 0x17, 0xE4, 0x17, 0xE4, 0x17, 0xE4, 0x17, 0xE4, 0x17,
    0xE4, 0x17, 0xE4, 0x17, 0xE4, 0x17, 0xE4, 0x17, 0xE4, 0x17, 0xE4, 0x17, 0xE4, 0x17, 0xE4, 0x17,
    0xE4, 0x17, 0xE4, 0x17, 0xE4, 0x17, 0xE4, 0x17, 0xE4, 0xFF, 0x17, 0xE4, 0x17, 0xE4, 0x17, 0xE4,
    0x17, 0xE4, 0x17, 0xE4, 0x17, 0xE4, 0x17, 0xE4, 0x17, 0xE4, 0x17, 0xE4, 0x17, 0xE4, 0x17, 0xE4,
    0x17, 0xE4, 0x17, 0xE4, 0x17, 0xE4, 0x17, 0xE4, 0x17, 0xE4, 0x17, 0xE4, 0x17, 0xE4, 0x17, 0xE4,
    0x17, 0xE4, 0x17, 0xE4, 0x17, 0xE4, 0x17, 0xE4, 0x17, 0xE4, 0x17, 0xE4, 0x17, 0xE4, 0x17, 0xE4,
    0x17, 0xE4, 0x17, 0xE4, 0x17, 0xE4, 0x17, 0xE4, 0x17, 0xE4, 0x17, 0xE4, 0x17, 0xE4, 0x17, 0xE4,
    0x17, 0xE4, 0x17, 0xE4, 0x17, 0xE4, 0x17, 0xE4, 0x17, 0xE4, 0x17, 0xE4, 0x17, 0xE4, 0x17, 0xE4,
    0x17, 0xE4, 0x17, 0xE4, 0x17, 0xE4, 0x17, 0xE4, 0x17, 0xE4, 0x17, 0xE4, 0x17, 0xE4, 0x17, 0xE4,
    0x17, 0xE4, 0x17, 0xE4, 0x17, 0xE4, 0x17, 0xE4, 0x17, 0xE4, 0x17, 0xE4, 0x17, 0xE4, 0x17, 0xE4,
    0x17, 0xE4, 0x17, 0xE4, 0x17, 0xE4, 0x17, 0xE4, 0x17, 0xE4, 0xFF, 0x17, 0xE4, 0x17, 0xE4, 0x17,
    0xE4, 0x17, 0xE4, 0x17, 0xE4, 0x17, 0xE4, 0x17, 0xE4, 0x17, 0xE4, 0x17, 0xE4, 0x17, 0xE4, 0x17,
    0xE4, 0x17, 0xE4, 0x17, 0xE4, 0x17, 0xE4, 0x17, 0xE4, 0x17, 0xE4, 0x17, 0xE4, 0x17, 0xE4, 0x17,
    0xE4, 0x17, 0xE4, 0x17, 0xE4, 0x17, 0xE4, 0x17, 0xE4, 0x17, 0xE4, 0x17, 0xE4, 0x17, 0xE4, 0x17,
    0xE4, 0x17, 0xE4, 0x17, 0xE4, 0x17, 0xE4, 0x17, 0xE4, 0x17, 0xE4, 0x17, 0xE4, 0x17, 0xE4, 0x17,
    0xE4, 0x17, 0xE4, 0x17, 0xE4, 0x17, 0xE4, 0x17, 0xE4, 0x17, 0xE4, 0x17, 0xE4, 0x17, 0xE4, 0x17,
    0xE4, 0x17, 0xE4, 0x17, 0xE4, 0x17, 0xE4, 0x17, 0xE4, 0x17, 0xE4, 0x17, 0xE4, 0x17, 0xE4, 0x17,
    0xE4, 0x17, 0xE4, 0x17, 0xE4, 0x17, 0xE4, 0x17, 0xE4, 0x17, 0xE4, 0x17, 0xE4, 0x17, 0xE4, 0x17,
    0xE4, 0x17, 0xE4, 0x17, 0xE4, 0x17, 0xE4, 0x17, 0xE4, 0x17, 0xE4, 0xFF, 0x17, 0xE4, 0x17, 0xE4,
    0x17, 0xE4, 0x17, 0xE4, 0x17, 0xE4, 0x17, 0xE4, 0x17, 0xE4, 0x17, 0xE4, 0x17, 0xE4, 0x17, 0xE4,
    0x17, 0xE4, 0x17, 0xE4, 0x17, 0xE4, 0x17, 0xE4, 0x17, 0xE4, 0x17, 0xE4, 0x17, 0xE4, 0x17, 0xE4,
    0x17, 0xE4, 0x17, 0xE4, 0x17, 0xE4, 0x17, 0xE4, 0x17, 0xE4, 0x17, 0xE4, 0x17, 0xE4, 0x17, 0xE4,
    0x17, 0xE4, 0x17, 0xE4, 0x17, 0xE4, 0x17, 0xE4, 0x17, 0xE4, 0x17, 0xE4, 0x17, 0xE4, 0x17, 0xE4,
    0x17, 0xE4, 0x17, 0xE4, 0x17, 0xE4, 0x17, 0xE4, 0x17, 0xE4, 0x17, 0xE4, 0x17, 0xE4, 0x17, 0xE4,
    0x17, 0xE4, 0x17, 0xE4, 0x17, 0xE4, 0x17, 0xE4, 0x17, 0xE4, 0x17, 0xE4, 0x17, 0xE4, 0x17, 0xE4,
    0x17, 0xE4, 0x17, 0xE4, 0x17, 0xE4, 0x17, 0xE4, 0x17, 0xE4, 0x17, 0xE4, 0x17, 0xE4, 0x17, 0xE4,
    0x17, 0xE4, 0x17, 0xE4, 0x17, 0xE4, 0x17, 0xE4, 0x17, 0xE4, 0x17, 0xE4, 0xFF, 0x17, 0xE4, 0x17,
    0xE4, 0x17, 0xE4, 0x17, 0xE4, 0x17, 0xE4, 0x17, 0xE4, 0x17, 0xE4, 0x17, 0xE4, 0x17, 0xE4, 0x17,
    0xE4, 0x17, 0xE4, 0x17, 0xE4, 0x17, 0xE4, 0x17, 0xE4, 0x17, 0xE4, 0x17, 0xE4, 0x17, 0xE4, 0x17,
    0xE4, 0x17, 0xE4, 0x17, 0xE4, 0x17, 0xE4, 0x17, 0xE4, 0x17, 0xE4, 0x17, 0xE4, 0x17, 0xE4, 0x17,
    0xE4, 0x17, 0xE4, 0x17, 0xE4, 0x17, 0xE4, 0x17, 0xE4, 0x17, 0xE4, 0x17, 0xE4, 0x17, 0xE4, 0x17,
    0xE4, 0x17, 0xE4, 0x17, 0xE4, 0x17, 0xE4, 0x17, 0xE4, 0x17, 0xE4, 0x17, 0xE4, 0x17, 0xE4, 0x17,
    0xE4, 0x17, 0xE4, 0x17, 0xE4, 0x17, 0xE4, 0x17, 0xE4, 0x17, 0xE4, 0x17, 0xE4, 0x17, 0xE4, 0x17,
    0xE4, 0x17, 0xE4, 0x17, 0xE4, 0x17, 0xE4, 0x17, 0xE4, 0x17, 0xE4, 0x17, 0xE4, 0x17, 0xE4, 0x17,
    0xE4, 0x17, 0xE4, 0x17, 0xE4, 0x17, 0xE4, 0x17, 0xE4, 0x17, 0xE4, 0x17, 0xE4, 0xFF, 0x17, 0xE4,
    0x17, 0xE4, 0x17, 0xE4, 0x17, 0xE4, 0x17, 0xE4, 0x17, 0xE4, 0x17, 0xE4, 0x17, 0xE4, 0x17, 0xE4,
    0x17, 0xE4, 0x17, 0xE4, 0x17, 0xE4, 0x17, 0xE4, 0x17, 0xE4, 0x17, 0xE4, 0x17, 0xE4, 0x17, 0xE4,
    0x17, 0xE4, 0x17, 0xE4, 0x17, 0xE4, 0x17, 0xE4, 0x17, 0xE4, 0x17, 0xE4, 0x17, 0xE4, 0x17, 0xE4,
    0x17, 0xE4, 0x17, 0xE4, 0x17, 0xE4, 0x17, 0xE4, 0x17, 0xE4, 0x17, 0xE4, 0x17, 0xE4, 0x17, 0xE4,
    0x17, 0xE4, 0x17, 0xE4, 0x17, 0xE4, 0x17, 0xE4, 0x17, 0xE4, 0x17, 0xE4, 0x17, 0xE4, 0x17, 0xE4,
    0x17, 0xE4, 0x17, 0xE4, 0x17, 0xE4, 0x17, 0xE4, 0x17, 0xE4, 0x17, 0xE4, 0x17, 0xE4, 0x17, 0xE4,
    0x17, 0xE4, 0x17, 0xE4, 0x17, 0xE4, 0x17, 0xE4, 0x17, 0xE4, 0x17, 0xE4, 0x17, 0xE4, 0x17, 0xE4,
    0x17, 0xE4, 0x17, 0xE4, 0x17, 0xE4, 0x17, 0xE4, 0x17, 0xE4, 0x17, 0xE4, 0x17, 0xE4, 0xFF, 0x17,
    0xE4, 0x17, 0xE4, 0x17, 0xE4, 0x17, 0xE4, 0x17, 0xE4, 0x17, 0xE4, 0x17, 0xE4, 0x17, 0xE4, 0x17,
    0xE4, 0x17, 0xE4, 0x17, 0xE4, 0x17, 0xE4, 0x17, 0xE4, 0x17, 0xE4, 0x17, 0xE4, 0x17, 0xE4, 0x17,
    0xE4, 0x17, 0xE4, 0x17, 0xE4, 0x17, 0xE4, 0x17, 0xE4, 0x17, 0xE4, 0x17, 0xE4, 0x17, 0xE4, 0x17,
    0xE4, 0x17, 0xE4, 0x17, 0xE4, 0x17, 0xE4, 0x17, 0xE4, 0x17, 0xE4, 0x17, 0xE4, 0x17, 0xE4, 0x17,
    0xE4, 0x17, 0xE4, 0x17, 0xE4, 0x17, 0xE4, 0x17, 0xE4, 0x17, 0xE4, 0x17, 0xE4, 0x17, 0xE4, 0x17,
    0xE4, 0x17, 0xE4, 0x17, 0xE4, 0x17, 0xE4, 0x17, 0xE4, 0x17, 0xE4, 0x17, 0xE4, 0x17, 0xE4, 0x17,
    0xE4, 0x17, 0xE4, 0x17, 0xE4, 0x17, 0xE4, 0x17, 0xE4, 0x17, 0xE4, 0x17, 0xE4, 0x17, 0xE4, 0x17,
    0xE4, 0x17, 0xE4, 0x17, 0xE4, 0x17, 0xE4, 0x17, 0xE4, 0x17, 0xE4, 0x17, 0xE4, 0x17, 0xE4, 0xFF,
    0x17, 0xE4, 0x17, 0xE4, 0x17, 0xE4, 0x17, 0xE4, 0x17, 0xE4, 0x17, 0xE4, 0x17, 0xE4, 0x17, 0xE4,
    0x17, 0xE4, 0x17, 0xE4, 0x17, 0xE4, 0x17, 0xE4, 0x17, 0xE4, 0x17, 0xE4, 0x17, 0xE4, 0x17, 0xE4,
    0x17, 0xE4, 0x17, 0xE4, 0x17, 0xE4, 0x17, 0xE4, 0x17, 0xE4, 0x17, 0xE4, 0x17, 0xE4, 0x17, 0xE4,
    0x17, 0xE4, 0x17, 0xE4, 0x17, 0xE4, 0x17, 0xE4, 0x17, 0xE4, 0x17, 0xE4, 0x17, 0xE4, 0x17, 0xE4,
    0x17, 0xE4, 0x17, 0xE4, 0x17, 0xE4, 0x17, 0xE4, 0x17, 0xE4, 0x17, 0xE4, 0x17, 0xE4, 0x17, 0xE4,
    0x17, 0xE4, 0x17, 0xE4, 0x17, 0xE4, 0x17, 0xE4, 0x17, 0xE4, 0x17, 0xE4, 0x17, 0xE4, 0x17, 0xE4,
    0x17, 0xE4, 0x17, 0xE4, 0x17, 0xE4, 0x17, 0xE4, 0x17, 0xE4, 0x17, 0xE4, 0x17, 0xE4, 0x17, 0xE4,
    0x17, 0xE4, 0x17, 0xE4, 0x17, 0xE4, 0x17, 0xE4, 0x17, 0xE4, 0x17, 0xE4, 0x17, 0xE4, 0x17, 0xE4,
    0xFF, 0x17, 0xE4, 0x17, 0xE4, 0x17, 0xE4, 0x17, 0xE4, 0x17, 0xE4, 0x17, 0xE4, 0x17, 0xE4, 0x17,
    0xE4, 0x17, 0xE4, 0x17, 0xE4, 0x17, 0xE4, 0x17, 0xE4, 0x17, 0xE4, 0x17, 0xE4, 0x17, 0xE4, 0x17,
    0xE4, 0x17, 0xE4, 0x17, 0xE4, 0x17, 0xE4, 0x17, 0xE4, 0x17, 0xE4, 0x17, 0xE4, 0x17, 0xE4, 0x17,
    0xE4, 0x17, 0xE4, 0x17, 0xE4, 0x17, 0xE4, 0x17, 0xE4, 0x17, 0xE4, 0x17, 0xE4, 0x17, 0xE4, 0x17,
    0xE4, 0x17, 0xE4, 0x17, 0xE4, 0x17, 0xE4, 0x17, 0xE4, 0x17, 0xE4, 0x17, 0xE4, 0x17, 0xE4, 0x17,
    0xE4, 0x17, 0xE4, 0x17, 0xE4, 0x17, 0xE4, 0x17, 0xE4, 0x17, 0xE4, 0x17, 0xE4, 0x17, 0xE4, 0x17,
    0xE4, 0x17, 0xE4, 0x17, 0xE4, 0x17, 0xE4, 0x17, 0xE4, 0x17, 0xE4, 0x17, 0xE4, 0x17, 0xE4, 0x17,
    0xE4, 0x17, 0xE4, 0x17, 0xE4, 0x17, 0xE4, 0x17, 0xE4, 0x17, 0xE4, 0x17, 0xE4, 0x17, 0xE4, 0x17,
    0xE4, 0xFF, 0x17, 0xE4, 0x17, 0xE4, 0x17, 0xE4, 0x17, 0xE4, 0x17, 0xE4, 0x17, 0xE4, 0x17, 0xE4,
    0x17, 0xE4, 0x17, 0xE4, 0x17, 0xE4, 0x17, 0xE4, 0x17, 0xE4, 0x17, 0xE4, 0x17, 0xE4, 0x17, 0xE4,
    0x17, 0xE4, 0x17, 0xE4, 0x17, 0xE4, 0x17, 0xE4, 0x17, 0xE4, 0x17, 0xE4, 0x17, 0xE4, 0x17, 0xE4,
    0x17, 0xE4, 0x17, 0xE4, 0x17, 0xE4, 0x17, 0xE4, 0x17, 0xE4, 0x17, 0xE4, 0x17, 0xE4, 0x17, 0xE4,
    0x17, 0xE4, 0x17, 0xE4, 0x17, 0xE4, 0x17, 0xE4, 0x17, 0xE4, 0x17, 0xE4, 0x17, 0xE4, 0x17, 0xE4,
    0x17, 0xE4, 0x17, 0xE4, 0x17, 0xE4, 0x17, 0xE4, 0x17, 0xE4, 0x17, 0xE4, 0x17, 0xE4, 0x17, 0xE4,
    0x17, 0xE4, 0x17, 0xE4, 0x17, 0xE4, 0x17, 0xE4, 0x17, 0xE4, 0x17, 0xE4, 0x17, 0xE4, 0x17, 0xE4,
    0x17, 0xE4, 0x17, 0xE4, 0x17, 0xE4, 0x17, 0xE4, 0x17, 0xE4, 0x17, 0xE4, 0x17, 0xE4, 0x17, 0xE4,
    0x17, 0xE4, 0xFF, 0x17, 0xE4, 0x17, 0xE4, 0x17, 0xE4, 0x17, 0xE4, 0x17, 0xE4, 0x17, 0xE4, 0x17,
    0xE4, 0x17, 0xE4, 0x17, 0xE4, 0x17, 0xE4, 0x17, 0xE4, 0x17, 0xE4, 0x17, 0xE4, 0x17, 0xE4, 0x17,
    0xE4, 0x17, 0xE4, 0x17, 0xE4, 0x17, 0xE4, 0x17, 0xE4, 0x17, 0xE4, 0x17, 0xE4, 0x17, 0xE4, 0x17,
    0xE4, 0x17, 0xE4, 0x17, 0xE4, 0x17, 0xE4, 0x17, 0xE4, 0x17, 0xE4, 0x17, 0xE4, 0x17, 0xE4, 0x17,
    0xE4, 0x17, 0xE4, 0x17, 0xE4, 0x17, 0xE4, 0x17, 0xE4, 0x17, 0xE4, 0x17, 0xE4, 0x17, 0xE4, 0x17,
    0xE4, 0x17, 0xE4, 0x17, 0xE4, 0x17, 0xE4, 0x17, 0xE4, 0x17, 0xE4, 0x17, 0xE4, 0x17, 0xE4, 0x17,
    0xE4, 0x17, 0xE4, 0x17, 0xE4, 0x17, 0xE4, 0x17, 0xE4, 0x17, 0xE4, 0x17, 0xE4, 0x17, 0xE4, 0x17,
    0xE4, 0x17, 0xE4, 0x17, 0xE4, 0x17, 0xE4, 0x17, 0xE4, 0x17, 0xE4, 0x17, 0xE4, 0x17, 0xE4, 0x17,
    0xE4, 0x17, 0xE4, 0xFF, 0x17, 0xE4, 0x17, 0xE4, 0x17, 0xE4, 0x17, 0xE4, 0x17, 0xE4, 0x17, 0xE4,
    0x17, 0xE4, 0x17, 0xE4, 0x17, 0xE4, 0x17, 0xE4, 0x17, 0xE4, 0x17, 0xE4, 0x17, 0xE4, 0x17, 0xE4,
    0x17, 0xE4, 0x17, 0xE4, 0x17, 0xE4, 0x17, 0xE4, 0x17, 0xE4, 0x17, 0xE4, 0x17, 0xE4, 0x17, 0xE4,
    0x17, 0xE4, 0x17, 0xE4, 0x17, 0xE4, 0x17, 0xE4, 0x17, 0xE4, 0x17, 0xE4, 0x17, 0xE4, 0x17, 0xE4,
    0x17, 0xE4, 0x17, 0xE4, 0x17, 0xE4, 0x17, 0xE4, 0x17, 0xE4, 0x17, 0xE4, 0x17, 0xE4, 0x17, 0xE4,
    0x17, 0xE4, 0x17, 0xE4, 0x17, 0xE4, 0x17, 0xE4, 0x17, 0xE4, 0x17, 0xE4, 0x17, 0xE4, 0x17, 0xE4,
    0x17, 0xE4, 0x17, 0xE4, 0x17, 0xE4, 0x17, 0xE4, 0x17, 0xE4, 0x17, 0xE4, 0x17, 0xE4, 0x17, 0xE4,
    0x17, 0xE4, 0x17, 0xE4, 0x17, 0xE4, 0x17, 0xE4, 0x17, 0xE3, 0x17, 0xE3, 0x17, 0xE4, 0x17, 0xE4,
    0x17, 0xE4, 0x17, 0xE4, 0xFF, 0x17, 0xE4, 0x17, 0xE4, 0x1F, 0xE4, 0x17, 0xE4, 0x17, 0xE3, 0x17,
    0xE4, 0x17, 0xE4, 0x17, 0xE4, 0x17, 0xE4, 0x17, 0xE4, 0x17, 0xE4, 0x17, 0xE4, 0x17, 0xE4, 0x17,
    0xE4, 0x17, 0xE4, 0x17, 0xE4, 0x17, 0xE4, 0x17, 0xE4, 0x17, 0xE4, 0x17, 0xE4, 0x17, 0xE4, 0x17,
    0xE4, 0x17, 0xE4, 0x17, 0xE4, 0x17, 0xE4, 0x17, 0xE4, 0x17, 0xE4, 0x17, 0xE4, 0x17, 0xE4, 0x17,
    0xE4, 0x17, 0xE4, 0x17, 0xE4, 0x17, 0xE4, 0x17, 0xE4, 0x17, 0xE4, 0x17, 0xE4, 0x17, 0xE4, 0x17,
    0xE4, 0x17, 0xE4, 0x17, 0xE4, 0x17, 0xE4, 0x17, 0xE4, 0x17, 0xE4, 0x17, 0xE4, 0x17, 0xE4, 0x17,
    0xE4, 0x17, 0xE4, 0x17, 0xE4, 0x17, 0xE4, 0x17, 0xE4, 0x17, 0xE4, 0x17, 0xE4, 0x17, 0xE4, 0x17,
    0xE4, 0x17, 0xE4, 0x17, 0xE4, 0x17, 0xE4, 0x17, 0xE4, 0x17, 0xE4, 0x17, 0xE4, 0x17, 0xE4, 0x17,
    0xE4, 0x17, 0xE4, 0x17, 0xE4, 0xFF, 0x17, 0xE4, 0x17, 0xE4, 0x17, 0xE4, 0x17, 0xE4, 0x17, 0xE4,
    0x17, 0xE4, 0x17, 0xE4, 0x17, 0xE4, 0x17, 0xE4, 0x17, 0xE4, 0x17, 0xE4, 0x17, 0xE4, 0x17, 0xE4,
    0x17, 0xE4, 0x17, 0xE4, 0x17, 0xE4, 0x17, 0xE4, 0x17, 0xE4, 0x17, 0xE4, 0x17, 0xE4, 0x17, 0xE4,
    0x17, 0xE4, 0x17, 0xE4, 0x17, 0xE4, 0x17, 0xE4, 0x17, 0xE4, 0x17, 0xE4, 0x17, 0xE4, 0x17, 0xE4,
    0x17, 0xE4, 0x17, 0xE4, 0x17, 0xE4, 0x17, 0xE4, 0x17, 0xE4, 0x17, 0xE4, 0x17, 0xE4, 0x17, 0xE4,
    0x17, 0xE4, 0x17, 0xE4, 0x17, 0xE4, 0x17, 0xE4, 0x17, 0xE4, 0x17, 0xE4, 0x17, 0xE4, 0x17, 0xE4,
    0x17, 0xE4, 0x17, 0xE4, 0x17, 0xE4, 0x17, 0xE4, 0x17, 0xE4, 0x17, 0xE4, 0x17, 0xE4, 0x17, 0xE4,
    0x17, 0xE4, 0x17, 0xE4, 0x17, 0xE4, 0x17, 0xE4, 0x17, 0xE4, 0x17, 0xE4, 0x17, 0xE4, 0x17, 0xE4,
    0x17, 0xE4, 0x17, 0xE3, 0x17, 0xE3, 0xFF, 0x17, 0xE4, 0x17, 0xE4, 0x1F, 0xE5, 0x27, 0xE6, 0x2F,
    0xE6, 0x2F, 0xE6, 0x37, 0xE7, 0x37, 0xE7, 0x3F, 0xE7, 0x3F, 0xE7, 0x37, 0xE7, 0x2F, 0xE6, 0x27,
    0xE6, 0x1F, 0xE5, 0x17, 0xE4, 0x17, 0xE4, 0x17, 0xE4, 0x17, 0xE4, 0x17, 0xE4, 0x17, 0xE3, 0x17,
    0xE4, 0x17, 0xE4, 0x17, 0xE4, 0x17, 0xE4, 0x17, 0xE4, 0x17, 0xE4, 0x17, 0xE4, 0x17, 0xE4, 0x17,
    0xE4, 0x17, 0xE4, 0x17, 0xE4, 0x17, 0xE4, 0x17, 0xE4, 0x17, 0xE4, 0x17, 0xE4, 0x17, 0xE4, 0x17,
    0xE4, 0x17, 0xE4, 0x17, 0xE4, 0x17, 0xE4, 0x17, 0xE4, 0x17, 0xE4, 0x17, 0xE4, 0x17, 0xE4, 0x17,
    0xE4, 0x17, 0xE4, 0x17, 0xE4, 0x17, 0xE4, 0x17, 0xE4, 0x17, 0xE4, 0x17, 0xE4, 0x17, 0xE4, 0x17,
    0xE4, 0x17, 0xE4, 0x17, 0xE4, 0x17, 0xE4, 0x17, 0xE4, 0x17, 0xE4, 0x17, 0xE4, 0x17, 0xE4, 0x17,
    0xE4, 0x17, 0xE4, 0x17, 0xE4, 0x17, 0xE4, 0xFF, 0x17, 0xE4, 0x17, 0xE4, 0x17, 0xE4, 0x17, 0xE4,
    0x17, 0xE4, 0x17, 0xE4, 0x17, 0xE4, 0x17, 0xE4, 0x17, 0xE4, 0x17, 0xE4, 0x17, 0xE4, 0x17, 0xE4,
    0x17, 0xE4, 0x17, 0xE4, 0x17, 0xE4, 0x17, 0xE4, 0x17, 0xE4, 0x17, 0xE4, 0x17, 0xE4, 0x17, 0xE4,
    0x17, 0xE4, 0x17, 0xE4, 0x17, 0xE4, 0x17, 0xE4, 0x17, 0xE4, 0x17, 0xE4, 0x17, 0xE4, 0x17, 0xE4,
    0x17, 0xE4, 0x17, 0xE4, 0x17, 0xE4, 0x17, 0xE4, 0x17, 0xE4, 0x17, 0xE4, 0x17, 0xE4, 0x17, 0xE4,
    0x17, 0xE4, 0x17, 0xE4, 0x17, 0xE4, 0x17, 0xE4, 0x17, 0xE4, 0x17, 0xE4, 0x17, 0xE4, 0x17, 0xE4,
    0x17, 0xE4, 0x17, 0xE4, 0x17, 0xE4, 0x17, 0xE4, 0x17, 0xE4, 0x17, 0xE4, 0x17, 0xE4, 0x17, 0xE4,
    0x17, 0xE4, 0x17, 0xE4, 0x17, 0xE4, 0x17, 0xE4, 0x17, 0xE4, 0x17, 0xE4, 0x17, 0xE4, 0x17, 0xE4,
    0x17, 0xE4, 0x17, 0xE4, 0x17, 0xE4, 0x17, 0xE4, 0xFF, 0x17, 0xE4, 0x17, 0xE4, 0x17, 0xE3, 0x17,
    0xE3, 0x17, 0xE3, 0x1F, 0xE5, 0x27, 0xE6, 0x37, 0xE7, 0x3F, 0xE8, 0x4F, 0x89, 0x5F, 0x0A, 0x66,
    0xCB, 0x66, 0xAB, 0x6E, 0x8B, 0x76, 0x8C, 0x6E, 0x8B, 0x66, 0x8B, 0x5E, 0xEA, 0x57, 0x4A, 0x4F,
    0xAA, 0x3F, 0xE8, 0x37, 0xE8, 0x2F, 0xE7, 0x27, 0xE6, 0x1F, 0xE5, 0x17, 0xE4, 0x17, 0xE3, 0x17,
    0xE3, 0x17, 0xE4, 0x17, 0xE4, 0x17, 0xE4, 0x17, 0xE4, 0x17, 0xE4, 0x17, 0xE4, 0x17, 0xE4, 0x17,
    0xE4, 0x17, 0xE4, 0x17, 0xE4, 0x17, 0xE4, 0x17, 0xE4, 0x17, 0xE4, 0x17, 0xE4, 0x17, 0xE4, 0x17,
    0xE4, 0x17, 0xE4, 0x17, 0xE4, 0x17, 0xE4, 0x17, 0xE4, 0x17, 0xE4, 0x17, 0xE4, 0x17, 0xE4, 0x17,
    0xE4, 0x17, 0xE4, 0x17, 0xE4, 0x17, 0xE4, 0x17, 0xE4, 0x17, 0xE4, 0x17, 0xE4, 0x17, 0xE4, 0x17,
    0xE4, 0x17, 0xE4, 0x17, 0xE4, 0x17, 0xE4, 0x17, 0xE4, 0xFF, 0x17, 0xE4, 0x17, 0xE4, 0x17, 0xE4,
    0x17, 0xE4, 0x17, 0xE4, 0x17, 0xE4, 0x17, 0xE4, 0x17, 0xE4, 0x17, 0xE4, 0x17, 0xE4, 0x17, 0xE4,
    0x17, 0xE4, 0x17, 0xE4, 0x17, 0xE4, 0x17, 0xE4, 0x17, 0xE4, 0x17, 0xE4, 0x17, 0xE4, 0x17, 0xE4,
    0x17, 0xE4, 0x17, 0xE4, 0x17, 0xE4, 0x17, 0xE4, 0x17, 0xE4, 0x17, 0xE4, 0x17, 0xE4, 0x17, 0xE4,
    0x17, 0xE4, 0x17, 0xE4, 0x17, 0xE4, 0x17, 0xE4, 0x17, 0xE4, 0x17, 0xE4, 0x17, 0xE4, 0x17, 0xE4,
    0x17, 0xE4, 0x17, 0xE4, 0x17, 0xE4, 0x17, 0xE4, 0x17, 0xE4, 0x17, 0xE4, 0x17, 0xE4, 0x17, 0xE4,
    0x17, 0xE4, 0x17, 0xE4, 0x17, 0xE4, 0x17, 0xE4, 0x17, 0xE4, 0x17, 0xE4, 0x17, 0xE4, 0x17, 0xE4,
    0x17, 0xE4, 0x17, 0xE4, 0x17, 0xE4, 0x17, 0xE4, 0x17, 0xE4, 0x17, 0xE4, 0x17, 0xE4, 0x17, 0xE4,
    0x17, 0xE4, 0x17, 0xE4, 0x17, 0xE4, 0x17, 0xE4, 0x17, 0xE4, 0xFF, 0x17, 0xE4, 0x17, 0xE4, 0x17,
    0xE4, 0x17, 0xE4, 0x17, 0xE4, 0x17, 0xE4, 0x17, 0xE4, 0x17, 0xE4, 0x17, 0xE4, 0x17, 0xE4, 0x2F,
    0xE6, 0x3F, 0xE8, 0x4F, 0x8A, 0x67, 0x0C, 0x86, 0x8D, 0xA6, 0x70, 0xBE, 0x53, 0xC6, 0x54, 0xC6,
    0x34, 0xCE, 0x54, 0xDE, 0xB6, 0xDE, 0xB6, 0xD6, 0x95, 0xBE, 0x73, 0xA6, 0x11, 0x95, 0xEF, 0x7E,
    0x2E, 0x6E, 0x4C, 0x66, 0xEB, 0x57, 0xAA, 0x47, 0xE9, 0x2F, 0xE7, 0x1F, 0xE5, 0x17, 0xE4, 0x17,
    0xE4, 0x17, 0xE4, 0x17, 0xE4, 0x17, 0xE4, 0x17, 0xE4, 0x17, 0xE4, 0x17, 0xE4, 0x17, 0xE4, 0x17,
    0xE4, 0x17, 0xE4, 0x17, 0xE4, 0x17, 0xE4, 0x17, 0xE4, 0x17, 0xE4, 0x17, 0xE4, 0x17, 0xE4, 0x17,
    0xE4, 0x17, 0xE4, 0x17, 0xE4, 0x17, 0xE4, 0x17, 0xE4, 0x17, 0xE4, 0x17, 0xE4, 0x17, 0xE4, 0x17,
    0xE4, 0x17, 0xE4, 0x17, 0xE4, 0x17, 0xE4, 0x17, 0xE4, 0x17, 0xE4, 0xFF, 0x17, 0xE4, 0x17, 0xE4,
    0x17, 0xE4, 0x17, 0xE4, 0x17, 0xE4, 0x17, 0xE4, 0x17, 0xE4, 0x17, 0xE4, 0x17, 0xE4, 0x17, 0xE4,
    0x17, 0xE4, 0x17, 0xE4, 0x17, 0xE4, 0x17, 0xE4, 0x17, 0xE4, 0x17, 0xE4, 0x17, 0xE4, 0x17, 0xE4,
    0x17, 0xE4, 0x17, 0xE4, 0x17, 0xE4, 0x17, 0xE4, 0x17, 0xE4, 0x17, 0xE4, 0x17, 0xE4, 0x17, 0xE4,
    0x17, 0xE4, 0x17, 0xE4, 0x17, 0xE4, 0x17, 0xE4, 0x17, 0xE4, 0x17, 0xE4, 0x17, 0xE4, 0x17, 0xE4,
    0x17, 0xE4, 0x17, 0xE4, 0x17, 0xE4, 0x17, 0xE4, 0x17, 0xE4, 0x17, 0xE4, 0x17, 0xE4, 0x17, 0xE4,
    0x17, 0xE4, 0x17, 0xE4, 0x17, 0xE4, 0x17, 0xE4, 0x17, 0xE4, 0x17, 0xE4, 0x17, 0xE4, 0x17, 0xE4,
    0x17, 0xE4, 0x17, 0xE4, 0x17, 0xE4, 0x17, 0xE4, 0x17, 0xE4, 0x17, 0xE4, 0x17, 0xE4, 0x17, 0xE4,
    0x17, 0xE4, 0x17, 0xE4, 0x17, 0xE4, 0x17, 0xE4, 0x17, 0xE4, 0x17, 0xE4, 0xA5, 0x17, 0xE4, 0x17,
    0xE4, 0x17, 0xE4, 0x17, 0xE4, 0x17, 0xE4, 0x17, 0xE4, 0x17, 0xE4, 0x17, 0xE4, 0x17, 0xE4, 0x17,
    0xE4, 0x17, 0xE4, 0x17, 0xE4, 0x17, 0xE4, 0x1F, 0xE5, 0x2F, 0xE7, 0x47, 0xCA, 0x66, 0xCC, 0x86,
    0x4F, 0xAE, 0xB3, 0x02, 0xD6, 0xFF, 0xEE, 0xF8, 0xF6, 0xF8, 0xEE, 0x57, 0xE6, 0x36, 0xE6, 0x16,
    0xEE, 0x57, 0xFE, 0xD9, 0xFE, 0xD9, 0xFE, 0xD9, 0xFE, 0xF9, 0xF6, 0xD9, 0xF6, 0xB8, 0xE6, 0x97,
    0xD6, 0x55, 0xB5, 0xF2, 0x95, 0xD0, 0x7E, 0x2D, 0x67, 0x2C, 0x4F, 0xEA, 0x2F, 0xE7, 0x1F, 0xE5,
    0x17, 0xE4, 0x17, 0xE4, 0x17, 0xE4, 0x17, 0xE4, 0x17, 0xE4, 0x17, 0xE4, 0x17, 0xE4, 0x17, 0xE4,
    0x17, 0xE4, 0x17, 0xE4, 0x17, 0xE4, 0x17, 0xE4, 0x17, 0xE4, 0x17, 0xE4, 0x17, 0xE4, 0x17, 0xE4,
    0x17, 0xE4, 0x17, 0xE4, 0x17, 0xE4, 0x17, 0xE4, 0x17, 0xE4, 0x17, 0xE4, 0x17, 0xE4, 0x17, 0xE4,
    0x17, 0xE4, 0x17, 0xE4, 0x17, 0xE4, 0x17, 0xE4, 0x17, 0xE4, 0x17, 0xE4, 0x17, 0xE4, 0x17, 0xE4,
    0x17, 0xE4, 0x17, 0xE4, 0x17, 0xE4, 0x17, 0xE4, 0x17, 0xE4, 0x17, 0xE4, 0x17, 0xE4, 0x17, 0xE4,
    0x17, 0xE4, 0x17, 0xE4, 0x17, 0xE4, 0xFF, 0x17, 0xE4, 0x17, 0xE4, 0x17, 0xE4, 0x17, 0xE4, 0x17,
    0xE4, 0x17, 0xE4, 0x17, 0xE4, 0x17, 0xE4, 0x17, 0xE4, 0x17, 0xE4, 0x17, 0xE4, 0x17, 0xE4, 0x17,
    0xE4, 0x17, 0xE4, 0x17, 0xE4, 0x17, 0xE4, 0x17, 0xE4, 0x17, 0xE4, 0x17, 0xE4, 0x17, 0xE4, 0x17,
    0xE4, 0x17, 0xE4, 0x17, 0xE4, 0x17, 0xE4, 0x17, 0xE4, 0x17, 0xE4, 0x17, 0xE4, 0x17, 0xE4, 0x17,
    0xE4, 0x17, 0xE4, 0x17, 0xE4, 0x17, 0xE4, 0x17, 0xE4, 0x17, 0xE4, 0x17, 0xE4, 0x17, 0xE4, 0x17,
    0xE4, 0x17, 0xE4, 0x17, 0xE4, 0x17, 0xE4, 0x17, 0xE4, 0x17, 0xE4, 0x17, 0xE4, 0x17, 0xE4, 0x17,
    0xE4, 0x17, 0xE4, 0x17, 0xE4, 0x17, 0xE4, 0x17, 0xE4, 0x17, 0xE4, 0x17, 0xE4, 0x17, 0xE4, 0x17,
    0xE4, 0x17, 0xE4, 0x17, 0xE4, 0x17, 0xE4, 0x17, 0xE4, 0x17, 0xE4, 0x17, 0xE4, 0x17, 0xE4, 0x17,
    0xE4, 0x1F, 0xE5, 0x2F, 0xE6, 0x47, 0xC8, 0xFF, 0x66, 0xAB, 0x9E, 0x71, 0xD6, 0xB6, 0xEE, 0xD8,
    0xFE, 0xFA, 0xFE, 0xD9, 0xF6, 0xB9, 0xEE, 0x57, 0xF6, 0x98, 0xF6, 0x97, 0xD5, 0x94, 0xF6, 0x98,
    0xFE, 0xD9, 0xFE, 0xD9, 0xFE, 0xD9, 0xFE, 0xD9, 0xFE, 0xD9, 0xFE, 0xD9, 0xFE, 0xD9, 0xFE, 0xD9,
    0xFE, 0xD9, 0xF6, 0xB8, 0xD6, 0x36, 0xA5, 0xF1, 0x76, 0x2D, 0x67, 0x4C, 0x4F, 0xEA, 0x2F, 0xE7,
    0x1F, 0xE5, 0x17, 0xE4, 0x17, 0xE4, 0x17, 0xE4, 0x17, 0xE4, 0x17, 0xE4, 0x17, 0xE4, 0x17, 0xE4,
    0x17, 0xE4, 0x17, 0xE4, 0x17, 0xE4, 0x17, 0xE4, 0x17, 0xE4, 0x17, 0xE4, 0x17, 0xE4, 0x17, 0xE4,
    0x17, 0xE4, 0x17, 0xE4, 0x17, 0xE4, 0x17, 0xE4, 0x17, 0xE4, 0x17, 0xE4, 0x17, 0xE4, 0x17, 0xE4,
    0x17, 0xE4, 0x17, 0xE4, 0x17, 0xE4, 0x17, 0xE4, 0x17, 0xE4, 0x17, 0xE4, 0x17, 0xE4, 0x17, 0xE4,
    0x17, 0xE4, 0x17, 0xE4, 0x17, 0xE4, 0x17, 0xE4, 0xFF, 0x17, 0xE4, 0x17, 0xE4, 0x17, 0xE4, 0x17,
    0xE4, 0x17, 0xE4, 0x17, 0xE4, 0x17, 0xE4, 0x17, 0xE4, 0x17, 0xE4, 0x17, 0xE4, 0x17, 0xE4, 0x17,
    0xE4, 0x17, 0xE4, 0x17, 0xE4, 0x17, 0xE4, 0x17, 0xE4, 0x17, 0xE4, 0x17, 0xE4, 0x17, 0xE4, 0x17,
    0xE4, 0x17, 0xE4, 0x17, 0xE4, 0x17, 0xE4, 0x17, 0xE4, 0x17, 0xE4, 0x17, 0xE4, 0x17, 0xE4, 0x17,
    0xE4, 0x17, 0xE4, 0x17, 0xE4, 0x17, 0xE4, 0x17, 0xE4, 0x17, 0xE4, 0x17, 0xE4, 0x17, 0xE4, 0x17,
    0xE4, 0x17, 0xE4, 0x17, 0xE4, 0x17, 0xE4, 0x17, 0xE4, 0x17, 0xE4, 0x17, 0xE4, 0x17, 0xE4, 0x17,
    0xE4, 0x17, 0xE4, 0x17, 0xE4, 0x17, 0xE4, 0x17, 0xE4, 0x17, 0xE4, 0x17, 0xE4, 0x17, 0xE4, 0x17,
    0xE4, 0x17, 0xE4, 0x17, 0xE4, 0x17, 0xE4, 0x17, 0xE4, 0x17, 0xE4, 0x17, 0xE4, 0x17, 0xE4, 0x17,
    0xE4, 0x17, 0xE4, 0x17, 0xE4, 0x17, 0xE4, 0x17, 0xE4, 0xFF, 0x17, 0xE4, 0x17, 0xE4, 0x1F, 0xE5,
    0x37, 0xE8, 0x56, 0xEA, 0x8E, 0x6F, 0xCE, 0xD6, 0xF6, 0xF9, 0xFE, 0xD9, 0xFE, 0xD9, 0xFE, 0xD9,
    0xFE, 0xD9, 0xF6, 0xB8, 0xF6, 0xD9, 0xFE, 0xF9, 0xE6, 0x56, 0xD5, 0xB4, 0xF6, 0xD8, 0xFE, 0xD8,
    0xFE, 0xD8, 0xFE, 0xD8, 0xFE, 0xD8, 0xFE, 0xD8, 0xFE, 0xD8, 0xFE, 0xD8, 0xFE, 0xD8, 0xFE, 0xD8,
    0xFE, 0xD9, 0xFE, 0xD9, 0xF6, 0xD9, 0xD6, 0x56, 0xA5, 0xB1, 0x7E, 0x4E, 0x5F, 0x8C, 0x37, 0xE9,
    0x27, 0xE6, 0x17, 0xE4, 0x17, 0xE4, 0x17, 0xE4, 0x17, 0xE4, 0x17, 0xE4, 0x17, 0xE4, 0x17, 0xE4,
    0x17, 0xE4, 0x17, 0xE4, 0x17, 0xE4, 0x17, 0xE4, 0x17, 0xE4, 0x17, 0xE4, 0x17, 0xE4, 0x17, 0xE4,
    0x17, 0xE4, 0x17, 0xE4, 0x17, 0xE4, 0x17, 0xE4, 0x17, 0xE4, 0x17, 0xE4, 0x17, 0xE4, 0x17, 0xE4,
    0x17, 0xE4, 0x17, 0xE4, 0x17, 0xE4, 0x17, 0xE4, 0x17, 0xE4, 0xFF, 0x17, 0xE4, 0x17, 0xE4, 0x17,
    0xE4, 0x17, 0xE4, 0x17, 0xE4, 0x17, 0xE4, 0x17, 0xE4, 0x17, 0xE4, 0x17, 0xE4, 0x17, 0xE4, 0x17,
    0xE4, 0x17, 0xE4, 0x17, 0xE4, 0x17, 0xE4, 0x17, 0xE4, 0x17, 0xE4, 0x17, 0xE4, 0x17, 0xE4, 0x17,
    0xE4, 0x17, 0xE4, 0x17, 0xE4, 0x17, 0xE4, 0x17, 0xE4, 0x17, 0xE4, 0x17, 0xE4, 0x17, 0xE4, 0x17,
    0xE4, 0x17, 0xE4, 0x17, 0xE4, 0x17, 0xE4, 0x17, 0xE4, 0x17, 0xE4, 0x17, 0xE4, 0x17, 0xE4, 0x17,
    0xE4, 0x17, 0xE4, 0x17, 0xE4, 0x17, 0xE4, 0x17, 0xE4, 0x17, 0xE4, 0x17, 0xE4, 0x17, 0xE4, 0x17,
    0xE4, 0x17, 0xE4, 0x17, 0xE4, 0x17, 0xE4, 0x17, 0xE4, 0x17, 0xE4, 0x17, 0xE4, 0x17, 0xE4, 0x17,
    0xE4, 0x17, 0xE4, 0x17, 0xE4, 0x17, 0xE4, 0x17, 0xE4, 0x17, 0xE4, 0x17, 0xE4, 0x17, 0xE4, 0x17,
    0xE4, 0x17, 0xE4, 0x17, 0xE4, 0x17, 0xE4, 0x17, 0xE4, 0x17, 0xE4, 0xFF, 0x17, 0xE4, 0x17, 0xE4,
    0x17, 0xE4, 0x17, 0xE4, 0x17, 0xE4, 0x17, 0xE4, 0x1F, 0xE4, 0x2F, 0xE6, 0x3F, 0xE8, 0x66, 0xAC,
    0xB6, 0xD4, 0xEF, 0x19, 0xFE, 0xF9, 0xFE, 0xB9, 0xFE, 0xB9, 0xFE, 0xD9, 0xFE, 0xD9, 0xFE, 0xD9,
    0xF6, 0x98, 0xFE, 0xD9, 0xFE, 0xD9, 0xE6, 0x16, 0xDE, 0x15, 0xFE, 0xD8, 0xFE, 0xD8, 0xFE, 0xD8,
    0xFE, 0xD8, 0xFE, 0xD8, 0xFE, 0xD8, 0xFE, 0xD8, 0xFE, 0xD8, 0xFE, 0xD9, 0xFE, 0xD9, 0xFE, 0xD8,
    0xF6, 0xD8, 0xFE, 0xD9, 0xFE, 0xF9, 0xF6, 0xB8, 0xD6, 0x15, 0x8D, 0xCF, 0x6E, 0xED, 0x4F, 0xEA,
    0x27, 0xE6, 0x17, 0xE4, 0x17, 0xE4, 0x17, 0xE4, 0x17, 0xE4, 0x17, 0xE4, 0x17, 0xE4, 0x17, 0xE4,
    0x17, 0xE4, 0x17, 0xE4, 0x17, 0xE4, 0x17, 0xE4, 0x17, 0xE4, 0x17, 0xE4, 0x17, 0xE4, 0x17, 0xE4,
    0x17, 0xE4, 0x17, 0xE4, 0x17, 0xE4, 0x17, 0xE4, 0x17, 0xE4, 0x17, 0xE4, 0xFF, 0x17, 0xE4, 0x17,
    0xE4, 0x17, 0xE4, 0x17, 0xE4, 0x17, 0xE4, 0x17, 0xE4, 0x17, 0xE4, 0x17, 0xE4, 0x17, 0xE4, 0x17,
    0xE4, 0x17, 0xE4, 0x17, 0xE4, 0x17, 0xE4, 0x17, 0xE4, 0x17, 0xE4, 0x17, 0xE4, 0x17, 0xE4, 0x17,
    0xE4, 0x17, 0xE4, 0x17, 0xE4, 0x17, 0xE4, 0x17, 0xE4, 0x17, 0xE4, 0x17, 0xE4, 0x17, 0xE4, 0x17,
    0xE4, 0x17, 0xE4, 0x17, 0xE4, 0x17, 0xE4, 0x17, 0xE4, 0x17, 0xE4, 0x17, 0xE4, 0x17, 0xE4, 0x17,
    0xE4, 0x17, 0xE4, 0x17, 0xE4, 0x17, 0xE4, 0x17, 0xE4, 0x17, 0xE4, 0x17, 0xE4, 0x17, 0xE4, 0x17,
    0xE4, 0x17, 0xE4, 0x17, 0xE4, 0x17, 0xE4, 0x17, 0xE4, 0x17, 0xE4, 0x17, 0xE4, 0x17, 0xE4, 0x17,
    0xE4, 0x17, 0xE4, 0x17, 0xE4, 0x17, 0xE4, 0x17, 0xE4, 0x17, 0xE4, 0x17, 0xE4, 0x17, 0xE4, 0x17,
    0xE4, 0x17, 0xE4, 0x17, 0xE4, 0x17, 0xE4, 0x17, 0xE4, 0x17, 0xE4, 0x17, 0xE4, 0x9C, 0x17, 0xE4,
    0x17, 0xE4, 0x17, 0xE4, 0x17, 0xE4, 0x17, 0xE4, 0x17, 0xE4, 0x17, 0xE4, 0x17, 0xE4, 0x17, 0xE4,
    0x17, 0xE4, 0x17, 0xE4, 0x1F, 0xE5, 0x2F, 0xE7, 0x4F, 0x49, 0x86, 0x02, 0xCF, 0xFF, 0x16, 0xF7,
    0x19, 0xFE, 0xD9, 0xFE, 0xD9, 0xFE, 0xB8, 0xFE, 0xD9, 0xFE, 0xD9, 0xFE, 0xD9, 0xF6, 0xB8, 0xEE,
    0x57, 0xFE, 0xD9, 0xFE, 0xD9, 0xDD, 0xF5, 0xE6, 0x36, 0xF6, 0xD8, 0xFE, 0xD8, 0xFE, 0xD8, 0xFE,
    0xD8, 0xFE, 0xD8, 0xFE, 0xD8, 0xFE, 0xD8, 0xFE, 0xD9, 0xF6, 0xD9, 0xF6, 0xB8, 0xF6, 0xD8, 0xF6,
    0xB8, 0xFE, 0xD8, 0xFE, 0xD8, 0xFE, 0xD8, 0xFE, 0xD9, 0xE6, 0xB7, 0xAD, 0xF1, 0x76, 0x4C, 0x4F,
    0xEA, 0x2F, 0xE6, 0x17, 0xE4, 0x17, 0xE3, 0x17, 0xE4, 0x17, 0xE4, 0x17, 0xE4, 0x17, 0xE4, 0x17,
    0xE4, 0x17, 0xE4, 0x17, 0xE4, 0x17, 0xE4, 0x17, 0xE4, 0x17, 0xE4, 0x17, 0xE4, 0x17, 0xE4, 0x17,
    0xE4, 0x17, 0xE4, 0x17, 0xE4, 0x17, 0xE4, 0x17, 0xE4, 0x17, 0xE4, 0x17, 0xE4, 0x17, 0xE4, 0x17,
    0xE4, 0x17, 0xE4, 0x17, 0xE4, 0x17, 0xE4, 0x17, 0xE4, 0x17, 0xE4, 0x17, 0xE4, 0x17, 0xFF, 0xE4,
    0x17, 0xE4, 0x17, 0xE4, 0x17, 0xE4, 0x17, 0xE4, 0x17, 0xE4, 0x17, 0xE4, 0x17, 0xE4, 0x17, 0xE4,
    0x17, 0xE4, 0x17, 0xE4, 0x17, 0xE4, 0x17, 0xE4, 0x17, 0xE4, 0x17, 0xE4, 0x17, 0xE4, 0x17, 0xE4,
    0x17, 0xE4, 0x17, 0xE4, 0x17, 0xE4, 0x17, 0xE4, 0x17, 0xE4, 0x17, 0xE4, 0x17, 0xE4, 0x17, 0xE4,
    0x17, 0xE4, 0x17, 0xE4, 0x17, 0xE4, 0x17, 0xE4, 0x17, 0xE4, 0x17, 0xE4, 0x17, 0xE4, 0x17, 0xE4,
    0x17, 0xE4, 0x17, 0xE4, 0x17, 0xE4, 0x17, 0xE4, 0x17, 0xE4, 0x17, 0xE4, 0x17, 0xE4, 0x17, 0xE4,
    0x17, 0xE4, 0x17, 0xE4, 0x17, 0xE4, 0x17, 0xE4, 0x17, 0xE4, 0x17, 0xE4, 0x17, 0xE4, 0x17, 0xE4,
    0x17, 0xE4, 0x17, 0xE4, 0x17, 0xE4, 0x17, 0xE4, 0x17, 0xE4, 0x17, 0xE4, 0x17, 0xE4, 0x17, 0xE4,
    0x17, 0xE4, 0x17, 0xE4, 0x17, 0xE4, 0x17, 0xE4, 0x17, 0xE4, 0x17, 0xE4, 0x17, 0xE3, 0x17, 0xFF,
    0xE3, 0x1F, 0xE5, 0x2F, 0xE7, 0x5F, 0x0B, 0xAE, 0xF3, 0xEF, 0x79, 0xFF, 0x3A, 0xFE, 0xF9, 0xFE,
    0xD9, 0xEE, 0x77, 0xF6, 0x97, 0xFE, 0xD9, 0xF6, 0xD8, 0xFE, 0xD9, 0xF6, 0x98, 0xE6, 0x16, 0xFE,
    0xD9, 0xFE, 0xF9, 0xE6, 0x16, 0xEE, 0x77, 0xF6, 0xB8, 0xFE, 0xD9, 0xFE, 0xD9, 0xFE, 0xD9, 0xF6,
    0xD8, 0xFE, 0xD9, 0xFE, 0xD8, 0xFE, 0xD9, 0xFE, 0xD8, 0xEE, 0x97, 0xEE, 0x97, 0xFE, 0xD9, 0xFE,
    0xD8, 0xFE, 0xD8, 0xF6, 0xD8, 0xFE, 0xD8, 0xF6, 0xB8, 0xEE, 0x77, 0xBE, 0x33, 0x7E, 0x0D, 0x5F,
    0xCB, 0x2F, 0xE6, 0x17, 0xE4, 0x17, 0xE4, 0x17, 0xE4, 0x17, 0xE4, 0x17, 0xE4, 0x17, 0xE4, 0x17,
    0xE4, 0x17, 0xE4, 0x17, 0xE4, 0x17, 0xE4, 0x17, 0xE4, 0x17, 0xE4, 0x17, 0xE4, 0x17, 0xE4, 0x17,
    0xE4, 0x17, 0xE4, 0x17, 0xE4, 0x17, 0xE4, 0x17, 0xE4, 0x17, 0xE4, 0x17, 0xE4, 0x17, 0xE4, 0x17,
    0xFF, 0xE4, 0x17, 0xE4, 0x17, 0xE4, 0x17, 0xE4, 0x17, 0xE4, 0x17, 0xE4, 0x17, 0xE4, 0x17, 0xE4,
    0x17, 0xE4, 0x17, 0xE4, 0x17, 0xE4, 0x17, 0xE4, 0x17, 0xE4, 0x17, 0xE4, 0x17, 0xE4, 0x17, 0xE4,
    0x17, 0xE4, 0x17, 0xE4, 0x17, 0xE4, 0x17, 0xE4, 0x17, 0xE4, 0x17, 0xE4, 0x17, 0xE4, 0x17, 0xE4,
    0x17, 0xE4, 0x17, 0xE4, 0x17, 0xE4, 0x17, 0xE4, 0x17, 0xE4, 0x17, 0xE4, 0x17, 0xE4, 0x17, 0xE4,
    0x17, 0xE4, 0x17, 0xE4, 0x17, 0xE4, 0x17, 0xE4, 0x17, 0xE4, 0x17, 0xE4, 0x17, 0xE4, 0x17, 0xE4,
    0x17, 0xE4, 0x17, 0xE4, 0x17, 0xE4, 0x17, 0xE4, 0x17, 0xE4, 0x17, 0xE4, 0x17, 0xE4, 0x17, 0xE4,
    0x17, 0xE4, 0x17, 0xE4, 0x17, 0xE4, 0x17, 0xE4, 0x17, 0xE4, 0x17, 0xE4, 0x17, 0xE4, 0x17, 0xE4,
    0x17, 0xE4, 0x17, 0xE4, 0x17, 0xE4, 0x17, 0xE4, 0x17, 0xE4, 0x17, 0xE4, 0x17, 0xE4, 0x17, 0xE4,
    0x17, 0xFF, 0xE4, 0x17, 0xE4, 0x17, 0xE4, 0x17, 0xE4, 0x17, 0xE4, 0x0F, 0xE3, 0x17, 0xE4, 0x2F,
    0xE6, 0x5F, 0x2A, 0xBF, 0x35, 0xF7, 0x7A, 0xFF, 0x3A, 0xFF, 0x1A, 0xFE, 0xF9, 0xEE, 0x77, 0xE6,
    0x36, 0xFE, 0xD9, 0xFE, 0xD9, 0xF6, 0xD9, 0xFE, 0xD9, 0xF6, 0xB8, 0xE6, 0x15, 0xF6, 0xD8, 0xFE,
    0xF9, 0xE6, 0x56, 0xEE, 0x77, 0xFE, 0xD9, 0xFE, 0xD9, 0xFE, 0xD9, 0xFE, 0xD9, 0xF6, 0xD9, 0xFE,
    0xD9, 0xFE, 0xD9, 0xF6, 0xD8, 0xFE, 0xD8, 0xF6, 0xB8, 0xE6, 0x56, 0xF6, 0x98, 0xFE, 0xD9, 0xFE,
    0xD8, 0xFE, 0xD8, 0xFE, 0xD8, 0xFE, 0xD8, 0xE6, 0x36, 0xE6, 0x77, 0xCE, 0x75, 0x86, 0x2F, 0x57,
    0xEB, 0x27, 0xE6, 0x1F, 0xE4, 0x17, 0xE4, 0x17, 0xE4, 0x17, 0xE4, 0x17, 0xE4, 0x17, 0xE4, 0x17,
    0xE4, 0x17, 0xE4, 0x17, 0xE4, 0x17, 0xE4, 0x17, 0xE4, 0x17, 0xE4, 0x17, 0xE4, 0x17, 0xE4, 0x17,
    0xE4, 0x17, 0xFF, 0xE4, 0x17, 0xE4, 0x17, 0xE4, 0x17, 0xE4, 0x17, 0xE4, 0x17, 0xE4, 0x17, 0xE4,
    0x17, 0xE4, 0x17, 0xE4, 0x17, 0xE4, 0x17, 0xE4, 0x17, 0xE4, 0x17, 0xE4, 0x17, 0xE4, 0x17, 0xE4,
    0x17, 0xE4, 0x17, 0xE4, 0x17, 0xE4, 0x17, 0xE4, 0x17, 0xE4, 0x17, 0xE4, 0x17, 0xE4, 0x17, 0xE4,
    0x17, 0xE4, 0x17, 0xE4, 0x17, 0xE4, 0x17, 0xE4, 0x17, 0xE4, 0x17, 0xE4, 0x17, 0xE4, 0x17, 0xE4,
    0x17, 0xE4, 0x17, 0xE4, 0x17, 0xE4, 0x17, 0xE4, 0x17, 0xE4, 0x17, 0xE4, 0x17, 0xE4, 0x17, 0xE4,
    0x17, 0xE4, 0x17, 0xE4, 0x17, 0xE4, 0x17, 0xE4, 0x17, 0xE4, 0x17, 0xE4, 0x17, 0xE4, 0x17, 0xE4,
    0x17, 0xE4, 0x17, 0xE4, 0x17, 0xE4, 0x17, 0xE4, 0x17, 0xE4, 0x17, 0xE4, 0x17, 0xE4, 0x17, 0xE4,
    0x17, 0xE4, 0x17, 0xE4, 0x17, 0xE4, 0x17, 0xE4, 0x17, 0xE4, 0x17, 0xE4, 0x17, 0xE4, 0x17, 0xE4,
    0x17, 0xE4, 0x17, 0xFF, 0xE4, 0x17, 0xE4, 0x17, 0xE4, 0x17, 0xE4, 0x17, 0xE4, 0x17, 0xE4, 0x17,
    0xE4, 0x17, 0xE4, 0x17, 0xE4, 0x17, 0xE4, 0x17, 0xE3, 0x17, 0xE4, 0x1F, 0xE6, 0x4F, 0x69, 0xBF,
    0x54, 0xFF, 0x7A, 0xFF, 0x5A, 0xFF, 0x3A, 0xFF, 0x3A, 0xF6, 0xD8, 0xE6, 0x77, 0xFF, 0x19, 0xFF,
    0x19, 0xFF, 0x19, 0xFE, 0xF9, 0xFE, 0xF9, 0xF6, 0xD9, 0xDD, 0xF5, 0xF6, 0xB8, 0xFE, 0xF9, 0xE6,
    0x56, 0xEE, 0x77, 0xFE, 0xF9, 0xF6, 0xD9, 0xF6, 0xD9, 0xF6, 0xD9, 0xF6, 0xD9, 0xF6, 0xD9, 0xF6,
    0xD9, 0xF6, 0xD9, 0xF6, 0xD8, 0xF6, 0xF9, 0xEE, 0xB8, 0xDE, 0x15, 0xEE, 0xB8, 0xFE, 0xD9, 0xFE,
    0xD8, 0xF6, 0xD9, 0xF6, 0xF9, 0xFF, 0x19, 0xE6, 0x77, 0xEE, 0xB8, 0xD6, 0x76, 0x7E, 0x4E, 0x4F,
    0xEA, 0x1F, 0xE5, 0x17, 0xE4, 0x17, 0xE4, 0x17, 0xE4, 0x17, 0xE4, 0x17, 0xE4, 0x17, 0xE4, 0x17,
    0xE4, 0x17, 0xE4, 0x17, 0xFF, 0xE4, 0x17, 0xE4, 0x17, 0xE4, 0x17, 0xE4, 0x17, 0xE4, 0x17, 0xE4,
    0x17, 0xE4, 0x17, 0xE4, 0x17, 0xE4, 0x17, 0xE4, 0x17, 0xE4, 0x17, 0xE4, 0x17, 0xE4, 0x17, 0xE4,
    0x17, 0xE4, 0x17, 0xE4, 0x17, 0xE4, 0x17, 0xE4, 0x17, 0xE4, 0x17, 0xE4, 0x17, 0xE4, 0x17, 0xE4,
    0x17, 0xE4, 0x17, 0xE4, 0x17, 0xE4, 0x17, 0xE4, 0x17, 0xE4, 0x17, 0xE4, 0x17, 0xE4, 0x17, 0xE4,
    0x17, 0xE4, 0x17, 0xE4, 0x17, 0xE4, 0x17, 0xE4, 0x17, 0xE4, 0x17, 0xE4, 0x17, 0xE4, 0x17, 0xE4,
    0x17, 0xE4, 0x17, 0xE4, 0x17, 0xE4, 0x17, 0xE4, 0x17, 0xE4, 0x17, 0xE4, 0x17, 0xE4, 0x17, 0xE4,
    0x17, 0xE4, 0x17, 0xE4, 0x17, 0xE4, 0x17, 0xE4, 0x17, 0xE4, 0x17, 0xE4, 0x17, 0xE4, 0x17, 0xE4,
    0x17, 0xE4, 0x17, 0xE4, 0x17, 0xE4, 0x17, 0xE4, 0x17, 0xE4, 0x17, 0xE4, 0x17, 0xE4, 0x17, 0xE4,
    0x17, 0xE4, 0x17, 0xE4, 0x17, 0xFF, 0xE4, 0x17, 0xE4, 0x17, 0xE4, 0x17, 0xE4, 0x17, 0xE4, 0x17,
    0xE4, 0x17, 0xE4, 0x17, 0xE4, 0x17, 0xE4, 0x17, 0xE4, 0x17, 0xE4, 0x17, 0xE3, 0x17, 0xE3, 0x17,
    0xE4, 0x17, 0xE3, 0x17, 0xE3, 0x17, 0xE3, 0x27, 0xE6, 0x3F, 0x89, 0xA7, 0x52, 0xF7, 0x9A, 0xFF,
    0x5A, 0xFF, 0x5A, 0xFF, 0x5A, 0xFF, 0x39, 0xDE, 0x76, 0xF7, 0x19, 0xFF, 0x5A, 0xFF, 0x5A, 0xFF,
    0x3A, 0xFF, 0x3A, 0xFF, 0x3A, 0xFF, 0x19, 0xDE, 0x15, 0xF6, 0xB8, 0xFE, 0xF9, 0xEE, 0x97, 0xE6,
    0x77, 0xFF, 0x19, 0xFE, 0xF9, 0xFE, 0xF9, 0xFF, 0x19, 0xF7, 0x19, 0xF7, 0x19, 0xFF, 0x19, 0xFF,
    0x19, 0xF7, 0x19, 0xF7, 0x19, 0xF7, 0x19, 0xEE, 0xB8, 0xE6, 0x36, 0xFE, 0xD9, 0xF6, 0xD8, 0xFE,
    0xF9, 0xFF, 0x1A, 0xFF, 0x5A, 0xF7, 0x3A, 0xE6, 0x97, 0xEE, 0xF9, 0xCE, 0x95, 0x7E, 0x4E, 0x47,
    0xE9, 0x17, 0xE5, 0x17, 0xE4, 0x17, 0xFF, 0xE4, 0x17, 0xE4, 0x17, 0xE4, 0x17, 0xE4, 0x17, 0xE4,
    0x17, 0xE4, 0x17, 0xE4, 0x17, 0xE4, 0x17, 0xE4, 0x17, 0xE4, 0x17, 0xE4, 0x17, 0xE4, 0x17, 0xE4,
    0x17, 0xE4, 0x17, 0xE4, 0x17, 0xE4, 0x17, 0xE4, 0x17, 0xE4, 0x17, 0xE4, 0x17, 0xE4, 0x17, 0xE4,
    0x17, 0xE4, 0x17, 0xE4, 0x17, 0xE4, 0x17, 0xE4, 0x17, 0xE4, 0x17, 0xE4, 0x17, 0xE4, 0x17, 0xE4,
    0x17, 0xE4, 0x17, 0xE4, 0x17, 0xE4, 0x17, 0xE4, 0x17, 0xE4, 0x17, 0xE4, 0x17, 0xE4, 0x17, 0xE4,
    0x17, 0xE4, 0x17, 0xE4, 0x17, 0xE4, 0x17, 0xE4, 0x17, 0xE4, 0x17, 0xE4, 0x17, 0xE4, 0x17, 0xE4,
    0x17, 0xE4, 0x17, 0xE4, 0x17, 0xE4, 0x17, 0xE4, 0x17, 0xE4, 0x17, 0xE4, 0x17, 0xE4, 0x17, 0xE4,
    0x17, 0xE4, 0x17, 0xE4, 0x17, 0xE4, 0x17, 0xE4, 0x17, 0xE4, 0x17, 0xE4, 0x17, 0xE4, 0x17, 0xE4,
    0x17, 0xE4, 0x17, 0xE4, 0x17, 0xE4, 0x17, 0xFF, 0xE4, 0x17, 0xE4, 0x17, 0xE4, 0x17, 0xE4, 0x17,
    0xE4, 0x17, 0xE4, 0x17, 0xE4, 0x17, 0xE4, 0x17, 0xE4, 0x17, 0xE4, 0x17, 0xE4, 0x17, 0xE4, 0x17,
    0xE4, 0x17, 0xE4, 0x17, 0xE4, 0x17, 0xE4, 0x17, 0xE4, 0x17, 0xE4, 0x1F, 0xE4, 0x1F, 0xE5, 0x1F,
    0xE5, 0x1F, 0xE4, 0x27, 0xE5, 0x3F, 0xA8, 0x97, 0x50, 0xF7, 0xB9, 0xFF, 0x5A, 0xFF, 0x5A, 0xEE,
    0xD8, 0xFF, 0x59, 0xE6, 0xB7, 0xEE, 0xD8, 0xFF, 0x5A, 0xFF, 0x5A, 0xFF, 0x5A, 0xFF, 0x5A, 0xFF,
    0x5A, 0xFF, 0x5A, 0xFF, 0x3A, 0xE6, 0x76, 0xE6, 0x56, 0xFF, 0x3A, 0xF6, 0xD8, 0xE6, 0x77, 0xFF,
    0x39, 0xFF, 0x3A, 0xFF, 0x3A, 0xFF, 0x3A, 0xFF, 0x5A, 0xFF, 0x5A, 0xFF, 0x5A, 0xFF, 0x5A, 0xFF,
    0x5A, 0xFF, 0x5A, 0xFF, 0x5A, 0xFF, 0x3A, 0xEE, 0x77, 0xEE, 0x77, 0xF6, 0xB8, 0xF6, 0xD9, 0xFF,
    0x5A, 0xFF, 0x5A, 0xFF, 0x7A, 0xF7, 0x5A, 0xDE, 0xFF, 0x76, 0xF7, 0x19, 0xAD, 0xF2, 0x66, 0xEC,
    0x2F, 0xE7, 0x17, 0xE4, 0x17, 0xE4, 0x17, 0xE4, 0x17, 0xE4, 0x17, 0xE4, 0x17, 0xE4, 0x17, 0xE4,
    0x17, 0xE4, 0x17, 0xE4, 0x17, 0xE4, 0x17, 0xE4, 0x17, 0xE4, 0x17, 0xE4, 0x17, 0xE4, 0x17, 0xE4,
    0x17, 0xE4, 0x17, 0xE4, 0x17, 0xE4, 0x17, 0xE4, 0x17, 0xE4, 0x17, 0xE4, 0x17, 0xE4, 0x17, 0xE4,
    0x17, 0xE4, 0x17, 0xE4, 0x17, 0xE4, 0x17, 0xE4, 0x17, 0xE4, 0x17, 0xE4, 0x17, 0xE4, 0x17, 0xE4,
    0x17, 0xE4, 0x17, 0xE4, 0x17, 0xE4, 0x17, 0xE4, 0x17, 0xE4, 0x17, 0xE4, 0x17, 0xE4, 0x17, 0xE4,
    0x17, 0xE4, 0x17, 0xE4, 0x17, 0xE4, 0x17, 0xE4, 0x17, 0xE4, 0x17, 0xE4, 0x17, 0xE4, 0x17, 0xE4,
    0x17, 0xE4, 0x17, 0xE4, 0x17, 0xE4, 0x17, 0xE4, 0x17, 0xE4, 0x17, 0xE4, 0x17, 0xE4, 0x17, 0xE4,
    0x17, 0xE4, 0x17, 0xE4, 0x17, 0xE4, 0x17, 0xE4, 0x17, 0xFF, 0xE4, 0x17, 0xE4, 0x17, 0xE4, 0x17,
    0xE4, 0x17, 0xE4, 0x17, 0xE4, 0x17, 0xE4, 0x17, 0xE4, 0x17, 0xE4, 0x17, 0xE4, 0x17, 0xE4, 0x17,
    0xE4, 0x17, 0xE4, 0x17, 0xE4, 0x17, 0xE4, 0x17, 0xE4, 0x17, 0xE4, 0x17, 0xE4, 0x17, 0xE4, 0x17,
    0xE4, 0x17, 0xE4, 0x1F, 0xE4, 0x27, 0xE5, 0x2F, 0xE7, 0x3F, 0xE9, 0x4F, 0x8A, 0x4F, 0xAA, 0x47,
    0xEA, 0x4F, 0x6A, 0x7E, 0xCE, 0xE7, 0xB8, 0xFF, 0x9A, 0xFF, 0x7A, 0xEE, 0xD8, 0xEE, 0xF8, 0xF7,
    0x39, 0xE6, 0xB7, 0xFF, 0x5A, 0xFF, 0x5A, 0xFF, 0x5A, 0xFF, 0x39, 0xF7, 0x19, 0xFF, 0x5A, 0xFF,
    0x5A, 0xFF, 0x5A, 0xF7, 0x19, 0xD6, 0x15, 0xFF, 0x19, 0xFF, 0x39, 0xE6, 0x77, 0xFF, 0x3A, 0xFF,
    0x5A, 0xFF, 0x5A, 0xFF, 0x5A, 0xFF, 0x5A, 0xFF, 0x7A, 0xFF, 0x7A, 0xFF, 0x7A, 0xFF, 0x7A, 0xFF,
    0x7B, 0xFF, 0x7A, 0xFF, 0x5A, 0xFF, 0x39, 0xDE, 0x36, 0xEE, 0xFF, 0xB8, 0xEE, 0x98, 0xFF, 0x7B,
    0xFF, 0x7A, 0xFF, 0x7A, 0xFF, 0x9A, 0xEE, 0xF8, 0xDE, 0x77, 0xEE, 0xF9, 0x8D, 0xEF, 0x4F, 0xCB,
    0x27, 0xE6, 0x17, 0xE4, 0x17, 0xE4, 0x17, 0xE4, 0x17, 0xE4, 0x17, 0xE4, 0x17, 0xE4, 0x17, 0xE4,
    0x17, 0xE4, 0x17, 0xE4, 0x17, 0xE4, 0x17, 0xE4, 0x17, 0xE4, 0x17, 0xE4, 0x17, 0xE4, 0x17, 0xE4,
    0x17, 0xE4, 0x17, 0xE4, 0x17, 0xE4, 0x17, 0xE4, 0x17, 0xE4, 0x17, 0xE4, 0x17, 0xE4, 0x17, 0xE4,
    0x17, 0xE4, 0x17, 0xE4, 0x17, 0xE4, 0x17, 0xE4, 0x17, 0xE4, 0x17, 0xE4, 0x17, 0xE4, 0x17, 0xE4,
    0x17, 0xE4, 0x17, 0xE4, 0x17, 0xE4, 0x17, 0xE4, 0x17, 0xE4, 0x17, 0xE4, 0x17, 0xE4, 0x17, 0xE4,
    0x17, 0xE4, 0x17, 0xE4, 0x17, 0xE4, 0x17, 0xE4, 0x17, 0xE4, 0x17, 0xE4, 0x17, 0xE4, 0x17, 0xE4,
    0x17, 0xE4, 0x17, 0xE4, 0x17, 0xE4, 0x17, 0xE4, 0x17, 0xE4, 0x17, 0xFF, 0xE4, 0x17, 0xE4, 0x17,
    0xE4, 0x17, 0xE4, 0x17, 0xE4, 0x17, 0xE4, 0x17, 0xE4, 0x17, 0xE4, 0x17, 0xE4, 0x17, 0xE4, 0x17,
    0xE4, 0x17, 0xE4, 0x17, 0xE4, 0x17, 0xE4, 0x17, 0xE4, 0x17, 0xE4, 0x17, 0xE4, 0x17, 0xE4, 0x17,
    0xE4, 0x17, 0xE4, 0x17, 0xE4, 0x17, 0xE4, 0x17, 0xE4, 0x17, 0xE4, 0x17, 0xE4, 0x17, 0xE4, 0x17,
    0xE4, 0x2F, 0xE6, 0x47, 0x68, 0x5E, 0xAC, 0x7E, 0x50, 0x9E, 0x53, 0x9E, 0x53, 0x85, 0xD0, 0x85,
    0x6F, 0xDF, 0x58, 0xFF, 0x7A, 0xFF, 0x7B, 0xFF, 0x5A, 0xDE, 0x76, 0xFF, 0x5A, 0xE6, 0xB7, 0xEF,
    0x18, 0xFF, 0x7A, 0xFF, 0x5A, 0xFF, 0x7A, 0xEE, 0xB7, 0xF7, 0x19, 0xFF, 0x7A, 0xFF, 0x5A, 0xFF,
    0x5A, 0xFF, 0x5A, 0xDE, 0x56, 0xE6, 0x76, 0xFF, 0x5A, 0xEE, 0xF8, 0xEE, 0xD8, 0xFF, 0x7A, 0xFF,
    0x7A, 0xFF, 0x7A, 0xFF, 0x7A, 0xFF, 0x7A, 0xFF, 0x7A, 0xFF, 0x7A, 0xFF, 0x9D, 0x7A, 0xFF, 0x7A,
    0xFF, 0x7A, 0xFF, 0x7A, 0xFF, 0x7A, 0xF6, 0xF9, 0xEE, 0x97, 0xE6, 0x77, 0xF6, 0xF9, 0xFF, 0x7B,
    0xFF, 0x7A, 0xFF, 0x7A, 0xFF, 0x7A, 0xDE, 0x77, 0xEE, 0xB9, 0xD6, 0x02, 0x76, 0xFF, 0x4E, 0x3F,
    0xEA, 0x17, 0xE5, 0x17, 0xE4, 0x17, 0xE4, 0x17, 0xE4, 0x17, 0xE4, 0x17, 0xE4, 0x17, 0xE4, 0x17,
    0xE4, 0x17, 0xE4, 0x17, 0xE4, 0x17, 0xE4, 0x17, 0xE4, 0x17, 0xE4, 0x17, 0xE4, 0x17, 0xE4, 0x17,
    0xE4, 0x17, 0xE4, 0x17, 0xE4, 0x17, 0xE4, 0x17, 0xE4, 0x17, 0xE4, 0x17, 0xE4, 0x17, 0xE4, 0x17,
    0xE4, 0x17, 0xE4, 0x17, 0xE4, 0x17, 0xE4, 0x17, 0xE4, 0x17, 0xE4, 0x17, 0xE4, 0x17, 0xE4, 0x17,
    0xE4, 0x17, 0xE4, 0x17, 0xE4, 0x17, 0xE4, 0x17, 0xE4, 0x17, 0xE4, 0x17, 0xE4, 0x17, 0xE4, 0x17,
    0xE4, 0x17, 0xE4, 0x17, 0xE4, 0x17, 0xE4, 0x17, 0xE4, 0x17, 0xE4, 0x17, 0xE4, 0x17, 0xE4, 0x17,
    0xE4, 0x17, 0xE4, 0x17, 0xE4, 0x17, 0xE4, 0x17, 0xE4, 0x17, 0xE4, 0x17, 0xE4, 0x17, 0xE4, 0x17,
    0xE4, 0x17, 0xE4, 0x17, 0xE4, 0x17, 0xE4, 0x17, 0xE4, 0x17, 0xE4, 0x17, 0xE4, 0x17, 0xFF, 0xE4,
    0x17, 0xE4, 0x17, 0xE4, 0x17, 0xE4, 0x17, 0xE4, 0x17, 0xE4, 0x17, 0xE4, 0x17, 0xE4, 0x17, 0xE4,
    0x17, 0xE4, 0x17, 0xE4, 0x17, 0xE4, 0x17, 0xE4, 0x17, 0xE4, 0x17, 0xE4, 0x1F, 0xE4, 0x2F, 0xE6,
    0x4E, 0xCA, 0x8E, 0x71, 0xB6, 0x76, 0xDF, 0x1A, 0xF7, 0x5D, 0xF7, 0x7D, 0xCE, 0x38, 0xD6, 0x17,
    0xFF, 0x7B, 0xFF, 0x5A, 0xFF, 0x7A, 0xE6, 0x97, 0xEE, 0xF8, 0xF7, 0x39, 0xE6, 0xB7, 0xFF, 0x7A,
    0xFF, 0x7A, 0xFF, 0x5A, 0xF7, 0x39, 0xE6, 0x76, 0xFF, 0x5A, 0xFF, 0x7A, 0xFF, 0x5A, 0xFF, 0x5A,
    0xFF, 0x7A, 0xF6, 0xF8, 0xCD, 0xB3, 0xEE, 0xD8, 0xFF, 0x7A, 0xE6, 0x76, 0xFF, 0x39, 0xFF, 0x7A,
    0xFF, 0x7A, 0xFF, 0x7A, 0xFF, 0x7A, 0xFF, 0x7A, 0xFF, 0x7A, 0xFF, 0x7A, 0xFF, 0x7A, 0xFF, 0x7A,
    0xFF, 0x7A, 0xFF, 0x7B, 0xFF, 0x7B, 0xEE, 0xB8, 0xDE, 0x56, 0xE6, 0x97, 0xFF, 0x7A, 0xFF, 0xFF,
    0x7A, 0xFF, 0x7A, 0xFF, 0x9A, 0xEE, 0xF9, 0xD6, 0x16, 0xFF, 0x1A, 0xAD, 0xD2, 0x5F, 0x2C, 0x2F,
    0xE7, 0x17, 0xE4, 0x17, 0xE4, 0x17, 0xE4, 0x17, 0xE4, 0x17, 0xE4, 0x17, 0xE4, 0x17, 0xE4, 0x17,
    0xE4, 0x17, 0xE4, 0x17, 0xE4, 0x17, 0xE4, 0x17, 0xE4, 0x17, 0xE4, 0x17, 0xE4, 0x17, 0xE4, 0x17,
    0xE4, 0x17, 0xE4, 0x17, 0xE4, 0x17, 0xE4, 0x17, 0xE4, 0x17, 0xE4, 0x17, 0xE4, 0x17, 0xE4, 0x17,
    0xE4, 0x17, 0xE4, 0x17, 0xE4, 0x17, 0xE4, 0x17, 0xE4, 0x17, 0xE4, 0x17, 0xE4, 0x17, 0xE4, 0x17,
    0xE4, 0x17, 0xE4, 0x17, 0xE4, 0x17, 0xE4, 0x17, 0xE4, 0x17, 0xE4, 0x17, 0xE4, 0x17, 0xE4, 0x17,
    0xE4, 0x17, 0xE4, 0x17, 0xE4, 0x17, 0xE4, 0x17, 0xE4, 0x17, 0xE4, 0x17, 0xE4, 0x17, 0xE4, 0x17,
    0xE4, 0x17, 0xE4, 0x17, 0xE4, 0x17, 0xE4, 0x17, 0xE4, 0x17, 0xE4, 0x17, 0xE4, 0x17, 0xE4, 0x17,
    0xFF, 0xE4, 0x17, 0xE4, 0x17, 0xE4, 0x17, 0xE4, 0x17, 0xE4, 0x17, 0xE4, 0x17, 0xE4, 0x17, 0xE4,
    0x17, 0xE4, 0x17, 0xE4, 0x17, 0xE4, 0x17, 0xE4, 0x17, 0xE4, 0x17, 0xE4, 0x17, 0xE4, 0x17, 0xE4,
    0x17, 0xE4, 0x17, 0xE4, 0x17, 0xE4, 0x17, 0xE4, 0x1F, 0xE4, 0x37, 0xE7, 0x46, 0x89, 0xA6, 0xB3,
    0xEF, 0x9C, 0xF7, 0xBE, 0xFF, 0xBE, 0xFF, 0xDF, 0xFF, 0x5D, 0xDE, 0x38, 0xFF, 0x1A, 0xFF, 0x3A,
    0xFF, 0x5B, 0xF7, 0x19, 0xDE, 0x56, 0xFF, 0x5A, 0xE6, 0x97, 0xF7, 0x19, 0xFF, 0x7A, 0xFF, 0x7A,
    0xFF, 0x7A, 0xE6, 0xB7, 0xE6, 0x97, 0xFF, 0x7B, 0xFF, 0x5A, 0xFF, 0x7A, 0xFF, 0x5A, 0xFF, 0x5A,
    0xFF, 0x5A, 0xDE, 0x56, 0xCD, 0xD4, 0xF7, 0x19, 0xEE, 0xD8, 0xEE, 0xB7, 0xFF, 0x7A, 0xFF, 0x7A,
    0xFF, 0x7B, 0xF7, 0x19, 0xF7, 0x19, 0xFF, 0x7A, 0xFF, 0x7A, 0xFF, 0x7A, 0xFF, 0x7A, 0xFF, 0x7A,
    0xFF, 0xFF, 0x7A, 0xFF, 0x7A, 0xF7, 0x3A, 0xDE, 0x76, 0xDE, 0x56, 0xFF, 0x5A, 0xFF, 0x7A, 0xFF,
    0x7A, 0xFF, 0x7A, 0xFF, 0x7A, 0xDE, 0x36, 0xEE, 0x77, 0xE6, 0xB7, 0x86, 0x0E, 0x47, 0xE9, 0x1F,
    0xE4, 0x17, 0xE3, 0x17, 0xE4, 0x17, 0xE4, 0x17, 0xE4, 0x17, 0xE4, 0x17, 0xE4, 0x17, 0xE4, 0x17,
    0xE4, 0x17, 0xE4, 0x17, 0xE4, 0x17, 0xE4, 0x17, 0xE4, 0x17, 0xE4, 0x17, 0xE4, 0x17, 0xE4, 0x17,
    0xE4, 0x17, 0xE4, 0x17, 0xE4, 0x17, 0xE4, 0x17, 0xE4, 0x17, 0xE4, 0x17, 0xE4, 0x17, 0xE4, 0x17,
    0xE4, 0x17, 0xE4, 0x17, 0xE4, 0x17, 0xE4, 0x17, 0xE4, 0x17, 0xE4, 0x17, 0xE4, 0x17, 0xE4, 0x17,
    0xE4, 0x17, 0xE4, 0x17, 0xE4, 0x17, 0xE4, 0x17, 0xE4, 0x17, 0xE4, 0x17, 0xE4, 0x17, 0xE4, 0x17,
    0xE4, 0x17, 0xE4, 0x17, 0xE4, 0x17, 0xE4, 0x17, 0xE4, 0x17, 0xE4, 0x17, 0xE4, 0x17, 0xE4, 0x17,
    0xE4, 0x17, 0xBC, 0xE4, 0x17, 0xE4, 0x17, 0xE4, 0x17, 0xE4, 0x17, 0xE4, 0x17, 0xE4, 0x17, 0xE4,
    0x17, 0xE4, 0x17, 0xE4, 0x17, 0xE4, 0x17, 0xE4, 0x17, 0xE4, 0x17, 0xE4, 0x17, 0xE4, 0x17, 0xE4,
    0x17, 0xE4, 0x17, 0xE4, 0x17, 0xE4, 0x17, 0xE4, 0x17, 0xE4, 0x17, 0xE4, 0x17, 0xE4, 0x17, 0xE4,
    0x17, 0xE4, 0x17, 0xE4, 0x17, 0xE4, 0x2F, 0xE6, 0x56, 0xAB, 0x9E, 0x74, 0xDF, 0x5B, 0xFF, 0xDF,
    0x06, 0xFF, 0xFF, 0xE6, 0xBA, 0xE6, 0x59, 0xFE, 0xFA, 0xFE, 0xF9, 0xFF, 0x1A, 0xDE, 0x16, 0xEE,
    0xB7, 0xF6, 0xF8, 0xDE, 0x76, 0xFF, 0x5A, 0xFF, 0x5A, 0xFF, 0x5A, 0xFF, 0x3A, 0xDE, 0x35, 0xF7,
    0x19, 0xFF, 0x7A, 0xFF, 0x7A, 0xFF, 0x5A, 0xFF, 0x5A, 0xFF, 0x5A, 0xFF, 0x5A, 0xFF, 0x39, 0xD6,
    0x15, 0xD5, 0xD4, 0xF7, 0x19, 0xE6, 0x76, 0xF6, 0xF8, 0xFF, 0x7A, 0xFF, 0x5A, 0xE6, 0x97, 0xFF,
    0x5A, 0xFF, 0x7A, 0xFF, 0x7A, 0xFF, 0x7A, 0xFF, 0x7A, 0xFF, 0x7A, 0xFF, 0x7A, 0xFF, 0x7A, 0xFF,
    0x9B, 0xE6, 0xB7, 0xD6, 0x35, 0xF7, 0x19, 0xFF, 0x7A, 0xFF, 0x5A, 0xFF, 0x5A, 0xFF, 0x7A, 0xEE,
    0xD8, 0xD5, 0xB4, 0xF6, 0xF8, 0xAD, 0xD1, 0x5F, 0x4B, 0x27, 0xE6, 0x17, 0xE3, 0x17, 0xE4, 0x17,
    0xE4, 0x17, 0xE4, 0x17, 0xE4, 0x17, 0xE4, 0x17, 0xE4, 0x17, 0xE4, 0x17, 0xE4, 0x17, 0xE4, 0x17,
    0xE4, 0x17, 0xE4, 0xFF, 0x17, 0xE4, 0x17, 0xE4, 0x17, 0xE4, 0x17, 0xE4, 0x17, 0xE4, 0x17, 0xE4,
    0x17, 0xE4, 0x17, 0xE4, 0x17, 0xE4, 0x17, 0xE4, 0x17, 0xE4, 0x17, 0xE4, 0x17, 0xE4, 0x17, 0xE4,
    0x17, 0xE4, 0x17, 0xE4, 0x17, 0xE4, 0x17, 0xE4, 0x17, 0xE4, 0x17, 0xE4, 0x17, 0xE4, 0x17, 0xE4,
    0x17, 0xE4, 0x17, 0xE4, 0x17, 0xE4, 0x17, 0xE4, 0x17, 0xE4, 0x17, 0xE4, 0x17, 0xE4, 0x17, 0xE4,
    0x17, 0xE4, 0x17, 0xE4, 0x17, 0xE4, 0x17, 0xE4, 0x17, 0xE4, 0x17, 0xE4, 0x17, 0xE4, 0x17, 0xE4,
    0x17, 0xE4, 0x17, 0xE4, 0x17, 0xE4, 0x17, 0xE4, 0x17, 0xE4, 0x17, 0xE4, 0x17, 0xE4, 0x17, 0xE4,
    0x17, 0xE4, 0x17, 0xE4, 0x17, 0xE4, 0x17, 0xE4, 0x17, 0xE4, 0x17, 0xE4, 0x17, 0xE4, 0x17, 0xE4,
    0x17, 0xE4, 0x17, 0xE4, 0x17, 0xE4, 0x17, 0xE4, 0x17, 0xE4, 0x17, 0xE4, 0x17, 0xE4, 0x17, 0xE4,
    0x2F, 0x66, 0xA6, 0xD4, 0x85, 0xEF, 0x7D, 0xFF, 0xBF, 0xFF, 0xDF, 0x05, 0xFF, 0xE3, 0xBE, 0xD6,
    0x38, 0xF6, 0xDA, 0xF6, 0xD9, 0xFE, 0xF9, 0xF6, 0xB8, 0xD5, 0xB4, 0xF6, 0xF9, 0xE6, 0x76, 0xEE,
    0xB7, 0xFF, 0x3A, 0xFF, 0x19, 0xFF, 0x3A, 0xEE, 0xD8, 0xDE, 0x36, 0xFF, 0x5A, 0xFF, 0x7A, 0xFF,
    0x5A, 0xFF, 0x5A, 0xFF, 0x5A, 0xFF, 0x3A, 0xFF, 0x3A, 0xFF, 0x3A, 0xF6, 0xF9, 0xD5, 0xF5, 0xCD,
    0xD4, 0xE6, 0x77, 0xDE, 0x36, 0xF7, 0x19, 0xDE, 0x56, 0xEE, 0xB7, 0xFF, 0x5A, 0xFF, 0x5A, 0xFF,
    0x7A, 0xFF, 0x7A, 0xFF, 0x7A, 0xFF, 0x7A, 0xFF, 0x7A, 0xFF, 0x7A, 0xFF, 0x7A, 0xFF, 0x39, 0xCD,
    0xF4, 0xE6, 0x77, 0xFF, 0x7A, 0xFF, 0x3A, 0xFF, 0x3A, 0xFF, 0x3A, 0xFF, 0x19, 0xD5, 0xB4, 0xEE,
    0x76, 0xDE, 0x02, 0x76, 0xFF, 0x4C, 0x37, 0xE8, 0x17, 0xE4, 0x17, 0xE4, 0x1F, 0xE4, 0x17, 0xE4,
    0x17, 0xE3, 0x17, 0xE4, 0x17, 0xE3, 0x17, 0xE4, 0x17, 0xE4, 0x17, 0xE4, 0x17, 0xE4, 0x17, 0xE4,
    0x17, 0xE4, 0x17, 0xE4, 0x17, 0xE4, 0x17, 0xE4, 0x17, 0xE4, 0x17, 0xE4, 0x17, 0xE4, 0x17, 0xE4,
    0x17, 0xE4, 0x17, 0xE4, 0x17, 0xE4, 0x17, 0xE4, 0x17, 0xE4, 0x17, 0xE4, 0x17, 0xE4, 0x17, 0xE4,
    0x17, 0xE4, 0x17, 0xE4, 0x17, 0xE4, 0x17, 0xE4, 0x17, 0xE4, 0x17, 0xE4, 0x17, 0xE4, 0x17, 0xE4,
    0x17, 0xE4, 0x17, 0xE4, 0x17, 0xE4, 0x17, 0xE4, 0x17, 0xE4, 0x17, 0xE4, 0x17, 0xE4, 0x17, 0xE4,
    0x17, 0xE4, 0x17, 0xE4, 0x17, 0xE4, 0x17, 0xE4, 0x17, 0xE4, 0x17, 0xE4, 0x17, 0xE4, 0x17, 0xE4,
    0x17, 0xE4, 0x17, 0xE4, 0x17, 0xE4, 0x17, 0xE4, 0x17, 0xE4, 0x17, 0xE4, 0x17, 0xE4, 0x17, 0xE4,
    0x17, 0xE4, 0x17, 0xE4, 0x17, 0x9E, 0xE4, 0x17, 0xE4, 0x17, 0xE4, 0x17, 0xE4, 0x17, 0xE4, 0x17,
    0xE4, 0x17, 0xE4, 0x17, 0xE4, 0x17, 0xE4, 0x17, 0xE4, 0x17, 0xE4, 0x17, 0xE4, 0x47, 0x2A, 0xCF,
    0x39, 0xFF, 0x9F, 0xFF, 0xDF, 0x06, 0xFF, 0xFF, 0xE6, 0xDB, 0xDE, 0x59, 0xF6, 0xFA, 0xF6, 0xD9,
    0xFE, 0xF9, 0xE6, 0x16, 0xD5, 0xD4, 0xF6, 0xF9, 0xDE, 0x15, 0xF6, 0xD8, 0xFE, 0xF9, 0xFE, 0xF9,
    0xFF, 0x19, 0xDD, 0xF5, 0xEE, 0x77, 0xFE, 0xF9, 0xEE, 0x97, 0xE6, 0x56, 0xEE, 0x77, 0xFE, 0xF9,
    0xFF, 0x19, 0xFF, 0x19, 0xFE, 0xF9, 0xFF, 0x19, 0xF6, 0xD8, 0xDE, 0x15, 0xD5, 0xF5, 0xE6, 0x56,
    0xD5, 0xF5, 0xBD, 0x32, 0xFF, 0x19, 0xFF, 0x5A, 0xFF, 0x3A, 0xFF, 0x5A, 0xFF, 0x5A, 0xFF, 0x5A,
    0xFF, 0x5A, 0xFF, 0x5A, 0xFF, 0x5A, 0xFF, 0x5A, 0xFF, 0x5A, 0xE6, 0x36, 0xD5, 0x94, 0xFE, 0xF9,
    0xFE, 0xF9, 0xFE, 0xD9, 0xFE, 0xD9, 0xFE, 0xF9, 0xE6, 0x15, 0xE5, 0xF5, 0xF6, 0xB8, 0x95, 0xEF,
    0x4F, 0xCA, 0x27, 0xE6, 0x27, 0xE6, 0x27, 0xE6, 0x27, 0xE5, 0x1F, 0xE3, 0x17, 0xE3, 0x17, 0xE3,
    0x17, 0xE3, 0x17, 0xE4, 0x17, 0xE4, 0x17, 0xE4, 0xFF, 0x17, 0xE4, 0x17, 0xE4, 0x17, 0xE4, 0x17,
    0xE4, 0x17, 0xE4, 0x17, 0xE4, 0x17, 0xE4, 0x17, 0xE4, 0x17, 0xE4, 0x17, 0xE4, 0x17, 0xE4, 0x17,
    0xE4, 0x17, 0xE4, 0x17, 0xE4, 0x17, 0xE4, 0x17, 0xE4, 0x17, 0xE4, 0x17, 0xE4, 0x17, 0xE4, 0x17,
    0xE4, 0x17, 0xE4, 0x17, 0xE4, 0x17, 0xE4, 0x17, 0xE4, 0x17, 0xE4, 0x17, 0xE4, 0x17, 0xE4, 0x17,
    0xE4, 0x17, 0xE4, 0x17, 0xE4, 0x17, 0xE4, 0x17, 0xE4, 0x17, 0xE4, 0x17, 0xE4, 0x17, 0xE4, 0x17,
    0xE4, 0x17, 0xE4, 0x17, 0xE4, 0x17, 0xE4, 0x17, 0xE4, 0x17, 0xE4, 0x17, 0xE4, 0x17, 0xE4, 0x17,
    0xE4, 0x17, 0xE4, 0x17, 0xE4, 0x17, 0xE4, 0x17, 0xE4, 0x17, 0xE4, 0x17, 0xE4, 0x17, 0xE4, 0x17,
    0xE4, 0x17, 0xE4, 0x17, 0xE4, 0x17, 0xE4, 0x17, 0xE4, 0x17, 0xE4, 0x17, 0xE4, 0x17, 0xE4, 0x17,
    0xE4, 0x17, 0xE4, 0x17, 0xE4, 0x1F, 0xE5, 0x4E, 0xAA, 0x85, 0xCE, 0xD9, 0xF7, 0x3D, 0xFF, 0xDF,
    0x05, 0xFF, 0xFF, 0xBE, 0xD6, 0x38, 0xEE, 0xDA, 0xF6, 0xDA, 0xF6, 0xD9, 0xFE, 0xD9, 0xD5, 0x94,
    0xEE, 0x57, 0xEE, 0x97, 0xDE, 0x16, 0xFE, 0xD9, 0xFE, 0xD9, 0xFE, 0xF9, 0xF6, 0xB8, 0xCD, 0x73,
    0xEE, 0x56, 0xE6, 0x16, 0xDD, 0xF5, 0xEE, 0x56, 0xF6, 0x98, 0xF6, 0xD8, 0xF6, 0xD9, 0xF6, 0xD8,
    0xF6, 0xD9, 0xF6, 0xD9, 0xFE, 0xF9, 0xF6, 0xB8, 0xE6, 0x77, 0xE6, 0x56, 0xCD, 0xB4, 0xC5, 0x32,
    0xF6, 0xF9, 0xFF, 0x19, 0xFF, 0x19, 0xF6, 0xF9, 0xFF, 0x19, 0xF7, 0x19, 0xFF, 0x19, 0xF6, 0xF9,
    0xFF, 0x19, 0xFF, 0x19, 0xFF, 0x19, 0xEE, 0x77, 0xCD, 0x53, 0xF6, 0x98, 0xFE, 0xD9, 0xFE, 0xB8,
    0xFE, 0xB8, 0xFE, 0xD8, 0xEE, 0x77, 0xD5, 0x94, 0xF6, 0x98, 0xB6, 0x13, 0x76, 0xCE, 0x57, 0x8B,
    0x57, 0x4B, 0x57, 0x2B, 0x4F, 0xAA, 0x3F, 0xE8, 0x27, 0xE5, 0x17, 0xE4, 0x17, 0xE4, 0x17, 0xE4,
    0x17, 0xE4, 0x17, 0xFF, 0xE4, 0x17, 0xE4, 0x17, 0xE4, 0x17, 0xE4, 0x17, 0xE4, 0x17, 0xE4, 0x17,
    0xE4, 0x17, 0xE4, 0x17, 0xE4, 0x17, 0xE4, 0x17, 0xE4, 0x17, 0xE4, 0x17, 0xE4, 0x17, 0xE4, 0x17,
    0xE4, 0x17, 0xE4, 0x17, 0xE4, 0x17, 0xE4, 0x17, 0xE4, 0x17, 0xE4, 0x17, 0xE4, 0x17, 0xE4, 0x17,
    0xE4, 0x17, 0xE4, 0x17, 0xE4, 0x17, 0xE4, 0x17, 0xE4, 0x17, 0xE4, 0x17, 0xE4, 0x17, 0xE4, 0x17,
    0xE4, 0x17, 0xE4, 0x17, 0xE4, 0x17, 0xE4, 0x17, 0xE4, 0x17, 0xE4, 0x17, 0xE4, 0x17, 0xE4, 0x17,
    0xE4, 0x17, 0xE4, 0x17, 0xE4, 0x17, 0xE4, 0x17, 0xE4, 0x17, 0xE4, 0x17, 0xE4, 0x17, 0xE4, 0x17,
    0xE4, 0x17, 0xE4, 0x17, 0xE4, 0x17, 0xE4, 0x17, 0xE4, 0x17, 0xE4, 0x17, 0xE4, 0x17, 0xE4, 0x17,
    0xE4, 0x17, 0xE4, 0x17, 0xE4, 0x17, 0xE4, 0x17, 0xE4, 0x17, 0xE4, 0x17, 0xE4, 0x17, 0xE4, 0x17,
    0xE4, 0x1F, 0xE5, 0x6F, 0x88, 0x4F, 0xDF, 0x1A, 0xEE, 0xDC, 0xF7, 0x7E, 0xFF, 0xDF, 0x02, 0xFF,
    0xFF, 0xEF, 0x3C, 0xD6, 0x37, 0xF6, 0xFA, 0xF6, 0xD9, 0xFE, 0xF9, 0xF6, 0x97, 0xD5, 0x93, 0xF6,
    0xB8, 0xE6, 0x36, 0xEE, 0x57, 0xFE, 0xD9, 0xFE, 0xD9, 0xFE, 0xF9, 0xE6, 0x36, 0xC5, 0x12, 0xE6,
    0x16, 0xEE, 0x57, 0xFE, 0xB8, 0xFE, 0xD9, 0xFE, 0xB8, 0xFE, 0xD8, 0xF6, 0xD9, 0xF6, 0xD8, 0xF6,
    0xD9, 0xFE, 0xD9, 0xF6, 0xD9, 0xFE, 0xF9, 0xF6, 0xD8, 0xEE, 0x57, 0xC5, 0x52, 0xDD, 0xF5, 0xF6,
    0xD8, 0xF6, 0xD9, 0xEE, 0x97, 0xE6, 0x56, 0xEE, 0xB8, 0xF6, 0xF9, 0xF6, 0xF9, 0xF6, 0xD8, 0xF6,
    0xD9, 0xFE, 0xD9, 0xFE, 0xD9, 0xF6, 0xB8, 0xCD, 0x73, 0xEE, 0x77, 0xFE, 0xF9, 0xF6, 0xD8, 0xF6,
    0xD8, 0xFE, 0xD9, 0xF6, 0xB8, 0xD5, 0x94, 0xDD, 0xD6, 0xBD, 0x54, 0x8D, 0x2F, 0x8D, 0xB0, 0xA6,
    0x53, 0xAE, 0x54, 0x8D, 0xF1, 0x6E, 0xCE, 0x57, 0xEB, 0x37, 0xE7, 0x27, 0xE5, 0x1F, 0xE4, 0x17,
    0xE4, 0xFF, 0x17, 0xE4, 0x17, 0xE4, 0x17, 0xE4, 0x17, 0xE4, 0x17, 0xE4, 0x17, 0xE4, 0x17, 0xE4,
    0x17, 0xE4, 0x17, 0xE4, 0x17, 0xE4, 0x17, 0xE4, 0x17, 0xE4, 0x17, 0xE4, 0x17, 0xE4, 0x17, 0xE4,
    0x17, 0xE4, 0x17, 0xE4, 0x17, 0xE4, 0x17, 0xE4, 0x17, 0xE4, 0x17, 0xE4, 0x17, 0xE4, 0x17, 0xE4,
    0x17, 0xE4, 0x17, 0xE4, 0x17, 0xE4, 0x17, 0xE4, 0x17, 0xE4, 0x17, 0xE4, 0x17, 0xE4, 0x17, 0xE4,
    0x17, 0xE4, 0x17, 0xE4, 0x17, 0xE4, 0x17, 0xE4, 0x17, 0xE4, 0x17, 0xE4, 0x17, 0xE4, 0x17, 0xE4,
    0x17, 0xE4, 0x17, 0xE4, 0x17, 0xE4, 0x17, 0xE4, 0x17, 0xE4, 0x17, 0xE4, 0x17, 0xE4, 0x17, 0xE4,
    0x17, 0xE4, 0x17, 0xE4, 0x17, 0xE4, 0x17, 0xE4, 0x17, 0xE4, 0x17, 0xE4, 0x17, 0xE4, 0x17, 0xE4,
    0x17, 0xE4, 0x17, 0xE4, 0x17, 0xE4, 0x17, 0xE4, 0x17, 0xE4, 0x17, 0xE4, 0x17, 0xE4, 0x17, 0xE4,
    0x1F, 0xE5, 0x02, 0x6F, 0xFF, 0xD7, 0x3A, 0xE6, 0xBB, 0xEE, 0xDC, 0xF7, 0x3D, 0xFF, 0xBE, 0xDE,
    0x78, 0xDE, 0x37, 0xF6, 0xD9, 0xF6, 0xD9, 0xFE, 0xF9, 0xE6, 0x16, 0xD5, 0x93, 0xFE, 0xB8, 0xDD,
    0xF5, 0xF6, 0x98, 0xFE, 0xD9, 0xFE, 0xF9, 0xFE, 0xD9, 0xD5, 0x94, 0xD5, 0x73, 0xFE, 0x98, 0xFE,
    0xB8, 0xFE, 0xB8, 0xFE, 0xD9, 0xFE, 0xD9, 0xFE, 0xD8, 0xFE, 0xD8, 0xF6, 0xD8, 0xF6, 0xD8, 0xF6,
    0xD8, 0xF6, 0xD9, 0xF6, 0xD8, 0xFE, 0xF9, 0xE6, 0x36, 0xC5, 0x32, 0xE6, 0x36, 0xFE, 0xD9, 0xFE,
    0xD9, 0xF6, 0xB8, 0xEE, 0x77, 0xDE, 0x15, 0xEE, 0x57, 0xFE, 0xF9, 0xEE, 0x97, 0xF6, 0xB8, 0xFE,
    0xD9, 0xFE, 0xD9, 0xFE, 0xD8, 0xD5, 0x94, 0xEE, 0x77, 0xFE, 0xF9, 0xF6, 0xD8, 0xF6, 0xD8, 0xF6,
    0xD9, 0xFE, 0xD9, 0xCD, 0x94, 0xBC, 0xD2, 0xD6, 0x17, 0xDE, 0xBA, 0xE7, 0x1B, 0xF7, 0x7D, 0xFF,
    0x9E, 0xE7, 0x1C, 0xA5, 0xD4, 0xFF, 0x75, 0xAF, 0x66, 0xCD, 0x47, 0xE9, 0x1F, 0xE5, 0x17, 0xE4,
    0x17, 0xE3, 0x17, 0xE3, 0x17, 0xE4, 0x17, 0xE4, 0x17, 0xE4, 0x17, 0xE4, 0x17, 0xE4, 0x17, 0xE4,
    0x17, 0xE4, 0x17, 0xE4, 0x17, 0xE4, 0x17, 0xE4, 0x17, 0xE4, 0x17, 0xE4, 0x17, 0xE4, 0x17, 0xE4,
    0x17, 0xE4, 0x17, 0xE4, 0x17, 0xE4, 0x17, 0xE4, 0x17, 0xE4, 0x17, 0xE4, 0x17, 0xE4, 0x17, 0xE4,
    0x17, 0xE4, 0x17, 0xE4, 0x17, 0xE4, 0x17, 0xE4, 0x17, 0xE4, 0x17, 0xE4, 0x17, 0xE4, 0x17, 0xE4,
    0x17, 0xE4, 0x17, 0xE4, 0x17, 0xE4, 0x17, 0xE4, 0x17, 0xE4, 0x17, 0xE4, 0x17, 0xE4, 0x17, 0xE4,
    0x17, 0xE4, 0x17, 0xE4, 0x17, 0xE4, 0x17, 0xE4, 0x17, 0xE4, 0x17, 0xE4, 0x17, 0xE4, 0x17, 0xE4,
    0x17, 0xE4, 0x17, 0xE4, 0x17, 0xE4, 0x17, 0xE4, 0x17, 0xE4, 0x17, 0xE4, 0x17, 0xE4, 0x17, 0xE4,
    0x17, 0xE4, 0x17, 0xE4, 0x17, 0xE4, 0xFF, 0x17, 0xE4, 0x17, 0xE4, 0x17, 0xE4, 0x17, 0xE4, 0x17,
    0xE4, 0x46, 0xE9, 0xC6, 0xF8, 0xE6, 0xDB, 0xEE, 0xBB, 0xEE, 0xBB, 0xEE, 0xDB, 0xCD, 0xD6, 0xDE,
    0x36, 0xF6, 0xB8, 0xF6, 0xD9, 0xFE, 0xF9, 0xD5, 0xB4, 0xDD, 0xD4, 0xF6, 0x98, 0xDD, 0xF5, 0xFE,
    0xD8, 0xFE, 0xD9, 0xFE, 0xF9, 0xF6, 0x98, 0xCD, 0x53, 0xDD, 0xB5, 0xFE, 0xB9, 0xFE, 0xB9, 0xFE,
    0xB8, 0xFE, 0xB8, 0xFE, 0xB8, 0xFE, 0xD8, 0xFE, 0xD8, 0xFE, 0xD8, 0xF6, 0xD8, 0xF6, 0xD8, 0xF6,
    0xD8, 0xF6, 0xD8, 0xFE, 0xD8, 0xD5, 0x94, 0xC5, 0x32, 0xEE, 0x57, 0xFE, 0xD9, 0xFE, 0xD9, 0xFE,
    0xD9, 0xFE, 0xF9, 0xF6, 0xB8, 0xEE, 0x57, 0xEE, 0x77, 0xE6, 0x36, 0xF6, 0x98, 0xFE, 0xD9, 0xFE,
    0xD9, 0xFE, 0xD9, 0xD5, 0xB4, 0xE6, 0x36, 0xFE, 0xF9, 0xF6, 0xD8, 0xF6, 0xD8, 0xF6, 0xD8, 0xFE,
    0xF9, 0xDD, 0xF6, 0xD5, 0xD6, 0xFF, 0x7C, 0x83, 0xFF, 0xBE, 0xFF, 0xDF, 0x05, 0xFF, 0xFF, 0xBF,
    0xEF, 0x1C, 0xCE, 0x59, 0x8D, 0x92, 0x5F, 0x2D, 0x27, 0xE6, 0x17, 0xE3, 0x17, 0xE3, 0x17, 0xE3,
    0x17, 0xE4, 0x17, 0xE4, 0x17, 0xE4, 0x17, 0xE4, 0x17, 0xE4, 0x17, 0xE4, 0x17, 0xE4, 0x17, 0xE4,
    0x17, 0xE4, 0x17, 0xE4, 0x17, 0xE4, 0x17, 0xE4, 0x17, 0xE4, 0x17, 0xE4, 0x17, 0xE4, 0x17, 0xE4,
    0x17, 0xE4, 0x17, 0xE4, 0x17, 0xE4, 0x17, 0xE4, 0x17, 0xE4, 0x17, 0xE4, 0x17, 0xE4, 0x17, 0xE4,
    0x17, 0xE4, 0x17, 0xE4, 0x17, 0xE4, 0x17, 0xE4, 0x17, 0xE4, 0x17, 0xE4, 0x17, 0xE4, 0x17, 0xE4,
    0x17, 0xE4, 0x17, 0xE4, 0x17, 0xE4, 0x17, 0xE4, 0x17, 0xE4, 0x17, 0xE4, 0x17, 0xE4, 0x17, 0xE4,
    0x17, 0xE4, 0x17, 0xE4, 0x17, 0xE4, 0x17, 0xE4, 0x17, 0xE4, 0x17, 0xE4, 0x17, 0xE4, 0x17, 0xE4,
    0x17, 0xE4, 0x17, 0xE4, 0x17, 0xE4, 0x17, 0xE4, 0x17, 0xE4, 0x17, 0xE4, 0x17, 0xE4, 0x17, 0xFF,
    0xE4, 0x17, 0xE4, 0x17, 0xE4, 0x17, 0xE4, 0x17, 0xE4, 0x17, 0xE4, 0x17, 0xE4, 0x3F, 0x48, 0xC7,
    0x37, 0xE6, 0xDA, 0xE6, 0xBA, 0xEE, 0x9A, 0xDE, 0x38, 0xCD, 0xB5, 0xDE, 0x16, 0xEE, 0x98, 0xFE,
    0xF9, 0xF6, 0xD8, 0xD5, 0x93, 0xE5, 0xF5, 0xEE, 0x56, 0xEE, 0x56, 0xFE, 0xD9, 0xFE, 0xD9, 0xFE,
    0xD9, 0xE6, 0x16, 0xD5, 0x33, 0xE5, 0xF5, 0xFE, 0xB9, 0xFE, 0xB8, 0xFE, 0xB9, 0xFE, 0xB8, 0xFE,
    0xB9, 0xFE, 0xB9, 0xFE, 0xD9, 0xFE, 0xD9, 0xFE, 0xD9, 0xFE, 0xD9, 0xFE, 0xD9, 0xFE, 0xD8, 0xEE,
    0x77, 0xCD, 0x53, 0xCD, 0x73, 0xF6, 0x77, 0xFE, 0xD9, 0xFE, 0xD9, 0xFE, 0xD9, 0xFE, 0xD9, 0xFE,
    0xD9, 0xFE, 0xD9, 0xEE, 0x57, 0xCD, 0x73, 0xF6, 0xB8, 0xFE, 0xD9, 0xFE, 0xD8, 0xFE, 0xD9, 0xD5,
    0xB4, 0xE6, 0x36, 0xFE, 0xF9, 0xF6, 0xD8, 0xF6, 0xD8, 0xF6, 0xD8, 0xF6, 0xD9, 0xE6, 0x77, 0xEE,
    0x82, 0xD9, 0xFF, 0xDE, 0x0B, 0xFF, 0xFF, 0xDF, 0xF7, 0x7E, 0xC6, 0x18, 0x75, 0xCF, 0x47, 0xEA,
    0x1F, 0xE5, 0x17, 0xE3, 0x17, 0xE3, 0x17, 0xE4, 0x17, 0xE4, 0x17, 0xE4, 0x17, 0xE4, 0x17, 0xE4,
    0x17, 0xE4, 0x17, 0xE4, 0x17, 0xE4, 0x17, 0xE4, 0x17, 0xE4, 0x17, 0xE4, 0x17, 0xE4, 0x17, 0xE4,
    0x17, 0xE4, 0x17, 0xE4, 0x17, 0xE4, 0x17, 0xE4, 0x17, 0xE4, 0x17, 0xE4, 0x17, 0xE4, 0x17, 0xE4,
    0x17, 0xE4, 0x17, 0xE4, 0x17, 0xE4, 0x17, 0xE4, 0x17, 0xE4, 0x17, 0xE4, 0x17, 0xE4, 0x17, 0xE4,
    0x17, 0xE4, 0x17, 0xE4, 0x17, 0xE4, 0x17, 0xE4, 0x17, 0xE4, 0x17, 0xE4, 0x17, 0xE4, 0x17, 0xE4,
    0x17, 0xE4, 0x17, 0xE4, 0x17, 0xE4, 0x17, 0xE4, 0x17, 0xE4, 0x17, 0xE4, 0x17, 0xE4, 0x17, 0xE4,
    0x17, 0xE4, 0x17, 0xE4, 0x17, 0xE4, 0x17, 0xE4, 0x17, 0xE4, 0x17, 0xE4, 0x17, 0xE4, 0x17, 0xE4,
    0x17, 0xE4, 0x17, 0xE4, 0x17, 0xE4, 0x17, 0xFF, 0xE4, 0x17, 0xE4, 0x17, 0xE4, 0x17, 0xE4, 0x17,
    0xE4, 0x17, 0xE3, 0x37, 0xA7, 0xB7, 0x76, 0xE6, 0xFB, 0xEE, 0xBA, 0xEE, 0xBB, 0xD5, 0xD7, 0xD5,
    0xB5, 0xDD, 0xD5, 0xEE, 0x57, 0xFE, 0xD9, 0xF6, 0x98, 0xCD, 0x73, 0xE5, 0xF5, 0xE5, 0xF5, 0xEE,
    0x77, 0xFE, 0xD9, 0xFE, 0xB8, 0xFE, 0xB8, 0xDD, 0x94, 0xDD, 0x73, 0xED, 0xD5, 0xFE, 0xB9, 0xFE,
    0xB9, 0xFE, 0xB9, 0xFE, 0xB9, 0xFE, 0x98, 0xFE, 0xB8, 0xFE, 0xB9, 0xFE, 0xD9, 0xFE, 0xD9, 0xFE,
    0xD9, 0xFE, 0xD9, 0xFE, 0xD9, 0xEE, 0x36, 0xD5, 0x73, 0xD5, 0x94, 0xF6, 0x98, 0xFE, 0xD9, 0xFE,
    0xD9, 0xFE, 0xD9, 0xFE, 0xD9, 0xFE, 0xD9, 0xFE, 0xF9, 0xE6, 0x16, 0xC5, 0x52, 0xFE, 0xD8, 0xFE,
    0xD9, 0xFE, 0xD8, 0xFE, 0xD9, 0xD5, 0xB4, 0xE6, 0x36, 0xFE, 0xF9, 0xFE, 0xD9, 0xF6, 0xD9, 0xF6,
    0xD9, 0xF6, 0xD9, 0xEE, 0x98, 0xEE, 0xFA, 0xFF, 0x82, 0xFE, 0xFF, 0xFE, 0x0B, 0xFF, 0xFF, 0xBF,
    0xDE, 0xBB, 0x95, 0x52, 0x66, 0x8D, 0x37, 0xE8, 0x17, 0xE4, 0x17, 0xE4, 0x17, 0xE4, 0x17, 0xE4,
    0x17, 0xE4, 0x17, 0xE4, 0x17, 0xE4, 0x17, 0xE4, 0x17, 0xE4, 0x17, 0xE4, 0x17, 0xE4, 0x17, 0xE4,
    0x17, 0xE4, 0x17, 0xE4, 0x17, 0xE4, 0x17, 0xE4, 0x17, 0xE4, 0x17, 0xE4, 0x17, 0xE4, 0x17, 0xE4,
    0x17, 0xE4, 0x17, 0xE4, 0x17, 0xE4, 0x17, 0xE4, 0x17, 0xE4, 0x17, 0xE4, 0x17, 0xE4, 0x17, 0xE4,
    0x17, 0xE4, 0x17, 0xE4, 0x17, 0xE4, 0x17, 0xE4, 0x17, 0xE4, 0x17, 0xE4, 0x17, 0xE4, 0x17, 0xE4,
    0x17, 0xE4, 0x17, 0xE4, 0x17, 0xE4, 0x17, 0xE4, 0x17, 0xE4, 0x17, 0xE4, 0x17, 0xE4, 0x17, 0xE4,
    0x17, 0xE4, 0x17, 0xE4, 0x17, 0xE4, 0x17, 0xE4, 0x17, 0xE4, 0x17, 0xE4, 0x17, 0xE4, 0x17, 0xE4,
    0x17, 0xE4, 0x17, 0xE4, 0x17, 0xE4, 0x17, 0xE4, 0x17, 0xE4, 0x17, 0xE4, 0x17, 0xE4, 0x17, 0xC3,
    0xE4, 0x17, 0xE4, 0x17, 0xE4, 0x17, 0xE3, 0x17, 0xE3, 0x1F, 0xE4, 0x67, 0x4D, 0xBF, 0x78, 0xDE,
    0xFA, 0xE6, 0x9A, 0xD5, 0xB6, 0xDD, 0xD5, 0xDD, 0xB4, 0xE6, 0x16, 0xFE, 0xB8, 0xEE, 0x77, 0xCD,
    0x53, 0xDD, 0xD4, 0xDD, 0xB4, 0xEE, 0x77, 0xFE, 0xD9, 0xFE, 0xB9, 0xFE, 0x98, 0xDD, 0x74, 0xE5,
    0x95, 0xE5, 0x94, 0xF5, 0xF6, 0xED, 0xD5, 0xE5, 0x95, 0xE5, 0x74, 0xE5, 0x74, 0xE5, 0x95, 0xE5,
    0x95, 0xE5, 0xB5, 0xED, 0x02, 0xF6, 0xBA, 0x37, 0xFE, 0x98, 0xFE, 0xD9, 0xE5, 0xF6, 0xDD, 0xB4,
    0xDD, 0x94, 0xFE, 0x98, 0xFE, 0xD9, 0xFE, 0xD9, 0xFE, 0xD9, 0xFE, 0xD9, 0xFE, 0xD9, 0xF6, 0xD8,
    0xCD, 0x73, 0xCD, 0x73, 0xFE, 0xD8, 0xFE, 0xD9, 0xFE, 0xD9, 0xFE, 0xD8, 0xD5, 0xB4, 0xE6, 0x16,
    0xFE, 0xF9, 0xFE, 0xD8, 0xF6, 0xD8, 0xF6, 0xD9, 0xF6, 0xD9, 0xEE, 0x98, 0xEE, 0xDA, 0xFF, 0xFE,
    0xFF, 0xFE, 0x0B, 0xFF, 0xFF, 0xDF, 0xFF, 0x9E, 0xDE, 0xBA, 0x85, 0xB0, 0x47, 0xEA, 0x17, 0xE4,
    0x17, 0xE4, 0x17, 0xE4, 0x17, 0xE4, 0x17, 0xE4, 0x17, 0xE4, 0x17, 0xE4, 0x17, 0xE4, 0x17, 0xE4,
    0x17, 0xE4, 0x17, 0xE4, 0x17, 0xE4, 0x17, 0xE4, 0x17, 0xE4, 0x17, 0xE4, 0x17, 0xE4, 0x17, 0xE4,
    0x17, 0xE4, 0x17, 0xE4, 0x17, 0xE4, 0x17, 0xE4, 0x17, 0xE4, 0x17, 0xE4, 0x17, 0xE4, 0x17, 0xE4,
    0x17, 0xE4, 0x17, 0xE4, 0x17, 0xE4, 0x17, 0xE4, 0x17, 0xE4, 0x17, 0xE4, 0x17, 0xE4, 0x17, 0xE4,
    0x17, 0xE4, 0x17, 0xE4, 0x17, 0xE4, 0x17, 0xE4, 0x17, 0xE4, 0x17, 0xE4, 0x17, 0xE4, 0x17, 0xE4,
    0x17, 0xE4, 0x17, 0xE4, 0x17, 0xE4, 0x17, 0xE4, 0x17, 0xE4, 0x17, 0xE4, 0x17, 0xE4, 0x17, 0xE4,
    0x17, 0xE4, 0x17, 0xE4, 0x17, 0xE4, 0x17, 0xE4, 0x17, 0xE4, 0x17, 0xE4, 0x17, 0xE4, 0x17, 0xE4,
    0x17, 0xE4, 0x17, 0xE4, 0x17, 0xA1, 0xE4, 0x17, 0xE4, 0x17, 0xE4, 0x17, 0xE4, 0x17, 0xE3, 0x17,
    0xE4, 0x1F, 0xE4, 0x47, 0x2A, 0xA7, 0x54, 0xDE, 0xD9, 0xCD, 0xB5, 0xDD, 0xB5, 0xDD, 0x94, 0xE5,
    0xD5, 0xF6, 0x57, 0xEE, 0x36, 0xD5, 0x53, 0xE5, 0x02, 0xD5, 0xDC, 0x73, 0xF6, 0x57, 0xFE, 0x98,
    0xF6, 0x17, 0xE5, 0xB5, 0xDD, 0x74, 0xF5, 0xF6, 0xE5, 0x95, 0xE5, 0x54, 0xE5, 0x74, 0xED, 0x54,
    0xE5, 0x54, 0xED, 0x54, 0xED, 0x74, 0xE5, 0x74, 0xE5, 0x74, 0xE5, 0x53, 0xDD, 0x33, 0xE5, 0x53,
    0xE5, 0x95, 0xDD, 0x74, 0xE5, 0xB5, 0xE5, 0x94, 0xFE, 0x98, 0xFE, 0xB8, 0xFE, 0xB8, 0xFE, 0xD9,
    0xFE, 0xD9, 0xFE, 0xD9, 0xF6, 0xB8, 0xC5, 0x52, 0xD5, 0x93, 0xFE, 0xD8, 0xFE, 0xD9, 0xFE, 0xD8,
    0xFE, 0xD8, 0xD5, 0xB4, 0xE6, 0x36, 0xFE, 0xF9, 0xFE, 0xD9, 0xF6, 0xD9, 0xF6, 0xD9, 0xFE, 0xD9,
    0xEE, 0x98, 0xEE, 0xB9, 0xFF, 0xFE, 0xFF, 0xFE, 0x0D, 0xFF, 0xFF, 0xBF, 0xEE, 0xDC, 0xA5, 0xB3,
    0x4F, 0xAA, 0x17, 0xE5, 0x17, 0xE3, 0x17, 0xE4, 0x17, 0xE4, 0x17, 0xE4, 0x17, 0xE4, 0x17, 0xE4,
    0x17, 0xE4, 0x17, 0xE4, 0x17, 0xE4, 0x17, 0xE4, 0x17, 0xE4, 0x17, 0xE4, 0x17, 0xE4, 0x17, 0xE4,
    0x17, 0xE4, 0x17, 0xE4, 0x17, 0xE4, 0x17, 0xE4, 0x17, 0xE4, 0x17, 0xE4, 0x17, 0xE4, 0x17, 0xE4,
    0x17, 0xE4, 0x17, 0xE4, 0x17, 0xE4, 0x17, 0xE4, 0x17, 0xE4, 0x17, 0xE4, 0x17, 0xE4, 0x17, 0xE4,
    0x17, 0xE4, 0x17, 0xE4, 0x17, 0xE4, 0x17, 0xE4, 0x17, 0xE4, 0x17, 0xE4, 0x17, 0xE4, 0x17, 0xE4,
    0x17, 0xE4, 0x17, 0xE4, 0x17, 0xE4, 0x17, 0xE4, 0x17, 0xE4, 0x17, 0xE4, 0x17, 0xE4, 0x17, 0xE4,
    0x17, 0xE4, 0x17, 0xE4, 0x17, 0xE4, 0x17, 0xE4, 0x17, 0xE4, 0x17, 0xE4, 0x17, 0xE4, 0x17, 0xE4,
    0x17, 0xE4, 0x17, 0xE4, 0x17, 0xE4, 0x17, 0xE4, 0x17, 0xE4, 0x17, 0xFC, 0xE4, 0x17, 0xE4, 0x17,
    0xE4, 0x17, 0xE4, 0x17, 0xE4, 0x17, 0xE4, 0x17, 0xE4, 0x3F, 0x29, 0xAE, 0x12, 0xD5, 0x95, 0xDD,
    0x74, 0xDD, 0x73, 0xE5, 0xB4, 0xE5, 0xD5, 0xE5, 0xB4, 0xDD, 0x73, 0xDD, 0x94, 0xD5, 0x33, 0xF6,
    0x16, 0xE5, 0x95, 0xDD, 0x54, 0xE5, 0x94, 0xE5, 0xB5, 0xF6, 0x37, 0xF5, 0xF6, 0xED, 0xB5, 0xED,
    0xB6, 0xF5, 0xB5, 0xF5, 0xB5, 0xF5, 0xB6, 0xF5, 0x95, 0xF5, 0x95, 0xF5, 0xB5, 0xF5, 0xB6, 0xF5,
    0xB5, 0xED, 0x95, 0xE5, 0x74, 0xED, 0x95, 0xF6, 0x16, 0xE5, 0x94, 0xED, 0xF6, 0xFE, 0x78, 0xFE,
    0xB8, 0xFE, 0xB8, 0xFE, 0xD9, 0xFE, 0xD9, 0xF6, 0x77, 0xCD, 0x73, 0xD5, 0xB4, 0xFE, 0xD9, 0xFE,
    0xD9, 0xFE, 0xD8, 0xF6, 0xB8, 0xD5, 0x93, 0xE6, 0x36, 0xFE, 0xF9, 0xFE, 0xD8, 0xFE, 0xD9, 0xFE,
    0xD9, 0xFE, 0xD9, 0xEE, 0x58, 0xE6, 0x78, 0xFF, 0xDE, 0x0B, 0xFF, 0x80, 0xDF, 0x03, 0xFF, 0xFF,
    0x7E, 0xE6, 0xBB, 0x95, 0x92, 0x47, 0xEB, 0x17, 0xE4, 0x17, 0xE3, 0x17, 0xE4, 0x17, 0xE4, 0x17,
    0xE4, 0x17, 0xE4, 0x17, 0xE4, 0x17, 0xE4, 0x17, 0xE4, 0x17, 0xE4, 0x17, 0xE4, 0x17, 0xE4, 0x17,
    0xE4, 0x17, 0xE4, 0x17, 0xE4, 0x17, 0xE4, 0x17, 0xE4, 0x17, 0xE4, 0x17, 0xE4, 0x17, 0xE4, 0x17,
    0xE4, 0x17, 0xE4, 0x17, 0xE4, 0x17, 0xE4, 0x17, 0xE4, 0x17, 0xE4, 0x17, 0xE4, 0x17, 0xE4, 0x17,
    0xE4, 0x17, 0xE4, 0x17, 0xE4, 0x17, 0xE4, 0x17, 0xE4, 0x17, 0xE4, 0x17, 0xE4, 0x17, 0xE4, 0x17,
    0xE4, 0x17, 0xE4, 0x17, 0xE4, 0x17, 0xE4, 0x17, 0xE4, 0x17, 0xE4, 0x17, 0xE4, 0x17, 0xE4, 0x17,
    0xE4, 0x17, 0xE4, 0x17, 0xE4, 0x17, 0xE4, 0x17, 0xE4, 0x17, 0xE4, 0x17, 0xE4, 0x17, 0xE4, 0x17,
    0xE4, 0x17, 0xE4, 0x17, 0xE4, 0x17, 0xE4, 0x17, 0xE4, 0x17, 0xE4, 0x17, 0xE4, 0x17, 0xE4, 0x17,
    0xFF, 0xE4, 0x17, 0xE4, 0x17, 0xE4, 0x17, 0xE4, 0x17, 0xE4, 0x17, 0xE3, 0x17, 0xE4, 0x27, 0x46,
    0x7C, 0xCC, 0xCD, 0x53, 0xDD, 0x74, 0xDD, 0x73, 0xE5, 0xB4, 0xE5, 0xB4, 0xD5, 0x32, 0xDD, 0x74,
    0xD5, 0x12, 0xD5, 0x12, 0xDD, 0x53, 0xE5, 0x54, 0xED, 0x95, 0xED, 0xB5, 0xED, 0xB5, 0xFE, 0x58,
    0xF6, 0x37, 0xE5, 0xB5, 0xED, 0xB5, 0xED, 0xB5, 0xED, 0xB5, 0xED, 0xB5, 0xED, 0x95, 0xED, 0x95,
    0xF5, 0x95, 0xF5, 0xB5, 0xF5, 0xB5, 0xF5, 0xB6, 0xF5, 0xB5, 0xF5, 0xB5, 0xFE, 0x37, 0xED, 0xB5,
    0xE5, 0x33, 0xE5, 0x74, 0xED, 0xD5, 0xFE, 0x77, 0xFE, 0x98, 0xFE, 0xB8, 0xEE, 0x56, 0xD5, 0x73,
    0xD5, 0x94, 0xFE, 0xD8, 0xFE, 0xD9, 0xFE, 0xD8, 0xF6, 0x77, 0xCD, 0x73, 0xEE, 0x56, 0xFE, 0xF9,
    0xFE, 0xD9, 0xFE, 0xD9, 0xFE, 0xD9, 0xFE, 0xD9, 0xE6, 0x16, 0xD6, 0x17, 0xFF, 0x7D, 0xFF, 0xBE,
    0xFF, 0x82, 0xBE, 0xFF, 0xDF, 0x03, 0xFF, 0xFF, 0xDF, 0xFF, 0x9E, 0xF7, 0x3D, 0xEE, 0xFC, 0xE6,
    0x9B, 0x8D, 0xD2, 0x3F, 0xEA, 0x17, 0xE4, 0x17, 0xE3, 0x17, 0xE4, 0x17, 0xE4, 0x17, 0xE4, 0x17,
    0xE4, 0x17, 0xE4, 0x17, 0xE4, 0x17, 0xE4, 0x17, 0xE4, 0x17, 0xE4, 0x17, 0xE4, 0x17, 0xE4, 0x17,
    0xE4, 0x17, 0xE4, 0x17, 0xE4, 0x17, 0xE4, 0x17, 0xE4, 0x17, 0xE4, 0x17, 0xE4, 0x17, 0xE4, 0x17,
    0xE4, 0x17, 0xE4, 0x17, 0xE4, 0x17, 0xE4, 0x17, 0xE4, 0x17, 0xE4, 0x17, 0xE4, 0x17, 0xE4, 0x17,
    0xE4, 0x17, 0xE4, 0x17, 0xE4, 0x17, 0xE4, 0x17, 0xE4, 0x17, 0xE4, 0x17, 0xE4, 0x17, 0xE4, 0x17,
    0xE4, 0x17, 0xE4, 0x17, 0xE4, 0x17, 0xE4, 0x17, 0xE4, 0x17, 0xE4, 0x17, 0xE4, 0x17, 0xE4, 0x17,
    0xE4, 0x17, 0xE4, 0x17, 0xE4, 0x17, 0xE4, 0x17, 0xE4, 0x17, 0xE4, 0x17, 0xE4, 0x17, 0xE4, 0x17,
    0xE4, 0x17, 0xE4, 0x17, 0xE4, 0x17, 0xE4, 0x17, 0xFF, 0xE4, 0x17, 0xE4, 0x17, 0xE4, 0x17, 0xE4,
    0x17, 0xE4, 0x17, 0xE4, 0x17, 0xE4, 0x17, 0xE4, 0x17, 0xE4, 0x17, 0xE4, 0x2F, 0x28, 0x95, 0x4F,
    0xD5, 0x54, 0xDD, 0x54, 0xDD, 0x53, 0xE5, 0xB4, 0xE5, 0x94, 0xD5, 0x32, 0xDD, 0x53, 0xBC, 0x70,
    0xDD, 0x53, 0xE5, 0x95, 0xED, 0xB5, 0xED, 0xB5, 0xED, 0xB5, 0xED, 0xD6, 0xFE, 0x78, 0xF6, 0x78,
    0xEE, 0x37, 0xEE, 0x37, 0xEE, 0x17, 0xEE, 0x16, 0xED, 0xF6, 0xED, 0xF6, 0xED, 0xF6, 0xED, 0xD6,
    0xED, 0xB6, 0xED, 0xB5, 0xED, 0xB6, 0xED, 0xB5, 0xED, 0xF6, 0xFE, 0x58, 0xF5, 0xD6, 0xF5, 0xB5,
    0xED, 0x95, 0xE5, 0x54, 0xE5, 0x33, 0xED, 0xB5, 0xFE, 0x98, 0xEE, 0x36, 0xD5, 0x73, 0xD5, 0x93,
    0xFE, 0xD8, 0xFE, 0xD8, 0xFE, 0xD8, 0xEE, 0x56, 0xD5, 0x73, 0xEE, 0x77, 0xFE, 0xD9, 0xFE, 0xD8,
    0xFE, 0xD9, 0xFE, 0xB8, 0xF6, 0x77, 0xD5, 0xB5, 0xD5, 0xFF, 0xF6, 0xEE, 0xFB, 0xEE, 0xFB, 0xEE,
    0xFB, 0xF7, 0x1D, 0xFF, 0x5D, 0xF7, 0x5D, 0xEE, 0xFC, 0xE6, 0xDB, 0xEE, 0xBC, 0xEE, 0xDC, 0x86,
    0x52, 0x37, 0xE8, 0x17, 0xE4, 0x17, 0xE3, 0x17, 0xE4, 0x17, 0xE4, 0x17, 0xE4, 0x17, 0xE4, 0x17,
    0xE4, 0x17, 0xE4, 0x17, 0xE4, 0x17, 0xE4, 0x17, 0xE4, 0x17, 0xE4, 0x17, 0xE4, 0x17, 0xE4, 0x17,
    0xE4, 0x17, 0xE4, 0x17, 0xE4, 0x17, 0xE4, 0x17, 0xE4, 0x17, 0xE4, 0x17, 0xE4, 0x17, 0xE4, 0x17,
    0xE4, 0x17, 0xE4, 0x17, 0xE4, 0x17, 0xE4, 0x17, 0xE4, 0x17, 0xE4, 0x17, 0xE4, 0x17, 0xE4, 0x17,
    0xE4, 0x17, 0xE4, 0x17, 0xE4, 0x17, 0xE4, 0x17, 0xE4, 0x17, 0xE4, 0x17, 0xE4, 0x17, 0xE4, 0x17,
    0xE4, 0x17, 0xE4, 0x17, 0xE4, 0x17, 0xE4, 0x17, 0xE4, 0x17, 0xE4, 0x17, 0xE4, 0x17, 0xE4, 0x17,
    0xE4, 0x17, 0xE4, 0x17, 0xE4, 0x17, 0xE4, 0x17, 0xE4, 0x17, 0xFF, 0xE4, 0x17, 0xE4, 0x17, 0xE4,
    0x17, 0xE4, 0x17, 0xE4, 0x17, 0xE4, 0x17, 0xE4, 0x17, 0xE4, 0x17, 0xE4, 0x17, 0xE4, 0x17, 0xE4,
    0x17, 0xE4, 0x17, 0xE4, 0x17, 0xE4, 0x17, 0xE4, 0x0F, 0xE4, 0x47, 0x4A, 0x94, 0xCF, 0xD5, 0x34,
    0xCC, 0xF2, 0xDD, 0x53, 0xE5, 0x94, 0xE5, 0x94, 0xD5, 0x32, 0xD5, 0x12, 0xB4, 0x0E, 0xD5, 0x53,
    0xE5, 0xD5, 0xE5, 0xD6, 0xED, 0xF6, 0xEE, 0x17, 0xF6, 0x58, 0xFE, 0xDA, 0xFE, 0xFA, 0xFF, 0x1A,
    0xFF, 0x3B, 0xFF, 0x1A, 0xFF, 0x1A, 0xFF, 0x1A, 0xFE, 0xFA, 0xFE, 0xFA, 0xF6, 0xD9, 0xEE, 0x78,
    0xEE, 0x78, 0xE6, 0x37, 0xE5, 0xF6, 0xEE, 0x37, 0xFE, 0xB9, 0xEE, 0x16, 0xED, 0xB5, 0xF5, 0xB5,
    0xF5, 0xD6, 0xF5, 0x95, 0xE5, 0x53, 0xE5, 0x74, 0xE5, 0x94, 0xDD, 0x94, 0xDD, 0xB4, 0xFE, 0xB8,
    0xFE, 0xD9, 0xFE, 0xB8, 0xE6, 0x15, 0xD5, 0x93, 0xF6, 0x98, 0xFE, 0xFF, 0xD9, 0xFE, 0xD9, 0xFE,
    0xD8, 0xF6, 0x77, 0xE6, 0x16, 0xD5, 0x74, 0xD5, 0xF6, 0xEE, 0xDA, 0xE6, 0xDA, 0xE6, 0xBA, 0xE6,
    0xBB, 0xE6, 0xDB, 0xE6, 0xDB, 0xE6, 0xDB, 0xEE, 0xBB, 0xEE, 0x9C, 0xC6, 0x37, 0x56, 0x8C, 0x2F,
    0xE7, 0x17, 0xE3, 0x17, 0xE3, 0x17, 0xE4, 0x17, 0xE4, 0x17, 0xE4, 0x17, 0xE4, 0x17, 0xE4, 0x17,
    0xE4, 0x17, 0xE4, 0x17, 0xE4, 0x17, 0xE4, 0x17, 0xE4, 0x17, 0xE4, 0x17, 0xE4, 0x17, 0xE4, 0x17,
    0xE4, 0x17, 0xE4, 0x17, 0xE4, 0x17, 0xE4, 0x17, 0xE4, 0x17, 0xE4, 0x17, 0xE4, 0x17, 0xE4, 0x17,
    0xE4, 0x17, 0xE4, 0x17, 0xE4, 0x17, 0xE4, 0x17, 0xE4, 0x17, 0xE4, 0x17, 0xE4, 0x17, 0xE4, 0x17,
    0xE4, 0x17, 0xE4, 0x17, 0xE4, 0x17, 0xE4, 0x17, 0xE4, 0x17, 0xE4, 0x17, 0xE4, 0x17, 0xE4, 0x17,
    0xE4, 0x17, 0xE4, 0x17, 0xE4, 0x17, 0xE4, 0x17, 0xE4, 0x17, 0xE4, 0x17, 0xFF, 0xE4, 0x17, 0xE4,
    0x17, 0xE4, 0x17, 0xE4, 0x17, 0xE4, 0x17, 0xE4, 0x17, 0xE4, 0x17, 0xE4, 0x17, 0xE4, 0x17, 0xE4,
    0x17, 0xE4, 0x17, 0xE4, 0x17, 0xE4, 0x17, 0xE4, 0x17, 0xE4, 0x17, 0xE4, 0x17, 0xE4, 0x17, 0xE4,
    0x17, 0xE4, 0x17, 0xE4, 0x17, 0xE4, 0x0F, 0xE4, 0x4F, 0x6A, 0x8C, 0x6D, 0xD5, 0x35, 0xCC, 0xD3,
    0xD5, 0x33, 0xE5, 0x94, 0xE5, 0x94, 0xD5, 0x32, 0xCC, 0xD1, 0xAC, 0x0E, 0xD5, 0x32, 0xEE, 0x37,
    0xF6, 0x78, 0xFE, 0xDA, 0xFE, 0xFA, 0xFF, 0x3B, 0xFF, 0x3B, 0xFF, 0x5B, 0xFF, 0x5B, 0xFF, 0x5B,
    0xFF, 0x5C, 0xFF, 0x5C, 0xFF, 0x5C, 0xFF, 0x5C, 0xFF, 0x5C, 0xFF, 0x5C, 0xFF, 0x5C, 0xFF, 0x5B,
    0xFF, 0x1B, 0xF6, 0xD9, 0xF6, 0xFA, 0xFF, 0x1A, 0xEE, 0x58, 0xE5, 0xD6, 0xED, 0xB6, 0xED, 0xB5,
    0xF5, 0xB5, 0xF5, 0xB5, 0xED, 0xB5, 0xE5, 0x74, 0xE5, 0xB5, 0xE5, 0xB4, 0xFE, 0xFF, 0xB8, 0xFE,
    0xD9, 0xF6, 0x98, 0xDD, 0xD4, 0xD5, 0x94, 0xF6, 0xB8, 0xFE, 0xD9, 0xFE, 0xB8, 0xF6, 0x97, 0xEE,
    0x16, 0xE5, 0xF5, 0xD5, 0x74, 0xDD, 0xF7, 0xEE, 0xBA, 0xEE, 0xDA, 0xE6, 0xDB, 0xE6, 0xBB, 0xE6,
    0xBB, 0xEE, 0xBB, 0xE6, 0xBB, 0xEE, 0xBC, 0xEE, 0x9B, 0x8D, 0x91, 0x3F, 0xAA, 0x1F, 0xE4, 0x17,
    0xE3, 0x17, 0xE3, 0x17, 0xE3, 0x17, 0xE4, 0x17, 0xE4, 0x17, 0xE4, 0x17, 0xE4, 0x17, 0xE4, 0x17,
    0xE4, 0x17, 0xE4, 0x17, 0xE4, 0x17, 0xE4, 0x17, 0xE4, 0x17, 0xE4, 0x17, 0xE4, 0x17, 0xE4, 0x17,
    0xE4, 0x17, 0xE4, 0x17, 0xE4, 0x17, 0xE4, 0x17, 0xE4, 0x17, 0xE4, 0x17, 0xE4, 0x17, 0xE4, 0x17,
    0xE4, 0x17, 0xE4, 0x17, 0xE4, 0x17, 0xE4, 0x17, 0xE4, 0x17, 0xE4, 0x17, 0xE4, 0x17, 0xE4, 0x17,
    0xE4, 0x17, 0xE4, 0x17, 0xE4, 0x17, 0xE4, 0x17, 0xE4, 0x17, 0xE4, 0x17, 0xE4, 0x17, 0xFF, 0xE4,
    0x17, 0xE4, 0x17, 0xE4, 0x17, 0xE4, 0x17, 0xE4, 0x17, 0xE4, 0x17, 0xE4, 0x17, 0xE4, 0x17, 0xE4,
    0x17, 0xE4, 0x17, 0xE4, 0x17, 0xE4, 0x17, 0xE4, 0x17, 0xE4, 0x17, 0xE4, 0x17, 0xE4, 0x17, 0xE4,
    0x17, 0xE4, 0x17, 0xE4, 0x17, 0xE4, 0x17, 0xE4, 0x17, 0xE4, 0x17, 0xE4, 0x17, 0xE4, 0x17, 0xE4,
    0x17, 0xE4, 0x17, 0xE4, 0x0F, 0xE4, 0x36, 0xA8, 0x9D, 0x10, 0xD5, 0x55, 0xCC, 0xD2, 0xD5, 0x33,
    0xE5, 0xB4, 0xE5, 0xB4, 0xCD, 0x12, 0xBC, 0x8F, 0xAB, 0xED, 0xD5, 0x32, 0xFE, 0xD9, 0xFF, 0x1B,
    0xFF, 0x3B, 0xFF, 0x5B, 0xFF, 0x5B, 0xFF, 0x5B, 0xFF, 0x5C, 0xFF, 0x5C, 0xFF, 0x5C, 0xFF, 0x5C,
    0xFF, 0x5B, 0xFF, 0x5C, 0xFF, 0x5C, 0xFF, 0x5C, 0xFF, 0x5C, 0xFF, 0x5C, 0xFF, 0x5C, 0xFF, 0x5C,
    0xFF, 0x5C, 0xFF, 0x5B, 0xFF, 0x5B, 0xFE, 0xFA, 0xEE, 0x58, 0xED, 0xF6, 0xED, 0xD6, 0xED, 0x9F,
    0xB5, 0xED, 0xB5, 0xED, 0xD5, 0xED, 0xF6, 0xF5, 0xF6, 0xE5, 0x94, 0xEE, 0x16, 0xFE, 0x98, 0xF6,
    0x57, 0xDD, 0x94, 0xDD, 0xB4, 0xFE, 0xB8, 0xFE, 0xB8, 0xF6, 0x57, 0xE5, 0xF5, 0xE5, 0xD5, 0xE5,
    0x02, 0xD5, 0xFF, 0x54, 0xE6, 0x17, 0xEE, 0xBA, 0xEE, 0xBB, 0xEE, 0xBB, 0xEE, 0xBB, 0xEE, 0xBB,
    0xEE, 0xBB, 0xEE, 0xBB, 0xEE, 0xDC, 0xDE, 0x9A, 0x76, 0x2F, 0x37, 0xE9, 0x17, 0xE3, 0x17, 0xE3,
    0x17, 0xE3, 0x17, 0xE3, 0x17, 0xE4, 0x17, 0xE4, 0x17, 0xE4, 0x17, 0xE4, 0x17, 0xE4, 0x17, 0xE4,
    0x17, 0xE4, 0x17, 0xE4, 0x17, 0xE4, 0x17, 0xE4, 0x17, 0xE4, 0x17, 0xE4, 0x17, 0xE4, 0x17, 0xE4,
    0x17, 0xE4, 0x17, 0xE4, 0x17, 0xE4, 0x17, 0xE4, 0x17, 0xE4, 0x17, 0xE4, 0x17, 0xE4, 0x17, 0xE4,
    0x17, 0xE4, 0x17, 0xE4, 0x17, 0xE4, 0x17, 0xE4, 0x17, 0xE4, 0x17, 0xE4, 0x17, 0xE4, 0x17, 0xE4,
    0x17, 0xE4, 0x17, 0xE4, 0x17, 0xE4, 0x17, 0xE4, 0x17, 0xE4, 0x17, 0xE4, 0x17, 0xE4, 0x17, 0xE4,
    0x17, 0xE4, 0x17, 0xE4, 0x17, 0xE4, 0x17, 0xE4, 0x17, 0xE4, 0x17, 0xE4, 0x17, 0xE4, 0x17, 0xE4,
    0x17, 0xE4, 0x17, 0xFF, 0xE4, 0x17, 0xE4, 0x17, 0xE4, 0x17, 0xE4, 0x17, 0xE4, 0x17, 0xE4, 0x17,
    0xE4, 0x17, 0xE4, 0x17, 0xE4, 0x17, 0xE4, 0x17, 0xE4, 0x17, 0xE4, 0x17, 0xE4, 0x17, 0xE4, 0x17,
    0xE4, 0x17, 0xE4, 0x0F, 0xE4, 0x2E, 0x47, 0xB5, 0x72, 0xD5, 0x54, 0xC4, 0xF1, 0xCD, 0x12, 0xDD,
    0x94, 0xE5, 0xB4, 0xCD, 0x11, 0xB4, 0x4F, 0xAC, 0x0E, 0xD5, 0x32, 0xFF, 0x1A, 0xFF, 0x3B, 0xFF,
    0x3B, 0xFF, 0x5B, 0xFF, 0x5B, 0xFF, 0x5B, 0xFF, 0x5C, 0xFF, 0x5C, 0xFF, 0x3B, 0xEE, 0xDA, 0xEE,
    0x99, 0xF6, 0xDA, 0xFF, 0x5B, 0xFF, 0x5C, 0xFF, 0x5C, 0xFF, 0x5C, 0xFF, 0x5C, 0xFF, 0x5C, 0xFF,
    0x5C, 0xFF, 0x5C, 0xFF, 0x5B, 0xFF, 0x5B, 0xFF, 0x3B, 0xFE, 0xDA, 0xEE, 0x78, 0xE5, 0xF6, 0xED,
    0xD6, 0xED, 0xB5, 0xF6, 0x16, 0xF6, 0x37, 0xE5, 0x95, 0xDD, 0x53, 0xDD, 0x53, 0xE5, 0x94, 0xDD,
    0x53, 0xE5, 0x94, 0xF6, 0xFF, 0x16, 0xED, 0xF5, 0xE5, 0xD5, 0xE5, 0xB4, 0xE5, 0xB4, 0xE5, 0xB5,
    0xCD, 0x13, 0xEE, 0x37, 0xF6, 0xBA, 0xF6, 0xBB, 0xEE, 0xBA, 0xEE, 0xBA, 0xEE, 0xBB, 0xEE, 0xBB,
    0xDE, 0xF9, 0xBE, 0xF6, 0x7E, 0x50, 0x4F, 0x4B, 0x1F, 0xE6, 0x17, 0xE3, 0x17, 0xE3, 0x17, 0xE3,
    0x17, 0xE3, 0x17, 0xE4, 0x17, 0xE4, 0x17, 0xE4, 0x17, 0xE4, 0x17, 0xE4, 0x17, 0xE4, 0x17, 0xE4,
    0x17, 0xE4, 0x17, 0xE4, 0x17, 0xE4, 0x17, 0xE4, 0x17, 0xE4, 0x17, 0xE4, 0x17, 0xE4, 0x17, 0xE4,
    0x17, 0xE4, 0x17, 0xE4, 0x17, 0xE4, 0x17, 0xE4, 0x17, 0xE4, 0x17, 0xE4, 0x17, 0xE4, 0x17, 0xE4,
    0x17, 0xE4, 0x17, 0xE4, 0x17, 0xE4, 0x17, 0xE4, 0x17, 0xE4, 0x17, 0xE4, 0x17, 0xE4, 0x17, 0xE4,
    0x17, 0xE4, 0x17, 0xE4, 0x17, 0xE4, 0x17, 0xE4, 0x17, 0xE4, 0x17, 0xE4, 0x17, 0xE4, 0x17, 0xE4,
    0x17, 0xE4, 0x17, 0xE4, 0x17, 0xF9, 0xE4, 0x17, 0xE4, 0x17, 0xE4, 0x17, 0xE4, 0x17, 0xE4, 0x17,
    0xE4, 0x17, 0xE4, 0x17, 0xE4, 0x17, 0xE4, 0x17, 0xE4, 0x17, 0xE4, 0x17, 0xE4, 0x17, 0xE4, 0x17,
    0xE4, 0x17, 0xE4, 0x17, 0xE4, 0x17, 0xE4, 0x17, 0xE4, 0x17, 0xE4, 0x17, 0xE4, 0x17, 0xE4, 0x17,
    0xE4, 0x17, 0xE5, 0x67, 0x2D, 0xD6, 0x34, 0xD5, 0x53, 0xCC, 0xF1, 0xC4, 0xF1, 0xDD, 0x74, 0xE5,
    0xB4, 0xCC, 0xF1, 0xB4, 0x2E, 0xAC, 0x0E, 0xCD, 0x32, 0xFF, 0x1A, 0xFF, 0x5B, 0xFF, 0x7B, 0xFF,
    0x7B, 0xFF, 0x7C, 0xFF, 0x7C, 0xFF, 0x5C, 0xFF, 0x3B, 0xFE, 0xDA, 0xE6, 0x37, 0xE6, 0x78, 0xFF,
    0x1B, 0xFF, 0x5C, 0xFF, 0x5C, 0xFF, 0x5C, 0xFF, 0x5C, 0xFF, 0x5C, 0xFF, 0x5C, 0xFF, 0x5C, 0xFF,
    0x5C, 0xFF, 0x5C, 0xFF, 0x3B, 0xEE, 0xB9, 0xF6, 0xFA, 0xFF, 0x3B, 0xFE, 0xFA, 0xEE, 0x58, 0xE5,
    0x02, 0xF6, 0xFF, 0x57, 0xF6, 0x77, 0xE5, 0xD5, 0xED, 0xB5, 0xED, 0x95, 0xDD, 0x33, 0xD4, 0xD1,
    0xE5, 0x53, 0xED, 0xB5, 0xE5, 0x94, 0xE5, 0x94, 0xE5, 0x94, 0xE5, 0x94, 0xE5, 0x94, 0xBC, 0x70,
    0xCD, 0x33, 0xEE, 0x38, 0xEE, 0x18, 0xEE, 0x9A, 0xEE, 0xFA, 0xE6, 0xBA, 0xC6, 0x37, 0x6E, 0x4E,
    0x46, 0xE9, 0x37, 0x67, 0x27, 0xE6, 0x17, 0xE4, 0x17, 0xE4, 0x17, 0xE4, 0x17, 0xE4, 0x17, 0xE4,
    0x17, 0xE4, 0x17, 0xE4, 0x17, 0xE4, 0x17, 0xE4, 0x17, 0xE4, 0x17, 0xE4, 0x17, 0xE4, 0x17, 0xE4,
    0x17, 0xE4, 0x17, 0xE4, 0x17, 0xE4, 0x17, 0xE4, 0x17, 0xE4, 0x17, 0xE4, 0x17, 0xE4, 0x17, 0xE4,
    0x17, 0xE4, 0x17, 0xE4, 0x17, 0xE4, 0x17, 0xE4, 0x17, 0xE4, 0x17, 0xE4, 0x17, 0xE4, 0x17, 0xE4,
    0x17, 0xE4, 0x17, 0xE4, 0x17, 0xE4, 0x17, 0xE4, 0x17, 0xE4, 0x17, 0xE4, 0x17, 0xE4, 0x17, 0xE4,
    0x17, 0xE4, 0x17, 0xFF, 0xE4, 0x17, 0xE4, 0x17, 0xE4, 0x17, 0xE4, 0x17, 0xE4, 0x17, 0xE4, 0x17,
    0xE4, 0x17, 0xE4, 0x17, 0xE4, 0x17, 0xE4, 0x17, 0xE4, 0x17, 0xE4, 0x17, 0xE4, 0x17, 0xE4, 0x17,
    0xE4, 0x17, 0xE4, 0x17, 0xE4, 0x17, 0xE4, 0x17, 0xE4, 0x17, 0xE4, 0x17, 0xE4, 0x17, 0xE4, 0x17,
    0xE4, 0x17, 0xE4, 0x17, 0xE4, 0x17, 0xE4, 0x17, 0xE4, 0x17, 0xE4, 0x17, 0xE4, 0x17, 0xE4, 0x27,
    0xE6, 0x97, 0x91, 0xDE, 0x75, 0xD5, 0x53, 0xCD, 0x12, 0xCD, 0x12, 0xD5, 0x53, 0xE5, 0xB5, 0xCC,
    0xF1, 0xAB, 0xED, 0xAC, 0x0E, 0xD5, 0x53, 0xFE, 0xB8, 0xD5, 0xD4, 0xBD, 0x12, 0xB4, 0xB0, 0xAC,
    0x70, 0xAC, 0x2F, 0x9B, 0xAD, 0x8B, 0x0B, 0x72, 0x68, 0x59, 0xA5, 0x72, 0xA9, 0xE6, 0x58, 0xFF,
    0x5C, 0xFF, 0x5C, 0xFF, 0x5C, 0xFF, 0x5C, 0xFF, 0x5C, 0xFF, 0x5C, 0xFF, 0x5C, 0xFF, 0x5C, 0xFF,
    0x5C, 0xFF, 0x5B, 0xEE, 0xFF, 0xD9, 0xEE, 0x99, 0xF6, 0xDA, 0xFF, 0x5C, 0xFF, 0x3B, 0xFE, 0xFA,
    0xFE, 0xFA, 0xF6, 0xD9, 0xE5, 0xF6, 0xED, 0xB5, 0xED, 0xB5, 0xED, 0xB5, 0xD4, 0xF2, 0xE5, 0x74,
    0xED, 0xB5, 0xE5, 0xB4, 0xE5, 0xB4, 0xE5, 0xB4, 0xE5, 0xB4, 0xDD, 0x94, 0xCD, 0x12, 0xD5, 0x53,
    0xCD, 0x54, 0xD5, 0x14, 0xBD, 0x12, 0xA5, 0xB2, 0x9D, 0xB2, 0x6C, 0xEE, 0x47, 0x4A, 0x27, 0xE6,
    0x1F, 0xE4, 0x17, 0xE3, 0x17, 0xE3, 0x17, 0xE4, 0x17, 0xE4, 0x17, 0xE4, 0x17, 0xE4, 0x17, 0xE4,
    0x17, 0xE4, 0x17, 0xE4, 0x17, 0xE4, 0x17, 0xE4, 0x17, 0xE4, 0x17, 0xE4, 0x17, 0xE4, 0x17, 0xE4,
    0x17, 0xE4, 0x17, 0xE4, 0x17, 0xE4, 0x17, 0xE4, 0x17, 0xE4, 0x17, 0xE4, 0x17, 0xE4, 0x17, 0xE4,
    0x17, 0xE4, 0x17, 0xE4, 0x17, 0xE4, 0x17, 0xE4, 0x17, 0xE4, 0x17, 0xE4, 0x17, 0xE4, 0x17, 0xE4,
    0x17, 0xE4, 0x17, 0xE4, 0x17, 0xFF, 0xE4, 0x17, 0xE4, 0x17, 0xE4, 0x17, 0xE4, 0x17, 0xE4, 0x17,
    0xE4, 0x17, 0xE4, 0x17, 0xE4, 0x17, 0xE4, 0x17, 0xE4, 0x17, 0xE4, 0x17, 0xE4, 0x17, 0xE4, 0x17,
    0xE4, 0x17, 0xE4, 0x17, 0xE4, 0x17, 0xE4, 0x17, 0xE4, 0x17, 0xE4, 0x17, 0xE4, 0x17, 0xE4, 0x17,
    0xE4, 0x17, 0xE4, 0x17, 0xE4, 0x17, 0xE4, 0x17, 0xE4, 0x17, 0xE4, 0x17, 0xE4, 0x17, 0xE4, 0x17,
    0xE4, 0x17, 0xE4, 0x17, 0xE4, 0x17, 0xE4, 0x17, 0xE4, 0x17, 0xE4, 0x1F, 0xE4, 0x3F, 0xE8, 0xB7,
    0x94, 0xE6, 0x76, 0xD5, 0x33, 0xC4, 0xF1, 0xDD, 0x73, 0xCD, 0x12, 0xE5, 0xB4, 0xCD, 0x12, 0xB4,
    0x2E, 0xC4, 0xD1, 0xDD, 0xB4, 0xEE, 0x56, 0x62, 0x47, 0x30, 0xA0, 0x30, 0xA0, 0x38, 0xA0, 0x41,
    0x02, 0x51, 0x44, 0x59, 0x85, 0x49, 0x03, 0x49, 0x24, 0x6A, 0x68, 0xD5, 0xD6, 0xFF, 0x7C, 0xFF,
    0x5C, 0xFF, 0x5C, 0xFF, 0x5C, 0xFF, 0xFF, 0x5C, 0xFF, 0x5C, 0xFF, 0x5C, 0xFF, 0x5C, 0xFF, 0x5C,
    0xEE, 0xD9, 0xAC, 0xD1, 0xAC, 0xB1, 0xEE, 0x98, 0xFF, 0x5B, 0xFF, 0x7C, 0xFF, 0x7C, 0xFF, 0x7B,
    0xFF, 0x1A, 0xEE, 0x57, 0xE5, 0xD6, 0xED, 0xB5, 0xE5, 0x74, 0xD5, 0x12, 0xE5, 0xB4, 0xE5, 0xB4,
    0xE5, 0xB4, 0xE5, 0xB4, 0xE5, 0x94, 0xE5, 0xB4, 0xD5, 0x53, 0xD5, 0x73, 0xE5, 0xD5, 0xE5, 0xB5,
    0xE5, 0x95, 0x9C, 0xAF, 0x5D, 0xEB, 0x5E, 0x6C, 0x7D, 0xCF, 0x4F, 0x8A, 0x1F, 0xE5, 0x17, 0xE3,
    0x17, 0xE3, 0x17, 0xE4, 0x17, 0xE4, 0x17, 0xE3, 0x17, 0xE4, 0x17, 0xE4, 0x17, 0xE4, 0x17, 0xE4,
    0x17, 0xE4, 0x17, 0xE4, 0x17, 0xE4, 0x17, 0xE4, 0x17, 0xE4, 0x17, 0xE4, 0x17, 0xE4, 0x17, 0xE4,
    0x17, 0xE4, 0x17, 0xE4, 0x17, 0xE4, 0x17, 0xE4, 0x17, 0xE4, 0x17, 0xE4, 0x17, 0xE4, 0x17, 0xE4,
    0x17, 0xE4, 0x17, 0xE4, 0x17, 0xE4, 0x17, 0xFF, 0xE4, 0x17, 0xE4, 0x17, 0xE4, 0x17, 0xE4, 0x17,
    0xE4, 0x17, 0xE4, 0x17, 0xE4, 0x17, 0xE4, 0x17, 0xE4, 0x17, 0xE4, 0x17, 0xE4, 0x17, 0xE4, 0x17,
    0xE4, 0x17, 0xE4, 0x17, 0xE4, 0x17, 0xE4, 0x17, 0xE4, 0x17, 0xE4, 0x17, 0xE4, 0x17, 0xE4, 0x17,
    0xE4, 0x17, 0xE4, 0x17, 0xE4, 0x17, 0xE4, 0x17, 0xE4, 0x17, 0xE4, 0x17, 0xE4, 0x17, 0xE4, 0x17,
    0xE4, 0x17, 0xE4, 0x17, 0xE4, 0x17, 0xE4, 0x17, 0xE4, 0x17, 0xE4, 0x17, 0xE4, 0x17, 0xE4, 0x17,
    0xE4, 0x17, 0xE4, 0x17, 0xE4, 0x17, 0xE4, 0x17, 0xE4, 0x1F, 0xE4, 0x3F, 0xA8, 0xCF, 0x75, 0xF6,
    0xB7, 0xD5, 0x73, 0xC4, 0xD1, 0xDD, 0x94, 0xCD, 0x12, 0xDD, 0x73, 0xDD, 0x73, 0xD5, 0x12, 0xCD,
    0x11, 0xDD, 0xB4, 0xF6, 0x98, 0xC5, 0x53, 0xAC, 0x6F, 0x93, 0xAC, 0x83, 0x6B, 0x8B, 0x6C, 0x93,
    0x8D, 0x9B, 0xEE, 0xB4, 0xB1, 0xD5, 0xD6, 0xF6, 0xFF, 0xDA, 0xFF, 0x5C, 0xFF, 0x5C, 0xFF, 0x5C,
    0xFF, 0x5C, 0xFF, 0x5C, 0xFF, 0x5C, 0xFF, 0x5C, 0xFF, 0x5C, 0xFF, 0x5C, 0xFF, 0x5B, 0x9C, 0x2F,
    0x39, 0x03, 0x38, 0xE2, 0x62, 0x27, 0xA4, 0x0F, 0xD5, 0xB5, 0xFE, 0xFA, 0xFF, 0x7B, 0xFF, 0x5C,
    0xFF, 0x1A, 0xEE, 0x58, 0xE5, 0xF6, 0xD5, 0x33, 0xD5, 0x33, 0xED, 0xB5, 0xE5, 0xB4, 0xE5, 0xB4,
    0xE5, 0x94, 0xDD, 0x73, 0xDD, 0x73, 0xCC, 0xF1, 0xDD, 0x94, 0xE5, 0xB5, 0xE5, 0xB5, 0xE5, 0xB5,
    0xA5, 0x50, 0x5F, 0x6C, 0x3F, 0x89, 0x8E, 0xF0, 0x57, 0x2B, 0x1F, 0xE5, 0x17, 0xE3, 0x17, 0xE4,
    0x17, 0xE4, 0x17, 0xE4, 0x17, 0xE4, 0x17, 0xE4, 0x17, 0xE4, 0x17, 0xE4, 0x17, 0xE4, 0x17, 0xE4,
    0x17, 0xE4, 0x17, 0xE4, 0x17, 0xE4, 0x17, 0xE4, 0x17, 0xE4, 0x17, 0xE4, 0x17, 0xE4, 0x17, 0xE4,
    0x17, 0xE4, 0x17, 0xE4, 0x17, 0xE4, 0x17, 0xE4, 0x17, 0xFF, 0xE4, 0x17, 0xE4, 0x17, 0xE4, 0x17,
    0xE4, 0x17, 0xE4, 0x17, 0xE4, 0x17, 0xE4, 0x17, 0xE4, 0x17, 0xE4, 0x17, 0xE4, 0x17, 0xE4, 0x17,
    0xE4, 0x17, 0xE4, 0x17, 0xE4, 0x17, 0xE4, 0x17, 0xE4, 0x17, 0xE4, 0x17, 0xE4, 0x17, 0xE4, 0x17,
    0xE4, 0x17, 0xE4, 0x17, 0xE4, 0x17, 0xE4, 0x17, 0xE4, 0x17, 0xE4, 0x17, 0xE4, 0x17, 0xE4, 0x17,
    0xE4, 0x17, 0xE4, 0x17, 0xE4, 0x17, 0xE4, 0x17, 0xE4, 0x17, 0xE4, 0x17, 0xE4, 0x17, 0xE4, 0x17,
    0xE4, 0x17, 0xE4, 0x17, 0xE4, 0x17, 0xE4, 0x17, 0xE4, 0x17, 0xE4, 0x17, 0xE4, 0x17, 0xE4, 0x17,
    0xE4, 0x17, 0xE4, 0x17, 0xE4, 0x17, 0xE3, 0x17, 0xE4, 0x3F, 0x68, 0xCF, 0x76, 0xFE, 0xD8, 0xE6,
    0x16, 0xC4, 0xF1, 0xD5, 0x53, 0xD5, 0x52, 0xCD, 0x32, 0xDD, 0x93, 0xD5, 0x32, 0xD5, 0x33, 0xE5,
    0xB5, 0xFF, 0x3A, 0xFF, 0x7C, 0xFF, 0x7C, 0xFF, 0x5B, 0xFF, 0xFF, 0x3B, 0xFF, 0x3B, 0xFF, 0x3B,
    0xFF, 0x5B, 0xFF, 0x7C, 0xFF, 0x7C, 0xFF, 0x7C, 0xFF, 0x5C, 0xFF, 0x5C, 0xFF, 0x5C, 0xFF, 0x5C,
    0xFF, 0x5C, 0xFF, 0x5C, 0xFF, 0x5C, 0xFF, 0x5C, 0xFF, 0x5C, 0xFF, 0x7C, 0xEE, 0xD9, 0x93, 0xEE,
    0x49, 0x64, 0x51, 0x85, 0x69, 0xE6, 0x61, 0xA5, 0x72, 0x47, 0x9B, 0xAD, 0xD5, 0x74, 0xF6, 0xB9,
    0xFE, 0xFA, 0xEE, 0x57, 0xD5, 0x33, 0xE5, 0x94, 0xE5, 0xB4, 0xE5, 0xB4, 0xE5, 0xB4, 0xDD, 0x73,
    0xD5, 0x32, 0xD5, 0x32, 0xC4, 0xD1, 0xE5, 0xB4, 0xE5, 0xB5, 0xE5, 0xB5, 0xED, 0xD5, 0xB5, 0xB1,
    0x5F, 0x6C, 0x2F, 0xE6, 0x87, 0x70, 0x5F, 0x2D, 0x27, 0xE6, 0x17, 0xE3, 0x17, 0xE4, 0x17, 0xE4,
    0x17, 0xE4, 0x17, 0xE4, 0x17, 0xE4, 0x17, 0xE4, 0x17, 0xE4, 0x17, 0xE4, 0x17, 0xE4, 0x17, 0xE4,
    0x17, 0xE4, 0x17, 0xE4, 0x17, 0xE4, 0x17, 0xE4, 0x17, 0xE4, 0x17, 0xFF, 0xE4, 0x17, 0xE4, 0x17,
    0xE4, 0x17, 0xE4, 0x17, 0xE4, 0x17, 0xE4, 0x17, 0xE4, 0x17, 0xE4, 0x17, 0xE4, 0x17, 0xE4, 0x17,
    0xE4, 0x17, 0xE4, 0x17, 0xE4, 0x17, 0xE4, 0x17, 0xE4, 0x17, 0xE4, 0x17, 0xE4, 0x17, 0xE4, 0x17,
    0xE4, 0x17, 0xE4, 0x17, 0xE4, 0x17, 0xE4, 0x17, 0xE4, 0x17, 0xE4, 0x17, 0xE4, 0x17, 0xE4, 0x17,
    0xE4, 0x17, 0xE4, 0x17, 0xE4, 0x17, 0xE4, 0x17, 0xE4, 0x17, 0xE4, 0x17, 0xE4, 0x17, 0xE4, 0x17,
    0xE4, 0x17, 0xE4, 0x17, 0xE4, 0x17, 0xE4, 0x17, 0xE4, 0x17, 0xE4, 0x17, 0xE4, 0x17, 0xE4, 0x17,
    0xE4, 0x17, 0xE4, 0x17, 0xE4, 0x17, 0xE4, 0x17, 0xE4, 0x17, 0xE4, 0x17, 0xE4, 0x17, 0xE4, 0x17,
    0xE4, 0x17, 0xE4, 0x17, 0xE3, 0x17, 0xE4, 0x3F, 0x89, 0xD7, 0x56, 0xFE, 0xD8, 0xEE, 0x57, 0xC4,
    0xF2, 0xCD, 0x32, 0xD5, 0x73, 0xC4, 0xB0, 0xD5, 0x52, 0xD5, 0x12, 0xD5, 0xB0, 0x13, 0xE5, 0xD5,
    0xFF, 0x3A, 0xFF, 0x3B, 0xFF, 0x3B, 0xFF, 0x3B, 0xFF, 0x3B, 0xFF, 0x3B, 0xFF, 0x5B, 0xFF, 0x5B,
    0xFF, 0x5B, 0xFF, 0x5C, 0xFF, 0x5C, 0xFF, 0x5C, 0xFF, 0x5C, 0xFF, 0x5C, 0xFF, 0x5C, 0xFF, 0x5C,
    0xFF, 0x5C, 0xFF, 0x5C, 0xFF, 0x5C, 0xFF, 0x5C, 0xFF, 0x5C, 0xFF, 0x7C, 0xFF, 0x5B, 0x02, 0xD5,
    0xFF, 0x93, 0xAD, 0x72, 0x68, 0x62, 0x06, 0x49, 0x02, 0x38, 0x60, 0x48, 0xE1, 0x59, 0xA4, 0x9B,
    0xCD, 0xDD, 0xB5, 0xD5, 0x33, 0xE5, 0xB5, 0xE5, 0xB4, 0xE5, 0xB4, 0xDD, 0x94, 0xCC, 0xF1, 0xDD,
    0x93, 0xCC, 0xF1, 0xDD, 0x94, 0xE5, 0xB5, 0xE5, 0xB5, 0xE5, 0xB5, 0xF6, 0x16, 0xC5, 0xD3, 0x67,
    0x0C, 0x2F, 0xE7, 0x87, 0x90, 0x67, 0x4D, 0x27, 0xE6, 0x17, 0xE4, 0x1F, 0xE5, 0x17, 0xE4, 0x17,
    0xE4, 0x17, 0xE4, 0x17, 0xE4, 0x17, 0xE4, 0x17, 0xE4, 0x17, 0xE4, 0x17, 0xE4, 0x17, 0xE4, 0x17,
    0xE4, 0x17, 0xE4, 0x17, 0xE4, 0x17, 0xE3, 0x17, 0xE3, 0x17, 0xE4, 0x17, 0xE4, 0x17, 0xE4, 0x17,
    0xE4, 0x17, 0xE4, 0x17, 0xE4, 0x17, 0xE4, 0x17, 0xE4, 0x17, 0xE4, 0x17, 0xE4, 0x17, 0xE4, 0x17,
    0xE4, 0x17, 0xE4, 0x17, 0xE4, 0x17, 0xE4, 0x17, 0xE4, 0x17, 0xE4, 0x17, 0xE4, 0x17, 0xE4, 0x17,
    0xE4, 0xFF, 0x17, 0xE4, 0x17, 0xE4, 0x17, 0xE4, 0x17, 0xE4, 0x17, 0xE4, 0x17, 0xE4, 0x17, 0xE4,
    0x17, 0xE4, 0x17, 0xE4, 0x17, 0xE4, 0x17, 0xE4, 0x17, 0xE4, 0x17, 0xE4, 0x17, 0xE4, 0x17, 0xE4,
    0x17, 0xE4, 0x17, 0xE4, 0x17, 0xE4, 0x17, 0xE4, 0x17, 0xE4, 0x17, 0xE4, 0x17, 0xE4, 0x17, 0xE4,
    0x17, 0xE4, 0x17, 0xE4, 0x17, 0xE4, 0x17, 0xE4, 0x17, 0xE4, 0x17, 0xE4, 0x17, 0xE4, 0x17, 0xE4,
    0x17, 0xE4, 0x17, 0xE4, 0x17, 0xE4, 0x3F, 0xA9, 0xCF, 0x76, 0xFE, 0xD9, 0xEE, 0x57, 0xD5, 0x53,
    0xD5, 0x73, 0xDD, 0x73, 0xC4, 0xD0, 0xB4, 0x4E, 0xCC, 0xD1, 0xDD, 0x54, 0xE5, 0xD6, 0xFF, 0x1A,
    0xFF, 0x1B, 0xF6, 0xFB, 0xFE, 0xFA, 0xFE, 0xFA, 0xFF, 0x1B, 0xFF, 0x3B, 0xFF, 0x5C, 0xFF, 0x5C,
    0xFF, 0x5C, 0xFF, 0x5C, 0xFF, 0x5C, 0xFF, 0x5C, 0xFF, 0x3C, 0xFF, 0x1B, 0xFF, 0x1B, 0xFF, 0x1B,
    0xFF, 0x5C, 0xFF, 0xFF, 0x5C, 0xFF, 0x5C, 0xFF, 0x5C, 0xFF, 0x5C, 0xFF, 0x7C, 0xFF, 0x9C, 0xFF,
    0x7B, 0xEE, 0xB8, 0xCD, 0x74, 0x9B, 0xEE, 0x7A, 0xC9, 0x6A, 0x47, 0x51, 0x84, 0x59, 0xE6, 0xBC,
    0x90, 0xDD, 0x94, 0xE5, 0xB5, 0xE5, 0xB4, 0xE5, 0xB5, 0xC4, 0xD1, 0xCD, 0x11, 0xDD, 0x73, 0xCD,
    0x11, 0xE5, 0xD5, 0xE5, 0xB5, 0xE5, 0x94, 0xE5, 0xD5, 0xF6, 0x78, 0xCE, 0x14, 0x6E, 0x8C, 0x3F,
    0xE9, 0x77, 0x4F, 0x57, 0x6C, 0x27, 0xE6, 0x17, 0xE4, 0x17, 0xE5, 0x17, 0xE4, 0x17, 0xE4, 0x17,
    0xE4, 0x17, 0xE4, 0x17, 0xE4, 0x17, 0xE4, 0x17, 0xE4, 0x17, 0xE4, 0x17, 0xE4, 0x17, 0xE4, 0x17,
    0xE4, 0x17, 0xE4, 0x17, 0xE3, 0x17, 0xE3, 0x17, 0xE3, 0x17, 0xE3, 0x17, 0xE3, 0x17, 0xE4, 0x17,
    0xE4, 0x17, 0xE4, 0x17, 0xE4, 0x17, 0xE4, 0x17, 0xE4, 0x17, 0xE4, 0x17, 0xE4, 0x17, 0xE4, 0x17,
    0xE4, 0x17, 0xE4, 0xFF, 0x17, 0xE4, 0x17, 0xE4, 0x17, 0xE4, 0x17, 0xE4, 0x17, 0xE4, 0x17, 0xE4,
    0x17, 0xE4, 0x17, 0xE4, 0x17, 0xE4, 0x17, 0xE4, 0x17, 0xE4, 0x17, 0xE4, 0x17, 0xE4, 0x17, 0xE4,
    0x17, 0xE4, 0x17, 0xE4, 0x17, 0xE4, 0x17, 0xE4, 0x17, 0xE4, 0x17, 0xE4, 0x17, 0xE4, 0x17, 0xE4,
    0x17, 0xE4, 0x17, 0xE4, 0x17, 0xE4, 0x17, 0xE4, 0x17, 0xE4, 0x17, 0xE4, 0x17, 0xE4, 0x17, 0xE4,
    0x17, 0xE4, 0x17, 0xE4, 0x17, 0xE4, 0x17, 0xE4, 0x17, 0xE4, 0x17, 0xE4, 0x17, 0xE4, 0x17, 0xE4,
    0x17, 0xE4, 0x17, 0xE4, 0x37, 0xE9, 0xCF, 0x96, 0xFE, 0xD9, 0xF6, 0x98, 0xDD, 0xB4, 0xDD, 0xB4,
    0xD5, 0x73, 0xD5, 0x52, 0xA3, 0xCC, 0xC4, 0xB1, 0xD4, 0xF2, 0xE5, 0xD5, 0xFF, 0x1A, 0xF6, 0xFA,
    0xF6, 0xFA, 0xF6, 0xFA, 0xF6, 0xFA, 0xF6, 0xFA, 0xFF, 0x1B, 0xFF, 0x5C, 0xFF, 0x5C, 0xFF, 0x5C,
    0xFF, 0x5C, 0xFF, 0x5C, 0xFF, 0xFF, 0x1B, 0xD5, 0xB6, 0xD5, 0x54, 0xDD, 0x75, 0xE5, 0xB6, 0xEE,
    0x38, 0xFF, 0x1B, 0xFF, 0x5C, 0xFF, 0x5C, 0xFF, 0x5C, 0xFF, 0x5C, 0xFF, 0x5C, 0xFF, 0x5C, 0xFF,
    0x7C, 0xFF, 0x7C, 0xFF, 0x7C, 0xFF, 0x3B, 0xF6, 0xFA, 0xF6, 0xB9, 0xD5, 0xB5, 0xC5, 0x12, 0xE5,
    0xB5, 0xE5, 0x94, 0xE5, 0xB5, 0xD5, 0x32, 0xC4, 0xB0, 0xDD, 0x73, 0xC4, 0xF1, 0xDD, 0x73, 0xE5,
    0xB5, 0xE5, 0xB4, 0xE5, 0xB5, 0xF6, 0x57, 0xFE, 0xB9, 0xE6, 0x97, 0x85, 0xED, 0x4F, 0x4A, 0x56,
    0xEC, 0x47, 0xCA, 0x1F, 0xE5, 0x17, 0xE4, 0x17, 0xE4, 0x17, 0xE4, 0x17, 0xE4, 0x17, 0xE4, 0x17,
    0xE4, 0x17, 0xE4, 0x17, 0xE4, 0x17, 0xE4, 0x17, 0xE4, 0x17, 0xE4, 0x17, 0xE4, 0x17, 0xE4, 0x17,
    0xE4, 0x17, 0xE4, 0x17, 0xE4, 0x17, 0xE3, 0x17, 0xE3, 0x17, 0xE3, 0x17, 0xE3, 0x17, 0xE4, 0x17,
    0xE4, 0x17, 0xE4, 0x17, 0xE4, 0xFF, 0x17, 0xE4, 0x17, 0xE4, 0x17, 0xE4, 0x17, 0xE4, 0x17, 0xE4,
    0x17, 0xE4, 0x17, 0xE4, 0x17, 0xE4, 0x17, 0xE4, 0x17, 0xE4, 0x17, 0xE4, 0x17, 0xE4, 0x17, 0xE4,
    0x17, 0xE4, 0x17, 0xE4, 0x17, 0xE4, 0x17, 0xE4, 0x17, 0xE4, 0x17, 0xE4, 0x17, 0xE4, 0x17, 0xE4,
    0x17, 0xE4, 0x17, 0xE4, 0x17, 0xE4, 0x17, 0xE4, 0x17, 0xE4, 0x17, 0xE4, 0x17, 0xE4, 0x17, 0xE4,
    0x17, 0xE4, 0x17, 0xE4, 0x17, 0xE4, 0x17, 0xE4, 0x17, 0xE4, 0x17, 0xE4, 0x17, 0xE4, 0x17, 0xE4,
    0x17, 0xE4, 0x17, 0xE4, 0x17, 0xE4, 0x17, 0xE4, 0x17, 0xE4, 0x17, 0xE4, 0x17, 0xE4, 0x17, 0xE4,
    0x17, 0xE4, 0x1F, 0xE6, 0xAF, 0xF3, 0xF7, 0x39, 0xF6, 0x98, 0xDD, 0x94, 0xE5, 0xF5, 0xDD, 0x93,
    0xDD, 0x93, 0xBC, 0x8F, 0xB4, 0x2E, 0xD5, 0x13, 0xE5, 0xD5, 0xFF, 0x1A, 0xFE, 0xDA, 0xFE, 0xFA,
    0xF6, 0xFA, 0xF6, 0xDA, 0xF6, 0xFA, 0xB1, 0xFF, 0x1B, 0xFF, 0x5B, 0xFF, 0x5C, 0xFF, 0x5C, 0xFF,
    0x5C, 0xFF, 0x7C, 0xEE, 0xB9, 0xD5, 0x54, 0xE5, 0x55, 0xED, 0x75, 0xED, 0x75, 0xDD, 0x55, 0xEE,
    0x79, 0xFF, 0x7C, 0xFF, 0x5C, 0xFF, 0x5C, 0xFF, 0x5C, 0xFF, 0x5C, 0xFF, 0x5C, 0xFF, 0x3B, 0xFF,
    0x1B, 0xFF, 0x3B, 0xFF, 0x3B, 0xFF, 0x5C, 0xFF, 0x3B, 0x02, 0xD5, 0xFF, 0xDD, 0x94, 0xE5, 0xB5,
    0xE5, 0x95, 0xCC, 0xD1, 0xC4, 0xB1, 0xD5, 0x12, 0xCD, 0x12, 0xBC, 0xB0, 0xDD, 0xB4, 0xE5, 0xB5,
    0xE5, 0xB5, 0xED, 0xF6, 0xFE, 0x98, 0xEE, 0x57, 0xF6, 0xB8, 0xAD, 0xD1, 0x66, 0x8B, 0x37, 0x28,
    0x2F, 0xE7, 0x17, 0xE4, 0x17, 0xE4, 0x17, 0xE4, 0x17, 0xE4, 0x17, 0xE4, 0x17, 0xE4, 0x17, 0xE4,
    0x17, 0xE4, 0x17, 0xE4, 0x17, 0xE4, 0x17, 0xE4, 0x17, 0xE4, 0x17, 0xE4, 0x17, 0xE4, 0x17, 0xE4,
    0x17, 0xE4, 0x17, 0xE4, 0x17, 0xE4, 0x17, 0xE4, 0x17, 0xE4, 0x17, 0xE4, 0x17, 0xE4, 0x17, 0xE4,
    0x17, 0xE4, 0x17, 0xE4, 0x17, 0xE4, 0x17, 0xE4, 0x17, 0xE4, 0x17, 0xE4, 0x17, 0xE4, 0x17, 0xE4,
    0x17, 0xE4, 0x17, 0xE4, 0x17, 0xE4, 0x17, 0xE4, 0x17, 0xE4, 0x17, 0xE4, 0x17, 0xE4, 0x17, 0xE4,
    0x17, 0xE4, 0x17, 0xE4, 0x17, 0xE4, 0x17, 0xE4, 0x17, 0xE4, 0x17, 0xE4, 0xFF, 0x17, 0xE4, 0x17,
    0xE4, 0x17, 0xE4, 0x17, 0xE4, 0x17, 0xE4, 0x17, 0xE4, 0x17, 0xE4, 0x17, 0xE4, 0x17, 0xE4, 0x17,
    0xE4, 0x17, 0xE4, 0x17, 0xE4, 0x17, 0xE4, 0x17, 0xE4, 0x17, 0xE4, 0x17, 0xE4, 0x17, 0xE4, 0x17,
    0xE4, 0x17, 0xE4, 0x17, 0xE4, 0x17, 0xE4, 0x17, 0xE4, 0x17, 0xE4, 0x17, 0xE4, 0x17, 0xE4, 0x17,
    0xE4, 0x0F, 0xE4, 0x77, 0xEE, 0xE7, 0x78, 0xFE, 0xB9, 0xDD, 0xB4, 0xEE, 0x36, 0xDD, 0xB4, 0xDD,
    0x73, 0xD5, 0x52, 0x8B, 0x0A, 0xA4, 0x2F, 0xC5, 0xF4, 0xEF, 0x5A, 0xF6, 0xFA, 0xFE, 0xFA, 0xF6,
    0xFA, 0xF6, 0xFA, 0xFE, 0xFB, 0xFF, 0x3B, 0xFF, 0x5C, 0xFF, 0x5C, 0xFF, 0x5C, 0xFF, 0x5C, 0xFF,
    0x7C, 0xF6, 0x99, 0xDD, 0x75, 0xED, 0x96, 0xF5, 0x96, 0xF5, 0x76, 0xED, 0x55, 0xEE, 0x59, 0xFF,
    0x5C, 0xFF, 0x5C, 0xFF, 0x5C, 0xFF, 0x5C, 0xFF, 0x5C, 0xFF, 0x5B, 0xFF, 0x1B, 0x8C, 0xFE, 0xDA,
    0xFE, 0xFA, 0xFE, 0xFA, 0xFF, 0x1B, 0xDE, 0x37, 0xD5, 0xB5, 0xDD, 0x02, 0xD5, 0xFF, 0x33, 0xC4,
    0x70, 0xBC, 0x2F, 0xC4, 0x91, 0xCC, 0xF2, 0xCD, 0x12, 0xD5, 0x53, 0xDD, 0x94, 0xE5, 0xB4, 0xED,
    0xD5, 0xFE, 0x78, 0xFE, 0xB8, 0xF6, 0x77, 0xF6, 0x98, 0xD6, 0x35, 0x7D, 0xED, 0x3F, 0xE9, 0x1F,
    0xE5, 0x17, 0xE3, 0x17, 0xE3, 0x17, 0xE4, 0x17, 0xE4, 0x17, 0xE4, 0x17, 0xE4, 0x17, 0xE4, 0x17,
    0xE4, 0x17, 0xE4, 0x17, 0xE4, 0x17, 0xE4, 0x17, 0xE4, 0x17, 0xE4, 0x17, 0xE4, 0x17, 0xE4, 0x17,
    0xE4, 0x17, 0xE4, 0x17, 0xE4, 0x17, 0xE4, 0x17, 0xE4, 0x17, 0xE4, 0x17, 0xE4, 0x17, 0xE4, 0x17,
    0xE4, 0x17, 0xE4, 0x17, 0xE4, 0x17, 0xE4, 0x17, 0xE4, 0x17, 0xE4, 0x17, 0xE4, 0x17, 0xE4, 0x17,
    0xE4, 0x17, 0xE4, 0x17, 0xE4, 0x17, 0xE4, 0x17, 0xE4, 0x17, 0xE4, 0x17, 0xE4, 0x17, 0xE4, 0x17,
    0xE4, 0x17, 0xE4, 0x17, 0xE4, 0x17, 0xE4, 0x17, 0xE4, 0x17, 0xE4, 0x17, 0xE4, 0x17, 0xC1, 0xE4,
    0x17, 0xE4, 0x17, 0xE4, 0x17, 0xE4, 0x17, 0xE4, 0x17, 0xE4, 0x17, 0xE4, 0x17, 0xE4, 0x17, 0xE4,
    0x17, 0xE4, 0x17, 0xE4, 0x17, 0xE4, 0x17, 0xE4, 0x17, 0xE4, 0x17, 0xE4, 0x17, 0xE4, 0x17, 0xE4,
    0x17, 0xE4, 0x17, 0xE4, 0x17, 0xE4, 0x17, 0xE4, 0x17, 0xE4, 0x17, 0xE4, 0x17, 0xE4, 0x17, 0xE4,
    0x0F, 0xE4, 0x2F, 0xE8, 0xBF, 0xB5, 0xFF, 0x19, 0xE6, 0x16, 0xE5, 0xF5, 0xDD, 0xD4, 0xD5, 0x53,
    0xE5, 0x02, 0xB4, 0xFF, 0x2F, 0x7B, 0xAC, 0x75, 0xAF, 0xB7, 0x55, 0xEF, 0x5A, 0xFE, 0xFA, 0xFE,
    0xFA, 0xFE, 0xFA, 0xFF, 0x1B, 0xFF, 0x3C, 0xFF, 0x5C, 0xFF, 0x5C, 0xFF, 0x5C, 0xFF, 0x5C, 0xFF,
    0x7C, 0xF6, 0x99, 0xE5, 0x95, 0xF5, 0x96, 0xF5, 0x96, 0xFD, 0x76, 0xED, 0x55, 0xEE, 0x59, 0xFF,
    0x7C, 0xFF, 0x5C, 0xFF, 0x5C, 0xFF, 0x5C, 0xFF, 0x5C, 0xFF, 0x5B, 0xFE, 0xFB, 0xFE, 0xDA, 0xFE,
    0xDA, 0xFE, 0xDA, 0xE6, 0x58, 0xCD, 0x54, 0xCD, 0x74, 0xCD, 0x13, 0xC4, 0xD1, 0xD5, 0x33, 0xCC,
    0xD2, 0xC4, 0x91, 0xCD, 0x33, 0xEE, 0x37, 0xD5, 0xB5, 0xDD, 0x95, 0xE5, 0xB5, 0xEE, 0x37, 0xFE,
    0xB8, 0xFE, 0xD8, 0xF6, 0xD8, 0xEE, 0x77, 0xEE, 0x57, 0xA5, 0xB1, 0x57, 0x8C, 0x1F, 0xE6, 0x17,
    0xE3, 0x17, 0xE3, 0x17, 0xE4, 0x17, 0xE4, 0x17, 0xE4, 0x17, 0xE4, 0x17, 0xE4, 0x17, 0xE4, 0x17,
    0xE4, 0x17, 0xE4, 0x17, 0xFF, 0xE4, 0x17, 0xE4, 0x17, 0xE4, 0x17, 0xE4, 0x17, 0xE4, 0x17, 0xE4,
    0x17, 0xE4, 0x17, 0xE4, 0x17, 0xE4, 0x17, 0xE4, 0x17, 0xE4, 0x17, 0xE4, 0x17, 0xE4, 0x17, 0xE4,
    0x17, 0xE4, 0x17, 0xE4, 0x17, 0xE4, 0x17, 0xE4, 0x17, 0xE4, 0x17, 0xE4, 0x17, 0xE4, 0x17, 0xE4,
    0x17, 0xE4, 0x17, 0xE4, 0x17, 0xE4, 0x17, 0xE4, 0x17, 0xE4, 0x17, 0xE4, 0x17, 0xE4, 0x17, 0xE4,
    0x17, 0xE4, 0x17, 0xE4, 0x17, 0xE4, 0x17, 0xE4, 0x17, 0xE4, 0x17, 0xE4, 0x17, 0xE4, 0x17, 0xE4,
    0x17, 0xE4, 0x17, 0xE4, 0x17, 0xE4, 0x17, 0xE4, 0x17, 0xE4, 0x17, 0xE4, 0x17, 0xE4, 0x17, 0xE4,
    0x17, 0xE4, 0x17, 0xE4, 0x17, 0xE4, 0x17, 0xE4, 0x17, 0xE4, 0x17, 0xE4, 0x17, 0xE4, 0x17, 0xE4,
    0x17, 0xE4, 0x17, 0xE4, 0x17, 0xE4, 0x17, 0xE4, 0x17, 0xE4, 0x17, 0xE4, 0x1F, 0xE4, 0x17, 0xE4,
    0x17, 0xE4, 0x5F, 0x8B, 0xCF, 0xCA, 0x95, 0xDE, 0x75, 0xE6, 0x15, 0xE6, 0x15, 0xCD, 0x32, 0xDD,
    0x94, 0xE5, 0x94, 0xB5, 0x12, 0x76, 0x0E, 0x5E, 0xCC, 0xB7, 0xD5, 0xEF, 0x79, 0xF7, 0x3B, 0xFF,
    0x3B, 0xFF, 0x3B, 0xFF, 0x5C, 0xFF, 0x5C, 0xFF, 0x5C, 0xFF, 0x5C, 0xFF, 0x5C, 0xFF, 0x7C, 0xF6,
    0xDA, 0xDD, 0x75, 0xF5, 0xB6, 0xF5, 0x96, 0xF5, 0x96, 0xE5, 0x55, 0xF6, 0x9A, 0xFF, 0x7C, 0xFF,
    0x5C, 0xFF, 0x5C, 0xFF, 0x5C, 0xFF, 0x5C, 0xFF, 0x3B, 0xFE, 0xFB, 0xFE, 0xDA, 0xFE, 0xDA, 0xF6,
    0xB9, 0x02, 0xD5, 0xFF, 0xCD, 0x94, 0xD5, 0x95, 0xD5, 0x74, 0xDD, 0x74, 0xE5, 0x94, 0xC4, 0xB1,
    0xCD, 0x33, 0xEE, 0x99, 0xEE, 0xF9, 0xC5, 0xD4, 0xD5, 0xB5, 0xE5, 0xD5, 0xEE, 0x57, 0xFE, 0xD9,
    0xFE, 0xD8, 0xF6, 0xD8, 0xF6, 0x97, 0xF6, 0x77, 0xCE, 0x15, 0x76, 0x6E, 0x3F, 0xE8, 0x1F, 0xE4,
    0x0F, 0xE3, 0x0F, 0xE3, 0x17, 0xE4, 0x17, 0xE4, 0x17, 0xE4, 0x17, 0xE4, 0x17, 0xE4, 0x17, 0xE4,
    0x17, 0xE4, 0x17, 0xE4, 0x17, 0xE4, 0x17, 0xE4, 0x17, 0xE4, 0x17, 0xE4, 0x17, 0xE4, 0x17, 0xE4,
    0x17, 0xE4, 0x17, 0xE4, 0x17, 0xE4, 0x17, 0xE4, 0x17, 0xE4, 0x17, 0xE4, 0x17, 0xE4, 0x17, 0xE4,
    0x17, 0xE4, 0x17, 0xE4, 0x17, 0xE4, 0x17, 0xE4, 0x17, 0xE4, 0x17, 0xE4, 0x17, 0xE4, 0x17, 0xE4,
    0x17, 0xE4, 0x17, 0xE4, 0x17, 0xE4, 0x17, 0xE4, 0x17, 0xE4, 0x17, 0xE4, 0x17, 0xE4, 0x17, 0xE4,
    0x17, 0xE4, 0x17, 0xE4, 0xFF, 0x17, 0xE4, 0x17, 0xE4, 0x17, 0xE4, 0x17, 0xE4, 0x17, 0xE4, 0x17,
    0xE4, 0x17, 0xE4, 0x17, 0xE4, 0x17, 0xE4, 0x17, 0xE4, 0x17, 0xE4, 0x17, 0xE4, 0x17, 0xE4, 0x17,
    0xE4, 0x17, 0xE4, 0x17, 0xE4, 0x17, 0xE4, 0x17, 0xE4, 0x17, 0xE4, 0x17, 0xE4, 0x17, 0xE4, 0x17,
    0xE4, 0x17, 0xE4, 0x17, 0xE4, 0x17, 0xE4, 0x17, 0xE4, 0x17, 0xE4, 0x17, 0xE4, 0x17, 0xE4, 0x17,
    0xE5, 0x17, 0xE5, 0x5F, 0x8B, 0xA7, 0x12, 0xD6, 0x55, 0xEE, 0x56, 0xCD, 0x32, 0xD5, 0x93, 0xDD,
    0xD4, 0xD5, 0x94, 0x9D, 0xAF, 0x5E, 0xEB, 0x4F, 0x2A, 0xB7, 0xF5, 0xEF, 0xDB, 0xF7, 0x5B, 0xFF,
    0x5C, 0xFF, 0x5C, 0xFF, 0x5D, 0xFF, 0x5D, 0xFF, 0x5C, 0xFF, 0x5C, 0xFF, 0x5C, 0xFF, 0x3C, 0xE5,
    0xD7, 0xE5, 0x75, 0xED, 0xB6, 0xED, 0x96, 0xE5, 0x96, 0xFE, 0xFB, 0xFF, 0x7C, 0xFF, 0x5C, 0xFF,
    0x5C, 0xFF, 0x5C, 0xFF, 0x5C, 0xFF, 0xFF, 0x5C, 0xFF, 0x3B, 0xFF, 0x1B, 0xFE, 0xFB, 0xFE, 0xFA,
    0xF6, 0xDA, 0xF6, 0xDA, 0xF6, 0xD9, 0xEE, 0x57, 0xD5, 0x73, 0xCD, 0x33, 0xDD, 0xB5, 0xF6, 0xFA,
    0xF7, 0xBB, 0xA6, 0x93, 0x8D, 0xCF, 0xCE, 0x34, 0xE5, 0xF5, 0xEE, 0x57, 0xFE, 0xB8, 0xFE, 0xD9,
    0xF6, 0xD8, 0xFE, 0xD8, 0xF6, 0xB8, 0xE6, 0x77, 0xA5, 0x90, 0x6E, 0xCB, 0x3F, 0xE8, 0x1F, 0xE6,
    0x17, 0xE4, 0x1F, 0xE4, 0x17, 0xE4, 0x17, 0xE3, 0x17, 0xE3, 0x17, 0xE4, 0x17, 0xE4, 0x17, 0xE4,
    0x17, 0xE4, 0x17, 0xE4, 0x17, 0xE4, 0x17, 0xE4, 0x17, 0xE4, 0x17, 0xE4, 0x17, 0xE4, 0x17, 0xE4,
    0x17, 0xE4, 0x17, 0xE4, 0x17, 0xE4, 0x17, 0xE4, 0x17, 0xE4, 0x17, 0xE4, 0x17, 0xE4, 0x17, 0xE4,
    0x17, 0xE4, 0x17, 0xE4, 0x17, 0xE4, 0x17, 0xE4, 0x17, 0xE4, 0x17, 0xE4, 0x17, 0xE4, 0x17, 0xE4,
    0x17, 0xE4, 0x17, 0xE4, 0x17, 0xE4, 0xFF, 0x17, 0xE4, 0x17, 0xE4, 0x17, 0xE4, 0x17, 0xE4, 0x17,
    0xE4, 0x17, 0xE4, 0x17, 0xE4, 0x17, 0xE4, 0x17, 0xE4, 0x17, 0xE4, 0x17, 0xE4, 0x17, 0xE4, 0x17,
    0xE4, 0x17, 0xE4, 0x17, 0xE4, 0x17, 0xE4, 0x17, 0xE4, 0x17, 0xE4, 0x17, 0xE4, 0x17, 0xE4, 0x17,
    0xE4, 0x17, 0xE4, 0x17, 0xE4, 0x17, 0xE4, 0x17, 0xE4, 0x17, 0xE4, 0x17, 0xE4, 0x17, 0xE4, 0x17,
    0xE4, 0x17, 0xE4, 0x17, 0xE4, 0x17, 0xE4, 0x17, 0xE4, 0x17, 0xE4, 0x17, 0xE4, 0x17, 0xE4, 0x1F,
    0xE4, 0x2F, 0xE7, 0x5E, 0x6B, 0x9D, 0x10, 0xDD, 0xD5, 0xC5, 0x12, 0xBD, 0x12, 0xCD, 0xF3, 0xC6,
    0x53, 0xAD, 0xD1, 0x7E, 0x8D, 0x3F, 0xE8, 0x3F, 0x89, 0x9F, 0xF2, 0xDF, 0xF9, 0xF7, 0xBC, 0xFF,
    0x7D, 0xFF, 0x5D, 0xFF, 0x5D, 0xFF, 0x5C, 0xFF, 0x5C, 0xFF, 0x5C, 0xFF, 0x7C, 0xFE, 0xFB, 0xE6,
    0x37, 0xE6, 0x17, 0xDD, 0xF6, 0xEE, 0x79, 0xFF, 0xFF, 0x5C, 0xFF, 0x5C, 0xFF, 0x5C, 0xFF, 0x5C,
    0xFF, 0x7C, 0xFF, 0x5C, 0xFF, 0x5C, 0xFF, 0x5C, 0xFF, 0x3C, 0xFF, 0x3C, 0xFF, 0x1B, 0xFF, 0x3C,
    0xFF, 0x5B, 0xFF, 0x3A, 0xEE, 0x98, 0xDE, 0x16, 0xEE, 0x78, 0xFF, 0x3B, 0xE7, 0xBA, 0x9F, 0x72,
    0x4E, 0xEA, 0x4E, 0xA9, 0xA6, 0xB0, 0xDE, 0x14, 0xEE, 0x56, 0xFE, 0xB8, 0xFE, 0xD8, 0xF6, 0xB8,
    0xEE, 0x97, 0xFE, 0xD8, 0xFE, 0xB8, 0xE6, 0x57, 0x9D, 0x8F, 0x76, 0x8C, 0x57, 0xCB, 0x3F, 0xE9,
    0x37, 0xE8, 0x27, 0xE6, 0x17, 0xE4, 0x17, 0xE3, 0x17, 0xE4, 0x17, 0xE4, 0x17, 0xE4, 0x17, 0xE4,
    0x17, 0xE4, 0x17, 0xE4, 0x17, 0xE4, 0x17, 0xE4, 0x17, 0xE4, 0x17, 0xE4, 0x17, 0xE4, 0x17, 0xE4,
    0x17, 0xE4, 0x17, 0xE4, 0x17, 0xE4, 0x17, 0xE4, 0x17, 0xE4, 0x17, 0xE4, 0x17, 0xE4, 0x17, 0xE4,
    0x17, 0xE4, 0x17, 0xE4, 0x17, 0xE4, 0x17, 0xE4, 0xDD, 0x17, 0xE4, 0x17, 0xE4, 0x17, 0xE4, 0x17,
    0xE4, 0x17, 0xE4, 0x17, 0xE4, 0x17, 0xE4, 0x17, 0xE4, 0x17, 0xE4, 0x17, 0xE4, 0x17, 0xE4, 0x17,
    0xE4, 0x17, 0xE4, 0x17, 0xE4, 0x17, 0xE4, 0x17, 0xE4, 0x17, 0xE4, 0x17, 0xE4, 0x17, 0xE4, 0x17,
    0xE4, 0x17, 0xE4, 0x17, 0xE4, 0x17, 0xE4, 0x17, 0xE4, 0x17, 0xE4, 0x17, 0xE4, 0x17, 0xE4, 0x17,
    0xE4, 0x17, 0xE4, 0x17, 0xE4, 0x17, 0xE4, 0x17, 0xE4, 0x17, 0xE4, 0x17, 0xE4, 0x17, 0xE4, 0x17,
    0xE4, 0x17, 0xE4, 0x17, 0xE4, 0x17, 0xE4, 0x17, 0xE4, 0x17, 0xE4, 0x17, 0xE4, 0x17, 0xE3, 0x2F,
    0xE7, 0x66, 0x8D, 0xAD, 0x72, 0xDD, 0xF6, 0x02, 0xD5, 0xFF, 0x9C, 0x0E, 0x7C, 0x6C, 0x76, 0x4C,
    0x8E, 0xAE, 0x86, 0x2E, 0x4F, 0xCA, 0x1F, 0xE6, 0x27, 0xE5, 0x6F, 0xED, 0xB7, 0xF7, 0xE7, 0xFB,
    0xF7, 0x7D, 0xFF, 0x7D, 0xFF, 0x5D, 0xFF, 0x5D, 0xFF, 0x5C, 0xFF, 0x5C, 0xFF, 0x5C, 0xFF, 0x3B,
    0xFF, 0x3B, 0xF7, 0x3B, 0xFF, 0x5C, 0xFF, 0x5C, 0xFF, 0x5C, 0xFF, 0x5C, 0xFF, 0x5C, 0xFF, 0x5C,
    0xFF, 0x7C, 0xFF, 0x5C, 0xFF, 0x5C, 0xFF, 0x5C, 0xFF, 0x5C, 0xF7, 0x7C, 0xEF, 0x9A, 0xC6, 0x55,
    0xB5, 0x72, 0xDE, 0x37, 0xDE, 0x57, 0xE6, 0x58, 0xCD, 0xF6, 0x86, 0xAF, 0x3F, 0xA8, 0x27, 0xE6,
    0x27, 0xE5, 0x6F, 0x0A, 0xC6, 0x93, 0xE6, 0x55, 0xF6, 0xB7, 0xFE, 0xD8, 0xF6, 0xB8, 0xDD, 0xF5,
    0xDD, 0xF4, 0xEE, 0x98, 0xFE, 0xF9, 0xEE, 0xD8, 0xC6, 0x54, 0x8E, 0x50, 0x76, 0xCE, 0x57, 0x4C,
    0x37, 0xE9, 0x1F, 0xE5, 0x17, 0xE4, 0x17, 0xE4, 0x17, 0xE4, 0xFF, 0x17, 0xE4, 0x17, 0xE4, 0x17,
    0xE4, 0x17, 0xE4, 0x17, 0xE4, 0x17, 0xE4, 0x17, 0xE4, 0x17, 0xE4, 0x17, 0xE4, 0x17, 0xE4, 0x17,
    0xE4, 0x17, 0xE4, 0x17, 0xE4, 0x17, 0xE4, 0x17, 0xE4, 0x17, 0xE4, 0x17, 0xE4, 0x17, 0xE4, 0x17,
    0xE4, 0x17, 0xE4, 0x17, 0xE4, 0x17, 0xE4, 0x17, 0xE4, 0x17, 0xE4, 0x17, 0xE4, 0x17, 0xE4, 0x17,
    0xE4, 0x17, 0xE4, 0x17, 0xE4, 0x17, 0xE4, 0x17, 0xE4, 0x17, 0xE4, 0x17, 0xE4, 0x17, 0xE4, 0x17,
    0xE4, 0x17, 0xE4, 0x17, 0xE4, 0x17, 0xE4, 0x17, 0xE4, 0x17, 0xE4, 0x17, 0xE4, 0x17, 0xE4, 0x17,
    0xE4, 0x17, 0xE4, 0x17, 0xE4, 0x17, 0xE4, 0x17, 0xE4, 0x17, 0xE4, 0x17, 0xE4, 0x17, 0xE4, 0x17,
    0xE4, 0x17, 0xE4, 0x17, 0xE4, 0x17, 0xE4, 0x17, 0xE4, 0x17, 0xE4, 0x17, 0xE4, 0x17, 0xE4, 0x17,
    0xE4, 0x17, 0xE4, 0x17, 0xE4, 0x17, 0xE4, 0x17, 0xE4, 0x17, 0xE4, 0xF5, 0x17, 0xE4, 0x2F, 0xE6,
    0x8E, 0xAF, 0xD6, 0x36, 0xDD, 0xF6, 0xDE, 0x37, 0xB5, 0x33, 0x7C, 0xED, 0x57, 0x0B, 0x47, 0x48,
    0x56, 0x6A, 0x47, 0x4A, 0x27, 0xE6, 0x17, 0xE4, 0x17, 0xE4, 0x3F, 0xA9, 0x8F, 0xD1, 0xCF, 0xF8,
    0xE7, 0xFB, 0xF7, 0x9C, 0xFF, 0x7D, 0xFF, 0x7C, 0xFF, 0x7C, 0xFF, 0x5C, 0xFF, 0x5C, 0xFF, 0x7C,
    0xFF, 0x7C, 0xFF, 0x7C, 0xFF, 0x5C, 0xFF, 0x5C, 0xFF, 0x5C, 0xFF, 0x5C, 0xFF, 0x5C, 0xFF, 0x5C,
    0xFF, 0x7C, 0xFF, 0x7C, 0xF7, 0xBC, 0xEF, 0xBB, 0xBF, 0x55, 0x76, 0x6E, 0x6D, 0x6B, 0xAD, 0x72,
    0xD5, 0xB5, 0xEE, 0xB9, 0xDE, 0x37, 0x9C, 0xB1, 0x66, 0x4C, 0x3F, 0xE9, 0x17, 0xE4, 0x17, 0xE4,
    0x37, 0x86, 0x96, 0xCF, 0xCE, 0x73, 0xE6, 0x76, 0xF6, 0xB8, 0xFE, 0xD8, 0xEE, 0x97, 0xDD, 0xF5,
    0xCD, 0x94, 0x02, 0xD5, 0xFF, 0xDE, 0x36, 0xDE, 0xD7, 0xBF, 0x35, 0x87, 0x30, 0x4F, 0x2A, 0x2F,
    0xE7, 0x17, 0xE5, 0x17, 0xE4, 0x17, 0xE4, 0x17, 0xE4, 0x17, 0xE4, 0x17, 0xE4, 0x17, 0xE4, 0x17,
    0xE4, 0x17, 0xE4, 0x17, 0xE4, 0x17, 0xE4, 0x17, 0xE4, 0x17, 0xE4, 0x17, 0xE4, 0x17, 0xE4, 0x17,
    0xE4, 0x17, 0xE4, 0x17, 0xE4, 0x17, 0xE4, 0x17, 0xE4, 0x17, 0xE4, 0x17, 0xE4, 0x17, 0xE4, 0x17,
    0xE4, 0x17, 0xE4, 0x17, 0xE4, 0x17, 0xE4, 0x17, 0xE4, 0x17, 0xE4, 0x17, 0xE4, 0x17, 0xE4, 0x17,
    0xE4, 0x17, 0xE4, 0x17, 0xE4, 0x17, 0xE4, 0x17, 0xE4, 0x17, 0xE4, 0x17, 0xE4, 0x17, 0xE4, 0x17,
    0xE4, 0x17, 0xE4, 0x17, 0xE4, 0x17, 0xE4, 0x17, 0xE4, 0x17, 0xE4, 0x17, 0xE4, 0x17, 0xE4, 0x17,
    0xE4, 0x17, 0xE4, 0x17, 0xE4, 0x17, 0xE4, 0x17, 0xE4, 0x17, 0xE4, 0x17, 0xE4, 0x17, 0xE4, 0x17,
    0xE4, 0x17, 0xE4, 0x17, 0xE4, 0xFF, 0x17, 0xE4, 0x17, 0xE4, 0x17, 0xE4, 0x17, 0xE4, 0x17, 0xE4,
    0x17, 0xE4, 0x17, 0xE4, 0x17, 0xE4, 0x17, 0xE4, 0x17, 0xE4, 0x17, 0xE4, 0x2F, 0xE6, 0x8E, 0x6F,
    0xC5, 0xB5, 0xDE, 0x37, 0xD5, 0xD6, 0xDE, 0x98, 0x75, 0x4D, 0x47, 0x88, 0x2F, 0xE6, 0x27, 0xE5,
    0x27, 0xE7, 0x1F, 0xE5, 0x17, 0xE3, 0x17, 0xE4, 0x1F, 0xE5, 0x27, 0xE6, 0x47, 0x89, 0x77, 0xEF,
    0xAF, 0xF5, 0xD7, 0xF9, 0xEF, 0xFA, 0xF7, 0xDB, 0xFF, 0x9C, 0xFF, 0x7C, 0xFF, 0x5C, 0xFF, 0x5C,
    0xFF, 0x5C, 0xFF, 0x5C, 0xFF, 0x5C, 0xFF, 0x5C, 0xFF, 0x5C, 0xFF, 0x7C, 0xFF, 0x9C, 0xF7, 0xBB,
    0xD7, 0xB9, 0xA7, 0x94, 0x77, 0x2E, 0x47, 0x09, 0x37, 0xE8, 0x5F, 0x0C, 0xC6, 0x96, 0xC5, 0x54,
    0xF6, 0xBA, 0xE6, 0x99, 0xDE, 0x99, 0x8E, 0x11, 0x4F, 0x4A, 0x27, 0xE5, 0x17, 0xE4, 0x1F, 0xE4,
    0x37, 0x46, 0x87, 0x0E, 0xCE, 0xB4, 0xFF, 0xEE, 0xD7, 0xF6, 0xD8, 0xF6, 0xB8, 0xF6, 0xD8, 0xEE,
    0xB8, 0xDE, 0x16, 0xBC, 0xF2, 0x8C, 0xAE, 0x66, 0x6D, 0x3F, 0xA9, 0x2F, 0xE6, 0x1F, 0xE5, 0x17,
    0xE3, 0x17, 0xE4, 0x17, 0xE4, 0x17, 0xE4, 0x17, 0xE4, 0x17, 0xE4, 0x17, 0xE4, 0x17, 0xE4, 0x17,
    0xE4, 0x17, 0xE4, 0x17, 0xE4, 0x17, 0xE4, 0x17, 0xE4, 0x17, 0xE4, 0x17, 0xE4, 0x17, 0xE4, 0x17,
    0xE4, 0x17, 0xE4, 0x17, 0xE4, 0x17, 0xE4, 0x17, 0xE4, 0x17, 0xE4, 0x17, 0xE4, 0x17, 0xE4, 0x17,
    0xE4, 0x17, 0xE4, 0x17, 0xE4, 0x17, 0xE4, 0x17, 0xE4, 0x17, 0xE4, 0x17, 0xE4, 0x17, 0xE4, 0x17,
    0xE4, 0x17, 0xE4, 0x17, 0xE4, 0x17, 0xE4, 0x17, 0xE4, 0x17, 0xE4, 0x17, 0xE4, 0x17, 0xE4, 0x17,
    0xE4, 0x17, 0xE4, 0x17, 0xE4, 0x17, 0xE4, 0x17, 0xE4, 0x17, 0xE4, 0x17, 0xE4, 0x17, 0xE4, 0x17,
    0xE4, 0x17, 0xE4, 0x17, 0xE4, 0x17, 0xE4, 0xFF, 0x17, 0xE4, 0x17, 0xE4, 0x17, 0xE4, 0x17, 0xE4,
    0x17, 0xE4, 0x17, 0xE4, 0x17, 0xE4, 0x17, 0xE4, 0x17, 0xE4, 0x17, 0xE4, 0x17, 0xE4, 0x17, 0xE4,
    0x17, 0xE4, 0x17, 0xE4, 0x17, 0xE4, 0x17, 0xE3, 0x17, 0xE3, 0x1F, 0xE5, 0x66, 0x0C, 0xD6, 0x37,
    0xDE, 0x17, 0xDE, 0x17, 0xD6, 0xB8, 0x6E, 0x8C, 0x2F, 0xE7, 0x17, 0xE4, 0x17, 0xE4, 0x17, 0xE4,
    0x17, 0xE4, 0x17, 0xE4, 0x17, 0xE4, 0x17, 0xE4, 0x17, 0xE5, 0x1F, 0xE5, 0x1F, 0xE5, 0x2F, 0xC7,
    0x47, 0x89, 0x6F, 0xAD, 0x9F, 0xB2, 0xCF, 0x17, 0xF6, 0xFB, 0xF6, 0xFB, 0xFF, 0x1B, 0xFF, 0x1B,
    0xFF, 0x3B, 0xFF, 0x3B, 0xFF, 0x3B, 0xEF, 0x3A, 0xCF, 0x78, 0x9F, 0x73, 0x77, 0x0D, 0x4F, 0x09,
    0x37, 0xA8, 0x2F, 0xE7, 0x27, 0xE6, 0x1F, 0xE6, 0x5F, 0xCD, 0xCE, 0xF8, 0xBD, 0x34, 0xDE, 0x58,
    0xDE, 0x58, 0xEE, 0xDA, 0xD6, 0xD9, 0x76, 0xAD, 0xFF, 0x2F, 0xE6, 0x17, 0xE4, 0x1F, 0xE3, 0x1F,
    0xE4, 0x2F, 0xA6, 0x76, 0xCC, 0xBF, 0x33, 0xE7, 0x16, 0xEE, 0xD7, 0xF6, 0xD8, 0xF6, 0xD9, 0xF6,
    0xDA, 0xEE, 0x59, 0xA5, 0x31, 0x6E, 0xCE, 0x3F, 0xE8, 0x17, 0xE4, 0x17, 0xE4, 0x17, 0xE4, 0x17,
    0xE4, 0x17, 0xE4, 0x17, 0xE4, 0x17, 0xE4, 0x17, 0xE4, 0x17, 0xE4, 0x17, 0xE4, 0x17, 0xE4, 0x17,
    0xE4, 0x17, 0xE4, 0x17, 0xE4, 0x17, 0xE4, 0x17, 0xE4, 0x17, 0xE4, 0x17, 0xE4, 0x17, 0xE4, 0x17,
    0xE4, 0x17, 0xE4, 0x17, 0xE4, 0x17, 0xE4, 0x17, 0xE4, 0x17, 0xE4, 0x17, 0xE4, 0x17, 0xE4, 0x17,
    0xE4, 0x17, 0xE4, 0x17, 0xE4, 0x17, 0xE4, 0x17, 0xE4, 0x17, 0xE4, 0x17, 0xE4, 0x17, 0xE4, 0x17,
    0xE4, 0x17, 0xE4, 0x17, 0xE4, 0x17, 0xE4, 0x17, 0xE4, 0x17, 0xE4, 0x17, 0xE4, 0x17, 0xE4, 0x17,
    0xE4, 0x17, 0xE4, 0x17, 0xE4, 0x17, 0xE4, 0x17, 0xE4, 0xFF, 0x17, 0xE4, 0x17, 0xE4, 0x17, 0xE4,
    0x17, 0xE4, 0x17, 0xE4, 0x17, 0xE4, 0x17, 0xE4, 0x17, 0xE4, 0x17, 0xE4, 0x17, 0xE4, 0x17, 0xE4,
    0x17, 0xE4, 0x17, 0xE4, 0x17, 0xE4, 0x17, 0xE4, 0x17, 0xE4, 0x17, 0xE4, 0x17, 0xE4, 0x17, 0xE4,
    0x17, 0xE4, 0x17, 0xE4, 0x17, 0xE4, 0x17, 0xE3, 0x1F, 0xE6, 0x4D, 0xCA, 0xD6, 0xB8, 0xDE, 0x78,
    0xE6, 0x79, 0xBE, 0x75, 0x47, 0x29, 0x1F, 0xE5, 0x17, 0xE4, 0x17, 0xE4, 0x17, 0xE4, 0x17, 0xE4,
    0x17, 0xE4, 0x17, 0xE4, 0x17, 0xE4, 0x17, 0xE4, 0x17, 0xE4, 0x1F, 0xE4, 0x2F, 0xE6, 0x37, 0xE8,
    0x3F, 0xE8, 0x56, 0xA9, 0x6C, 0x6A, 0xB4, 0xF2, 0xD5, 0x96, 0xD5, 0xB6, 0xD5, 0x95, 0xCD, 0x54,
    0xC5, 0x54, 0xAC, 0xB1, 0x94, 0xEF, 0x7E, 0x6F, 0x5F, 0x0B, 0x4F, 0x89, 0x47, 0xE9, 0x3F, 0xE8,
    0x2F, 0xE7, 0x1F, 0xE6, 0x1F, 0xE6, 0x67, 0xCD, 0xE7, 0xBB, 0xFF, 0xCD, 0xF7, 0xBD, 0x54, 0xDE,
    0x37, 0xE6, 0x99, 0xE7, 0x3A, 0x87, 0x70, 0x27, 0xE6, 0x17, 0xE4, 0x17, 0xE3, 0x17, 0xE3, 0x17,
    0xE5, 0x1F, 0xA5, 0x4E, 0xE8, 0x97, 0x2F, 0xBF, 0x33, 0xD7, 0x36, 0xDE, 0xF7, 0xEE, 0xB9, 0xFE,
    0xDA, 0xDE, 0x36, 0x85, 0xEE, 0x47, 0xE9, 0x17, 0xE4, 0x17, 0xE4, 0x17, 0xE4, 0x17, 0xE4, 0x17,
    0xE4, 0x17, 0xE4, 0x17, 0xE4, 0x17, 0xE4, 0x17, 0xE4, 0x17, 0xE4, 0x17, 0xE4, 0x17, 0xE4, 0x17,
    0xE4, 0x17, 0xE4, 0x17, 0xE4, 0x17, 0xE4, 0x17, 0xE4, 0x17, 0xE4, 0x17, 0xE4, 0x17, 0xE4, 0x17,
    0xE4, 0x17, 0xE4, 0x17, 0xE4, 0x17, 0xE4, 0x17, 0xE4, 0x17, 0xE4, 0x17, 0xE4, 0x17, 0xE4, 0x17,
    0xE4, 0x17, 0xE4, 0x17, 0xE4, 0x17, 0xE4, 0x17, 0xE4, 0x17, 0xE4, 0x17, 0xE4, 0x17, 0xE4, 0x17,
    0xE4, 0x17, 0xE4, 0x17, 0xE4, 0x17, 0xE4, 0x17, 0xE4, 0x17, 0xE4, 0xFF, 0x17, 0xE4, 0x17, 0xE4,
    0x17, 0xE4, 0x17, 0xE4, 0x17, 0xE4, 0x17, 0xE4, 0x17, 0xE4, 0x17, 0xE4, 0x17, 0xE4, 0x17, 0xE4,
    0x17, 0xE4, 0x17, 0xE4, 0x17, 0xE4, 0x17, 0xE4, 0x17, 0xE4, 0x17, 0xE4, 0x17, 0xE4, 0x17, 0xE4,
    0x17, 0xE4, 0x17, 0xE4, 0x17, 0xE4, 0x17, 0xE4, 0x17, 0xE4, 0x17, 0xE4, 0x17, 0xE4, 0x17, 0xE4,
    0x17, 0xE4, 0x17, 0xE4, 0x17, 0xE3, 0x27, 0xE6, 0x76, 0xAE, 0xEF, 0x3A, 0xFF, 0x3B, 0xF6, 0xFB,
    0x96, 0x51, 0x3F, 0xE8, 0x1F, 0xE4, 0x17, 0xE4, 0x17, 0xE4, 0x17, 0xE4, 0x17, 0xE4, 0x17, 0xE4,
    0x17, 0xE3, 0x17, 0xE3, 0x17, 0xE4, 0x1F, 0xE5, 0x2F, 0xE7, 0x4F, 0x68, 0x56, 0x07, 0x65, 0x48,
    0x75, 0x0B, 0xC6, 0x55, 0xE6, 0x99, 0xDD, 0xF6, 0xDD, 0x95, 0xDD, 0xB6, 0xDD, 0xF6, 0xEE, 0x99,
    0xD5, 0xF6, 0x7B, 0xAC, 0x74, 0x4B, 0x7D, 0x4C, 0x75, 0x8B, 0x6D, 0xCB, 0xFF, 0x6E, 0x8B, 0x67,
    0x2B, 0x5F, 0xCB, 0x57, 0xEB, 0x66, 0xAD, 0xDF, 0xBA, 0xF7, 0x3C, 0xBD, 0x75, 0xCD, 0xB6, 0xD6,
    0x17, 0xA6, 0x53, 0x4F, 0x8B, 0x17, 0xE5, 0x17, 0xE4, 0x17, 0xE4, 0x17, 0xE4, 0x17, 0xE4, 0x17,
    0xE5, 0x1F, 0xE5, 0x27, 0x85, 0x47, 0x28, 0x67, 0x2B, 0x97, 0x10, 0xC7, 0x15, 0xDF, 0x16, 0xE7,
    0x38, 0xA6, 0x11, 0x4F, 0xAA, 0x17, 0xE4, 0x17, 0xE4, 0x17, 0xE4, 0x17, 0xE4, 0x17, 0xE4, 0x17,
    0xE4, 0x17, 0xE4, 0x17, 0xE4, 0x17, 0xE4, 0x17, 0xE4, 0x17, 0xE4, 0x17, 0xE4, 0x17, 0xE4, 0x17,
    0xE4, 0x17, 0xE4, 0x17, 0xE4, 0x17, 0xE4, 0x17, 0xE4, 0x17, 0xE4, 0x17, 0xE4, 0x17, 0xE4, 0x17,
    0xE4, 0x17, 0xE4, 0x17, 0xE4, 0x17, 0xE4, 0x17, 0xE4, 0x17, 0xE4, 0x17, 0xE4, 0x17, 0xE4, 0x17,
    0xE4, 0x17, 0xE4, 0x17, 0xE4, 0x17, 0xE4, 0x17, 0xE4, 0x17, 0xE4, 0x17, 0xE4, 0xFF, 0x17, 0xE4,
    0x17, 0xE4, 0x17, 0xE4, 0x17, 0xE4, 0x17, 0xE4, 0x17, 0xE4, 0x17, 0xE4, 0x17, 0xE4, 0x17, 0xE4,
    0x17, 0xE4, 0x17, 0xE4, 0x17, 0xE4, 0x17, 0xE4, 0x17, 0xE4, 0x17, 0xE4, 0x17, 0xE4, 0x17, 0xE4,
    0x17, 0xE4, 0x17, 0xE4, 0x17, 0xE4, 0x17, 0xE4, 0x17, 0xE4, 0x17, 0xE4, 0x17, 0xE4, 0x17, 0xE4,
    0x17, 0xE4, 0x17, 0xE4, 0x17, 0xE4, 0x17, 0xE4, 0x17, 0xE4, 0x17, 0xE4, 0x17, 0xE4, 0x17, 0xE4,
    0x17, 0xE3, 0x17, 0xE3, 0x1F, 0xE5, 0x97, 0x31, 0xF7, 0x7B, 0xFF, 0x7C, 0xE6, 0xBA, 0x6E, 0x4F,
    0x37, 0xE9, 0x1F, 0xE4, 0x17, 0xE4, 0x17, 0xE4, 0x17, 0xE4, 0x17, 0xE4, 0x17, 0xE4, 0x17, 0xE4,
    0x17, 0xE3, 0x17, 0xE4, 0x2F, 0xE6, 0x4E, 0x27, 0x63, 0x45, 0x82, 0x45, 0x91, 0xC5, 0xAA, 0xCA,
    0xF6, 0x37, 0xFF, 0x1B, 0xDD, 0xF7, 0xE5, 0xF6, 0xFE, 0x99, 0xFF, 0x1B, 0xFE, 0x99, 0xFF, 0xF6,
    0x18, 0x93, 0x0C, 0x71, 0x86, 0x81, 0xE8, 0x7A, 0x08, 0x7A, 0x48, 0x7A, 0xA8, 0x73, 0x08, 0x73,
    0x88, 0x84, 0x6B, 0x74, 0x4B, 0xC6, 0x56, 0xFF, 0x9C, 0xE6, 0x78, 0xDE, 0x38, 0xD6, 0x78, 0x76,
    0x4F, 0x2F, 0xE8, 0x17, 0xE4, 0x17, 0xE3, 0x17, 0xE4, 0x17, 0xE4, 0x17, 0xE4, 0x17, 0xE4, 0x17,
    0xE4, 0x17, 0xE4, 0x17, 0xE4, 0x1F, 0xE5, 0x27, 0x86, 0x4E, 0xE9, 0x76, 0xED, 0xBF, 0x95, 0xB7,
    0x35, 0x57, 0x8B, 0x1F, 0xE5, 0x17, 0xE4, 0x17, 0xE4, 0x17, 0xE4, 0x17, 0xE4, 0x17, 0xE4, 0x17,
    0xE4, 0x17, 0xE4, 0x17, 0xE4, 0x17, 0xE4, 0x17, 0xE4, 0x17, 0xE4, 0x17, 0xE4, 0x17, 0xE4, 0x17,
    0xE4, 0x17, 0xE4, 0x17, 0xE4, 0x17, 0xE4, 0x17, 0xE4, 0x17, 0xE4, 0x17, 0xE4, 0x17, 0xE4, 0x17,
    0xE4, 0x17, 0xE4, 0x17, 0xE4, 0x17, 0xE4, 0x17, 0xE4, 0x17, 0xE4, 0x17, 0xE4, 0x17, 0xE4, 0xFF,
    0x17, 0xE4, 0x17, 0xE4, 0x17, 0xE4, 0x17, 0xE4, 0x17, 0xE4, 0x17, 0xE4, 0x17, 0xE4, 0x17, 0xE4,
    0x17, 0xE4, 0x17, 0xE4, 0x17, 0xE4, 0x17, 0xE4, 0x17, 0xE4, 0x17, 0xE4, 0x17, 0xE4, 0x17, 0xE4,
    0x17, 0xE4, 0x17, 0xE4, 0x17, 0xE4, 0x17, 0xE4, 0x17, 0xE4, 0x17, 0xE4, 0x17, 0xE4, 0x17, 0xE4,
    0x17, 0xE4, 0x17, 0xE4, 0x17, 0xE4, 0x17, 0xE4, 0x17, 0xE4, 0x17, 0xE4, 0x17, 0xE4, 0x17, 0xE4,
    0x17, 0xE4, 0x17, 0xE4, 0x17, 0xE4, 0x17, 0xE4, 0x17, 0xE4, 0x17, 0xE4, 0x17, 0xE4, 0x17, 0xE4,
    0x0F, 0xE3, 0x1F, 0xE6, 0xAF, 0x94, 0xFF, 0x9B, 0xFF, 0x7C, 0xCD, 0xD6, 0x6E, 0x0E, 0x3F, 0xE9,
    0x17, 0xE4, 0x17, 0xE4, 0x17, 0xE4, 0x17, 0xE4, 0x17, 0xE4, 0x17, 0xE4, 0x17, 0xE3, 0x27, 0xE4,
    0x2F, 0xE7, 0x56, 0xA9, 0x73, 0x87, 0xA2, 0x27, 0xBA, 0x08, 0xC2, 0x49, 0xBA, 0x09, 0xB2, 0x8B,
    0xFF, 0xB3, 0x2D, 0xBB, 0x6E, 0xC3, 0xAF, 0xCB, 0xAF, 0xBB, 0x2D, 0xAA, 0x6A, 0xB2, 0x6A, 0xBA,
    0x2A, 0xB1, 0xA8, 0xA9, 0x88, 0x99, 0xE8, 0x89, 0xC8, 0x79, 0xA7, 0x82, 0x08, 0x81, 0xC7, 0x79,
    0xA6, 0x71, 0xE6, 0xAC, 0x0F, 0xFF, 0x5B, 0xFF, 0x7C, 0xFF, 0x7D, 0xEF, 0x5C, 0x77, 0x4F, 0x2F,
    0xE7, 0x17, 0xE4, 0x1F, 0xE4, 0x17, 0xE4, 0x17, 0xE4, 0x17, 0xE4, 0x17, 0xE4, 0x17, 0xE3, 0x17,
    0xE3, 0x17, 0xE4, 0x1F, 0xE4, 0x1F, 0xE5, 0x27, 0xE5, 0x2F, 0xE6, 0x4F, 0x6A, 0x6F, 0x8D, 0x47,
    0xE9, 0x1F, 0xE5, 0x17, 0xE4, 0x17, 0xE4, 0x17, 0xE4, 0x17, 0xE4, 0x17, 0xE4, 0x17, 0xE4, 0x17,
    0xE4, 0x17, 0xE4, 0x17, 0xE4, 0x17, 0xE4, 0x17, 0xE4, 0x17, 0xE4, 0x17, 0xE4, 0x17, 0xE4, 0x17,
    0xE4, 0x17, 0xE4, 0x17, 0xE4, 0x17, 0xE4, 0x17, 0xE4, 0x17, 0xE4, 0x17, 0xE4, 0x17, 0xE4, 0x17,
    0xE4, 0xFF, 0x17, 0xE4, 0x17, 0xE4, 0x17, 0xE4, 0x17, 0xE4, 0x17, 0xE4, 0x17, 0xE4, 0x17, 0xE4,
    0x17, 0xE4, 0x17, 0xE4, 0x17, 0xE4, 0x17, 0xE4, 0x17, 0xE4, 0x17, 0xE4, 0x17, 0xE4, 0x17, 0xE4,
    0x17, 0xE4, 0x17, 0xE4, 0x17, 0xE4, 0x17, 0xE4, 0x17, 0xE4, 0x17, 0xE4, 0x17, 0xE4, 0x17, 0xE4,
    0x17, 0xE4, 0x17, 0xE4, 0x17, 0xE4, 0x17, 0xE4, 0x17, 0xE4, 0x17, 0xE4, 0x17, 0xE4, 0x17, 0xE4,
    0x17, 0xE4, 0x17, 0xE4, 0x17, 0xE4, 0x17, 0xE4, 0x17, 0xE4, 0x17, 0xE4, 0x17, 0xE4, 0x17, 0xE4,
    0x17, 0xE4, 0x17, 0xE4, 0x17, 0xE4, 0x17, 0xE4, 0x17, 0xE4, 0x17, 0xE4, 0x17, 0xE3, 0x17, 0xE3,
    0x27, 0xE7, 0xAF, 0x55, 0xFF, 0x9C, 0xF7, 0x1B, 0xB5, 0x34, 0x8D, 0xB0, 0x4F, 0xCB, 0x1F, 0xE5,
    0x17, 0xE4, 0x17, 0xE4, 0x17, 0xE4, 0x17, 0xE4, 0x17, 0xE4, 0x1F, 0xE4, 0x37, 0xE6, 0x5E, 0x6B,
    0x94, 0xEE, 0xA6, 0x92, 0x48, 0xB2, 0x29, 0xB1, 0xC8, 0xB1, 0xC8, 0xB9, 0xC9, 0xB1, 0xC8, 0x99,
    0xA8, 0xA9, 0xE9, 0xA9, 0xA8, 0xB1, 0xC9, 0xBA, 0x4A, 0xC2, 0x2A, 0xCA, 0x2A, 0xD2, 0x2A, 0xCA,
    0x0A, 0xA9, 0x67, 0xA2, 0x6A, 0xD4, 0xF3, 0xAC, 0x10, 0x7A, 0x02, 0x69, 0xFF, 0x86, 0x71, 0x45,
    0x71, 0x66, 0x8A, 0xEB, 0xD5, 0xF6, 0xFF, 0x7C, 0xFF, 0x7D, 0xD6, 0x78, 0x6F, 0x0D, 0x27, 0xE6,
    0x17, 0xE4, 0x1F, 0xE4, 0x17, 0xE4, 0x17, 0xE4, 0x17, 0xE4, 0x17, 0xE4, 0x17, 0xE4, 0x17, 0xE3,
    0x17, 0xE4, 0x17, 0xE4, 0x1F, 0xE4, 0x17, 0xE4, 0x17, 0xE5, 0x1F, 0xE5, 0x1F, 0xE4, 0x27, 0xE5,
    0x1F, 0xE4, 0x17, 0xE4, 0x17, 0xE4, 0x17, 0xE4, 0x17, 0xE4, 0x17, 0xE4, 0x17, 0xE4, 0x17, 0xE4,
    0x17, 0xE4, 0x17, 0xE4, 0x17, 0xE4, 0x17, 0xE4, 0x17, 0xE4, 0x17, 0xE4, 0x17, 0xE4, 0x17, 0xE4,
    0x17, 0xE4, 0x17, 0xE4, 0x17, 0xE4, 0x17, 0xE4, 0x17, 0xE4, 0x17, 0xE4, 0x17, 0xE4, 0x17, 0xE4,
    0x17, 0xE4, 0x17, 0xE4, 0x17, 0xE4, 0x17, 0xE4, 0x17, 0xE4, 0x17, 0xE4, 0x17, 0xE4, 0x17, 0xE4,
    0x17, 0xE4, 0x17, 0xE4, 0x17, 0xE4, 0x17, 0xE4, 0x17, 0xE4, 0x17, 0xE4, 0x17, 0xFF, 0xE4, 0x17,
    0xE4, 0x17, 0xE4, 0x17, 0xE4, 0x17, 0xE4, 0x17, 0xE4, 0x17, 0xE4, 0x17, 0xE4, 0x17, 0xE3, 0x17,
    0xE3, 0x17, 0xE3, 0x17, 0xE4, 0x17, 0xE4, 0x17, 0xE4, 0x17, 0xE4, 0x17, 0xE4, 0x17, 0xE4, 0x17,
    0xE4, 0x17, 0xE4, 0x17, 0xE4, 0x17, 0xE4, 0x17, 0xE4, 0x17, 0xE4, 0x17, 0xE4, 0x17, 0xE4, 0x17,
    0xE4, 0x17, 0xE4, 0x17, 0xE4, 0x17, 0xE4, 0x17, 0xE4, 0x17, 0xE4, 0x17, 0xE4, 0x1F, 0xE4, 0x2F,
    0x26, 0xA6, 0x53, 0xFF, 0x7D, 0xDE, 0x58, 0xC5, 0x95, 0xCE, 0x98, 0x76, 0x6F, 0x3F, 0xE9, 0x1F,
    0xE5, 0x17, 0xE3, 0x17, 0xE3, 0x17, 0xE3, 0x17, 0xE4, 0x2F, 0xE8, 0x5E, 0x8C, 0xAD, 0xF3, 0x9B,
    0x2C, 0x81, 0xA7, 0x91, 0xC7, 0x99, 0xA7, 0xA1, 0x87, 0xA9, 0x67, 0xA1, 0x87, 0xA2, 0x09, 0xAA,
    0x2A, 0xA1, 0x87, 0xA9, 0x47, 0xA9, 0x87, 0xB1, 0xC9, 0xBA, 0x09, 0xCA, 0x2A, 0xB9, 0xFF, 0xE9,
    0xA1, 0x67, 0xB2, 0xAB, 0xFE, 0xFB, 0xFF, 0xBE, 0xCD, 0xD6, 0x72, 0x69, 0x71, 0x87, 0x79, 0xC9,
    0xC4, 0xF4, 0xBD, 0x34, 0xE6, 0xBA, 0xF7, 0x3C, 0xB5, 0x55, 0x6E, 0x2D, 0x37, 0xE8, 0x17, 0xE5,
    0x17, 0xE4, 0x17, 0xE4, 0x17, 0xE4, 0x17, 0xE4, 0x17, 0xE4, 0x17, 0xE4, 0x17, 0xE3, 0x17, 0xE3,
    0x17, 0xE4, 0x17, 0xE4, 0x17, 0xE4, 0x17, 0xE4, 0x17, 0xE4, 0x17, 0xE4, 0x17, 0xE4, 0x17, 0xE4,
    0x17, 0xE4, 0x17, 0xE4, 0x17, 0xE4, 0x17, 0xE4, 0x17, 0xE4, 0x17, 0xE4, 0x17, 0xE4, 0x17, 0xE4,
    0x17, 0xE4, 0x17, 0xE4, 0x17, 0xE4, 0x17, 0xE4, 0x17, 0xE4, 0x17, 0xE4, 0x17, 0xE4, 0x17, 0xE4,
    0x17, 0xE4, 0x17, 0xE4, 0x17, 0xE4, 0x17, 0xE4, 0x17, 0xE4, 0x17, 0xE4, 0x17, 0xE4, 0x17, 0xE4,
    0x17, 0xE4, 0x17, 0xE4, 0x17, 0xE4, 0x17, 0xE4, 0x17, 0xE4, 0x17, 0xE4, 0x17, 0xE4, 0x17, 0xFF,
    0xE4, 0x17, 0xE4, 0x17, 0xE4, 0x17, 0xE4, 0x17, 0xE4, 0x17, 0xE4, 0x17, 0xE4, 0x17, 0xE4, 0x17,
    0xE4, 0x17, 0xE4, 0x17, 0xE4, 0x17, 0xE4, 0x17, 0xE4, 0x17, 0xE3, 0x17, 0xE3, 0x17, 0xE3, 0x17,
    0xE3, 0x17, 0xE3, 0x17, 0xE3, 0x17, 0xE4, 0x17, 0xE4, 0x17, 0xE4, 0x17, 0xE4, 0x17, 0xE4, 0x17,
    0xE4, 0x17, 0xE4, 0x17, 0xE4, 0x17, 0xE4, 0x17, 0xE4, 0x17, 0xE4, 0x17, 0xE4, 0x17, 0xE4, 0x17,
    0xE4, 0x17, 0xE4, 0x17, 0xE4, 0x17, 0xE4, 0x17, 0xE4, 0x17, 0xE3, 0x1F, 0xE5, 0x46, 0xE8, 0x9D,
    0xD2, 0xC5, 0xD7, 0xCE, 0x17, 0xF7, 0x7D, 0xE7, 0x3B, 0x85, 0x11, 0x6E, 0x6F, 0x4F, 0xEA, 0x1F,
    0xE4, 0x17, 0xE3, 0x1F, 0xE5, 0x2F, 0xE7, 0x57, 0x0C, 0xB6, 0x95, 0xAC, 0xD1, 0x72, 0x08, 0x69,
    0x25, 0x69, 0x24, 0xB2, 0xCB, 0xBA, 0x4A, 0xB9, 0xC9, 0xB2, 0x09, 0xE4, 0xB3, 0xC3, 0xCF, 0xAA,
    0xFF, 0x09, 0xB1, 0x87, 0xA1, 0x67, 0xAA, 0x09, 0x99, 0xC8, 0xA1, 0xE8, 0x99, 0xC8, 0x99, 0x87,
    0xB2, 0xCC, 0xFE, 0xBA, 0xFF, 0x9D, 0xFF, 0xDE, 0xBD, 0x13, 0x71, 0xE8, 0x8A, 0xAC, 0xF6, 0x9A,
    0xE6, 0x9A, 0xC5, 0xD7, 0xCD, 0xF7, 0xB5, 0x55, 0x85, 0xB1, 0x47, 0xEA, 0x1F, 0xE6, 0x17, 0xE4,
    0x17, 0xE4, 0x17, 0xE4, 0x17, 0xE4, 0x17, 0xE4, 0x17, 0xE4, 0x17, 0xE4, 0x17, 0xE4, 0x17, 0xE4,
    0x17, 0xE4, 0x17, 0xE4, 0x17, 0xE4, 0x17, 0xE4, 0x17, 0xE4, 0x17, 0xE4, 0x17, 0xE4, 0x17, 0xE4,
    0x17, 0xE4, 0x17, 0xE4, 0x17, 0xE4, 0x17, 0xE4, 0x17, 0xE4, 0x17, 0xE4, 0x17, 0xE4, 0x17, 0xE4,
    0x17, 0xE4, 0x17, 0xE4, 0x17, 0xE4, 0x17, 0xE4, 0x17, 0xE4, 0x17, 0xE4, 0x17, 0xE4, 0x17, 0xE4,
    0x17, 0xE4, 0x17, 0xE4, 0x17, 0xE4, 0x17, 0xE4, 0x17, 0xE4, 0x17, 0xE4, 0x17, 0xE4, 0x17, 0xE4,
    0x17, 0xFF, 0xE4, 0x17, 0xE4, 0x17, 0xE4, 0x17, 0xE4, 0x17, 0xE4, 0x17, 0xE4, 0x17, 0xE4, 0x17,
    0xE4, 0x17, 0xE4, 0x17, 0xE4, 0x17, 0xE4, 0x17, 0xE4, 0x17, 0xE4, 0x17, 0xE4, 0x17, 0xE4, 0x17,
    0xE4, 0x17, 0xE4, 0x17, 0xE4, 0x17, 0xE4, 0x17, 0xE3, 0x17, 0xE3, 0x17, 0xE3, 0x17, 0xE3, 0x17,
    0xE3, 0x17, 0xE3, 0x17, 0xE4, 0x17, 0xE4, 0x17, 0xE4, 0x17, 0xE4, 0x17, 0xE4, 0x17, 0xE4, 0x17,
    0xE4, 0x17, 0xE4, 0x17, 0xE4, 0x17, 0xE4, 0x17, 0xE4, 0x17, 0xE4, 0x17, 0xE4, 0x17, 0xE4, 0x17,
    0xE4, 0x17, 0xE4, 0x17, 0xE4, 0x17, 0xE4, 0x17, 0xE3, 0x17, 0xE4, 0x57, 0xAB, 0xCF, 0x59, 0xEF,
    0x1C, 0xF7, 0x9D, 0xFF, 0xFE, 0xF7, 0x9D, 0xE7, 0x1C, 0xB6, 0x56, 0x76, 0x8E, 0x3F, 0xE9, 0x1F,
    0xE6, 0x37, 0xE8, 0x57, 0x0C, 0xBF, 0x98, 0xE6, 0xDA, 0x93, 0x6D, 0x71, 0xC7, 0x61, 0x24, 0x71,
    0x05, 0xB2, 0xFF, 0x2A, 0xCA, 0x0B, 0xC1, 0xEA, 0xC3, 0x2E, 0xED, 0x76, 0xBB, 0x6E, 0xB2, 0x2A,
    0xC9, 0xE9, 0xBA, 0x0A, 0xF4, 0xD4, 0xAB, 0x2D, 0x60, 0xE4, 0x79, 0x45, 0x91, 0x87, 0xB2, 0xEC,
    0xF6, 0x79, 0xFF, 0xBD, 0xFF, 0xDE, 0xEE, 0xDA, 0x9B, 0xEF, 0xCD, 0x55, 0xFF, 0x3C, 0xFF, 0xBE,
    0xFF, 0x9E, 0xE6, 0xFB, 0xE6, 0xDB, 0xB6, 0xB7, 0x4F, 0x8B, 0x1F, 0xE6, 0x17, 0xE4, 0x17, 0xE4,
    0x17, 0xE4, 0x17, 0xE4, 0x17, 0xE4, 0x17, 0xE4, 0x17, 0xE4, 0x17, 0xE4, 0x17, 0xE4, 0x17, 0xE4,
    0x17, 0xE4, 0x17, 0xE4, 0x17, 0xE4, 0x17, 0xE4, 0x17, 0xE4, 0x17, 0xE4, 0x17, 0xE4, 0x17, 0xE4,
    0x17, 0xE4, 0x17, 0xE4, 0x17, 0xE4, 0x17, 0xE4, 0x17, 0xE4, 0x17, 0xE4, 0x17, 0xE4, 0x17, 0xE4,
    0x17, 0xE4, 0x17, 0xE4, 0x17, 0xE4, 0x17, 0xE4, 0x17, 0xE4, 0x17, 0xE4, 0x17, 0xE4, 0x17, 0xE4,
    0x17, 0xE4, 0x17, 0xFF, 0xE4, 0x17, 0xE4, 0x17, 0xE4, 0x17, 0xE4, 0x17, 0xE4, 0x17, 0xE4, 0x17,
    0xE4, 0x17, 0xE4, 0x17, 0xE4, 0x17, 0xE4, 0x17, 0xE4, 0x17, 0xE4, 0x17, 0xE4, 0x17, 0xE4, 0x17,
    0xE4, 0x17, 0xE4, 0x17, 0xE4, 0x17, 0xE4, 0x17, 0xE4, 0x17, 0xE4, 0x17, 0xE4, 0x17, 0xE4, 0x17,
    0xE4, 0x17, 0xE4, 0x17, 0xE4, 0x17, 0xE3, 0x17, 0xE3, 0x17, 0xE3, 0x17, 0xE3, 0x17, 0xE3, 0x17,
    0xE3, 0x17, 0xE4, 0x17, 0xE4, 0x17, 0xE4, 0x17, 0xE4, 0x17, 0xE4, 0x17, 0xE4, 0x17, 0xE4, 0x17,
    0xE4, 0x17, 0xE4, 0x17, 0xE4, 0x17, 0xE4, 0x17, 0xE4, 0x17, 0xE4, 0x17, 0xE3, 0x17, 0xE3, 0x17,
    0xE3, 0x17, 0xE3, 0x17, 0xE3, 0x17, 0xE3, 0x17, 0xE4, 0x47, 0xAA, 0xDF, 0xFB, 0xFF, 0xDF, 0xFF,
    0xDF, 0xF7, 0xBE, 0xE7, 0x1C, 0xFF, 0xBF, 0xFF, 0xDF, 0xB6, 0xB5, 0x67, 0x2E, 0x47, 0xCA, 0x5E,
    0xCC, 0xBF, 0x78, 0xFF, 0x9C, 0xFF, 0xDE, 0x39, 0x7A, 0x6A, 0x71, 0xA7, 0x69, 0x04, 0x99, 0xA8,
    0xC2, 0x0B, 0xD2, 0x0B, 0xB1, 0xCA, 0x89, 0xE9, 0x92, 0xED, 0xA2, 0x6B, 0xCA, 0x2B, 0xD2, 0x0A,
    0xB9, 0xE9, 0x02, 0xF4, 0x9B, 0x9B, 0x4D, 0x40, 0xE3, 0x71, 0x66, 0x99, 0xA8, 0xB3, 0x0D, 0xF6,
    0x99, 0xFF, 0xDD, 0xFF, 0xDE, 0xEF, 0x5B, 0xEE, 0xDA, 0xFF, 0x5D, 0xE7, 0x1B, 0xFF, 0xBE, 0xFF,
    0xDF, 0x04, 0xFF, 0xFF, 0xBE, 0xB7, 0x4F, 0x2C, 0x27, 0xE6, 0x17, 0xE4, 0x17, 0xE4, 0x17, 0xE4,
    0x17, 0xE4, 0x17, 0xE4, 0x17, 0xE4, 0x17, 0xE4, 0x17, 0xE4, 0x17, 0xE4, 0x17, 0xE4, 0x17, 0xE4,
    0x17, 0xE4, 0x17, 0xE4, 0x17, 0xE4, 0x17, 0xE4, 0x17, 0xE4, 0x17, 0xE4, 0x17, 0xE4, 0x17, 0xE4,
    0x17, 0xE4, 0x17, 0xE4, 0x17, 0xE4, 0x17, 0xE4, 0x17, 0xE4, 0x17, 0xE4, 0x17, 0xE4, 0x17, 0xE4,
    0x17, 0xE4, 0x17, 0xE4, 0x17, 0xE4, 0x17, 0xE4, 0x17, 0xE4, 0x17, 0xE4, 0x17, 0xE4, 0x17, 0xE4,
    0x17, 0xE4, 0x17, 0xE4, 0x17, 0xE4, 0x17, 0xE4, 0x17, 0xE4, 0x17, 0xE4, 0x17, 0xE4, 0x17, 0xE4,
    0x17, 0xE4, 0x17, 0xE4, 0x17, 0xE4, 0x17, 0xE4, 0x17, 0xE4, 0x17, 0xE4, 0x17, 0xE4, 0x17, 0xE4,
    0x17, 0xE4, 0x17, 0xE4, 0x17, 0xE4, 0x17, 0xE4, 0x17, 0xE4, 0x17, 0xE4, 0x17, 0xE4, 0x17, 0xE4,
    0x17, 0xE4, 0x17, 0xE3, 0xBF, 0x17, 0xE3, 0x17, 0xE3, 0x17, 0xE3, 0x17, 0xE3, 0x17, 0xE3, 0x17,
    0xE4, 0x17, 0xE4, 0x17, 0xE4, 0x17, 0xE4, 0x17, 0xE4, 0x17, 0xE4, 0x17, 0xE4, 0x17, 0xE4, 0x17,
    0xE4, 0x17, 0xE3, 0x17, 0xE4, 0x17, 0xE3, 0x17, 0xE3, 0x17, 0xE3, 0x17, 0xE3, 0x17, 0xE3, 0x17,
    0xE3, 0x17, 0xE4, 0x17, 0xE3, 0x17, 0xE3, 0x37, 0x28, 0xA6, 0x34, 0xDE, 0x9A, 0xEF, 0x3D, 0xE7,
    0x1C, 0xEF, 0x7D, 0xFF, 0xDF, 0x02, 0xFF, 0x88, 0xD7, 0x1A, 0x75, 0xAF, 0x7E, 0x6F, 0xC7, 0x78,
    0xF7, 0x03, 0xFF, 0xAC, 0xCD, 0x96, 0x72, 0x08, 0x71, 0x25, 0x81, 0x66, 0xB2, 0x4B, 0xCA, 0x0B,
    0xD1, 0xEB, 0x91, 0x27, 0x48, 0x64, 0x51, 0x27, 0xA2, 0x2B, 0xD2, 0x2B, 0xDA, 0x0B, 0xB1, 0xA8,
    0x91, 0xE8, 0x6A, 0x08, 0x51, 0x66, 0x79, 0xC8, 0x99, 0xC8, 0xAA, 0xEC, 0xFE, 0xBA, 0xFF, 0xFE,
    0xFF, 0x02, 0xDE, 0xFF, 0x98, 0xFF, 0x9D, 0xFF, 0xDE, 0xE7, 0x1C, 0xDE, 0xDA, 0xEF, 0x5C, 0xF7,
    0x7D, 0xFF, 0xDF, 0xB6, 0x56, 0x6E, 0x8E, 0x37, 0xE9, 0x17, 0xE5, 0x17, 0xE4, 0x17, 0xE4, 0x17,
    0xE4, 0x17, 0xE4, 0x17, 0xE4, 0x17, 0xE4, 0x17, 0xE4, 0x17, 0xE4, 0x17, 0xE4, 0x17, 0xE4, 0x17,
    0xE4, 0x17, 0xE4, 0x17, 0xE4, 0x17, 0xE4, 0x17, 0xE4, 0x17, 0xE4, 0x17, 0xE4, 0x17, 0xE4, 0x17,
    0xE4, 0x17, 0xE4, 0x17, 0xE4, 0x17, 0xE4, 0x17, 0xE4, 0x17, 0xE4, 0x17, 0xE4, 0x17, 0xE4, 0x17,
    0xE4, 0x17, 0xE4, 0x17, 0xE4, 0x17, 0xE4, 0x17, 0xE4, 0x17, 0xE4, 0x17, 0xE4, 0x17, 0xE4, 0x17,
    0xE4, 0x17, 0xE4, 0x17, 0xE4, 0x17, 0xE4, 0x17, 0xE4, 0x17, 0xE4, 0x17, 0xE4, 0x17, 0xE4, 0x17,
    0xE4, 0x17, 0xE4, 0x17, 0xE4, 0x17, 0xE4, 0x17, 0xE4, 0x17, 0xE4, 0x17, 0xE4, 0x17, 0xE4, 0x17,
    0xE4, 0x17, 0xE4, 0x17, 0xCA, 0xE4, 0x17, 0xE4, 0x17, 0xE4, 0x17, 0xE4, 0x17, 0xE4, 0x17, 0xE4,
    0x17, 0xE4, 0x17, 0xE3, 0x17, 0xE3, 0x17, 0xE3, 0x17, 0xE3, 0x17, 0xE4, 0x17, 0xE4, 0x17, 0xE4,
    0x17, 0xE4, 0x17, 0xE4, 0x17, 0xE4, 0x17, 0xE4, 0x17, 0xE4, 0x17, 0xE4, 0x17, 0xE4, 0x17, 0xE3,
    0x17, 0xE4, 0x17, 0xE3, 0x17, 0xE3, 0x17, 0xE3, 0x17, 0xE3, 0x17, 0xE3, 0x17, 0xE3, 0x17, 0xE3,
    0x17, 0xE4, 0x17, 0xE3, 0x17, 0xE4, 0x3F, 0x29, 0xAE, 0x35, 0xC5, 0xD7, 0xC6, 0x38, 0xEF, 0x5D,
    0x03, 0xFF, 0x80, 0xDF, 0x02, 0xFF, 0x89, 0xDF, 0x1B, 0xA5, 0x94, 0xC6, 0x77, 0xFF, 0xDE, 0xFF,
    0xDF, 0x02, 0xFF, 0xB1, 0xBC, 0xF4, 0x69, 0x66, 0x71, 0x05, 0xA1, 0xE9, 0xC2, 0x2B, 0xCA, 0x0B,
    0xC1, 0xCA, 0x78, 0xC6, 0x51, 0x07, 0x59, 0x68, 0xAA, 0x0B, 0xD2, 0x0B, 0xD2, 0x0A, 0xB9, 0xE9,
    0x60, 0x62, 0x51, 0x25, 0x51, 0xA8, 0x79, 0xE9, 0x91, 0xC8, 0xA2, 0x8B, 0xFE, 0x9A, 0xFF, 0xFE,
    0xFF, 0xDE, 0xCE, 0x58, 0xFF, 0x9D, 0x03, 0xFF, 0xFF, 0xDF, 0xE7, 0x3C, 0xCE, 0x59, 0xC6, 0x38,
    0xE7, 0x1B, 0xEF, 0x7C, 0x9E, 0x53, 0x4F, 0xAC, 0x1F, 0xE6, 0x17, 0xE4, 0x17, 0xE4, 0x17, 0xE4,
    0x17, 0xE4, 0x17, 0xE4, 0x17, 0xE4, 0x17, 0xE4, 0x17, 0xE4, 0x17, 0xE4, 0x17, 0xE4, 0x17, 0xE4,
    0x17, 0xE4, 0x17, 0xE4, 0x17, 0xE4, 0x17, 0xE4, 0x17, 0xE4, 0x17, 0xE4, 0x17, 0xE4, 0x17, 0xE4,
    0x17, 0xE4, 0x17, 0xE4, 0x17, 0xE4, 0x17, 0xE4, 0x17, 0xE4, 0x17, 0xE4, 0x17, 0xE4, 0x17, 0xE4,
    0x17, 0xE4, 0x17, 0xE4, 0x17, 0xE4, 0x17, 0xE4, 0x17, 0xE4, 0x17, 0xE4, 0x17, 0xE4, 0x17, 0xE4,
    0x17, 0xE4, 0x17, 0xE4, 0x17, 0xE4, 0x17, 0xE4, 0x17, 0xE4, 0x17, 0xE4, 0x17, 0xE4, 0x17, 0xE4,
    0x17, 0xE4, 0x17, 0xE4, 0x17, 0xE4, 0x17, 0xE4, 0x17, 0xE4, 0x17, 0xE4, 0x17, 0xE4, 0x17, 0xE4,
    0x17, 0xE4, 0x17, 0xE4, 0x17, 0xE4, 0x17, 0xE4, 0x17, 0xC4, 0xE4, 0x17, 0xE4, 0x17, 0xE4, 0x17,
    0xE4, 0x17, 0xE4, 0x17, 0xE4, 0x17, 0xE4, 0x17, 0xE4, 0x17, 0xE4, 0x17, 0xE4, 0x17, 0xE4, 0x17,
    0xE4, 0x17, 0xE4, 0x17, 0xE4, 0x17, 0xE4, 0x17, 0xE4, 0x17, 0xE4, 0x17, 0xE4, 0x17, 0xE4, 0x17,
    0xE3, 0x17, 0xE3, 0x17, 0xE3, 0x17, 0xE3, 0x17, 0xE3, 0x17, 0xE3, 0x17, 0xE3, 0x17, 0xE3, 0x17,
    0xE3, 0x17, 0xE4, 0x0F, 0xE4, 0x57, 0x4C, 0xEF, 0xDD, 0xFF, 0x9E, 0xF7, 0x9E, 0xFF, 0xDF, 0x06,
    0xFF, 0x87, 0xE7, 0x3C, 0xDE, 0xBB, 0xD6, 0x9A, 0xF7, 0x7D, 0x03, 0xFF, 0xAA, 0xDF, 0x9B, 0xD0,
    0x61, 0x05, 0x89, 0x66, 0xBA, 0x2A, 0xCA, 0x2A, 0xD2, 0x2A, 0xB1, 0xA9, 0x60, 0xC5, 0x49, 0x68,
    0x61, 0x89, 0xB2, 0x2B, 0xD2, 0x0A, 0xD2, 0x0A, 0xC2, 0x2A, 0x79, 0x06, 0x49, 0x26, 0x49, 0xA9,
    0x71, 0xE9, 0x99, 0xC9, 0xA2, 0x4B, 0xF6, 0x59, 0x02, 0xFF, 0x85, 0xF7, 0xBE, 0xC5, 0xF7, 0xFF,
    0x9E, 0x07, 0xFF, 0x82, 0xDF, 0xFF, 0xDE, 0x04, 0xFF, 0xFF, 0xD6, 0xDA, 0x6E, 0xEE, 0x27, 0xE6,
    0x17, 0xE4, 0x17, 0xE4, 0x17, 0xE4, 0x17, 0xE4, 0x17, 0xE4, 0x17, 0xE4, 0x17, 0xE4, 0x17, 0xE4,
    0x17, 0xE4, 0x17, 0xE4, 0x17, 0xE4, 0x17, 0xE4, 0x17, 0xE4, 0x17, 0xE4, 0x17, 0xE4, 0x17, 0xE4,
    0x17, 0xE4, 0x17, 0xE4, 0x17, 0xE4, 0x17, 0xE4, 0x17, 0xE4, 0x17, 0xE4, 0x17, 0xE4, 0x17, 0xE4,
    0x17, 0xE4, 0x17, 0xE4, 0x17, 0xE4, 0x17, 0xE4, 0x17, 0xE4, 0x17, 0xE4, 0x17, 0xE4, 0x17, 0xE4,
    0x17, 0xE4, 0x17, 0xE4, 0x17, 0xE4, 0x17, 0xE4, 0x17, 0xE4, 0x17, 0xE4, 0x17, 0xE4, 0x17, 0xE4,
    0x17, 0xE4, 0x17, 0xE4, 0x17, 0xE4, 0x17, 0xE4, 0x17, 0xE4, 0x17, 0xE4, 0x17, 0xE4, 0x17, 0xE4,
    0x17, 0xE4, 0x17, 0xE4, 0x17, 0xE4, 0x17, 0xE4, 0x17, 0xE4, 0x17, 0xE4, 0x17, 0xE4, 0x17, 0xE4,
    0x17, 0xE4, 0x17, 0xE4, 0x17, 0xE4, 0x17, 0xE4, 0x17, 0xE4, 0xB5, 0x17, 0xE4, 0x17, 0xE4, 0x17,
    0xE4, 0x17, 0xE4, 0x17, 0xE4, 0x17, 0xE4, 0x17, 0xE4, 0x17, 0xE4, 0x17, 0xE4, 0x17, 0xE4, 0x17,
    0xE4, 0x17, 0xE4, 0x17, 0xE4, 0x17, 0xE3, 0x17, 0xE3, 0x17, 0xE3, 0x17, 0xE3, 0x17, 0xE3, 0x17,
    0xE3, 0x17, 0xE3, 0x17, 0xE3, 0x17, 0xE4, 0x17, 0xE3, 0x0F, 0xE4, 0x5F, 0x8E, 0xEF, 0xFE, 0xFF,
    0xDF, 0x0A, 0xFF, 0x87, 0xEF, 0x5D, 0xDE, 0xDB, 0xE7, 0x1C, 0xDE, 0xBB, 0x02, 0xFF, 0xAB, 0xF7,
    0x5D, 0x7A, 0x8B, 0x61, 0x05, 0xA1, 0xC9, 0xC2, 0x4B, 0xCA, 0x2B, 0xCA, 0x2B, 0xA1, 0x68, 0x58,
    0xE5, 0x49, 0x88, 0x61, 0xA9, 0xB2, 0x4B, 0xD2, 0x0A, 0xD1, 0xEA, 0xCA, 0x2A, 0x81, 0x26, 0x49,
    0x27, 0x49, 0xA9, 0x71, 0xCA, 0x99, 0xEA, 0xA2, 0x2A, 0xF6, 0x39, 0x02, 0xFF, 0x85, 0xDE, 0xFB,
    0xC5, 0xD7, 0xEF, 0x5D, 0x0E, 0xFF, 0xFF, 0xDF, 0x1C, 0x76, 0xCF, 0x27, 0xE7, 0x17, 0xE4, 0x17,
    0xE4, 0x17, 0xE4, 0x17, 0xE4, 0x17, 0xE4, 0x17, 0xE4, 0x17, 0xE4, 0x17, 0xE4, 0x17, 0xE4, 0x17,
    0xE4, 0x17, 0xE4, 0x17, 0xE4, 0x17, 0xE4, 0x17, 0xE4, 0x17, 0xE4, 0x17, 0xE4, 0x17, 0xE4, 0x17,
    0xE4, 0x17, 0xE4, 0x17, 0xE4, 0x17, 0xE4, 0x17, 0xE4, 0x17, 0xE4, 0x17, 0xE4, 0x17, 0xE4, 0x17,
    0xE4, 0x17, 0xE4, 0x17, 0xE4, 0x17, 0xE4, 0x17, 0xE4, 0x17, 0xE4, 0x17, 0xE4, 0x17, 0xE4, 0x17,
    0xE4, 0x17, 0xE4, 0x17, 0xE4, 0x17, 0xE4, 0x17, 0xE4, 0x17, 0xE4, 0x17, 0xE4, 0x17, 0xE4, 0x17,
    0xE4, 0x17, 0xE4, 0x17, 0xE4, 0x17, 0xE4, 0x17, 0xE4, 0x17, 0xE4, 0x17, 0xE4, 0x17, 0xE4, 0x17,
    0xE4, 0x17, 0xE4, 0x17, 0xE4, 0x17, 0xE4, 0x17, 0xE4, 0x17, 0xE4, 0x17, 0xE4, 0x17, 0xE4, 0x17,
    0xE4, 0x17, 0xE4, 0x17, 0xE4, 0x17, 0xE4, 0xB7, 0x17, 0xE4, 0x17, 0xE4, 0x17, 0xE4, 0x17, 0xE4,
    0x17, 0xE4, 0x17, 0xE4, 0x17, 0xE4, 0x17, 0xE4, 0x17, 0xE4, 0x17, 0xE4, 0x17, 0xE4, 0x17, 0xE4,
    0x17, 0xE4, 0x17, 0xE3, 0x17, 0xE3, 0x17, 0xE3, 0x17, 0xE3, 0x17, 0xE3, 0x17, 0xE4, 0x17, 0xE3,
    0x17, 0xE3, 0x17, 0xE3, 0x17, 0xE3, 0x0F, 0xE3, 0x47, 0xCB, 0xDF, 0xFC, 0xFF, 0xDF, 0xFF, 0xDF,
    0x08, 0xFF, 0xC1, 0xEF, 0x7E, 0xDE, 0xDB, 0xEF, 0x1C, 0xC5, 0xF7, 0xFF, 0xDF, 0xE6, 0xBB, 0x61,
    0xC8, 0x69, 0x26, 0xAA, 0x4B, 0xC2, 0x6B, 0xC2, 0x4B, 0xC2, 0x4B, 0x91, 0x27, 0x50, 0xE5, 0x41,
    0x88, 0x61, 0xC9, 0xB2, 0x4C, 0xD1, 0xEB, 0xD1, 0xEA, 0xCA, 0x2B, 0x91, 0x88, 0x51, 0x27, 0x49,
    0x89, 0x61, 0x89, 0x99, 0xEA, 0x9A, 0x2A, 0xF5, 0xF8, 0xF7, 0x3C, 0xCE, 0x18, 0xE6, 0xDB, 0xEF,
    0x3C, 0xFF, 0xDF, 0xFF, 0xDF, 0x0A, 0xFF, 0xFF, 0xDF, 0x1C, 0x6E, 0xCE, 0x27, 0xE7, 0x17, 0xE4,
    0x17, 0xE4, 0x17, 0xE4, 0x17, 0xE4, 0x17, 0xE4, 0x17, 0xE4, 0x17, 0xE4, 0x17, 0xE4, 0x17, 0xE4,
    0x17, 0xE4, 0x17, 0xE4, 0x17, 0xE4, 0x17, 0xE4, 0x17, 0xE4, 0x17, 0xE4, 0x17, 0xE4, 0x17, 0xE4,
    0x17, 0xE4, 0x17, 0xE4, 0x17, 0xE4, 0x17, 0xE4, 0x17, 0xE4, 0x17, 0xE4, 0x17, 0xE4, 0x17, 0xE4,
    0x17, 0xE4, 0x17, 0xE4, 0x17, 0xE4, 0x17, 0xE4, 0x17, 0xE4, 0x17, 0xE4, 0x17, 0xE4, 0x17, 0xE4,
    0x17, 0xE4, 0x17, 0xE4, 0x17, 0xE4, 0x17, 0xE4, 0x17, 0xE4, 0x17, 0xE4, 0x17, 0xE4, 0x17, 0xE4,
    0x17, 0xE4, 0x17, 0xE4, 0x17, 0xE4, 0x17, 0xE4, 0x17, 0xE4, 0x17, 0xE4, 0x17, 0xE4, 0x17, 0xE4,
    0x17, 0xE4, 0x17, 0xE4, 0x17, 0xE4, 0x17, 0xE4, 0x17, 0xE4, 0x17, 0xE4, 0x17, 0xE4, 0x17, 0xE4,
    0x17, 0xE4, 0x17, 0xE4, 0x17, 0xE4, 0x17, 0xE4, 0xB5, 0x17, 0xE4, 0x17, 0xE4, 0x17, 0xE4, 0x17,
    0xE3, 0x17, 0xE4, 0x17, 0xE4, 0x17, 0xE4, 0x17, 0xE4, 0x17, 0xE4, 0x17, 0xE4, 0x17, 0xE3, 0x17,
    0xE3, 0x17, 0xE3, 0x17, 0xE3, 0x17, 0xE3, 0x17, 0xE3, 0x17, 0xE3, 0x17, 0xE3, 0x17, 0xE3, 0x17,
    0xE3, 0x17, 0xE3, 0x17, 0xE3, 0x17, 0xE3, 0x17, 0xE3, 0x27, 0xE6, 0x97, 0xF4, 0xF7, 0xFE, 0x0A,
    0xFF, 0xC1, 0xF7, 0xBE, 0xDE, 0xFB, 0xEF, 0x1C, 0xBD, 0x96, 0xFF, 0xBF, 0xDE, 0x39, 0x51, 0x67,
    0x61, 0x47, 0x7A, 0x09, 0x82, 0x09, 0x81, 0xC9, 0x81, 0xC9, 0x61, 0x06, 0x49, 0x07, 0x41, 0x88,
    0x61, 0xCA, 0xB2, 0x6D, 0xCA, 0x2C, 0xC2, 0x2B, 0xC2, 0x6C, 0x99, 0xEB, 0x51, 0x07, 0x49, 0xA9,
    0x59, 0x68, 0x89, 0xC9, 0xA2, 0x6B, 0xED, 0x77, 0xE6, 0x39, 0xDE, 0x79, 0xF7, 0x7D, 0xEF, 0x1C,
    0xFF, 0xDF, 0xFF, 0xDF, 0x0A, 0xFF, 0xFF, 0xC6, 0xB9, 0x57, 0x0C, 0x1F, 0xE6, 0x17, 0xE4, 0x17,
    0xE4, 0x17, 0xE4, 0x17, 0xE4, 0x17, 0xE4, 0x17, 0xE4, 0x17, 0xE4, 0x17, 0xE4, 0x17, 0xE4, 0x17,
    0xE4, 0x17, 0xE4, 0x17, 0xE4, 0x17, 0xE4, 0x17, 0xE4, 0x17, 0xE4, 0x17, 0xE4, 0x17, 0xE4, 0x17,
    0xE4, 0x17, 0xE4, 0x17, 0xE4, 0x17, 0xE4, 0x17, 0xE4, 0x17, 0xE4, 0x17, 0xE4, 0x17, 0xE4, 0x17,
    0xE4, 0x17, 0xE4, 0x17, 0xE4, 0x17, 0xE4, 0x17, 0xE4, 0x17, 0xE4, 0x17, 0xE4, 0x17, 0xE4, 0x17,
    0xE4, 0x17, 0xE4, 0x17, 0xE4, 0x17, 0xE4, 0x17, 0xE4, 0x17, 0xE4, 0x17, 0xE4, 0x17, 0xE4, 0x17,
    0xE4, 0x17, 0xE4, 0x17, 0xE4, 0x17, 0xE4, 0x17, 0xE4, 0x17, 0xE4, 0x17, 0xE4, 0x17, 0xE4, 0x17,
    0xE4, 0x17, 0xE4, 0x17, 0xE4, 0x17, 0xE4, 0x17, 0xE4, 0x17, 0xE4, 0x17, 0xE4, 0x17, 0xE4, 0x17,
    0xE4, 0x17, 0xE4, 0x17, 0xE4, 0x17, 0xE3, 0xB9, 0x17, 0xE3, 0x17, 0xE3, 0x17, 0xE3, 0x17, 0xE3,
    0x17, 0xE4, 0x17, 0xE4, 0x17, 0xE4, 0x17, 0xE4, 0x17, 0xE4, 0x17, 0xE4, 0x17, 0xE3, 0x17, 0xE3,
    0x17, 0xE3, 0x17, 0xE3, 0x17, 0xE3, 0x17, 0xE3, 0x17, 0xE3, 0x17, 0xE3, 0x17, 0xE3, 0x17, 0xE3,
    0x17, 0xE3, 0x17, 0xE3, 0x17, 0xE3, 0x17, 0xE3, 0x1F, 0xE5, 0x37, 0xE9, 0xAF, 0xF7, 0xEF, 0xFE,
    0xFF, 0xDF, 0x07, 0xFF, 0xC2, 0xDF, 0xEF, 0x3C, 0xEF, 0x1C, 0xBD, 0x96, 0xFF, 0xBF, 0xC5, 0x97,
    0x49, 0x06, 0x51, 0x47, 0x41, 0x26, 0x30, 0xE4, 0x30, 0xC4, 0x30, 0xC5, 0x30, 0xC5, 0x39, 0x07,
    0x39, 0x68, 0x51, 0xA9, 0x8A, 0x4B, 0x91, 0xEB, 0x89, 0xA9, 0x81, 0x89, 0x69, 0x48, 0x41, 0x27,
    0x41, 0xA9, 0x49, 0x47, 0x71, 0x47, 0x9A, 0x6B, 0xE5, 0x56, 0xDD, 0xB7, 0xE6, 0x9A, 0xF7, 0x7D,
    0xE7, 0x1C, 0xFF, 0xDF, 0xFF, 0xDF, 0xFF, 0xDF, 0x07, 0xFF, 0xFF, 0xDF, 0xAE, 0x55, 0x4F, 0xAA,
    0x1F, 0xE5, 0x17, 0xE4, 0x17, 0xE4, 0x17, 0xE4, 0x17, 0xE4, 0x17, 0xE4, 0x17, 0xE4, 0x17, 0xE4,
    0x17, 0xE4, 0x17, 0xE4, 0x17, 0xE4, 0x17, 0xE4, 0x17, 0xE4, 0x17, 0xE4, 0x17, 0xE4, 0x17, 0xE4,
    0x17, 0xE4, 0x17, 0xE4, 0x17, 0xE4, 0x17, 0xE4, 0x17, 0xE4, 0x17, 0xE4, 0x17, 0xE4, 0x17, 0xE4,
    0x17, 0xE4, 0x17, 0xE4, 0x17, 0xE4, 0x17, 0xE4, 0x17, 0xE4, 0x17, 0xE4, 0x17, 0xE4, 0x17, 0xE4,
    0x17, 0xE4, 0x17, 0xE4, 0x17, 0xE4, 0x17, 0xE4, 0x17, 0xE4, 0x17, 0xE4, 0x17, 0xE4, 0x17, 0xE4,
    0x17, 0xE4, 0x17, 0xE4, 0x17, 0xE4, 0x17, 0xE4, 0x17, 0xE4, 0x17, 0xE4, 0x17, 0xE4, 0x17, 0xE4,
    0x17, 0xE4, 0x17, 0xE4, 0x17, 0xE4, 0x17, 0xE4, 0x17, 0xE4, 0x17, 0xE4, 0x17, 0xE4, 0x17, 0xE4,
    0x17, 0xE4, 0x17, 0xE4, 0x17, 0xE4, 0x17, 0xE4, 0x17, 0xE4, 0x17, 0xBA, 0xE4, 0x17, 0xE4, 0x17,
    0xE4, 0x17, 0xE4, 0x17, 0xE4, 0x17, 0xE4, 0x17, 0xE4, 0x17, 0xE4, 0x17, 0xE4, 0x17, 0xE4, 0x17,
    0xE4, 0x17, 0xE4, 0x17, 0xE4, 0x17, 0xE4, 0x17, 0xE4, 0x17, 0xE3, 0x17, 0xE4, 0x17, 0xE4, 0x17,
    0xE4, 0x17, 0xE4, 0x17, 0xE4, 0x17, 0xE4, 0x17, 0xE3, 0x17, 0xE3, 0x17, 0xE3, 0x17, 0xE4, 0x17,
    0xE5, 0x37, 0xC9, 0xAF, 0xF6, 0xF7, 0xFE, 0x09, 0xFF, 0xC0, 0xDF, 0xE7, 0x1C, 0xC5, 0xD7, 0xFF,
    0xBF, 0xC5, 0x36, 0x40, 0xC5, 0x49, 0x47, 0x39, 0x47, 0x29, 0x06, 0x20, 0xC5, 0x28, 0xC5, 0x28,
    0xC5, 0x30, 0xC6, 0x30, 0xE6, 0x39, 0x06, 0x40, 0xE5, 0x38, 0xC4, 0x38, 0xC5, 0x38, 0xA5, 0x38,
    0xC6, 0x39, 0x48, 0x39, 0xA9, 0x41, 0x27, 0x58, 0xC5, 0x81, 0x88, 0xD4, 0x94, 0xDD, 0x96, 0xE6,
    0x7A, 0xFF, 0xBE, 0xF7, 0x9E, 0xFF, 0xDF, 0xFF, 0xDF, 0xFF, 0xDF, 0x06, 0xFF, 0xFF, 0xF7, 0xBE,
    0x86, 0x50, 0x37, 0xE8, 0x17, 0xE4, 0x17, 0xE4, 0x17, 0xE4, 0x17, 0xE4, 0x17, 0xE4, 0x17, 0xE4,
    0x17, 0xE4, 0x17, 0xE4, 0x17, 0xE4, 0x17, 0xE4, 0x17, 0xE4, 0x17, 0xE4, 0x17, 0xE4, 0x17, 0xE4,
    0x17, 0xE4, 0x17, 0xE4, 0x17, 0xE4, 0x17, 0xE4, 0x17, 0xE4, 0x17, 0xE4, 0x17, 0xE4, 0x17, 0xE4,
    0x17, 0xE4, 0x17, 0xE4, 0x17, 0xE4, 0x17, 0xE4, 0x17, 0xE4, 0x17, 0xE4, 0x17, 0xE4, 0x17, 0xE4,
    0x17, 0xE4, 0x17, 0xE4, 0x17, 0xE4, 0x17, 0xE4, 0x17, 0xE4, 0x17, 0xE4, 0x17, 0xE4, 0x17, 0xE4,
    0x17, 0xE4, 0x17, 0xE4, 0x17, 0xE4, 0x17, 0xE4, 0x17, 0xE4, 0x17, 0xE4, 0x17, 0xE4, 0x17, 0xE4,
    0x17, 0xE4, 0x17, 0xE4, 0x17, 0xE4, 0x17, 0xE4, 0x17, 0xE4, 0x17, 0xE4, 0x17, 0xE4, 0x17, 0xE4,
    0x17, 0xE4, 0x17, 0xE4, 0x17, 0xE4, 0x17, 0xE4, 0x17, 0xE4, 0x17, 0xE4, 0x17, 0xE4, 0xC1, 0x17,
    0xE4, 0x17, 0xE4, 0x17, 0xE4, 0x17, 0xE4, 0x17, 0xE4, 0x17, 0xE4, 0x17, 0xE4, 0x17, 0xE4, 0x17,
    0xE4, 0x17, 0xE4, 0x17, 0xE4, 0x17, 0xE4, 0x17, 0xE4, 0x17, 0xE4, 0x17, 0xE4, 0x17, 0xE4, 0x17,
    0xE4, 0x17, 0xE4, 0x17, 0xE4, 0x17, 0xE4, 0x17, 0xE4, 0x17, 0xE4, 0x17, 0xE4, 0x17, 0xE4, 0x17,
    0xE4, 0x17, 0xE4, 0x17, 0xE4, 0x17, 0xE5, 0x3F, 0x89, 0xB7, 0xF5, 0xF7, 0xFD, 0xFF, 0xDF, 0xFF,
    0xDF, 0x04, 0xFF, 0xB9, 0xF7, 0x9E, 0xEF, 0x3D, 0xFF, 0x5E, 0xBC, 0xF5, 0x48, 0xC5, 0x41, 0x06,
    0x39, 0x27, 0x31, 0x06, 0x20, 0xC5, 0x28, 0xC4, 0x30, 0xC4, 0x30, 0xC4, 0x30, 0xC5, 0x30, 0xC4,
    0x30, 0xC4, 0x30, 0xA3, 0x30, 0xE5, 0x31, 0x27, 0x39, 0x69, 0x41, 0xA9, 0x39, 0x89, 0x39, 0x26,
    0x48, 0xC4, 0x60, 0xA4, 0xA2, 0xAC, 0xDD, 0x15, 0xEE, 0x59, 0xFF, 0xBE, 0xFF, 0xDE, 0x03, 0xFF,
    0x80, 0xDF, 0x08, 0xFF, 0xFF, 0xC7, 0x59, 0x57, 0x0C, 0x27, 0xE6, 0x17, 0xE4, 0x17, 0xE4, 0x17,
    0xE4, 0x17, 0xE4, 0x17, 0xE4, 0x17, 0xE4, 0x17, 0xE4, 0x17, 0xE4, 0x17, 0xE4, 0x17, 0xE4, 0x17,
    0xE4, 0x17, 0xE4, 0x17, 0xE4, 0x17, 0xE4, 0x17, 0xE4, 0x17, 0xE4, 0x17, 0xE4, 0x17, 0xE4, 0x17,
    0xE4, 0x17, 0xE4, 0x17, 0xE4, 0x17, 0xE4, 0x17, 0xE4, 0x17, 0xE4, 0x17, 0xE4, 0x17, 0xE4, 0x17,
    0xE4, 0x17, 0xE4, 0x17, 0xE4, 0x17, 0xE4, 0x17, 0xE4, 0x17, 0xE4, 0x17, 0xE4, 0x17, 0xE4, 0x17,
    0xE4, 0x17, 0xE4, 0x17, 0xE4, 0x17, 0xE4, 0x17, 0xE4, 0x17, 0xE4, 0x17, 0xE4, 0x17, 0xE4, 0x17,
    0xE4, 0x17, 0xE4, 0x17, 0xE4, 0x17, 0xE4, 0x17, 0xE4, 0x17, 0xE4, 0x17, 0xE4, 0x17, 0xE4, 0x17,
    0xE4, 0x17, 0xE4, 0x17, 0xE4, 0x17, 0xE4, 0x17, 0xE4, 0x17, 0xE4, 0x17, 0xE4, 0x17, 0xE4, 0x17,
    0xE4, 0x17, 0xE4, 0x17, 0xE4, 0xFF, 0x17, 0xE4, 0x17, 0xE4, 0x17, 0xE4, 0x17, 0xE4, 0x17, 0xE4,
    0x17, 0xE4, 0x17, 0xE4, 0x17, 0xE4, 0x17, 0xE4, 0x17, 0xE4, 0x17, 0xE4, 0x17, 0xE4, 0x17, 0xE4,
    0x17, 0xE4, 0x17, 0xE4, 0x17, 0xE4, 0x17, 0xE4, 0x17, 0xE4, 0x17, 0xE4, 0x17, 0xE4, 0x17, 0xE4,
    0x17, 0xE4, 0x17, 0xE4, 0x17, 0xE4, 0x17, 0xE4, 0x17, 0xE4, 0x17, 0xE4, 0x17, 0xE4, 0x1F, 0xE5,
    0x3F, 0x89, 0xB7, 0xF6, 0xF7, 0xFE, 0xFF, 0xDF, 0xFF, 0xDF, 0xFF, 0xDF, 0xFF, 0xDF, 0xF7, 0x5D,
    0xDE, 0x9A, 0xB5, 0x35, 0x49, 0x67, 0x40, 0xC5, 0x38, 0xC5, 0x28, 0xC5, 0x20, 0xC5, 0x31, 0x46,
    0x52, 0x08, 0x5A, 0x29, 0x5A, 0x09, 0x59, 0xE8, 0x51, 0xC8, 0x49, 0x66, 0x30, 0xC4, 0x28, 0xE5,
    0x31, 0x28, 0x39, 0x68, 0x31, 0x48, 0x31, 0x06, 0x48, 0xC4, 0x60, 0x84, 0x68, 0xE5, 0xBC, 0x11,
    0xE5, 0xD7, 0xFF, 0x5D, 0xFF, 0xDE, 0x81, 0xFF, 0xDF, 0x05, 0xFF, 0xFF, 0xDF, 0xFF, 0xDF, 0xF7,
    0xDF, 0x7E, 0xF2, 0x37, 0xE9, 0x1F, 0xE4, 0x17, 0xE3, 0x17, 0xE4, 0x17, 0xE4, 0x17, 0xE4, 0x17,
    0xE4, 0x17, 0xE4, 0x17, 0xE4, 0x17, 0xE4, 0x17, 0xE4, 0x17, 0xE4, 0x17, 0xE4, 0x17, 0xE4, 0x17,
    0xE4, 0x17, 0xE4, 0x17, 0xE4, 0x17, 0xE4, 0x17, 0xE4, 0x17, 0xE4, 0x17, 0xE4, 0x17, 0xE4, 0x17,
    0xE4, 0x17, 0xE4, 0x17, 0xE4, 0x17, 0xE4, 0x17, 0xE4, 0x17, 0xE4, 0x17, 0xE4, 0x17, 0xE4, 0x17,
    0xE4, 0x17, 0xE4, 0x17, 0xE4, 0x17, 0xE4, 0x17, 0xE4, 0x17, 0xE4, 0x17, 0xE4, 0x17, 0xE4, 0x17,
    0xE4, 0x17, 0xE4, 0x17, 0xE4, 0x17, 0xE4, 0x17, 0xE4, 0x17, 0xE4, 0x17, 0xE4, 0x17, 0xE4, 0x17,
    0xE4, 0x17, 0xE4, 0x17, 0xE4, 0x17, 0xE4, 0x17, 0xE4, 0x17, 0xE4, 0x17, 0xE4, 0x17, 0xE4, 0x17,
    0xE4, 0x17, 0xE4, 0x17, 0xE4, 0x17, 0xE4, 0x17, 0xE4, 0x17, 0xE4, 0x17, 0xFF, 0xE4, 0x17, 0xE4,
    0x17, 0xE4, 0x17, 0xE4, 0x17, 0xE4, 0x17, 0xE4, 0x17, 0xE4, 0x17, 0xE4, 0x17, 0xE4, 0x17, 0xE4,
    0x17, 0xE4, 0x17, 0xE4, 0x17, 0xE4, 0x17, 0xE4, 0x17, 0xE4, 0x17, 0xE4, 0x17, 0xE4, 0x17, 0xE4,
    0x17, 0xE4, 0x17, 0xE4, 0x17, 0xE4, 0x17, 0xE4, 0x17, 0xE4, 0x17, 0xE4, 0x17, 0xE4, 0x17, 0xE4,
    0x17, 0xE4, 0x17, 0xE4, 0x17, 0xE4, 0x17, 0xE4, 0x17, 0xE4, 0x1F, 0xE4, 0x1F, 0xE5, 0x3F, 0x6A,
    0xAF, 0xB6, 0xEF, 0xFB, 0xF7, 0xDC, 0xEF, 0x5C, 0xDE, 0xFA, 0xC6, 0x97, 0xAE, 0x35, 0x8D, 0xD1,
    0x4B, 0x49, 0x31, 0x45, 0x30, 0xE6, 0x20, 0xE6, 0x29, 0x06, 0x52, 0x09, 0x5A, 0x09, 0x39, 0x25,
    0x41, 0x26, 0x41, 0x46, 0x49, 0x87, 0x62, 0x49, 0x38, 0xE4, 0x28, 0x84, 0x28, 0xA6, 0x28, 0xC6,
    0x28, 0xE6, 0x28, 0xE5, 0x40, 0xC4, 0x58, 0x84, 0x60, 0x83, 0x8A, 0x09, 0xD4, 0x88, 0xF4, 0xF6,
    0x7A, 0xFF, 0x7D, 0xFF, 0xBE, 0xFF, 0xDF, 0x06, 0xFF, 0xFF, 0xBF, 0x39, 0x4F, 0x6C, 0x27, 0xE7,
    0x17, 0xE4, 0x17, 0xE4, 0x17, 0xE4, 0x17, 0xE4, 0x17, 0xE4, 0x17, 0xE4, 0x17, 0xE4, 0x17, 0xE4,
    0x17, 0xE4, 0x17, 0xE4, 0x17, 0xE4, 0x17, 0xE4, 0x17, 0xE4, 0x17, 0xE4, 0x17, 0xE4, 0x17, 0xE4,
    0x17, 0xE4, 0x17, 0xE4, 0x17, 0xE4, 0x17, 0xE4, 0x17, 0xE4, 0x17, 0xE4, 0x17, 0xE4, 0x17, 0xE4,
    0x17, 0xE4, 0x17, 0xE4, 0x17, 0xE4, 0x17, 0xE4, 0x17, 0xE4, 0x17, 0xE4, 0x17, 0xE4, 0x17, 0xE4,
    0x17, 0xE4, 0x17, 0xE4, 0x17, 0xE4, 0x17, 0xE4, 0x17, 0xE4, 0x17, 0xE4, 0x17, 0xE4, 0x17, 0xE4,
    0x17, 0xE4, 0x17, 0xE4, 0x17, 0xE4, 0x17, 0xE4, 0x17, 0xE4, 0x17, 0xE4, 0x17, 0xE4, 0x17, 0xE4,
    0x17, 0xE4, 0x17, 0xE4, 0x17, 0xE4, 0x17, 0xE4, 0x17, 0xE4, 0x17, 0xE4, 0x17, 0xE4, 0x17, 0xE4,
    0x17, 0xE4, 0x17, 0xE4, 0x17, 0xE4, 0x17, 0xE4, 0x17, 0xE4, 0xFF, 0x17, 0xE4, 0x17, 0xE4, 0x17,
    0xE4, 0x17, 0xE4, 0x17, 0xE4, 0x17, 0xE4, 0x17, 0xE4, 0x17, 0xE4, 0x17, 0xE4, 0x17, 0xE4, 0x17,
    0xE4, 0x17, 0xE4, 0x17, 0xE4, 0x17, 0xE4, 0x17, 0xE4, 0x17, 0xE4, 0x17, 0xE4, 0x17, 0xE4, 0x17,
    0xE4, 0x17, 0xE4, 0x17, 0xE4, 0x17, 0xE4, 0x17, 0xE4, 0x17, 0xE4, 0x17, 0xE4, 0x17, 0xE4, 0x17,
    0xE4, 0x17, 0xE4, 0x17, 0xE4, 0x17, 0xE4, 0x1F, 0xE4, 0x1F, 0xE5, 0x3F, 0x49, 0x7F, 0x0F, 0x97,
    0x11, 0x96, 0xD1, 0x86, 0x6F, 0x76, 0x6E, 0x5E, 0xAB, 0x57, 0x2B, 0x44, 0xE9, 0x21, 0x86, 0x29,
    0x07, 0x31, 0x48, 0x39, 0x48, 0x6A, 0xCC, 0x62, 0x6A, 0x39, 0x25, 0x41, 0x46, 0x41, 0x46, 0x41,
    0x66, 0x72, 0xEC, 0x49, 0x87, 0x30, 0xE6, 0x28, 0xC6, 0x28, 0xC6, 0x20, 0xC6, 0x28, 0xC5, 0x38,
    0xC4, 0x58, 0xA4, 0x60, 0xA5, 0x68, 0xE5, 0x92, 0x6B, 0xDD, 0x55, 0x85, 0xEE, 0x79, 0xFF, 0x7D,
    0xFF, 0xBE, 0x02, 0xFF, 0xFF, 0xF7, 0xFE, 0xCF, 0x99, 0x66, 0xAE, 0x2F, 0xE8, 0x1F, 0xE5, 0x17,
    0xE3, 0x17, 0xE4, 0x17, 0xE4, 0x17, 0xE4, 0x17, 0xE4, 0x17, 0xE4, 0x17, 0xE4, 0x17, 0xE4, 0x17,
    0xE4, 0x17, 0xE4, 0x17, 0xE4, 0x17, 0xE4, 0x17, 0xE4, 0x17, 0xE4, 0x17, 0xE4, 0x17, 0xE4, 0x17,
    0xE4, 0x17, 0xE4, 0x17, 0xE4, 0x17, 0xE4, 0x17, 0xE4, 0x17, 0xE4, 0x17, 0xE4, 0x17, 0xE4, 0x17,
    0xE4, 0x17, 0xE4, 0x17, 0xE4, 0x17, 0xE4, 0x17, 0xE4, 0x17, 0xE4, 0x17, 0xE4, 0x17, 0xE4, 0x17,
    0xE4, 0x17, 0xE4, 0x17, 0xE4, 0x17, 0xE4, 0x17, 0xE4, 0x17, 0xE4, 0x17, 0xE4, 0x17, 0xE4, 0x17,
    0xE4, 0x17, 0xE4, 0x17, 0xE4, 0x17, 0xE4, 0x17, 0xE4, 0x17, 0xE4, 0x17, 0xE4, 0x17, 0xE4, 0x17,
    0xE4, 0x17, 0xE4, 0x17, 0xE4, 0x17, 0xE4, 0x17, 0xE4, 0x17, 0xE4, 0x17, 0xE4, 0x17, 0xE4, 0x17,
    0xE4, 0x17, 0xE4, 0x17, 0xE4, 0xFF, 0x17, 0xE4, 0x17, 0xE4, 0x17, 0xE4, 0x17, 0xE4, 0x17, 0xE4,
    0x17, 0xE4, 0x17, 0xE4, 0x17, 0xE4, 0x17, 0xE4, 0x17, 0xE4, 0x17, 0xE4, 0x17, 0xE4, 0x17, 0xE4,
    0x17, 0xE4, 0x17, 0xE4, 0x17, 0xE4, 0x17, 0xE4, 0x17, 0xE4, 0x17, 0xE4, 0x17, 0xE4, 0x17, 0xE4,
    0x17, 0xE4, 0x17, 0xE4, 0x17, 0xE4, 0x17, 0xE4, 0x17, 0xE4, 0x17, 0xE4, 0x17, 0xE4, 0x17, 0xE4,
    0x17, 0xE4, 0x17, 0xE4, 0x17, 0xE4, 0x1F, 0xE4, 0x1F, 0xE4, 0x1F, 0xE5, 0x27, 0xE5, 0x2F, 0xA6,
    0x37, 0xA6, 0x2F, 0xC7, 0x2F, 0xE7, 0x37, 0xE7, 0x37, 0x47, 0x13, 0x24, 0x21, 0x87, 0x31, 0x49,
    0x39, 0xAA, 0x41, 0xAA, 0x73, 0x0E, 0x83, 0x90, 0x62, 0x8B, 0x5A, 0x4A, 0x5A, 0x4A, 0x62, 0x4A,
    0x8B, 0x8F, 0x51, 0xE9, 0x41, 0x89, 0x39, 0x69, 0x31, 0x29, 0x28, 0xC7, 0x20, 0xC6, 0x30, 0xE5,
    0x48, 0xA5, 0x60, 0xC5, 0x69, 0x06, 0xFF, 0x69, 0x46, 0xA3, 0x2D, 0xCC, 0xD3, 0xEE, 0x39, 0xFF,
    0x5D, 0xE7, 0x7C, 0xAE, 0xD5, 0x5E, 0xAC, 0x3F, 0xE8, 0x1F, 0xE5, 0x17, 0xE4, 0x17, 0xE3, 0x17,
    0xE4, 0x17, 0xE4, 0x17, 0xE4, 0x17, 0xE4, 0x17, 0xE4, 0x17, 0xE4, 0x17, 0xE4, 0x17, 0xE4, 0x17,
    0xE4, 0x17, 0xE4, 0x17, 0xE4, 0x17, 0xE4, 0x17, 0xE4, 0x17, 0xE4, 0x17, 0xE4, 0x17, 0xE4, 0x17,
    0xE4, 0x17, 0xE4, 0x17, 0xE4, 0x17, 0xE4, 0x17, 0xE4, 0x17, 0xE4, 0x17, 0xE4, 0x17, 0xE4, 0x17,
    0xE4, 0x17, 0xE4, 0x17, 0xE4, 0x17, 0xE4, 0x17, 0xE4, 0x17, 0xE4, 0x17, 0xE4, 0x17, 0xE4, 0x17,
    0xE4, 0x17, 0xE4, 0x17, 0xE4, 0x17, 0xE4, 0x17, 0xE4, 0x17, 0xE4, 0x17, 0xE4, 0x17, 0xE4, 0x17,
    0xE4, 0x17, 0xE4, 0x17, 0xE4, 0x17, 0xE4, 0x17, 0xE4, 0x17, 0xE4, 0x17, 0xE4, 0x17, 0xE4, 0x17,
    0xE4, 0x17, 0xE4, 0x17, 0xE4, 0x17, 0xE4, 0xFF, 0x17, 0xE4, 0x17, 0xE4, 0x17, 0xE4, 0x17, 0xE4,
    0x17, 0xE4, 0x17, 0xE4, 0x17, 0xE4, 0x17, 0xE4, 0x17, 0xE4, 0x17, 0xE4, 0x17, 0xE4, 0x17, 0xE4,
    0x17, 0xE4, 0x17, 0xE4, 0x17, 0xE4, 0x17, 0xE4, 0x17, 0xE4, 0x17, 0xE4, 0x17, 0xE4, 0x17, 0xE4,
    0x17, 0xE4, 0x17, 0xE4, 0x17, 0xE4, 0x17, 0xE4, 0x17, 0xE4, 0x17, 0xE4, 0x17, 0xE4, 0x17, 0xE4,
    0x17, 0xE4, 0x17, 0xE4, 0x17, 0xE4, 0x17, 0xE4, 0x17, 0xE4, 0x17, 0xE4, 0x17, 0xE4, 0x17, 0xE4,
    0x17, 0xE4, 0x17, 0xE4, 0x17, 0xE3, 0x17, 0xE3, 0x17, 0xE3, 0x17, 0xE4, 0x1F, 0xE4, 0x17, 0xE4,
    0x17, 0xE4, 0x1F, 0xE4, 0x2F, 0xE7, 0x14, 0xC3, 0x11, 0xC4, 0x29, 0x68, 0x39, 0xAB, 0x39, 0xCB,
    0x39, 0xAB, 0x41, 0xCB, 0x5A, 0x6D, 0x62, 0xAE, 0x6A, 0xEE, 0x73, 0x2E, 0x7B, 0x4F, 0x73, 0x0E,
    0x41, 0xA9, 0x41, 0xAA, 0x41, 0xAB, 0x39, 0x6A, 0xFF, 0x31, 0x08, 0x28, 0xE7, 0x30, 0xE6, 0x40,
    0xE5, 0x59, 0x06, 0x61, 0x26, 0x61, 0x06, 0x81, 0xE9, 0x92, 0x4A, 0xAA, 0xED, 0xAC, 0x70, 0x75,
    0xCF, 0x3F, 0x09, 0x2F, 0xE6, 0x1F, 0xE4, 0x17, 0xE3, 0x17, 0xE3, 0x17, 0xE4, 0x17, 0xE4, 0x17,
    0xE4, 0x17, 0xE4, 0x17, 0xE4, 0x17, 0xE4, 0x17, 0xE4, 0x17, 0xE4, 0x17, 0xE4, 0x17, 0xE4, 0x17,
    0xE4, 0x17, 0xE4, 0x17, 0xE4, 0x17, 0xE4, 0x17, 0xE4, 0x17, 0xE4, 0x17, 0xE4, 0x17, 0xE4, 0x17,
    0xE4, 0x17, 0xE4, 0x17, 0xE4, 0x17, 0xE4, 0x17, 0xE4, 0x17, 0xE4, 0x17, 0xE4, 0x17, 0xE4, 0x17,
    0xE4, 0x17, 0xE4, 0x17, 0xE4, 0x17, 0xE4, 0x17, 0xE4, 0x17, 0xE4, 0x17, 0xE4, 0x17, 0xE4, 0x17,
    0xE4, 0x17, 0xE4, 0x17, 0xE4, 0x17, 0xE4, 0x17, 0xE4, 0x17, 0xE4, 0x17, 0xE4, 0x17, 0xE4, 0x17,
    0xE4, 0x17, 0xE4, 0x17, 0xE4, 0x17, 0xE4, 0x17, 0xE4, 0xF5, 0x17, 0xE4, 0x17, 0xE4, 0x17, 0xE4,
    0x17, 0xE4, 0x17, 0xE4, 0x17, 0xE4, 0x17, 0xE4, 0x17, 0xE4, 0x17, 0xE4, 0x17, 0xE4, 0x17, 0xE4,
    0x17, 0xE4, 0x17, 0xE4, 0x17, 0xE4, 0x17, 0xE4, 0x17, 0xE4, 0x17, 0xE4, 0x17, 0xE4, 0x17, 0xE4,
    0x17, 0xE4, 0x17, 0xE4, 0x17, 0xE4, 0x17, 0xE4, 0x17, 0xE4, 0x17, 0xE4, 0x17, 0xE4, 0x17, 0xE4,
    0x17, 0xE4, 0x17, 0xE4, 0x17, 0xE4, 0x17, 0xE4, 0x17, 0xE4, 0x17, 0xE4, 0x17, 0xE4, 0x17, 0xE4,
    0x17, 0xE4, 0x17, 0xE4, 0x17, 0xE4, 0x17, 0xE4, 0x17, 0xE4, 0x17, 0xE4, 0x17, 0xE4, 0x17, 0xE4,
    0x17, 0xE4, 0x17, 0xE3, 0x17, 0xE3, 0x17, 0xE4, 0x17, 0xE4, 0x17, 0xE4, 0x17, 0xE4, 0x17, 0xE4,
    0x1F, 0xE5, 0x1F, 0x46, 0x0A, 0xE3, 0x29, 0x67, 0x29, 0x69, 0x39, 0xCB, 0x39, 0xCB, 0x39, 0xAB,
    0x02, 0x29, 0xFF, 0x31, 0x6A, 0x39, 0x8A, 0x39, 0x8A, 0x39, 0xAA, 0x39, 0x8A, 0x31, 0x28, 0x39,
    0xAA, 0x39, 0xAB, 0x39, 0xAB, 0x31, 0x6A, 0x39, 0x69, 0x31, 0x69, 0x31, 0x07, 0x30, 0xC6, 0x6A,
    0x2B, 0x92, 0xEE, 0x69, 0x26, 0x79, 0x46, 0x81, 0x67, 0x71, 0x05, 0x5A, 0xE6, 0x47, 0x2A, 0x17,
    0xE6, 0x17, 0xE4, 0x17, 0xE4, 0x17, 0xE4, 0x17, 0xE4, 0x17, 0xE3, 0x17, 0xE4, 0x17, 0xE4, 0x17,
    0xE4, 0x17, 0xE4, 0x17, 0xE4, 0x17, 0xE4, 0x17, 0xE4, 0x17, 0xE4, 0x17, 0xE4, 0x17, 0xE4, 0x17,
    0xE4, 0x17, 0xE4, 0x17, 0xE4, 0x17, 0xE4, 0x17, 0xE4, 0x17, 0xE4, 0x17, 0xE4, 0x17, 0xE4, 0x17,
    0xE4, 0x17, 0xE4, 0x17, 0xE4, 0x17, 0xE4, 0x17, 0xE4, 0x17, 0xE4, 0x17, 0xE4, 0x17, 0xE4, 0x17,
    0xE4, 0x17, 0xE4, 0x17, 0xE4, 0x17, 0xE4, 0x17, 0xE4, 0x17, 0xE4, 0x17, 0xE4, 0x17, 0xE4, 0x17,
    0xE4, 0x17, 0xE4, 0xFF, 0x17, 0xE4, 0x17, 0xE4, 0x17, 0xE4, 0x17, 0xE4, 0x17, 0xE4, 0x17, 0xE4,
    0x17, 0xE4, 0x17, 0xE4, 0x17, 0xE4, 0x17, 0xE4, 0x17, 0xE4, 0x17, 0xE4, 0x17, 0xE4, 0x17, 0xE4,
    0x17, 0xE4, 0x17, 0xE4, 0x17, 0xE4, 0x17, 0xE4, 0x17, 0xE4, 0x17, 0xE4, 0x17, 0xE4, 0x17, 0xE4,
    0x17, 0xE4, 0x17, 0xE4, 0x17, 0xE4, 0x17, 0xE4, 0x17, 0xE4, 0x17, 0xE4, 0x17, 0xE4, 0x17, 0xE4,
    0x17, 0xE4, 0x17, 0xE4, 0x17, 0xE4, 0x17, 0xE4, 0x17, 0xE4, 0x17, 0xE4, 0x17, 0xE4, 0x17, 0xE4,
    0x17, 0xE4, 0x17, 0xE4, 0x17, 0xE4, 0x17, 0xE4, 0x17, 0xE4, 0x17, 0xE4, 0x17, 0xE4, 0x17, 0xE4,
    0x17, 0xE4, 0x17, 0xE4, 0x17, 0xE4, 0x17, 0xE4, 0x17, 0xE4, 0x17, 0xE4, 0x17, 0xE4, 0x17, 0xE4,
    0x17, 0xE4, 0x17, 0xE4, 0x17, 0xE4, 0x17, 0xE4, 0x17, 0xE4, 0x17, 0xE4, 0x17, 0xE4, 0x27, 0xE6,
    0x0C, 0xE3, 0x1A, 0x05, 0xFF, 0x29, 0x69, 0x31, 0xAA, 0x39, 0xAB, 0x39, 0xCB, 0x39, 0xAB, 0x31,
    0x4A, 0x39, 0xAB, 0x39, 0xCB, 0x39, 0xCB, 0x39, 0xCB, 0x39, 0xAB, 0x29, 0x49, 0x39, 0xAB, 0x39,
    0xCB, 0x39, 0xCB, 0x31, 0x6A, 0x31, 0x6A, 0x41, 0xAB, 0x39, 0x69, 0x31, 0x07, 0x39, 0x27, 0x59,
    0xAA, 0x61, 0x46, 0x61, 0x24, 0x71, 0x25, 0x61, 0x84, 0x54, 0x86, 0x3F, 0xE9, 0x17, 0xE4, 0x17,
    0xE3, 0x17, 0xE3, 0x17, 0xE3, 0x17, 0xE3, 0x17, 0xE3, 0x17, 0xE4, 0x17, 0xE4, 0x17, 0xE4, 0x17,
    0xE4, 0x17, 0xE4, 0x17, 0xE4, 0x17, 0xE4, 0x17, 0xE4, 0x17, 0xE4, 0x17, 0xE4, 0x17, 0xE4, 0x17,
    0xE4, 0x17, 0xE4, 0x17, 0xE4, 0x17, 0xE4, 0x17, 0xE4, 0x17, 0xE4, 0x17, 0xE4, 0x17, 0xE4, 0x17,
    0xE4, 0x17, 0xE4, 0x17, 0xE4, 0x17, 0xE4, 0x17, 0xE4, 0x17, 0xE4, 0x17, 0xE4, 0x17, 0xE4, 0x17,
    0xE4, 0x17, 0xE4, 0x17, 0xE4, 0xFF, 0x17, 0xE4, 0x17, 0xE4, 0x17, 0xE4, 0x17, 0xE4, 0x17, 0xE4,
    0x17, 0xE4, 0x17, 0xE4, 0x17, 0xE4, 0x17, 0xE4, 0x17, 0xE4, 0x17, 0xE4, 0x17, 0xE4, 0x17, 0xE4,
    0x17, 0xE4, 0x17, 0xE4, 0x17, 0xE4, 0x17, 0xE4, 0x17, 0xE4, 0x17, 0xE4, 0x17, 0xE4, 0x17, 0xE4,
    0x17, 0xE4, 0x17, 0xE4, 0x17, 0xE4, 0x17, 0xE4, 0x17, 0xE4, 0x17, 0xE4, 0x17, 0xE4, 0x17, 0xE4,
    0x17, 0xE4, 0x17, 0xE4, 0x17, 0xE4, 0x17, 0xE4, 0x17, 0xE4, 0x17, 0xE4, 0x17, 0xE4, 0x17, 0xE4,
    0x17, 0xE4, 0x17, 0xE4, 0x17, 0xE4, 0x17, 0xE4, 0x17, 0xE4, 0x17, 0xE4, 0x17, 0xE4, 0x17, 0xE4,
    0x17, 0xE4, 0x17, 0xE4, 0x17, 0xE4, 0x17, 0xE4, 0x17, 0xE4, 0x17, 0xE4, 0x17, 0xE4, 0x17, 0xE4,
    0x17, 0xE4, 0x17, 0xE4, 0x17, 0xE4, 0x17, 0xE4, 0x17, 0xE4, 0x17, 0xE4, 0x17, 0xE3, 0x17, 0xE4,
    0x17, 0xE4, 0x17, 0xE4, 0x17, 0xE4, 0xFF, 0x17, 0xE4, 0x17, 0xE4, 0x1F, 0xE5, 0x1E, 0xE4, 0x12,
    0xE4, 0x29, 0xA8, 0x31, 0x8A, 0x39, 0xAB, 0x39, 0xAB, 0x39, 0xCB, 0x39, 0x8B, 0x31, 0x6A, 0x39,
    0xAB, 0x39, 0xCB, 0x39, 0xCB, 0x39, 0xCB, 0x39, 0xAB, 0x29, 0x49, 0x39, 0xAB, 0x39, 0xCB, 0x39,
    0xCB, 0x31, 0x6A, 0x31, 0x4A, 0x41, 0xAB, 0x39, 0xAB, 0x39, 0x6A, 0x31, 0x28, 0x30, 0xE7, 0x51,
    0xC8, 0x4A, 0xC5, 0x3A, 0xE2, 0x33, 0xA2, 0x47, 0x07, 0x2F, 0xE6, 0x17, 0xE4, 0x17, 0xE3, 0x1F,
    0xE3, 0x17, 0xE3, 0x17, 0xE3, 0x17, 0xE4, 0x17, 0xE4, 0x17, 0xE4, 0x17, 0xE4, 0x17, 0xE4, 0x17,
    0xE4, 0x17, 0xE4, 0x17, 0xE4, 0x17, 0xE4, 0x17, 0xE4, 0x17, 0xE4, 0x17, 0xE4, 0x17, 0xE4, 0x17,
    0xE4, 0x17, 0xE4, 0x17, 0xE4, 0x17, 0xE4, 0x17, 0xE4, 0x17, 0xE4, 0x17, 0xE4, 0x17, 0xE4, 0x17,
    0xE4, 0x17, 0xE4, 0x17, 0xE4, 0x17, 0xE4, 0xFF, 0x17, 0xE4, 0x17, 0xE4, 0x17, 0xE4, 0x17, 0xE4,
    0x17, 0xE4, 0x17, 0xE4, 0x17, 0xE4, 0x17, 0xE4, 0x17, 0xE4, 0x17, 0xE4, 0x17, 0xE4, 0x17, 0xE4,
    0x17, 0xE4, 0x17, 0xE4, 0x17, 0xE4, 0x17, 0xE4, 0x17, 0xE4, 0x17, 0xE4, 0x17, 0xE4, 0x17, 0xE4,
    0x17, 0xE4, 0x17, 0xE4, 0x17, 0xE4, 0x17, 0xE4, 0x17, 0xE4, 0x17, 0xE4, 0x17, 0xE4, 0x17, 0xE4,
    0x17, 0xE4, 0x17, 0xE4, 0x17, 0xE4, 0x17, 0xE4, 0x17, 0xE4, 0x17, 0xE4, 0x17, 0xE4, 0x17, 0xE4,
    0x17, 0xE4, 0x17, 0xE4, 0x17, 0xE4, 0x17, 0xE4, 0x17, 0xE4, 0x17, 0xE4, 0x17, 0xE4, 0x17, 0xE4,
    0x17, 0xE4, 0x17, 0xE4, 0x17, 0xE4, 0x17, 0xE4, 0x17, 0xE4, 0x17, 0xE4, 0x17, 0xE4, 0x17, 0xE4,
    0x17, 0xE4, 0x17, 0xE4, 0x17, 0xE4, 0x17, 0xE4, 0x17, 0xE4, 0x17, 0xE4, 0x17, 0xE4, 0x17, 0xE4,
    0x17, 0xE4, 0x17, 0xE4, 0x17, 0xE4, 0x17, 0xE4, 0xFF, 0x17, 0xE4, 0x17, 0xE4, 0x17, 0xE4, 0x17,
    0xE4, 0x17, 0xE4, 0x17, 0xE4, 0x17, 0xE4, 0x17, 0xE4, 0x27, 0xE5, 0x14, 0x83, 0x22, 0x07, 0x31,
    0x6A, 0x31, 0xAB, 0x39, 0xAC, 0x39, 0xAB, 0x39, 0xCB, 0x39, 0x8B, 0x31, 0x6A, 0x39, 0xAB, 0x39,
    0xAB, 0x39, 0xAB, 0x39, 0xAB, 0x39, 0xAB, 0x31, 0x6A, 0x39, 0xAB, 0x39, 0xCB, 0x39, 0xCB, 0x39,
    0x8B, 0x31, 0x4A, 0x39, 0x8B, 0x39, 0xAB, 0x39, 0xAB, 0x39, 0x6A, 0x28, 0xE8, 0x39, 0x89, 0x6D,
    0xAF, 0x4F, 0x49, 0x37, 0xE6, 0x27, 0xE5, 0x17, 0xE4, 0x17, 0xE4, 0x17, 0xE4, 0x17, 0xE4, 0x17,
    0xE4, 0x17, 0xE4, 0x17, 0xE4, 0x17, 0xE4, 0x17, 0xE4, 0x17, 0xE4, 0x17, 0xE4, 0x17, 0xE4, 0x17,
    0xE4, 0x17, 0xE4, 0x17, 0xE4, 0x17, 0xE4, 0x17, 0xE4, 0x17, 0xE4, 0x17, 0xE4, 0x17, 0xE4, 0x17,
    0xE4, 0x17, 0xE4, 0x17, 0xE4, 0x17, 0xE4, 0x17, 0xE4, 0xFF, 0x17, 0xE4, 0x17, 0xE4, 0x17, 0xE4,
    0x17, 0xE4, 0x17, 0xE4, 0x17, 0xE4, 0x17, 0xE4, 0x17, 0xE4, 0x17, 0xE4, 0x17, 0xE4, 0x17, 0xE4,
    0x17, 0xE4, 0x17, 0xE4, 0x17, 0xE4, 0x17, 0xE4, 0x17, 0xE4, 0x17, 0xE4, 0x17, 0xE4, 0x17, 0xE4,
    0x17, 0xE4, 0x17, 0xE4, 0x17, 0xE4, 0x17, 0xE4, 0x17, 0xE4, 0x17, 0xE4, 0x17, 0xE4, 0x17, 0xE4,
    0x17, 0xE4, 0x17, 0xE4, 0x17, 0xE4, 0x17, 0xE4, 0x17, 0xE4, 0x17, 0xE4, 0x17, 0xE4, 0x17, 0xE4,
    0x17, 0xE4, 0x17, 0xE4, 0x17, 0xE4, 0x17, 0xE4, 0x17, 0xE4, 0x17, 0xE4, 0x17, 0xE4, 0x17, 0xE4,
    0x17, 0xE4, 0x17, 0xE4, 0x17, 0xE4, 0x17, 0xE4, 0x17, 0xE4, 0x17, 0xE4, 0x17, 0xE4, 0x17, 0xE4,
    0x17, 0xE4, 0x17, 0xE4, 0x17, 0xE4, 0x17, 0xE4, 0x17, 0xE4, 0x17, 0xE4, 0x17, 0xE4, 0x17, 0xE4,
    0x17, 0xE4, 0x17, 0xE4, 0x17, 0xE4, 0x17, 0xE4, 0x17, 0xE4, 0xFF, 0x17, 0xE4, 0x17, 0xE4, 0x17,
    0xE4, 0x17, 0xE4, 0x17, 0xE4, 0x17, 0xE4, 0x17, 0xE4, 0x17, 0xE4, 0x17, 0xE4, 0x17, 0xE4, 0x17,
    0xE4, 0x17, 0xE4, 0x17, 0xE4, 0x1F, 0xE4, 0x1E, 0xE5, 0x12, 0xC4, 0x31, 0xC9, 0x31, 0x8A, 0x39,
    0xCB, 0x39, 0xAB, 0x39, 0xAB, 0x39, 0xAB, 0x39, 0xAB, 0x39, 0xAB, 0x39, 0xAB, 0x39, 0xAB, 0x39,
    0xAB, 0x39, 0xCB, 0x39, 0xAB, 0x31, 0x6A, 0x39, 0xAB, 0x39, 0xCB, 0x39, 0xCC, 0x39, 0xAB, 0x31,
    0x4A, 0x39, 0x8A, 0x39, 0xAB, 0x39, 0xAB, 0x39, 0xAB, 0x31, 0x6A, 0x28, 0xE8, 0x54, 0x0D, 0x67,
    0xED, 0x27, 0xE6, 0x17, 0xE4, 0x17, 0xE4, 0x17, 0xE4, 0x17, 0xE4, 0x17, 0xE4, 0x17, 0xE3, 0x17,
    0xE4, 0x17, 0xE4, 0x17, 0xE4, 0x17, 0xE4, 0x17, 0xE4, 0x17, 0xE4, 0x17, 0xE4, 0x17, 0xE4, 0x17,
    0xE4, 0x17, 0xE4, 0x17, 0xE4, 0x17, 0xE4, 0x17, 0xE4, 0x17, 0xE4, 0xFF, 0x17, 0xE4, 0x17, 0xE4,
    0x17, 0xE4, 0x17, 0xE4, 0x17, 0xE4, 0x17, 0xE4, 0x17, 0xE4, 0x17, 0xE4, 0x17, 0xE4, 0x17, 0xE4,
    0x17, 0xE4, 0x17, 0xE4, 0x17, 0xE4, 0x17, 0xE4, 0x17, 0xE4, 0x17, 0xE4, 0x17, 0xE4, 0x17, 0xE4,
    0x17, 0xE4, 0x17, 0xE4, 0x17, 0xE4, 0x17, 0xE4, 0x17, 0xE4, 0x17, 0xE4, 0x17, 0xE4, 0x17, 0xE4,
    0x17, 0xE4, 0x17, 0xE4, 0x17, 0xE4, 0x17, 0xE4, 0x17, 0xE4, 0x17, 0xE4, 0x17, 0xE4, 0x17, 0xE4,
    0x17, 0xE4, 0x17, 0xE4, 0x17, 0xE4, 0x17, 0xE4, 0x17, 0xE4, 0x17, 0xE4, 0x17, 0xE4, 0x17, 0xE4,
    0x17, 0xE4, 0x17, 0xE4, 0x17, 0xE4, 0x17, 0xE4, 0x17, 0xE4, 0x17, 0xE4, 0x17, 0xE4, 0x17, 0xE4,
    0x17, 0xE4, 0x17, 0xE4, 0x17, 0xE4, 0x17, 0xE4, 0x17, 0xE4, 0x17, 0xE4, 0x17, 0xE4, 0x17, 0xE4,
    0x17, 0xE4, 0x17, 0xE4, 0x17, 0xE4, 0x17, 0xE4, 0x17, 0xE4, 0x17, 0xE4, 0xDB, 0x17, 0xE4, 0x17,
    0xE4, 0x17, 0xE4, 0x17, 0xE4, 0x17, 0xE4, 0x17, 0xE4, 0x17, 0xE4, 0x17, 0xE4, 0x17, 0xE4, 0x17,
    0xE4, 0x17, 0xE4, 0x17, 0xE4, 0x17, 0xE4, 0x17, 0xE4, 0x17, 0xE4, 0x17, 0xE4, 0x17, 0xE4, 0x17,
    0xE4, 0x17, 0xE4, 0x27, 0xE6, 0x14, 0x65, 0x29, 0xE8, 0x39, 0x8A, 0x39, 0xAB, 0x39, 0xCB, 0x39,
    0xAB, 0x39, 0xAB, 0x39, 0xAB, 0x39, 0xAB, 0x39, 0xAB, 0x39, 0xAB, 0x39, 0xAB, 0x39, 0xAB, 0x39,
    0xAB, 0x39, 0xAB, 0x31, 0x6A, 0x39, 0xAB, 0x39, 0xAB, 0x39, 0xCB, 0x39, 0xAB, 0x31, 0x6A, 0x31,
    0x8A, 0x39, 0xAB, 0x39, 0xAB, 0x39, 0xAB, 0x39, 0x8B, 0x03, 0x29, 0xFF, 0xC9, 0x65, 0xEE, 0x3F,
    0xE9, 0x17, 0xE4, 0x17, 0xE4, 0x17, 0xE4, 0x17, 0xE3, 0x17, 0xE3, 0x17, 0xE3, 0x17, 0xE4, 0x17,
    0xE4, 0x17, 0xE4, 0x17, 0xE4, 0x17, 0xE4, 0x17, 0xE4, 0x17, 0xE4, 0x17, 0xE4, 0x17, 0xE4, 0x17,
    0xE4, 0x17, 0xE4, 0x17, 0xE4, 0x17, 0xE4, 0x17, 0xE4, 0x17, 0xE4, 0x17, 0xE4, 0x17, 0xE4, 0x17,
    0xE4, 0x17, 0xE4, 0x17, 0xE4, 0x17, 0xE4, 0x17, 0xE4, 0x17, 0xE4, 0x17, 0xE4, 0x17, 0xE4, 0x17,
    0xE4, 0x17, 0xE4, 0x17, 0xE4, 0x17, 0xE4, 0x17, 0xE4, 0x17, 0xE4, 0x17, 0xE4, 0x17, 0xE4, 0x17,
    0xE4, 0x17, 0xE4, 0x17, 0xE4, 0x17, 0xE4, 0x17, 0xE4, 0x17, 0xE4, 0x17, 0xE4, 0x17, 0xE4, 0x17,
    0xE4, 0x17, 0xE4, 0x17, 0xE4, 0x17, 0xE4, 0x17, 0xE4, 0x17, 0xE4, 0x17, 0xE4, 0x17, 0xE4, 0x17,
    0xE4, 0x17, 0xE4, 0x17, 0xE4, 0x17, 0xE4, 0x17, 0xE4, 0x17, 0xE4, 0x17, 0xFF, 0xE4, 0x17, 0xE4,
    0x17, 0xE4, 0x17, 0xE4, 0x17, 0xE4, 0x17, 0xE4, 0x17, 0xE4, 0x17, 0xE4, 0x17, 0xE4, 0x17, 0xE4,
    0x17, 0xE4, 0x17, 0xE4, 0x17, 0xE4, 0x17, 0xE4, 0x17, 0xE4, 0x17, 0xE4, 0x17, 0xE4, 0x17, 0xE4,
    0x17, 0xE4, 0x17, 0xE4, 0x17, 0xE4, 0x17, 0xE4, 0x17, 0xE4, 0x17, 0xE4, 0x17, 0xE4, 0x17, 0xE4,
    0x17, 0xE4, 0x17, 0xE4, 0x17, 0xE4, 0x17, 0xE4, 0x17, 0xE4, 0x17, 0xE4, 0x17, 0xE4, 0x17, 0xE4,
    0x17, 0xE4, 0x17, 0xE4, 0x17, 0xE4, 0x17, 0xE4, 0x17, 0xE4, 0x17, 0xE4, 0x17, 0xE3, 0x1F, 0xE4,
    0x2F, 0x87, 0x1A, 0xC7, 0x39, 0x8B, 0x39, 0x8B, 0x39, 0xAB, 0x39, 0xAB, 0x39, 0xAB, 0x39, 0xAB,
    0x39, 0xAB, 0x39, 0xAB, 0x39, 0xAB, 0x39, 0xAB, 0x39, 0xAB, 0x39, 0xAB, 0x39, 0xCB, 0x39, 0xAB,
    0x31, 0x8A, 0x39, 0xAB, 0x39, 0xAB, 0x39, 0xCB, 0x39, 0xCB, 0x31, 0x8B, 0x31, 0xFF, 0x8B, 0x39,
    0xAB, 0x39, 0xAB, 0x39, 0xAB, 0x39, 0xAB, 0x39, 0xAB, 0x31, 0x6A, 0x3B, 0x0B, 0x5F, 0x4D, 0x2F,
    0xE6, 0x17, 0xE3, 0x17, 0xE3, 0x17, 0xE3, 0x17, 0xE3, 0x17, 0xE3, 0x17, 0xE4, 0x17, 0xE4, 0x17,
    0xE4, 0x17, 0xE4, 0x17, 0xE4, 0x17, 0xE4, 0x17, 0xE4, 0x17, 0xE4, 0x17, 0xE4, 0x17, 0xE4, 0x17,
    0xE4, 0x17, 0xE4, 0x17, 0xE4, 0x17, 0xE4, 0x17, 0xE4, 0x17, 0xE4, 0x17, 0xE4, 0x17, 0xE4, 0x17,
    0xE4, 0x17, 0xE3, 0x17, 0xE4, 0x17, 0xE4, 0x17, 0xE4, 0x17, 0xE4, 0x17, 0xE4, 0x17, 0xE4, 0x17,
    0xE4, 0x17, 0xE4, 0x17, 0xE4, 0x17, 0xE4, 0x17, 0xE4, 0x17, 0xE4, 0x17, 0xE4, 0x17, 0xE4, 0x17,
    0xE4, 0x17, 0xE4, 0x17, 0xE4, 0x17, 0xE4, 0x17, 0xE4, 0x17, 0xE4, 0x17, 0xE4, 0x17, 0xE4, 0x17,
    0xE4, 0x17, 0xE4, 0x17, 0xE4, 0x17, 0xE4, 0x17, 0xE4, 0x17, 0xE4, 0x17, 0xE4, 0x17, 0xFF, 0xE4,
    0x17, 0xE4, 0x17, 0xE4, 0x17, 0xE4, 0x17, 0xE4, 0x17, 0xE4, 0x17, 0xE4, 0x17, 0xE4, 0x17, 0xE4,
    0x17, 0xE4, 0x17, 0xE4, 0x17, 0xE4, 0x17, 0xE4, 0x17, 0xE4, 0x17, 0xE4, 0x17, 0xE4, 0x17, 0xE4,
    0x17, 0xE4, 0x17, 0xE4, 0x17, 0xE4, 0x17, 0xE4, 0x17, 0xE4, 0x17, 0xE4, 0x17, 0xE4, 0x17, 0xE4,
    0x17, 0xE4, 0x17, 0xE4, 0x17, 0xE4, 0x17, 0xE4, 0x17, 0xE4, 0x17, 0xE4, 0x17, 0xE4, 0x17, 0xE4,
    0x17, 0xE4, 0x17, 0xE4, 0x17, 0xE4, 0x17, 0xE4, 0x17, 0xE4, 0x17, 0xE4, 0x17, 0xE4, 0x17, 0xE4,
    0x17, 0xE4, 0x17, 0xE4, 0x17, 0xE4, 0x17, 0xE4, 0x17, 0xE3, 0x17, 0xE4, 0x27, 0xE6, 0x1C, 0xE6,
    0x29, 0xE9, 0x39, 0xAB, 0x39, 0xAB, 0x39, 0xAB, 0x39, 0xAB, 0x39, 0xAB, 0x39, 0xAB, 0x39, 0xCB,
    0x39, 0xAB, 0x39, 0xAB, 0x39, 0xAB, 0x39, 0xAB, 0x39, 0xAB, 0x39, 0xAB, 0x39, 0xAB, 0x39, 0xFF,
    0xAB, 0x39, 0xAB, 0x39, 0xAB, 0x39, 0xAB, 0x39, 0xAB, 0x39, 0xAB, 0x39, 0xAB, 0x39, 0xAB, 0x39,
    0xAB, 0x39, 0xAB, 0x39, 0xAB, 0x41, 0xAB, 0x39, 0xAB, 0x31, 0x8A, 0x5C, 0xEE, 0x4F, 0xEB, 0x1F,
    0xE5, 0x1F, 0xE4, 0x17, 0xE3, 0x17, 0xE3, 0x17, 0xE3, 0x17, 0xE3, 0x17, 0xE4, 0x17, 0xE4, 0x17,
    0xE4, 0x17, 0xE4, 0x17, 0xE4, 0x17, 0xE4, 0x17, 0xE4, 0x17, 0xE4, 0x17, 0xE4, 0x17, 0xE4, 0x17,
    0xE4, 0x17, 0xE4, 0x17, 0xE4, 0x17, 0xE4, 0x17, 0xE4, 0x17, 0xE4, 0x17, 0xE3, 0x17, 0xE3, 0x17,
    0xE3, 0x17, 0xE3, 0x17, 0xE3, 0x17, 0xE4, 0x17, 0xE4, 0x17, 0xE4, 0x17, 0xE4, 0x17, 0xE4, 0x17,
    0xE4, 0x17, 0xE4, 0x17, 0xE4, 0x17, 0xE4, 0x17, 0xE4, 0x17, 0xE4, 0x17, 0xE4, 0x17, 0xE4, 0x17,
    0xE4, 0x17, 0xE4, 0x17, 0xE4, 0x17, 0xE4, 0x17, 0xE4, 0x17, 0xE4, 0x17, 0xE4, 0x17, 0xE4, 0x17,
    0xFF, 0xE4, 0x17, 0xE4, 0x17, 0xE4, 0x17, 0xE4, 0x17, 0xE4, 0x17, 0xE4, 0x17, 0xE4, 0x17, 0xE4,
    0x17, 0xE4, 0x17, 0xE4, 0x17, 0xE4, 0x17, 0xE4, 0x17, 0xE4, 0x17, 0xE4, 0x17, 0xE4, 0x17, 0xE4,
    0x17, 0xE4, 0x17, 0xE4, 0x17, 0xE4, 0x17, 0xE4, 0x17, 0xE4, 0x17, 0xE4, 0x17, 0xE4, 0x17, 0xE4,
    0x17, 0xE4, 0x17, 0xE4, 0x17, 0xE4, 0x17, 0xE4, 0x17, 0xE4, 0x17, 0xE4, 0x17, 0xE4, 0x17, 0xE4,
    0x17, 0xE4, 0x17, 0xE4, 0x17, 0xE4, 0x17, 0xE4, 0x17, 0xE4, 0x17, 0xE4, 0x17, 0xE4, 0x17, 0xE4,
    0x17, 0xE4, 0x17, 0xE4, 0x17, 0xE4, 0x17, 0xE4, 0x17, 0xE4, 0x17, 0xE4, 0x17, 0xE4, 0x17, 0xE4,
    0x17, 0xE4, 0x17, 0xE4, 0x17, 0xE4, 0x17, 0xE3, 0x17, 0xE4, 0x27, 0x85, 0x13, 0x25, 0x31, 0xCA,
    0x39, 0xAB, 0x41, 0xAB, 0x39, 0xAB, 0x39, 0xAB, 0x39, 0xAB, 0x39, 0xAB, 0x39, 0xAB, 0x39, 0xAB,
    0x39, 0xFF, 0xAB, 0x39, 0xAB, 0x39, 0xAB, 0x39, 0xAB, 0x39, 0xAB, 0x39, 0xAB, 0x39, 0xAB, 0x39,
    0xAB, 0x39, 0xAB, 0x39, 0xAB, 0x39, 0xAB, 0x39, 0xAB, 0x39, 0xAB, 0x39, 0xAB, 0x39, 0xAB, 0x39,
    0xAB, 0x39, 0xAB, 0x39, 0xAB, 0x39, 0xAC, 0x39, 0x8B, 0x42, 0xCA, 0x5F, 0x0E, 0x2F, 0xE8, 0x1F,
    0xE4, 0x17, 0xE3, 0x17, 0xE4, 0x17, 0xE3, 0x17, 0xE4, 0x17, 0xE3, 0x17, 0xE4, 0x17, 0xE4, 0x17,
    0xE4, 0x17, 0xE4, 0x17, 0xE4, 0x17, 0xE4, 0x17, 0xE4, 0x17, 0xE4, 0x17, 0xE4, 0x17, 0xE4, 0x17,
    0xE4, 0x17, 0xE4, 0x17, 0xE4, 0x17, 0xE4, 0x17, 0xE4, 0x17, 0xE3, 0x17, 0xE3, 0x17, 0xE3, 0x17,
    0xE3, 0x17, 0xE3, 0x17, 0xE4, 0x17, 0xE4, 0x17, 0xE4, 0x17, 0xE4, 0x17, 0xE4, 0x17, 0xE4, 0x17,
    0xE4, 0x17, 0xE4, 0x17, 0xE4, 0x17, 0xE4, 0x17, 0xE4, 0x17, 0xE4, 0x17, 0xE4, 0x17, 0xE4, 0x17,
    0xE4, 0x17, 0xFF, 0xE4, 0x17, 0xE4, 0x17, 0xE4, 0x17, 0xE4, 0x17, 0xE4, 0x17, 0xE4, 0x17, 0xE4,
    0x17, 0xE4, 0x17, 0xE4, 0x17, 0xE4, 0x17, 0xE4, 0x17, 0xE4, 0x17, 0xE4, 0x17, 0xE4, 0x17, 0xE4,
    0x17, 0xE4, 0x17, 0xE4, 0x17, 0xE4, 0x17, 0xE4, 0x17, 0xE4, 0x17, 0xE4, 0x17, 0xE4, 0x17, 0xE4,
    0x17, 0xE4, 0x17, 0xE4, 0x17, 0xE4, 0x17, 0xE4, 0x17, 0xE4, 0x17, 0xE4, 0x17, 0xE4, 0x17, 0xE4,
    0x17, 0xE4, 0x17, 0xE4, 0x17, 0xE4, 0x17, 0xE4, 0x17, 0xE4, 0x17, 0xE4, 0x17, 0xE4, 0x17, 0xE4,
    0x17, 0xE4, 0x17, 0xE4, 0x17, 0xE4, 0x17, 0xE4, 0x17, 0xE4, 0x17, 0xE4, 0x17, 0xE4, 0x17, 0xE4,
    0x17, 0xE4, 0x17, 0xE4, 0x17, 0xE4, 0x17, 0xE4, 0x17, 0xE4, 0x17, 0xE4, 0x17, 0xE4, 0x17, 0xE4,
    0x17, 0xE4, 0x17, 0xE4, 0x17, 0xE3, 0x1F, 0xE4, 0x15, 0xA3, 0x22, 0x26, 0x39, 0xCB, 0x39, 0xCB,
    0x41, 0xAB, 0x39, 0xFF, 0xAB, 0x39, 0xAB, 0x39, 0xAB, 0x39, 0xAB, 0x39, 0xAB, 0x39, 0xAB, 0x39,
    0xAB, 0x39, 0xAB, 0x39, 0xAB, 0x39, 0xAB, 0x39, 0xAB, 0x39, 0xAB, 0x39, 0xAB, 0x39, 0xAB, 0x39,
    0xAB, 0x39, 0xAB, 0x39, 0xAB, 0x39, 0xAB, 0x39, 0xAB, 0x39, 0xAB, 0x39, 0xAB, 0x39, 0xAB, 0x39,
    0xAB, 0x39, 0xAB, 0x39, 0xAB, 0x39, 0xAB, 0x31, 0xAA, 0x4C, 0x8D, 0x57, 0xED, 0x27, 0xE6, 0x17,
    0xE4, 0x17, 0xE3, 0x17, 0xE3, 0x17, 0xE3, 0x17, 0xE4, 0x17, 0xE4, 0x17, 0xE4, 0x17, 0xE4, 0x17,
    0xE4, 0x17, 0xE4, 0x17, 0xE4, 0x17, 0xE4, 0x17, 0xE4, 0x17, 0xE4, 0x17, 0xE4, 0x17, 0xE4, 0x17,
    0xE4, 0x17, 0xE4, 0x17, 0xE4, 0x17, 0xE4, 0x17, 0xE3, 0x17, 0xE3, 0x17, 0xE3, 0x17, 0xE3, 0x17,
    0xE4, 0x17, 0xE4, 0x17, 0xE4, 0x17, 0xE4, 0x17, 0xE4, 0x17, 0xE4, 0x17, 0xE4, 0x17, 0xE4, 0x17,
    0xE4, 0x17, 0xE4, 0x17, 0xFF, 0xE4, 0x17, 0xE4, 0x17, 0xE4, 0x17, 0xE4, 0x17, 0xE4, 0x17, 0xE4,
    0x17, 0xE4, 0x17, 0xE4, 0x17, 0xE4, 0x17, 0xE4, 0x17, 0xE4, 0x17, 0xE4, 0x17, 0xE4, 0x17, 0xE4,
    0x17, 0xE4, 0x17, 0xE4, 0x17, 0xE4, 0x17, 0xE4, 0x17, 0xE4, 0x17, 0xE4, 0x17, 0xE4, 0x17, 0xE4,
    0x17, 0xE4, 0x17, 0xE4, 0x17, 0xE4, 0x17, 0xE4, 0x17, 0xE4, 0x17, 0xE4, 0x17, 0xE4, 0x17, 0xE4,
    0x17, 0xE4, 0x17, 0xE4, 0x17, 0xE4, 0x17, 0xE4, 0x17, 0xE4, 0x17, 0xE4, 0x17, 0xE4, 0x17, 0xE4,
    0x17, 0xE4, 0x17, 0xE4, 0x17, 0xE4, 0x17, 0xE4, 0x17, 0xE4, 0x17, 0xE4, 0x17, 0xE4, 0x17, 0xE4,
    0x17, 0xE4, 0x17, 0xE4, 0x17, 0xE4, 0x17, 0xE4, 0x17, 0xE4, 0x17, 0xE4, 0x17, 0xE4, 0x17, 0xE4,
    0x17, 0xE4, 0x17, 0xE4, 0x17, 0xE4, 0x17, 0xE4, 0x17, 0xE4, 0x17, 0xE4, 0x17, 0xE4, 0x17, 0xE4,
    0x17, 0xE4, 0x17, 0xE4, 0x1F, 0xFF, 0xE4, 0x0C, 0x22, 0x29, 0xE9, 0x39, 0xCB, 0x39, 0xCB, 0x39,
    0xAB, 0x39, 0xAB, 0x39, 0xAB, 0x39, 0xAB, 0x39, 0xAB, 0x39, 0xAB, 0x39, 0xAB, 0x39, 0xAB, 0x39,
    0xAB, 0x39, 0xAB, 0x39, 0xAB, 0x39, 0xAB, 0x39, 0xAB, 0x39, 0xAB, 0x39, 0xAB, 0x39, 0xAB, 0x39,
    0xAB, 0x39, 0xAB, 0x39, 0xAB, 0x39, 0xAB, 0x39, 0xAB, 0x39, 0xAB, 0x39, 0xAB, 0x39, 0xAB, 0x39,
    0xAB, 0x39, 0xAB, 0x39, 0xCC, 0x39, 0xAB, 0x32, 0x0A, 0x55, 0x4D, 0x4F, 0xEC, 0x27, 0xE6, 0x17,
    0xE4, 0x17, 0xE3, 0x17, 0xE4, 0x17, 0xE4, 0x17, 0xE4, 0x17, 0xE4, 0x17, 0xE4, 0x17, 0xE4, 0x17,
    0xE4, 0x17, 0xE4, 0x17, 0xE4, 0x17, 0xE4, 0x17, 0xE4, 0x17, 0xE4, 0x17, 0xE4, 0x17, 0xE4, 0x17,
    0xE4, 0x17, 0xE4, 0x17, 0xE4, 0x17, 0xE4, 0x17, 0xE4, 0x17, 0xE3, 0x17, 0xE4, 0x17, 0xE4, 0x17,
    0xE4, 0x17, 0xE4, 0x17, 0xE4, 0x17, 0xFF, 0xE4, 0x17, 0xE4, 0x17, 0xE4, 0x17, 0xE4, 0x17, 0xE4,
    0x17, 0xE4, 0x17, 0xE4, 0x17, 0xE4, 0x17, 0xE4, 0x17, 0xE4, 0x17, 0xE4, 0x17, 0xE4, 0x17, 0xE4,
    0x17, 0xE4, 0x17, 0xE4, 0x17, 0xE4, 0x17, 0xE4, 0x17, 0xE4, 0x17, 0xE4, 0x17, 0xE4, 0x17, 0xE4,
    0x17, 0xE4, 0x17, 0xE4, 0x17, 0xE4, 0x17, 0xE4, 0x17, 0xE4, 0x17, 0xE4, 0x17, 0xE4, 0x17, 0xE4,
    0x17, 0xE4, 0x17, 0xE4, 0x17, 0xE4, 0x17, 0xE4, 0x17, 0xE4, 0x17, 0xE4, 0x17, 0xE4, 0x17, 0xE4,
    0x17, 0xE4, 0x17, 0xE4, 0x17, 0xE4, 0x17, 0xE4, 0x17, 0xE4, 0x17, 0xE4, 0x17, 0xE4, 0x17, 0xE4,
    0x17, 0xE4, 0x17, 0xE4, 0x17, 0xE4, 0x17, 0xE4, 0x17, 0xE4, 0x17, 0xE4, 0x17, 0xE4, 0x17, 0xE4,
    0x17, 0xE4, 0x17, 0xE4, 0x17, 0xE4, 0x17, 0xE4, 0x17, 0xE4, 0x17, 0xE4, 0x17, 0xE4, 0x17, 0xE4,
    0x17, 0xE4, 0x17, 0xE4, 0x17, 0xE4, 0x17, 0xFF, 0xE4, 0x17, 0xE4, 0x17, 0xE4, 0x17, 0xE4, 0x17,
    0xE4, 0x17, 0xE4, 0x17, 0x83, 0x0B, 0x03, 0x39, 0xCA, 0x39, 0xCB, 0x39, 0xAB, 0x39, 0xAB, 0x39,
    0xAB, 0x39, 0xAB, 0x39, 0xAB, 0x39, 0xAB, 0x39, 0xAB, 0x39, 0xAB, 0x39, 0xAB, 0x39, 0xAB, 0x39,
    0xAB, 0x39, 0xAB, 0x39, 0xAB, 0x39, 0xAB, 0x39, 0xAB, 0x39, 0xAB, 0x39, 0xAB, 0x39, 0xAB, 0x39,
    0xAB, 0x39, 0xAB, 0x39, 0xAB, 0x39, 0xAB, 0x39, 0xAB, 0x39, 0xAB, 0x39, 0xAB, 0x39, 0xAB, 0x39,
    0xAB, 0x39, 0xCB, 0x41, 0xAC, 0x39, 0x8B, 0x32, 0x09, 0x55, 0x6D, 0x57, 0xEC, 0x2F, 0xE6, 0x1F,
    0xE4, 0x17, 0xE4, 0x17, 0xE4, 0x17, 0xE4, 0x17, 0xE4, 0x17, 0xE4, 0x17, 0xE4, 0x17, 0xE4, 0x17,
    0xE4, 0x17, 0xE4, 0x17, 0xE4, 0x17, 0xE4, 0x17, 0xE4, 0x17, 0xE4, 0x17, 0xE4, 0x17, 0xE4, 0x17,
    0xE4, 0x17, 0xE4, 0x17, 0xE4, 0x17, 0xE4, 0x17, 0xFF, 0xE4, 0x17, 0xE4, 0x17, 0xE4, 0x17, 0xE4,
    0x17, 0xE4, 0x17, 0xE4, 0x17, 0xE4, 0x17, 0xE4, 0x17, 0xE4, 0x17, 0xE4, 0x17, 0xE4, 0x17, 0xE4,
    0x17, 0xE4, 0x17, 0xE4, 0x17, 0xE4, 0x17, 0xE4, 0x17, 0xE4, 0x17, 0xE4, 0x17, 0xE4, 0x17, 0xE4,
    0x17, 0xE4, 0x17, 0xE4, 0x17, 0xE4, 0x17, 0xE4, 0x17, 0xE4, 0x17, 0xE4, 0x17, 0xE4, 0x17, 0xE4,
    0x17, 0xE4, 0x17, 0xE4, 0x17, 0xE4, 0x17, 0xE4, 0x17, 0xE4, 0x17, 0xE4, 0x17, 0xE4, 0x17, 0xE4,
    0x17, 0xE4, 0x17, 0xE4, 0x17, 0xE4, 0x17, 0xE4, 0x17, 0xE4, 0x17, 0xE4, 0x17, 0xE4, 0x17, 0xE4,
    0x17, 0xE4, 0x17, 0xE4, 0x17, 0xE4, 0x17, 0xE4, 0x17, 0xE4, 0x17, 0xE4, 0x17, 0xE4, 0x17, 0xE4,
    0x17, 0xE4, 0x17, 0xE4, 0x17, 0xE4, 0x17, 0xE4, 0x17, 0xE4, 0x17, 0xE4, 0x17, 0xE4, 0x17, 0xE4,
    0x17, 0xE4, 0x17, 0xE4, 0x17, 0xE4, 0x17, 0xE4, 0x17, 0xFF, 0xE4, 0x17, 0xE4, 0x17, 0xE4, 0x17,
    0xE4, 0x17, 0xE4, 0x17, 0xE4, 0x17, 0xE4, 0x17, 0xE4, 0x17, 0xE4, 0x17, 0xE4, 0x17, 0xE4, 0x1F,
    0xE4, 0x0E, 0xA2, 0x12, 0x84, 0x39, 0xCB, 0x39, 0xAB, 0x39, 0xAB, 0x39, 0xAB, 0x39, 0xAB, 0x39,
    0xAB, 0x39, 0xAB, 0x39, 0xAB, 0x39, 0xAB, 0x39, 0xAB, 0x39, 0xAB, 0x39, 0xAB, 0x39, 0xAB, 0x39,
    0xAB, 0x39, 0xAB, 0x39, 0xAB, 0x39, 0xAB, 0x39, 0xAB, 0x39, 0xAB, 0x39, 0xAB, 0x39, 0xAB, 0x39,
    0xAB, 0x39, 0xAB, 0x39, 0xAB, 0x39, 0xAB, 0x39, 0xAB, 0x39, 0xAB, 0x39, 0xAB, 0x39, 0xAB, 0x39,
    0xAB, 0x41, 0xAB, 0x41, 0xAC, 0x31, 0x4A, 0x29, 0xC9, 0x54, 0xEC, 0x5F, 0x8C, 0x37, 0xE7, 0x17,
    0xE4, 0x17, 0xE3, 0x17, 0xE3, 0x17, 0xE4, 0x17, 0xE4, 0x17, 0xE4, 0x17, 0xE4, 0x17, 0xE4, 0x17,
    0xE4, 0x17, 0xE4, 0x17, 0xE4, 0x17, 0xE4, 0x17, 0xE4, 0x17, 0xFF, 0xE4, 0x17, 0xE4, 0x17, 0xE4,
    0x17, 0xE4, 0x17, 0xE4, 0x17, 0xE4, 0x17, 0xE4, 0x17, 0xE4, 0x17, 0xE4, 0x17, 0xE4, 0x17, 0xE4,
    0x17, 0xE4, 0x17, 0xE4, 0x17, 0xE4, 0x17, 0xE4, 0x17, 0xE4, 0x17, 0xE4, 0x17, 0xE4, 0x17, 0xE4,
    0x17, 0xE4, 0x17, 0xE4, 0x17, 0xE4, 0x17, 0xE4, 0x17, 0xE4, 0x17, 0xE4, 0x17, 0xE4, 0x17, 0xE4,
    0x17, 0xE4, 0x17, 0xE4, 0x17, 0xE4, 0x17, 0xE4, 0x17, 0xE4, 0x17, 0xE4, 0x17, 0xE4, 0x17, 0xE4,
    0x17, 0xE4, 0x17, 0xE4, 0x17, 0xE4, 0x17, 0xE4, 0x17, 0xE4, 0x17, 0xE4, 0x17, 0xE4, 0x17, 0xE4,
    0x17, 0xE4, 0x17, 0xE4, 0x17, 0xE4, 0x17, 0xE4, 0x17, 0xE4, 0x17, 0xE4, 0x17, 0xE4, 0x17, 0xE4,
    0x17, 0xE4, 0x17, 0xE4, 0x17, 0xE4, 0x17, 0xE4, 0x17, 0xE4, 0x17, 0xE4, 0x17, 0xE4, 0x17, 0xE4,
    0x17, 0xE4, 0x17, 0xE4, 0x17, 0xE4, 0x17, 0xE4, 0x17, 0xE4, 0x17, 0xFF, 0xE4, 0x17, 0xE4, 0x17,
    0xE4, 0x17, 0xE4, 0x17, 0xE4, 0x17, 0xE4, 0x17, 0xE4, 0x17, 0xE4, 0x17, 0xE4, 0x17, 0xE4, 0x17,
    0xE4, 0x17, 0xE4, 0x17, 0xE4, 0x17, 0xE4, 0x17, 0xE4, 0x17, 0xE4, 0x17, 0xE4, 0x1F, 0xE4, 0x0D,
    0xE2, 0x22, 0x46, 0x39, 0xAB, 0x39, 0xAB, 0x39, 0xAB, 0x39, 0xAB, 0x39, 0xAB, 0x39, 0xAB, 0x39,
    0xAB, 0x39, 0xAB, 0x39, 0xAB, 0x39, 0xAB, 0x39, 0xAB, 0x39, 0xAB, 0x39, 0xAB, 0x39, 0xAB, 0x39,
    0xAB, 0x39, 0xAB, 0x39, 0xAB, 0x39, 0xAB, 0x39, 0xAB, 0x39, 0xAB, 0x39, 0xAB, 0x39, 0xAB, 0x39,
    0xAB, 0x39, 0xAB, 0x39, 0xAB, 0x39, 0xAB, 0x39, 0xAB, 0x39, 0xAB, 0x39, 0xAB, 0x39, 0xAB, 0x39,
    0xAB, 0x39, 0xAB, 0x39, 0x8B, 0x29, 0x08, 0x29, 0xA8, 0x43, 0xCA, 0x5F, 0x2D, 0x3F, 0xE9, 0x1F,
    0xE4, 0x17, 0xE3, 0x17, 0xE4, 0x17, 0xE4, 0x17, 0xE4, 0x17, 0xE4, 0x17, 0xFF, 0xE4, 0x17, 0xE4,
    0x17, 0xE4, 0x17, 0xE4, 0x17, 0xE4, 0x17, 0xE4, 0x17, 0xE4, 0x17, 0xE4, 0x17, 0xE4, 0x17, 0xE4,
    0x17, 0xE4, 0x17, 0xE4, 0x17, 0xE4, 0x17, 0xE4, 0x17, 0xE4, 0x17, 0xE4, 0x17, 0xE4, 0x17, 0xE4,
    0x17, 0xE4, 0x17, 0xE4, 0x17, 0xE4, 0x17, 0xE4, 0x17, 0xE4, 0x17, 0xE4, 0x17, 0xE4, 0x17, 0xE4,
    0x17, 0xE4, 0x17, 0xE4, 0x17, 0xE4, 0x17, 0xE4, 0x17, 0xE4, 0x17, 0xE4, 0x17, 0xE4, 0x17, 0xE4,
    0x17, 0xE4, 0x17, 0xE4, 0x17, 0xE4, 0x17, 0xE4, 0x17, 0xE4, 0x17, 0xE4, 0x17, 0xE4, 0x17, 0xE4,
    0x17, 0xE4, 0x17, 0xE4, 0x17, 0xE4, 0x17, 0xE4, 0x17, 0xE4, 0x17, 0xE4, 0x17, 0xE4, 0x17, 0xE4,
    0x17, 0xE4, 0x17, 0xE4, 0x17, 0xE4, 0x17, 0xE4, 0x17, 0xE4, 0x17, 0xE4, 0x17, 0xE4, 0x17, 0xE4,
    0x17, 0xE4, 0x17, 0xE4, 0x17, 0xE4, 0x17, 0xE4, 0x17, 0xE4, 0x17, 0xE4, 0x17, 0xF5, 0xE4, 0x17,
    0xE4, 0x17, 0xE4, 0x17, 0xE4, 0x17, 0xE4, 0x17, 0xE4, 0x17, 0xE4, 0x17, 0xE4, 0x17, 0xE4, 0x17,
    0xE4, 0x17, 0xE4, 0x17, 0xE4, 0x17, 0xE4, 0x17, 0xE4, 0x17, 0xE4, 0x17, 0xE4, 0x17, 0xE4, 0x17,
    0xE4, 0x17, 0xE4, 0x17, 0xE4, 0x17, 0xE4, 0x17, 0xE4, 0x17, 0xE4, 0x1F, 0xE4, 0x0D, 0x82, 0x22,
    0x27, 0x39, 0xAB, 0x39, 0xAB, 0x39, 0xAB, 0x39, 0xAB, 0x39, 0xAB, 0x39, 0xAB, 0x39, 0xAB, 0x39,
    0xAB, 0x39, 0xAB, 0x39, 0xAB, 0x39, 0xAB, 0x39, 0xAB, 0x39, 0xAB, 0x39, 0xAB, 0x39, 0xAB, 0x39,
    0xAB, 0x39, 0xAB, 0x39, 0xAB, 0x39, 0xAB, 0x39, 0xAB, 0x39, 0xAB, 0x39, 0xAB, 0x39, 0xAB, 0x39,
    0xAB, 0x39, 0xAB, 0x39, 0xAB, 0x39, 0xAB, 0x39, 0xCB, 0x39, 0xAB, 0x39, 0xAB, 0x39, 0x8B, 0x31,
    0x6A, 0x31, 0x6A, 0x31, 0x02, 0x29, 0xFF, 0x28, 0x29, 0x88, 0x43, 0x8B, 0x6E, 0xEE, 0x4F, 0xEA,
    0x27, 0xE6, 0x17, 0xE4, 0x17, 0xE4, 0x17, 0xE4, 0x17, 0xE4, 0x17, 0xE4, 0x17, 0xE4, 0x17, 0xE4,
    0x17, 0xE4, 0x17, 0xE4, 0x17, 0xE4, 0x17, 0xE4, 0x17, 0xE4, 0x17, 0xE4, 0x17, 0xE4, 0x17, 0xE4,
    0x17, 0xE4, 0x17, 0xE4, 0x17, 0xE4, 0x17, 0xE4, 0x17, 0xE4, 0x17, 0xE4, 0x17, 0xE4, 0x17, 0xE4,
    0x17, 0xE4, 0x17, 0xE4, 0x17, 0xE4, 0x17, 0xE4, 0x17, 0xE4, 0x17, 0xE4, 0x17, 0xE4, 0x17, 0xE4,
    0x17, 0xE4, 0x17, 0xE4, 0x17, 0xE4, 0x17, 0xE4, 0x17, 0xE4, 0x17, 0xE4, 0x17, 0xE4, 0x17, 0xE4,
    0x17, 0xE4, 0x17, 0xE4, 0x17, 0xE4, 0x17, 0xE4, 0x17, 0xE4, 0x17, 0xE4, 0x17, 0xE4, 0x17, 0xE4,
    0x17, 0xE4, 0x17, 0xE4, 0x17, 0xE4, 0x17, 0xE4, 0x17, 0xE4, 0x17, 0xE4, 0x17, 0xE4, 0x17, 0xE4,
    0x17, 0xE4, 0x17, 0xE4, 0x17, 0xE4, 0x17, 0xFF, 0xE4, 0x17, 0xE4, 0x17, 0xE4, 0x17, 0xE4, 0x17,
    0xE4, 0x17, 0xE4, 0x17, 0xE4, 0x17, 0xE4, 0x17, 0xE4, 0x17, 0xE4, 0x17, 0xE4, 0x17, 0xE4, 0x17,
    0xE4, 0x17, 0xE4, 0x17, 0xE4, 0x17, 0xE4, 0x17, 0xE4, 0x17, 0xE4, 0x17, 0xE4, 0x17, 0xE4, 0x17,
    0xE4, 0x17, 0xE4, 0x17, 0xE4, 0x17, 0xE4, 0x17, 0xE4, 0x17, 0xE4, 0x17, 0xE4, 0x17, 0xE4, 0x17,
    0xE4, 0x17, 0xE4, 0x17, 0xE4, 0x17, 0xE4, 0x17, 0xE4, 0x1F, 0xE4, 0x15, 0x83, 0x22, 0x07, 0x39,
    0xAB, 0x39, 0xAB, 0x39, 0xAB, 0x39, 0xAB, 0x39, 0xAB, 0x39, 0xAB, 0x39, 0xAB, 0x39, 0xAB, 0x39,
    0xAB, 0x39, 0xAB, 0x39, 0xAB, 0x39, 0xAB, 0x39, 0xAB, 0x39, 0xAB, 0x39, 0xAB, 0x39, 0xAB, 0x39,
    0xCB, 0x39, 0xAB, 0x39, 0xAB, 0x39, 0xAB, 0x39, 0xAB, 0x39, 0xAB, 0x39, 0xAB, 0x39, 0xAB, 0x39,
    0xAB, 0x39, 0xAB, 0x39, 0xAB, 0x39, 0xAB, 0x39, 0xFF, 0xAB, 0x39, 0xAB, 0x39, 0xAB, 0x39, 0x8A,
    0x31, 0x49, 0x29, 0x28, 0x29, 0x07, 0x31, 0x49, 0x31, 0x89, 0x3A, 0xA9, 0x5D, 0xAD, 0x4F, 0xEB,
    0x1F, 0xE5, 0x17, 0xE4, 0x17, 0xE4, 0x17, 0xE4, 0x17, 0xE4, 0x17, 0xE4, 0x17, 0xE4, 0x17, 0xE4,
    0x17, 0xE4, 0x17, 0xE4, 0x17, 0xE4, 0x17, 0xE4, 0x17, 0xE4, 0x17, 0xE4, 0x17, 0xE4, 0x17, 0xE4,
    0x17, 0xE4, 0x17, 0xE4, 0x17, 0xE4, 0x17, 0xE4, 0x17, 0xE4, 0x17, 0xE4, 0x17, 0xE4, 0x17, 0xE4,
    0x17, 0xE4, 0x17, 0xE4, 0x17, 0xE4, 0x17, 0xE4, 0x17, 0xE4, 0x17, 0xE4, 0x17, 0xE4, 0x17, 0xE4,
    0x17, 0xE4, 0x17, 0xE4, 0x17, 0xE4, 0x17, 0xE4, 0x17, 0xE4, 0x17, 0xE4, 0x17, 0xE4, 0x17, 0xE4,
    0x17, 0xE4, 0x17, 0xE4, 0x17, 0xE4, 0x17, 0xE4, 0x17, 0xE4, 0x17, 0xE4, 0x17, 0xE4, 0x17, 0xE4,
    0x17, 0xE4, 0x17, 0xE4, 0x17, 0xE4, 0x17, 0xE4, 0x17, 0xFF, 0xE4, 0x17, 0xE4, 0x17, 0xE4, 0x17,
    0xE4, 0x17, 0xE4, 0x17, 0xE4, 0x17, 0xE4, 0x17, 0xE4, 0x17, 0xE4, 0x17, 0xE4, 0x17, 0xE4, 0x17,
    0xE4, 0x17, 0xE4, 0x17, 0xE4, 0x17, 0xE4, 0x17, 0xE4, 0x17, 0xE4, 0x17, 0xE4, 0x17, 0xE4, 0x17,
    0xE4, 0x17, 0xE4, 0x17, 0xE4, 0x17, 0xE4, 0x17, 0xE4, 0x17, 0xE4, 0x17, 0xE4, 0x17, 0xE4, 0x17,
    0xE4, 0x17, 0xE4, 0x17, 0xE4, 0x17, 0xE4, 0x17, 0xE4, 0x17, 0xE4, 0x17, 0xE4, 0x17, 0xE4, 0x17,
    0xE4, 0x17, 0xE4, 0x17, 0xE4, 0x17, 0xE4, 0x1F, 0xE4, 0x0D, 0x62, 0x22, 0x07, 0x39, 0xCB, 0x39,
    0xAB, 0x39, 0xAB, 0x39, 0xAB, 0x39, 0xAB, 0x39, 0xAB, 0x39, 0xAB, 0x39, 0xAB, 0x39, 0xAB, 0x39,
    0xAB, 0x39, 0xAB, 0x39, 0xAB, 0x39, 0xAB, 0x39, 0xAB, 0x39, 0xAB, 0x39, 0xAB, 0x39, 0xAB, 0x39,
    0xAB, 0x39, 0xAB, 0x39, 0xAB, 0x39, 0xAB, 0x39, 0xAB, 0x39, 0x94, 0xAB, 0x39, 0xAB, 0x39, 0xAB,
    0x39, 0xAB, 0x39, 0xAB, 0x39, 0xCB, 0x39, 0xAB, 0x39, 0xCB, 0x39, 0xAB, 0x39, 0xAB, 0x39, 0x6A,
    0x02, 0x29, 0xFF, 0x20, 0xE7, 0x20, 0xE7, 0x31, 0x29, 0x39, 0x69, 0x32, 0x28, 0x55, 0xAC, 0x37,
    0xE8, 0x17, 0xE4, 0x17, 0xE4, 0x17, 0xE4, 0x17, 0xE4, 0x17, 0xE4, 0x17, 0xE4, 0x17, 0xE4, 0x17,
    0xE4, 0x17, 0xE4, 0x17, 0xE4, 0x17, 0xE4, 0x17, 0xE4, 0x17, 0xE4, 0x17, 0xE4, 0x17, 0xE4, 0x17,
    0xE4, 0x17, 0xE4, 0x17, 0xE4, 0x17, 0xE4, 0x17, 0xE4, 0x17, 0xE4, 0x17, 0xE4, 0x17, 0xE4, 0x17,
    0xE4, 0x17, 0xE4, 0x17, 0xE4, 0x17, 0xE4, 0x17, 0xE4, 0x17, 0xE4, 0x17, 0xE4, 0x17, 0xE4, 0x17,
    0xE4, 0x17, 0xE4, 0x17, 0xE4, 0x17, 0xE4, 0x17, 0xE4, 0x17, 0xE4, 0x17, 0xE4, 0x17, 0xE4, 0x17,
    0xE4, 0x17, 0xE4, 0x17, 0xE4, 0x17, 0xE4, 0x17, 0xE4, 0x17, 0xE4, 0x17, 0xE4, 0x17, 0xE4, 0x17,
    0xE4, 0x17, 0xE4, 0x17, 0xE4, 0x17, 0xE4, 0x17, 0xE4, 0x17, 0xE4, 0x17, 0xE4, 0x17, 0xE4, 0x17,
    0xE4, 0x17, 0xE4, 0xFF, 0x17, 0xE4, 0x17, 0xE4, 0x17, 0xE4, 0x17, 0xE4, 0x17, 0xE4, 0x17, 0xE4,
    0x17, 0xE4, 0x17, 0xE4, 0x17, 0xE4, 0x17, 0xE4, 0x17, 0xE4, 0x17, 0xE4, 0x17, 0xE4, 0x17, 0xE4,
    0x17, 0xE4, 0x17, 0xE4, 0x17, 0xE4, 0x17, 0xE4, 0x17, 0xE4, 0x17, 0xE4, 0x17, 0xE4, 0x17, 0xE4,
    0x17, 0xE4, 0x17, 0xE4, 0x17, 0xE4, 0x17, 0xE4, 0x17, 0xE4, 0x17, 0xE4, 0x17, 0xE4, 0x17, 0xE4,
    0x17, 0xE4, 0x17, 0xE4, 0x17, 0xE4, 0x1F, 0xE4, 0x0C, 0xA1, 0x29, 0xE8, 0x39, 0xAB, 0x39, 0xAB,
    0x39, 0x8B, 0x39, 0xAB, 0x39, 0xAB, 0x39, 0xAB, 0x39, 0xAB, 0x39, 0xAB, 0x39, 0xAB, 0x39, 0xAB,
    0x39, 0xAB, 0x39, 0xAB, 0x39, 0xAB, 0x39, 0xAB, 0x39, 0xAB, 0x39, 0xAB, 0x39, 0xAB, 0x39, 0xAB,
    0x39, 0xAB, 0x39, 0xAB, 0x39, 0xAB, 0x39, 0xAB, 0x39, 0xAB, 0x39, 0xAB, 0x39, 0xAB, 0x31, 0x8A,
    0x39, 0x8B, 0x39, 0xCB, 0xFF, 0x39, 0xAB, 0x39, 0xAB, 0x39, 0xAB, 0x39, 0xAB, 0x39, 0xAB, 0x39,
    0x8A, 0x29, 0x28, 0x20, 0xC7, 0x28, 0xE7, 0x31, 0x49, 0x31, 0x68, 0x3B, 0xE8, 0x3F, 0xE9, 0x17,
    0xE4, 0x17, 0xE4, 0x17, 0xE4, 0x17, 0xE4, 0x17, 0xE4, 0x17, 0xE4, 0x17, 0xE4, 0x17, 0xE4, 0x17,
    0xE4, 0x17, 0xE4, 0x17, 0xE4, 0x17, 0xE4, 0x17, 0xE4, 0x17, 0xE4, 0x17, 0xE4, 0x17, 0xE4, 0x17,
    0xE4, 0x17, 0xE4, 0x17, 0xE4, 0x17, 0xE4, 0x17, 0xE4, 0x17, 0xE4, 0x17, 0xE4, 0x17, 0xE4, 0x17,
    0xE4, 0x17, 0xE4, 0x17, 0xE4, 0x17, 0xE4, 0x17, 0xE4, 0x17, 0xE4, 0x17, 0xE4, 0x17, 0xE4, 0x17,
    0xE4, 0x17, 0xE4, 0x17, 0xE4, 0x17, 0xE4, 0x17, 0xE4, 0x17, 0xE4, 0x17, 0xE4, 0x17, 0xE4, 0x17,
    0xE4, 0x17, 0xE4, 0x17, 0xE4, 0x17, 0xE4, 0x17, 0xE4, 0x17, 0xE4, 0x17, 0xE4, 0x17, 0xE4, 0x17,
    0xE4, 0x17, 0xE4, 0x17, 0xE4, 0xFF, 0x17, 0xE4, 0x17, 0xE4, 0x17, 0xE4, 0x17, 0xE4, 0x17, 0xE4,
    0x17, 0xE4, 0x17, 0xE4, 0x17, 0xE4, 0x17, 0xE4, 0x17, 0xE4, 0x17, 0xE4, 0x17, 0xE4, 0x17, 0xE4,
    0x17, 0xE4, 0x17, 0xE4, 0x17, 0xE4, 0x17, 0xE4, 0x17, 0xE4, 0x17, 0xE4, 0x17, 0xE4, 0x17, 0xE4,
    0x17, 0xE4, 0x17, 0xE4, 0x17, 0xE4, 0x17, 0xE4, 0x17, 0xE4, 0x17, 0xE4, 0x17, 0xE4, 0x17, 0xE4,
    0x17, 0xE4, 0x17, 0xE4, 0x17, 0xE4, 0x17, 0xE4, 0x17, 0xE4, 0x17, 0xE4, 0x17, 0xE4, 0x17, 0xE4,
    0x17, 0xE4, 0x17, 0xE4, 0x1F, 0xE3, 0x0C, 0x01, 0x31, 0xA9, 0x41, 0xAB, 0x39, 0x8B, 0x31, 0x6A,
    0x39, 0xAB, 0x39, 0xAB, 0x39, 0xAB, 0x39, 0xAB, 0x39, 0xAB, 0x39, 0xAB, 0x39, 0xAB, 0x39, 0xAB,
    0x39, 0xAB, 0x39, 0xAB, 0x39, 0xAB, 0x39, 0xAB, 0x39, 0xAB, 0x39, 0xAB, 0x39, 0xAB, 0x39, 0xAB,
    0x39, 0xAB, 0x39, 0xAB, 0x39, 0xAB, 0xFF, 0x39, 0xAB, 0x39, 0xAB, 0x39, 0xAB, 0x31, 0x8A, 0x31,
    0x6A, 0x39, 0xAB, 0x39, 0xAB, 0x39, 0xAB, 0x39, 0xAB, 0x39, 0xAB, 0x39, 0xAB, 0x41, 0xCB, 0x39,
    0x8A, 0x29, 0x08, 0x20, 0xC7, 0x28, 0xE7, 0x29, 0x87, 0x3C, 0xC8, 0x37, 0xE8, 0x17, 0xE4, 0x17,
    0xE4, 0x17, 0xE4, 0x17, 0xE4, 0x17, 0xE4, 0x17, 0xE4, 0x17, 0xE4, 0x17, 0xE4, 0x17, 0xE4, 0x17,
    0xE4, 0x17, 0xE4, 0x17, 0xE4, 0x17, 0xE4, 0x17, 0xE4, 0x17, 0xE4, 0x17, 0xE4, 0x17, 0xE4, 0x17,
    0xE4, 0x17, 0xE4, 0x17, 0xE4, 0x17, 0xE4, 0x17, 0xE4, 0x17, 0xE4, 0x17, 0xE4, 0x17, 0xE4, 0x17,
    0xE4, 0x17, 0xE4, 0x17, 0xE4, 0x17, 0xE4, 0x17, 0xE4, 0x17, 0xE4, 0x17, 0xE4, 0x17, 0xE4, 0x17,
    0xE4, 0x17, 0xE4, 0x17, 0xE4, 0x17, 0xE4, 0x17, 0xE4, 0x17, 0xE4, 0x17, 0xE4, 0x17, 0xE4, 0x17,
    0xE4, 0x17, 0xE4, 0x17, 0xE4, 0x17, 0xE4, 0xFF, 0x17, 0xE4, 0x17, 0xE4, 0x17, 0xE4, 0x17, 0xE4,
    0x17, 0xE4, 0x17, 0xE4, 0x17, 0xE4, 0x17, 0xE4, 0x17, 0xE4, 0x17, 0xE4, 0x17, 0xE4, 0x17, 0xE4,
    0x17, 0xE4, 0x17, 0xE4, 0x17, 0xE4, 0x17, 0xE4, 0x17, 0xE4, 0x17, 0xE4, 0x17, 0xE4, 0x17, 0xE4,
    0x17, 0xE4, 0x17, 0xE4, 0x17, 0xE4, 0x17, 0xE4, 0x17, 0xE4, 0x17, 0xE4, 0x17, 0xE4, 0x17, 0xE4,
    0x17, 0xE4, 0x17, 0xE4, 0x17, 0xE4, 0x17, 0xE4, 0x17, 0xE4, 0x17, 0xE4, 0x17, 0xE4, 0x17, 0xE4,
    0x17, 0xE4, 0x17, 0xE4, 0x17, 0xE4, 0x17, 0xE4, 0x17, 0xE4, 0x17, 0xE4, 0x17, 0xE4, 0x17, 0xE4,
    0x17, 0xE4, 0x1F, 0xE4, 0x0C, 0x01, 0x31, 0xA9, 0x41, 0xAB, 0x39, 0x8B, 0x29, 0x49, 0x39, 0xAB,
    0x39, 0xCB, 0x39, 0xAB, 0x39, 0xAB, 0x39, 0xAB, 0x39, 0x8B, 0x39, 0xAB, 0x39, 0xCB, 0x39, 0xAB,
    0x39, 0xAB, 0x39, 0xAB, 0x39, 0xAB, 0x39, 0xAB, 0xFF, 0x39, 0x8B, 0x39, 0x8B, 0x39, 0xCB, 0x39,
    0xAB, 0x39, 0xAB, 0x39, 0xAB, 0x39, 0xAB, 0x39, 0xAB, 0x39, 0xAB, 0x39, 0xAB, 0x29, 0x49, 0x31,
    0x6A, 0x39, 0xAB, 0x39, 0xAB, 0x39, 0xAB, 0x39, 0xAB, 0x39, 0xAB, 0x41, 0xAB, 0x41, 0xCB, 0x39,
    0x8A, 0x29, 0x08, 0x20, 0xA6, 0x29, 0xA7, 0x4E, 0x6B, 0x27, 0xE6, 0x17, 0xE4, 0x17, 0xE4, 0x17,
    0xE4, 0x17, 0xE4, 0x17, 0xE4, 0x17, 0xE4, 0x17, 0xE4, 0x17, 0xE4, 0x17, 0xE4, 0x17, 0xE4, 0x17,
    0xE4, 0x17, 0xE4, 0x17, 0xE4, 0x17, 0xE4, 0x17, 0xE4, 0x17, 0xE4, 0x17, 0xE4, 0x17, 0xE4, 0x17,
    0xE4, 0x17, 0xE4, 0x17, 0xE4, 0x17, 0xE4, 0x17, 0xE4, 0x17, 0xE4, 0x17, 0xE4, 0x17, 0xE4, 0x17,
    0xE4, 0x17, 0xE4, 0x17, 0xE4, 0x17, 0xE4, 0x17, 0xE4, 0x17, 0xE4, 0x17, 0xE4, 0x17, 0xE4, 0x17,
    0xE4, 0x17, 0xE4, 0x17, 0xE4, 0x17, 0xE4, 0x17, 0xE4, 0xEF, 0x17, 0xE4, 0x17, 0xE4, 0x17, 0xE4,
    0x17, 0xE4, 0x17, 0xE4, 0x17, 0xE4, 0x17, 0xE4, 0x17, 0xE4, 0x17, 0xE4, 0x17, 0xE4, 0x17, 0xE4,
    0x17, 0xE4, 0x17, 0xE4, 0x17, 0xE4, 0x17, 0xE4, 0x17, 0xE4, 0x17, 0xE4, 0x17, 0xE4, 0x17, 0xE4,
    0x17, 0xE4, 0x17, 0xE4, 0x17, 0xE4, 0x17, 0xE4, 0x17, 0xE4, 0x17, 0xE4, 0x17, 0xE4, 0x17, 0xE4,
    0x17, 0xE4, 0x17, 0xE4, 0x17, 0xE4, 0x17, 0xE4, 0x17, 0xE4, 0x17, 0xE4, 0x17, 0xE4, 0x17, 0xE4,
    0x17, 0xE4, 0x17, 0xE4, 0x17, 0xE4, 0x17, 0xE4, 0x17, 0xE4, 0x17, 0xE4, 0x17, 0xE4, 0x17, 0xE4,
    0x17, 0xE4, 0x17, 0xE4, 0x17, 0xE4, 0x17, 0xE4, 0x17, 0xE4, 0x17, 0xE4, 0x17, 0xE4, 0x17, 0xE4,
    0x1F, 0xE4, 0x0C, 0x81, 0x31, 0xC8, 0x41, 0xAB, 0x39, 0x8B, 0x02, 0x29, 0xAF, 0x39, 0xAB, 0x39,
    0xAB, 0x39, 0xAB, 0x39, 0xCB, 0x39, 0xCB, 0x31, 0x8A, 0x31, 0x8A, 0x39, 0xCB, 0x39, 0xAB, 0x39,
    0xAB, 0x39, 0xAB, 0x39, 0xAB, 0x39, 0xAB, 0x31, 0x8A, 0x31, 0x6A, 0x39, 0xAB, 0x39, 0xCB, 0x39,
    0xAB, 0x39, 0xAB, 0x39, 0xAB, 0x39, 0xAB, 0x39, 0xAB, 0x39, 0xAB, 0x31, 0x4A, 0x02, 0x29, 0xFF,
    0x39, 0xAB, 0x39, 0xCC, 0x39, 0xAB, 0x39, 0xAB, 0x39, 0xAB, 0x41, 0xAB, 0x41, 0xCB, 0x41, 0xCB,
    0x39, 0x8A, 0x29, 0x08, 0x42, 0xCA, 0x5F, 0x8C, 0x1F, 0xE5, 0x17, 0xE4, 0x17, 0xE4, 0x17, 0xE4,
    0x17, 0xE4, 0x17, 0xE4, 0x17, 0xE4, 0x17, 0xE4, 0x17, 0xE4, 0x17, 0xE4, 0x17, 0xE4, 0x17, 0xE4,
    0x17, 0xE4, 0x17, 0xE4, 0x17, 0xE4, 0x17, 0xE4, 0x17, 0xE4, 0x17, 0xE4, 0x17, 0xE4, 0x17, 0xE4,
    0x17, 0xE4, 0x17, 0xE4, 0x17, 0xE4, 0x17, 0xE4, 0x17, 0xE4, 0x17, 0xE4, 0x17, 0xE4, 0x17, 0xE4,
    0x17, 0xE4, 0x17, 0xE4, 0x17, 0xE4, 0x17, 0xE4, 0x17, 0xE4, 0x17, 0xE4, 0x17, 0xE4, 0x17, 0xE4,
    0x17, 0xE4, 0x17, 0xE4, 0x17, 0xE4, 0x17, 0xE4, 0x17, 0xE4, 0x17, 0xE4, 0x17, 0xE4, 0x17, 0xE4,
    0x17, 0xE4, 0x17, 0xE4, 0x17, 0xE4, 0x17, 0xE4, 0x17, 0xE4, 0x17, 0xE4, 0x17, 0xE4, 0x17, 0xE4,
    0xFF, 0x17, 0xE4, 0x17, 0xE4, 0x17, 0xE4, 0x17, 0xE4, 0x17, 0xE4, 0x17, 0xE4, 0x17, 0xE4, 0x17,
    0xE4, 0x17, 0xE4, 0x17, 0xE4, 0x17, 0xE4, 0x17, 0xE4, 0x17, 0xE4, 0x17, 0xE4, 0x17, 0xE4, 0x17,
    0xE4, 0x17, 0xE4, 0x17, 0xE4, 0x17, 0xE4, 0x17, 0xE4, 0x17, 0xE4, 0x17, 0xE4, 0x17, 0xE4, 0x17,
    0xE4, 0x17, 0xE4, 0x17, 0xE4, 0x17, 0xE4, 0x17, 0xE4, 0x17, 0xE4, 0x17, 0xE4, 0x17, 0xE4, 0x17,
    0xE4, 0x17, 0xE4, 0x17, 0xE4, 0x17, 0xE4, 0x17, 0xE4, 0x17, 0xE4, 0x17, 0xE4, 0x17, 0xE4, 0x17,
    0xE4, 0x0C, 0xE1, 0x29, 0xE8, 0x39, 0xAB, 0x39, 0xAB, 0x29, 0x09, 0x39, 0x8B, 0x39, 0xAB, 0x39,
    0xAB, 0x39, 0xCB, 0x39, 0xCB, 0x31, 0x8B, 0x31, 0x4A, 0x39, 0xAB, 0x39, 0xCB, 0x39, 0xAB, 0x39,
    0xAB, 0x39, 0xAB, 0x39, 0xAB, 0x31, 0x8A, 0x29, 0x49, 0x39, 0xAB, 0x39, 0xCB, 0x39, 0xAB, 0x39,
    0xAB, 0xFF, 0x39, 0xAB, 0x39, 0xAB, 0x39, 0xAB, 0x39, 0xCB, 0x39, 0x8B, 0x21, 0x09, 0x31, 0x6A,
    0x39, 0xCC, 0x39, 0xAB, 0x39, 0xAB, 0x39, 0xAB, 0x39, 0xAB, 0x41, 0xAB, 0x41, 0xCB, 0x41, 0xAB,
    0x31, 0x8A, 0x3B, 0xA9, 0x4F, 0xEA, 0x1F, 0xE4, 0x17, 0xE4, 0x17, 0xE4, 0x17, 0xE4, 0x17, 0xE4,
    0x17, 0xE4, 0x17, 0xE4, 0x17, 0xE4, 0x17, 0xE4, 0x17, 0xE4, 0x17, 0xE4, 0x17, 0xE4, 0x17, 0xE4,
    0x17, 0xE4, 0x17, 0xE4, 0x17, 0xE4, 0x17, 0xE4, 0x17, 0xE4, 0x17, 0xE4, 0x17, 0xE4, 0x17, 0xE4,
    0x17, 0xE4, 0x17, 0xE4, 0x17, 0xE4, 0x17, 0xE4, 0x17, 0xE4, 0x17, 0xE4, 0x17, 0xE4, 0x17, 0xE4,
    0x17, 0xE4, 0x17, 0xE4, 0x17, 0xE4, 0x17, 0xE4, 0x17, 0xE4, 0x17, 0xE4, 0x17, 0xE4, 0x17, 0xE4,
    0x17, 0xE4, 0x17, 0xE4, 0x17, 0xE4, 0x17, 0xE4, 0x17, 0xE4, 0x17, 0xE4, 0x17, 0xE4, 0x17, 0xE4,
    0x17, 0xE4, 0xF1, 0x17, 0xE4, 0x17, 0xE4, 0x17, 0xE4, 0x17, 0xE4, 0x17, 0xE4, 0x17, 0xE4, 0x17,
    0xE4, 0x17, 0xE4, 0x17, 0xE4, 0x17, 0xE4, 0x17, 0xE4, 0x17, 0xE4, 0x17, 0xE4, 0x17, 0xE4, 0x17,
    0xE4, 0x17, 0xE4, 0x17, 0xE4, 0x17, 0xE4, 0x17, 0xE4, 0x17, 0xE4, 0x17, 0xE4, 0x17, 0xE4, 0x17,
    0xE4, 0x17, 0xE4, 0x17, 0xE4, 0x17, 0xE4, 0x17, 0xE4, 0x17, 0xE4, 0x17, 0xE4, 0x17, 0xE4, 0x17,
    0xE4, 0x17, 0xE4, 0x17, 0xE4, 0x17, 0xE4, 0x17, 0xE4, 0x17, 0xE4, 0x17, 0xE4, 0x17, 0xE4, 0x17,
    0xE4, 0x17, 0xE4, 0x17, 0xE4, 0x17, 0xE4, 0x17, 0xE4, 0x17, 0xE4, 0x17, 0xE4, 0x1F, 0xE5, 0x0D,
    0x42, 0x29, 0xE7, 0x39, 0xAB, 0x39, 0xAB, 0x21, 0x08, 0x31, 0x6A, 0x39, 0xAB, 0x39, 0xCB, 0x39,
    0xCB, 0x39, 0xCB, 0x39, 0x8B, 0x02, 0x29, 0x8D, 0x39, 0xAB, 0x39, 0xCB, 0x39, 0xAB, 0x39, 0xAB,
    0x39, 0xAB, 0x39, 0xCB, 0x39, 0x8B, 0x02, 0x29, 0x91, 0x39, 0x8B, 0x39, 0xCB, 0x39, 0xAB, 0x39,
    0xAB, 0x39, 0xAB, 0x39, 0xAB, 0x39, 0xAB, 0x39, 0xCB, 0x39, 0xAB, 0x04, 0x29, 0xFF, 0x39, 0xAB,
    0x39, 0xAB, 0x39, 0xAB, 0x39, 0xAB, 0x39, 0xAB, 0x39, 0xAB, 0x41, 0xAB, 0x39, 0xAA, 0x22, 0x47,
    0x35, 0x67, 0x37, 0xE8, 0x1F, 0xE4, 0x1F, 0xE4, 0x17, 0xE4, 0x17, 0xE4, 0x17, 0xE4, 0x17, 0xE4,
    0x17, 0xE4, 0x17, 0xE4, 0x17, 0xE4, 0x17, 0xE4, 0x17, 0xE4, 0x17, 0xE4, 0x17, 0xE4, 0x17, 0xE4,
    0x17, 0xE4, 0x17, 0xE4, 0x17, 0xE4, 0x17, 0xE4, 0x17, 0xE4, 0x17, 0xE4, 0x17, 0xE4, 0x17, 0xE4,
    0x17, 0xE4, 0x17, 0xE4, 0x17, 0xE4, 0x17, 0xE4, 0x17, 0xE4, 0x17, 0xE4, 0x17, 0xE4, 0x17, 0xE4,
    0x17, 0xE4, 0x17, 0xE4, 0x17, 0xE4, 0x17, 0xE4, 0x17, 0xE4, 0x17, 0xE4, 0x17, 0xE4, 0x17, 0xE4,
    0x17, 0xE4, 0x17, 0xE4, 0x17, 0xE4, 0x17, 0xE4, 0x17, 0xE4, 0x17, 0xE4, 0x17, 0xE4, 0x17, 0xE4,
    0x17, 0xE4, 0x17, 0xE4, 0x17, 0xE4, 0x17, 0xE4, 0x17, 0xE4, 0x17, 0xE4, 0x17, 0xE4, 0xD7, 0x17,
    0xE4, 0x17, 0xE4, 0x17, 0xE4, 0x17, 0xE4, 0x17, 0xE4, 0x17, 0xE4, 0x17, 0xE4, 0x17, 0xE4, 0x17,
    0xE4, 0x17, 0xE4, 0x17, 0xE4, 0x17, 0xE4, 0x17, 0xE4, 0x17, 0xE4, 0x17, 0xE4, 0x17, 0xE4, 0x17,
    0xE4, 0x17, 0xE4, 0x17, 0xE4, 0x17, 0xE4, 0x17, 0xE4, 0x17, 0xE4, 0x17, 0xE4, 0x17, 0xE4, 0x17,
    0xE4, 0x17, 0xE4, 0x17, 0xE4, 0x17, 0xE4, 0x17, 0xE4, 0x17, 0xE4, 0x17, 0xE4, 0x17, 0xE4, 0x17,
    0xE4, 0x17, 0xE4, 0x17, 0xE4, 0x17, 0xE4, 0x17, 0xE4, 0x17, 0xE4, 0x1F, 0xE4, 0x15, 0x61, 0x29,
    0xE7, 0x39, 0xAB, 0x39, 0xAB, 0x29, 0x08, 0x02, 0x29, 0xFF, 0x39, 0xAB, 0x39, 0xCB, 0x39, 0xCB,
    0x39, 0xCB, 0x39, 0x8B, 0x29, 0x09, 0x39, 0x8B, 0x39, 0xCB, 0x39, 0xAB, 0x39, 0xAB, 0x39, 0xCB,
    0x39, 0xCB, 0x39, 0xAB, 0x29, 0x09, 0x31, 0x6A, 0x39, 0xAC, 0x39, 0xAB, 0x39, 0xAB, 0x39, 0xCB,
    0x39, 0xAB, 0x39, 0xCB, 0x39, 0xAB, 0x39, 0xCB, 0x31, 0x8A, 0x21, 0x08, 0x31, 0x6A, 0x39, 0xAB,
    0x39, 0xAB, 0x39, 0xAB, 0x39, 0xAB, 0x39, 0xCB, 0x31, 0xC8, 0x1A, 0xA6, 0x2D, 0x67, 0x3F, 0xE8,
    0x27, 0xE5, 0x17, 0xE4, 0x17, 0xE4, 0x17, 0xE4, 0x17, 0xE4, 0x17, 0xE4, 0x17, 0xE4, 0x17, 0xE4,
    0x17, 0xE4, 0x17, 0xE4, 0x17, 0xE4, 0x17, 0xE4, 0x17, 0xE4, 0x17, 0xE4, 0x17, 0xE4, 0x17, 0xE4,
    0x17, 0xE4, 0x17, 0xE4, 0x17, 0xE4, 0x17, 0xE4, 0x17, 0xE4, 0x17, 0xE4, 0x17, 0xE4, 0x17, 0xE4,
    0x17, 0xE4, 0x17, 0xE4, 0x17, 0xE4, 0x17, 0xE4, 0x17, 0xE4, 0xFF, 0x17, 0xE4, 0x17, 0xE4, 0x17,
    0xE4, 0x17, 0xE4, 0x17, 0xE4, 0x17, 0xE4, 0x17, 0xE4, 0x17, 0xE4, 0x17, 0xE4, 0x17, 0xE4, 0x17,
    0xE4, 0x17, 0xE4, 0x17, 0xE4, 0x17, 0xE4, 0x17, 0xE4, 0x17, 0xE4, 0x17, 0xE4, 0x17, 0xE4, 0x17,
    0xE4, 0x17, 0xE4, 0x17, 0xE4, 0x17, 0xE4, 0x17, 0xE4, 0x17, 0xE4, 0x17, 0xE4, 0x17, 0xE4, 0x17,
    0xE4, 0x17, 0xE4, 0x17, 0xE4, 0x17, 0xE4, 0x17, 0xE4, 0x17, 0xE4, 0x17, 0xE4, 0x17, 0xE4, 0x17,
    0xE4, 0x17, 0xE4, 0x17, 0xE4, 0x17, 0xE4, 0x17, 0xE4, 0x17, 0xE4, 0x17, 0xE4, 0x17, 0xE4, 0x17,
    0xE4, 0x17, 0xE4, 0x17, 0xE4, 0x17, 0xE4, 0x17, 0xE4, 0x17, 0xE4, 0x17, 0xE4, 0x17, 0xE4, 0x17,
    0xE4, 0x17, 0xE4, 0x17, 0xE4, 0x17, 0xE4, 0x17, 0xE4, 0x17, 0xE4, 0x17, 0xE4, 0x17, 0xE4, 0x17,
    0xE4, 0x17, 0xE4, 0x17, 0xE4, 0x17, 0xE4, 0x17, 0xE4, 0x1F, 0xE4, 0xA7, 0x0D, 0x61, 0x21, 0xC6,
    0x39, 0x8B, 0x39, 0xAB, 0x29, 0x28, 0x20, 0xE8, 0x39, 0xAB, 0x39, 0xCB, 0x39, 0xCB, 0x41, 0xCC,
    0x39, 0xAB, 0x29, 0x09, 0x31, 0x8A, 0x39, 0xCB, 0x39, 0xAB, 0x39, 0xAB, 0x39, 0xAB, 0x39, 0xAB,
    0x39, 0xCB, 0x31, 0x4A, 0x02, 0x29, 0xFF, 0x39, 0xAB, 0x39, 0xCB, 0x39, 0xCB, 0x39, 0xAB, 0x39,
    0xAB, 0x39, 0xAB, 0x39, 0xAB, 0x39, 0xAB, 0x39, 0xAB, 0x29, 0x28, 0x29, 0x08, 0x39, 0xAA, 0x41,
    0xAA, 0x41, 0xAA, 0x39, 0xAA, 0x22, 0x27, 0x23, 0xC6, 0x36, 0x68, 0x37, 0xE7, 0x27, 0xE5, 0x17,
    0xE4, 0x17, 0xE4, 0x17, 0xE4, 0x17, 0xE4, 0x17, 0xE4, 0x17, 0xE4, 0x17, 0xE4, 0x17, 0xE4, 0x17,
    0xE4, 0x17, 0xE4, 0x17, 0xE4, 0x17, 0xE4, 0x17, 0xE4, 0x17, 0xE4, 0x17, 0xE4, 0x17, 0xE4, 0x17,
    0xE4, 0x17, 0xE4, 0x17, 0xE4, 0x17, 0xE4, 0x17, 0xE4, 0x17, 0xE4, 0x17, 0xE4, 0x17, 0xE4, 0x17,
    0xE4, 0x17, 0xE4, 0x17, 0xE4, 0x17, 0xE4, 0x17, 0xE4, 0x17, 0xE4, 0x17, 0xE4, 0x17, 0xE4, 0x17,
    0xE4, 0x17, 0xE4, 0x17, 0xE4, 0x17, 0xE4, 0x17, 0xE4, 0x17, 0xE4, 0x17, 0xE4, 0x17, 0xE4, 0x17,
    0xE4, 0x17, 0xE4, 0x17, 0xE4, 0x17, 0xE4, 0xFF, 0x17, 0xE4, 0x17, 0xE4, 0x17, 0xE4, 0x17, 0xE4,
    0x17, 0xE4, 0x17, 0xE4, 0x17, 0xE4, 0x17, 0xE4, 0x17, 0xE4, 0x17, 0xE4, 0x17, 0xE4, 0x17, 0xE4,
    0x17, 0xE4, 0x17, 0xE4, 0x17, 0xE4, 0x17, 0xE4, 0x17, 0xE4, 0x17, 0xE4, 0x17, 0xE4, 0x17, 0xE4,
    0x17, 0xE4, 0x17, 0xE4, 0x17, 0xE4, 0x17, 0xE4, 0x17, 0xE4, 0x17, 0xE4, 0x17, 0xE4, 0x17, 0xE4,
    0x17, 0xE4, 0x17, 0xE4, 0x17, 0xE4, 0x17, 0xE4, 0x17, 0xE4, 0x17, 0xE4, 0x17, 0xE4, 0x17, 0xE4,
    0x17, 0xE4, 0x17, 0xE4, 0x17, 0xE4, 0x17, 0xE4, 0x17, 0xE4, 0x17, 0xE4, 0x17, 0xE4, 0x17, 0xE4,
    0x17, 0xE4, 0x17, 0xE4, 0x17, 0xE4, 0x17, 0xE4, 0x1F, 0xE4, 0x0D, 0xC1, 0x1A, 0x04, 0x39, 0xAB,
    0x39, 0xAB, 0x31, 0x49, 0x20, 0xE8, 0x39, 0x6A, 0x41, 0xCB, 0x41, 0xAB, 0x41, 0xCB, 0x39, 0xAB,
    0x29, 0x09, 0x31, 0x6A, 0x39, 0xCB, 0x39, 0xAB, 0xFF, 0x39, 0xAB, 0x39, 0xCB, 0x39, 0xAB, 0x41,
    0xCC, 0x31, 0x6B, 0x20, 0xE8, 0x39, 0x8A, 0x39, 0xCB, 0x39, 0xAB, 0x39, 0xAB, 0x39, 0xAB, 0x39,
    0xAB, 0x39, 0xAB, 0x39, 0xAB, 0x39, 0xAB, 0x31, 0x49, 0x20, 0xE7, 0x31, 0x27, 0x41, 0x88, 0x49,
    0xA9, 0x42, 0x6A, 0x4D, 0x2B, 0x3F, 0xA9, 0x2F, 0xE7, 0x1F, 0xE4, 0x17, 0xE3, 0x17, 0xE3, 0x17,
    0xE4, 0x17, 0xE4, 0x17, 0xE4, 0x17, 0xE4, 0x17, 0xE4, 0x17, 0xE4, 0x17, 0xE4, 0x17, 0xE4, 0x17,
    0xE4, 0x17, 0xE4, 0x17, 0xE4, 0x17, 0xE4, 0x17, 0xE4, 0x17, 0xE4, 0x17, 0xE4, 0x17, 0xE4, 0x17,
    0xE4, 0x17, 0xE4, 0x17, 0xE4, 0x17, 0xE4, 0x17, 0xE4, 0x17, 0xE4, 0x17, 0xE4, 0x17, 0xE4, 0x17,
    0xE4, 0x17, 0xE4, 0x17, 0xE4, 0x17, 0xE4, 0x17, 0xE4, 0x17, 0xE4, 0x17, 0xE4, 0x17, 0xE4, 0x17,
    0xE4, 0x17, 0xE4, 0x17, 0xE4, 0x17, 0xE4, 0x17, 0xE4, 0xFF, 0x17, 0xE4, 0x17, 0xE4, 0x17, 0xE4,
    0x17, 0xE4, 0x17, 0xE4, 0x17, 0xE4, 0x17, 0xE4, 0x17, 0xE4, 0x17, 0xE4, 0x17, 0xE4, 0x17, 0xE4,
    0x17, 0xE4, 0x17, 0xE4, 0x17, 0xE4, 0x17, 0xE4, 0x17, 0xE4, 0x17, 0xE4, 0x17, 0xE4, 0x17, 0xE4,
    0x17, 0xE4, 0x17, 0xE4, 0x17, 0xE4, 0x17, 0xE4, 0x17, 0xE4, 0x17, 0xE4, 0x17, 0xE4, 0x17, 0xE4,
    0x17, 0xE4, 0x17, 0xE4, 0x17, 0xE4, 0x17, 0xE4, 0x17, 0xE4, 0x17, 0xE4, 0x17, 0xE4, 0x17, 0xE4,
    0x17, 0xE4, 0x17, 0xE4, 0x17, 0xE4, 0x17, 0xE4, 0x17, 0xE4, 0x17, 0xE4, 0x17, 0xE4, 0x17, 0xE4,
    0x17, 0xE4, 0x17, 0xE4, 0x17, 0xE4, 0x17, 0xE4, 0x17, 0xE4, 0x17, 0xE4, 0x17, 0xE4, 0x17, 0xE4,
    0x17, 0xE4, 0x17, 0xE4, 0x17, 0xE3, 0x1F, 0xE4, 0x17, 0x22, 0x03, 0x01, 0x21, 0xE6, 0x39, 0xE9,
    0x31, 0x69, 0x20, 0xC7, 0x31, 0x48, 0x41, 0xAB, 0x41, 0xAB, 0xFF, 0x41, 0xCB, 0x39, 0xAB, 0x29,
    0x08, 0x31, 0x28, 0x41, 0xAB, 0x41, 0xAB, 0x39, 0xAB, 0x39, 0xCB, 0x39, 0xCB, 0x39, 0xCB, 0x39,
    0x8B, 0x20, 0xE8, 0x29, 0x49, 0x39, 0xCB, 0x39, 0xCB, 0x39, 0xCB, 0x39, 0xCB, 0x39, 0xCB, 0x41,
    0xAB, 0x41, 0xAB, 0x41, 0xCB, 0x31, 0x69, 0x20, 0xA6, 0x49, 0xC9, 0x7B, 0x2E, 0xB4, 0xD4, 0xAD,
    0x34, 0x7E, 0xCF, 0x37, 0xE8, 0x17, 0xE4, 0x17, 0xE4, 0x17, 0xE3, 0x17, 0xE3, 0x17, 0xE4, 0x17,
    0xE4, 0x17, 0xE4, 0x17, 0xE4, 0x17, 0xE4, 0x17, 0xE4, 0x17, 0xE4, 0x17, 0xE4, 0x17, 0xE4, 0x17,
    0xE4, 0x17, 0xE4, 0x17, 0xE4, 0x17, 0xE4, 0x17, 0xE4, 0x17, 0xE4, 0x17, 0xE4, 0x17, 0xE4, 0x17,
    0xE4, 0x17, 0xE4, 0x17, 0xE4, 0x17, 0xE4, 0x17, 0xE4, 0x17, 0xE4, 0x17, 0xE4, 0x17, 0xE4, 0x17,
    0xE4, 0x17, 0xE4, 0x17, 0xE4, 0x17, 0xE4, 0x17, 0xE4, 0x17, 0xE4, 0xFF, 0x17, 0xE4, 0x17, 0xE4,
    0x17, 0xE4, 0x17, 0xE4, 0x17, 0xE4, 0x17, 0xE4, 0x17, 0xE4, 0x17, 0xE4, 0x17, 0xE4, 0x17, 0xE4,
    0x17, 0xE4, 0x17, 0xE4, 0x17, 0xE4, 0x17, 0xE4, 0x17, 0xE4, 0x17, 0xE4, 0x17, 0xE4, 0x17, 0xE4,
    0x17, 0xE4, 0x17, 0xE4, 0x17, 0xE4, 0x17, 0xE4, 0x17, 0xE4, 0x17, 0xE4, 0x17, 0xE4, 0x17, 0xE4,
    0x17, 0xE4, 0x17, 0xE4, 0x17, 0xE4, 0x17, 0xE4, 0x17, 0xE4, 0x17, 0xE4, 0x17, 0xE4, 0x17, 0xE4,
    0x17, 0xE4, 0x17, 0xE4, 0x17, 0xE4, 0x17, 0xE4, 0x17, 0xE4, 0x17, 0xE4, 0x17, 0xE4, 0x17, 0xE4,
    0x17, 0xE4, 0x17, 0xE4, 0x17, 0xE4, 0x17, 0xE4, 0x17, 0xE4, 0x17, 0xE4, 0x17, 0xE4, 0x17, 0xE4,
    0x17, 0xE4, 0x17, 0xE4, 0x17, 0xE4, 0x17, 0xE4, 0x17, 0xE4, 0x17, 0xE4, 0x17, 0xE4, 0x17, 0xE4,
    0x17, 0xE4, 0x17, 0xE4, 0x17, 0xE3, 0x1F, 0xE4, 0x1E, 0x84, 0x0B, 0xE2, 0xFF, 0x12, 0xA4, 0x11,
    0xC5, 0x11, 0x44, 0x11, 0xA5, 0x29, 0xC7, 0x41, 0xA9, 0x41, 0xA9, 0x41, 0xAA, 0x31, 0x08, 0x28,
    0xC7, 0x41, 0x69, 0x41, 0x8A, 0x41, 0xAA, 0x39, 0xCA, 0x39, 0xCB, 0x39, 0xCB, 0x39, 0xCB, 0x29,
    0x28, 0x21, 0x07, 0x31, 0x8A, 0x39, 0xCA, 0x39, 0xAA, 0x41, 0x89, 0x41, 0x89, 0x41, 0x89, 0x41,
    0x89, 0x41, 0x88, 0x41, 0x67, 0x39, 0x26, 0xA4, 0x32, 0xD5, 0xB7, 0xD5, 0x96, 0xDE, 0x38, 0x7D,
    0xAD, 0x3F, 0xE9, 0x17, 0xE4, 0x17, 0xE3, 0x17, 0xE4, 0x17, 0xE4, 0x17, 0xE4, 0x17, 0xE4, 0x17,
    0xE4, 0x17, 0xE4, 0x17, 0xE4, 0x17, 0xE4, 0x17, 0xE4, 0x17, 0xE4, 0x17, 0xE4, 0x17, 0xE4, 0x17,
    0xE4, 0x17, 0xE4, 0x17, 0xE4, 0x17, 0xE4, 0x17, 0xE4, 0x17, 0xE4, 0x17, 0xE4, 0x17, 0xE4, 0x17,
    0xE4, 0x17, 0xE4, 0x17, 0xE4, 0x17, 0xE4, 0x17, 0xE4, 0x17, 0xE4, 0x17, 0xE4, 0xFF, 0x17, 0xE4,
    0x17, 0xE4, 0x17, 0xE4, 0x17, 0xE4, 0x17, 0xE4, 0x17, 0xE4, 0x17, 0xE4, 0x17, 0xE4, 0x17, 0xE4,
    0x17, 0xE4, 0x17, 0xE4, 0x17, 0xE4, 0x17, 0xE4, 0x17, 0xE4, 0x17, 0xE4, 0x17, 0xE4, 0x17, 0xE4,
    0x17, 0xE4, 0x17, 0xE4, 0x17, 0xE4, 0x17, 0xE4, 0x17, 0xE4, 0x17, 0xE4, 0x17, 0xE4, 0x17, 0xE4,
    0x17, 0xE4, 0x17, 0xE4, 0x17, 0xE4, 0x17, 0xE4, 0x17, 0xE4, 0x17, 0xE4, 0x17, 0xE4, 0x17, 0xE4,
    0x17, 0xE4, 0x17, 0xE4, 0x17, 0xE4, 0x17, 0xE4, 0x17, 0xE4, 0x17, 0xE4, 0x17, 0xE4, 0x17, 0xE4,
    0x17, 0xE4, 0x17, 0xE4, 0x17, 0xE4, 0x17, 0xE4, 0x17, 0xE4, 0x17, 0xE4, 0x17, 0xE4, 0x17, 0xE4,
    0x17, 0xE4, 0x17, 0xE4, 0x17, 0xE4, 0x17, 0xE4, 0x17, 0xE4, 0x17, 0xE4, 0x17, 0xE4, 0x17, 0xE4,
    0x17, 0xE4, 0x17, 0xE4, 0x17, 0xE4, 0x17, 0xE4, 0x17, 0xE4, 0x17, 0xE4, 0x17, 0xE4, 0xFF, 0x17,
    0xE4, 0x17, 0xE4, 0x17, 0xE4, 0x17, 0xE4, 0x27, 0xE5, 0x27, 0xE5, 0x1E, 0x24, 0x03, 0xE1, 0x14,
    0x03, 0x2D, 0x88, 0x24, 0x26, 0x4A, 0x67, 0x51, 0x87, 0x49, 0x47, 0x38, 0xE6, 0x49, 0x68, 0x59,
    0xE9, 0x51, 0x88, 0x49, 0x47, 0x41, 0x88, 0x39, 0xC9, 0x31, 0xCA, 0x39, 0xCA, 0x29, 0x68, 0x18,
    0xE6, 0x21, 0xE7, 0x2A, 0x67, 0x42, 0x69, 0x62, 0x49, 0x6A, 0x29, 0x72, 0x4B, 0x7A, 0x6B, 0x7A,
    0x8B, 0x82, 0xCC, 0x93, 0x4D, 0xCD, 0x14, 0xD5, 0x95, 0xCD, 0x54, 0xEE, 0x79, 0x95, 0x71, 0x57,
    0x8B, 0x1F, 0xE5, 0x17, 0xE3, 0x17, 0xE4, 0x17, 0xE4, 0x17, 0xE3, 0x17, 0xE4, 0x17, 0xE4, 0x17,
    0xE4, 0x17, 0xE4, 0x17, 0xE4, 0x17, 0xE4, 0x17, 0xE4, 0x17, 0xE4, 0x17, 0xE4, 0x17, 0xE4, 0x17,
    0xE4, 0x17, 0xE4, 0x17, 0xE4, 0x17, 0xE4, 0x17, 0xE4, 0x17, 0xE4, 0x17, 0xE4, 0x17, 0xE4, 0xFF,
    0x17, 0xE4, 0x17, 0xE4, 0x17, 0xE4, 0x17, 0xE4, 0x17, 0xE4, 0x17, 0xE4, 0x17, 0xE4, 0x17, 0xE4,
    0x17, 0xE4, 0x17, 0xE4, 0x17, 0xE4, 0x17, 0xE4, 0x17, 0xE4, 0x17, 0xE4, 0x17, 0xE4, 0x17, 0xE4,
    0x17, 0xE4, 0x17, 0xE4, 0x17, 0xE4, 0x17, 0xE4, 0x17, 0xE4, 0x17, 0xE4, 0x17, 0xE4, 0x17, 0xE4,
    0x17, 0xE4, 0x17, 0xE4, 0x17, 0xE4, 0x17, 0xE4, 0x17, 0xE4, 0x17, 0xE4, 0x17, 0xE4, 0x17, 0xE4,
    0x17, 0xE4, 0x17, 0xE4, 0x17, 0xE4, 0x17, 0xE4, 0x17, 0xE4, 0x17, 0xE4, 0x17, 0xE4, 0x17, 0xE4,
    0x17, 0xE4, 0x17, 0xE4, 0x17, 0xE4, 0x17, 0xE4, 0x17, 0xE4, 0x17, 0xE4, 0x17, 0xE4, 0x17, 0xE4,
    0x17, 0xE4, 0x17, 0xE4, 0x17, 0xE4, 0x17, 0xE4, 0x17, 0xE4, 0x17, 0xE4, 0x17, 0xE4, 0x17, 0xE4,
    0x17, 0xE4, 0x17, 0xE4, 0x17, 0xE4, 0x17, 0xE4, 0x17, 0xE4, 0x17, 0xE4, 0x17, 0xE4, 0x17, 0xE4,
    0xFF, 0x17, 0xE4, 0x17, 0xE4, 0x17, 0xE4, 0x17, 0xE4, 0x17, 0xE4, 0x17, 0xE4, 0x17, 0xE4, 0x17,
    0xE4, 0x17, 0xE4, 0x17, 0xE4, 0x17, 0xE4, 0x1F, 0xE4, 0x27, 0xE5, 0x1F, 0xE5, 0x27, 0xE6, 0x2F,
    0xE8, 0x2F, 0xE8, 0x7E, 0x0D, 0xB4, 0x70, 0x92, 0xEC, 0x72, 0x49, 0xBC, 0x51, 0xDD, 0x55, 0xC4,
    0x51, 0xAB, 0x6E, 0x7A, 0xAA, 0x3A, 0x46, 0x1A, 0xE5, 0x12, 0xC4, 0x0A, 0x03, 0x0A, 0x62, 0x35,
    0x88, 0x2E, 0x47, 0x76, 0x0D, 0xD5, 0x94, 0xE5, 0x54, 0xE5, 0x75, 0xE5, 0x75, 0xE5, 0x75, 0xED,
    0xB5, 0xED, 0xD6, 0xDD, 0x74, 0xDD, 0x95, 0xCD, 0x34, 0xDD, 0xF7, 0xC6, 0x37, 0x66, 0x8D, 0x2F,
    0xE7, 0x17, 0xE3, 0x17, 0xE3, 0x17, 0xE4, 0x17, 0xE3, 0x17, 0xE4, 0x17, 0xE4, 0x17, 0xE4, 0x17,
    0xE4, 0x17, 0xE4, 0x17, 0xE4, 0x17, 0xE4, 0x17, 0xE4, 0x17, 0xE4, 0x17, 0xE4, 0x17, 0xE4, 0x17,
    0xE4, 0xFF, 0x17, 0xE4, 0x17, 0xE4, 0x17, 0xE4, 0x17, 0xE4, 0x17, 0xE4, 0x17, 0xE4, 0x17, 0xE4,
    0x17, 0xE4, 0x17, 0xE4, 0x17, 0xE4, 0x17, 0xE4, 0x17, 0xE4, 0x17, 0xE4, 0x17, 0xE4, 0x17, 0xE4,
    0x17, 0xE4, 0x17, 0xE4, 0x17, 0xE4, 0x17, 0xE4, 0x17, 0xE4, 0x17, 0xE4, 0x17, 0xE4, 0x17, 0xE4,
    0x17, 0xE4, 0x17, 0xE4, 0x17, 0xE4, 0x17, 0xE4, 0x17, 0xE4, 0x17, 0xE4, 0x17, 0xE4, 0x17, 0xE4,
    0x17, 0xE4, 0x17, 0xE4, 0x17, 0xE4, 0x17, 0xE4, 0x17, 0xE4, 0x17, 0xE4, 0x17, 0xE4, 0x17, 0xE4,
    0x17, 0xE4, 0x17, 0xE4, 0x17, 0xE4, 0x17, 0xE4, 0x17, 0xE4, 0x17, 0xE4, 0x17, 0xE4, 0x17, 0xE4,
    0x17, 0xE4, 0x17, 0xE4, 0x17, 0xE4, 0x17, 0xE4, 0x17, 0xE4, 0x17, 0xE4, 0x17, 0xE4, 0x17, 0xE4,
    0x17, 0xE4, 0x17, 0xE4, 0x17, 0xE4, 0x17, 0xE4, 0x17, 0xE4, 0x17, 0xE4, 0x17, 0xE4, 0x17, 0xE4,
    0x17, 0xE4, 0xFF, 0x17, 0xE4, 0x17, 0xE4, 0x17, 0xE4, 0x17, 0xE4, 0x17, 0xE4, 0x17, 0xE4, 0x17,
    0xE4, 0x17, 0xE4, 0x17, 0xE4, 0x17, 0xE4, 0x17, 0xE4, 0x17, 0xE4, 0x17, 0xE4, 0x17, 0xE4, 0x17,
    0xE4, 0x17, 0xE4, 0x17, 0xE4, 0x17, 0xE4, 0x17, 0xE4, 0x17, 0xE3, 0x17, 0xE3, 0x0F, 0xE3, 0x0F,
    0xE4, 0x4E, 0xE9, 0xD6, 0x34, 0xF5, 0x95, 0xE5, 0x54, 0xED, 0x95, 0xF5, 0xB5, 0xFD, 0xB5, 0xFD,
    0xB6, 0xD4, 0xF3, 0x6D, 0x2B, 0x37, 0x47, 0x16, 0xA3, 0x15, 0xA2, 0x26, 0x84, 0x37, 0xE7, 0x27,
    0xE5, 0x57, 0x29, 0xD6, 0x53, 0xF5, 0xB5, 0xF5, 0xD5, 0xED, 0xB5, 0xED, 0xF5, 0xED, 0xF5, 0xEE,
    0x16, 0xDD, 0x94, 0xCD, 0x33, 0xBC, 0xD2, 0xEE, 0x79, 0xE6, 0xFB, 0x6D, 0xCE, 0x3F, 0xE8, 0x17,
    0xE4, 0x17, 0xE3, 0x17, 0xE3, 0x17, 0xE3, 0x17, 0xE4, 0x17, 0xE4, 0x17, 0xE4, 0x17, 0xE4, 0x17,
    0xE4, 0x17, 0xE4, 0xFF, 0x17, 0xE4, 0x17, 0xE4, 0x17, 0xE4, 0x17, 0xE4, 0x17, 0xE4, 0x17, 0xE4,
    0x17, 0xE4, 0x17, 0xE4, 0x17, 0xE4, 0x17, 0xE4, 0x17, 0xE4, 0x17, 0xE4, 0x17, 0xE4, 0x17, 0xE4,
    0x17, 0xE4, 0x17, 0xE4, 0x17, 0xE4, 0x17, 0xE3, 0x17, 0xE4, 0x17, 0xE4, 0x17, 0xE4, 0x17, 0xE4,
    0x17, 0xE4, 0x17, 0xE4, 0x17, 0xE4, 0x17, 0xE4, 0x17, 0xE4, 0x17, 0xE4, 0x17, 0xE4, 0x17, 0xE4,
    0x17, 0xE4, 0x17, 0xE4, 0x17, 0xE4, 0x17, 0xE4, 0x17, 0xE4, 0x17, 0xE4, 0x17, 0xE4, 0x17, 0xE4,
    0x17, 0xE4, 0x17, 0xE4, 0x17, 0xE4, 0x17, 0xE4, 0x17, 0xE4, 0x17, 0xE4, 0x17, 0xE4, 0x17, 0xE4,
    0x17, 0xE4, 0x17, 0xE4, 0x17, 0xE4, 0x17, 0xE4, 0x17, 0xE4, 0x17, 0xE4, 0x17, 0xE4, 0x17, 0xE4,
    0x17, 0xE4, 0x17, 0xE4, 0x17, 0xE4, 0x17, 0xE4, 0x17, 0xE4, 0x17, 0xE4, 0x17, 0xE4, 0x17, 0xE4,
    0x17, 0xE4, 0x17, 0xE4, 0xFF, 0x17, 0xE4, 0x17, 0xE4, 0x17, 0xE4, 0x17, 0xE4, 0x17, 0xE4, 0x17,
    0xE4, 0x17, 0xE4, 0x17, 0xE4, 0x17, 0xE4, 0x17, 0xE4, 0x17, 0xE4, 0x17, 0xE4, 0x17, 0xE4, 0x17,
    0xE4, 0x17, 0xE4, 0x17, 0xE4, 0x17, 0xE4, 0x17, 0xE4, 0x17, 0xE4, 0x17, 0xE4, 0x17, 0xE4, 0x17,
    0xE4, 0x17, 0xE4, 0x17, 0xE4, 0x17, 0xE4, 0x17, 0xE4, 0x17, 0xE3, 0x17, 0xE3, 0x17, 0xE4, 0x2F,
    0x67, 0xAE, 0x52, 0xED, 0xD6, 0xF5, 0xB5, 0xF5, 0xB5, 0xF5, 0x95, 0xF5, 0xB5, 0xFD, 0xB6, 0xD5,
    0x13, 0x76, 0x6D, 0x37, 0xE8, 0x27, 0xE5, 0x27, 0xE6, 0x27, 0xE5, 0x17, 0xE4, 0x17, 0xE4, 0x27,
    0xA5, 0xA6, 0x6F, 0xF5, 0xB5, 0xF5, 0x95, 0xED, 0xD5, 0xF6, 0x98, 0xF6, 0xF9, 0xFE, 0xFA, 0xE6,
    0x37, 0xBC, 0xD2, 0xD5, 0x95, 0xD5, 0xB6, 0xE6, 0xBA, 0x96, 0x12, 0x3F, 0xE8, 0x1F, 0xE4, 0x17,
    0xE3, 0x17, 0xE4, 0x17, 0xE4, 0xFF, 0x17, 0xE4, 0x17, 0xE4, 0x17, 0xE4, 0x17, 0xE4, 0x17, 0xE4,
    0x17, 0xE4, 0x17, 0xE4, 0x17, 0xE4, 0x17, 0xE4, 0x17, 0xE4, 0x17, 0xE4, 0x17, 0xE4, 0x17, 0xE4,
    0x17, 0xE4, 0x17, 0xE4, 0x17, 0xE4, 0x17, 0xE4, 0x17, 0xE4, 0x17, 0xE4, 0x17, 0xE4, 0x17, 0xE4,
    0x17, 0xE4, 0x17, 0xE4, 0x17, 0xE4, 0x17, 0xE4, 0x17, 0xE4, 0x17, 0xE4, 0x17, 0xE4, 0x17, 0xE4,
    0x17, 0xE4, 0x17, 0xE4, 0x17, 0xE4, 0x17, 0xE4, 0x17, 0xE4, 0x17, 0xE4, 0x17, 0xE4, 0x17, 0xE4,
    0x17, 0xE4, 0x17, 0xE4, 0x17, 0xE4, 0x17, 0xE4, 0x17, 0xE4, 0x17, 0xE4, 0x17, 0xE4, 0x17, 0xE4,
    0x17, 0xE4, 0x17, 0xE4, 0x17, 0xE4, 0x17, 0xE4, 0x17, 0xE4, 0x17, 0xE4, 0x17, 0xE4, 0x17, 0xE4,
    0x17, 0xE4, 0x17, 0xE4, 0x17, 0xE4, 0x17, 0xE4, 0x17, 0xE4, 0x17, 0xE4, 0x17, 0xE4, 0x17, 0xE4,
    0x17, 0xE4, 0x17, 0xE4, 0x17, 0xE4, 0xFF, 0x17, 0xE4, 0x17, 0xE4, 0x17, 0xE4, 0x17, 0xE4, 0x17,
    0xE4, 0x17, 0xE4, 0x17, 0xE4, 0x17, 0xE4, 0x17, 0xE4, 0x17, 0xE4, 0x17, 0xE4, 0x17, 0xE4, 0x17,
    0xE4, 0x17, 0xE4, 0x17, 0xE4, 0x17, 0xE4, 0x17, 0xE4, 0x17, 0xE4, 0x17, 0xE4, 0x17, 0xE4, 0x17,
    0xE4, 0x17, 0xE4, 0x17, 0xE4, 0x17, 0xE4, 0x17, 0xE4, 0x17, 0xE4, 0x17, 0xE4, 0x17, 0xE4, 0x17,
    0xE4, 0x17, 0xE4, 0x17, 0xE4, 0x17, 0xE4, 0x17, 0xE4, 0x17, 0xE3, 0x17, 0xE3, 0x17, 0xA5, 0x9E,
    0x91, 0xED, 0xF6, 0xF5, 0xB5, 0xF5, 0x95, 0xF5, 0x95, 0xF5, 0x95, 0xFD, 0xB5, 0xD5, 0x33, 0x76,
    0x4D, 0x2F, 0xE7, 0x17, 0xE4, 0x17, 0xE4, 0x17, 0xE4, 0x17, 0xE4, 0x0F, 0xE4, 0x1F, 0xE4, 0x66,
    0xAA, 0xCE, 0x33, 0xED, 0xB5, 0xF6, 0x37, 0xFF, 0x1A, 0xFF, 0x7B, 0xFF, 0x7C, 0xE6, 0x78, 0xAC,
    0x92, 0xC5, 0x34, 0xB4, 0xB2, 0xE6, 0xBA, 0xFF, 0xBE, 0xB7, 0x4F, 0x69, 0x1F, 0xE5, 0x17, 0xE4,
    0x17, 0xE4, 0x17, 0xE4, 0x17, 0xE4, 0x17, 0xE4, 0x17, 0xE4, 0x17, 0xE4, 0x17, 0xE4, 0x17, 0xE4,
    0x17, 0xE4, 0x17, 0xE4, 0x17, 0xE4, 0x17, 0xE4, 0x17, 0xE4, 0x17, 0xE4, 0x17, 0xE4, 0x17, 0xE4,
    0x17, 0xE4, 0x17, 0xE4, 0x17, 0xE4, 0x17, 0xE4, 0x17, 0xE4, 0x17, 0xE4, 0x17, 0xE4, 0x17, 0xE4,
    0x17, 0xE4, 0x17, 0xE4, 0x17, 0xE4, 0x17, 0xE4, 0x17, 0xE4, 0x17, 0xE4, 0x17, 0xE4, 0x17, 0xE4,
    0x17, 0xE4, 0x17, 0xE4, 0x17, 0xE4, 0x17, 0xE4, 0x17, 0xE4, 0x17, 0xE4, 0x17, 0xE4, 0x17, 0xE4,
    0x17, 0xE4, 0x17, 0xE4, 0x17, 0xE4, 0x17, 0xE4, 0x17, 0xE4, 0x17, 0xE4, 0x17, 0xE4, 0x17, 0xE4,
    0x17, 0xE4, 0x17, 0xE4, 0x17, 0xE4, 0x17, 0xE4, 0x17, 0xE4, 0x17, 0xE4, 0x17, 0xE4, 0x17, 0xE4,
    0x17, 0xE4, 0x17, 0xE4, 0x17, 0xE4, 0x17, 0xE4, 0xFF, 0x17, 0xE4, 0x17, 0xE4, 0x17, 0xE4, 0x17,
    0xE4, 0x17, 0xE4, 0x17, 0xE4, 0x17, 0xE4, 0x17, 0xE4, 0x17, 0xE4, 0x17, 0xE4, 0x17, 0xE4, 0x17,
    0xE4, 0x17, 0xE4, 0x17, 0xE4, 0x17, 0xE4, 0x17, 0xE4, 0x17, 0xE4, 0x17, 0xE4, 0x17, 0xE4, 0x17,
    0xE4, 0x17, 0xE4, 0x17, 0xE4, 0x17, 0xE4, 0x17, 0xE4, 0x17, 0xE4, 0x17, 0xE4, 0x17, 0xE4, 0x17,
    0xE4, 0x17, 0xE4, 0x17, 0xE4, 0x17, 0xE4, 0x17, 0xE4, 0x17, 0xE4, 0x17, 0xE4, 0x17, 0xE4, 0x17,
    0xE4, 0x17, 0xE4, 0x17, 0xE4, 0x17, 0xE4, 0x17, 0xE3, 0x17, 0xE3, 0x1F, 0xE6, 0xAF, 0x34, 0xF6,
    0x99, 0xEE, 0x17, 0xED, 0xF6, 0xED, 0xB5, 0xF5, 0xB5, 0xFD, 0xB5, 0xDD, 0x34, 0x76, 0x2C, 0x27,
    0xE6, 0x0F, 0xE4, 0x17, 0xE4, 0x17, 0xE4, 0x17, 0xE4, 0x17, 0xE4, 0x17, 0xE4, 0x2F, 0x87, 0x8E,
    0xAE, 0xDE, 0x96, 0xFF, 0x1A, 0xFF, 0x5C, 0xFF, 0x5C, 0xFF, 0xFF, 0x7C, 0xDE, 0x58, 0xB4, 0xD3,
    0xCD, 0x55, 0xC5, 0x34, 0xFF, 0x5C, 0xD6, 0xB8, 0x56, 0xAA, 0x27, 0xE5, 0x17, 0xE4, 0x17, 0xE4,
    0x17, 0xE4, 0x17, 0xE4, 0x17, 0xE4, 0x17, 0xE4, 0x17, 0xE4, 0x17, 0xE4, 0x17, 0xE4, 0x17, 0xE4,
    0x17, 0xE4, 0x17, 0xE4, 0x17, 0xE4, 0x17, 0xE4, 0x17, 0xE4, 0x17, 0xE4, 0x17, 0xE4, 0x17, 0xE4,
    0x17, 0xE4, 0x17, 0xE4, 0x17, 0xE4, 0x17, 0xE4, 0x17, 0xE4, 0x17, 0xE4, 0x17, 0xE4, 0x17, 0xE4,
    0x17, 0xE4, 0x17, 0xE4, 0x17, 0xE4, 0x17, 0xE4, 0x17, 0xE4, 0x17, 0xE4, 0x17, 0xE4, 0x17, 0xE4,
    0x17, 0xE4, 0x17, 0xE4, 0x17, 0xE4, 0x17, 0xE4, 0x17, 0xE4, 0x17, 0xE4, 0x17, 0xE4, 0x17, 0xE4,
    0x17, 0xE4, 0x17, 0xE4, 0x17, 0xE4, 0x17, 0xE4, 0x17, 0xE4, 0x17, 0xE4, 0x17, 0xE4, 0x17, 0xE4,
    0x17, 0xE4, 0x17, 0xE4, 0x17, 0xE4, 0x17, 0xE4, 0x17, 0xE4, 0xFF, 0x17, 0xE4, 0x17, 0xE4, 0x17,
    0xE4, 0x17, 0xE4, 0x17, 0xE4, 0x17, 0xE4, 0x17, 0xE4, 0x17, 0xE4, 0x17, 0xE4, 0x17, 0xE4, 0x17,
    0xE4, 0x17, 0xE4, 0x17, 0xE4, 0x17, 0xE4, 0x17, 0xE4, 0x17, 0xE4, 0x17, 0xE4, 0x17, 0xE4, 0x17,
    0xE4, 0x17, 0xE4, 0x17, 0xE4, 0x17, 0xE4, 0x17, 0xE4, 0x17, 0xE4, 0x17, 0xE4, 0x17, 0xE4, 0x17,
    0xE4, 0x17, 0xE4, 0x17, 0xE4, 0x17, 0xE4, 0x17, 0xE4, 0x17, 0xE4, 0x17, 0xE4, 0x17, 0xE4, 0x17,
    0xE4, 0x17, 0xE4, 0x17, 0xE4, 0x17, 0xE4, 0x17, 0xE4, 0x17, 0xE4, 0x17, 0xE4, 0x17, 0xE4, 0x17,
    0xE4, 0x17, 0xE4, 0x17, 0xE4, 0x17, 0xE3, 0x17, 0xE3, 0x27, 0xE6, 0xBF, 0x97, 0xFF, 0x5C, 0xFF,
    0x3B, 0xFE, 0xDA, 0xEE, 0x58, 0xED, 0xD6, 0xF5, 0xB6, 0xDD, 0x53, 0x76, 0x4C, 0x27, 0xE6, 0x0F,
    0xE4, 0x17, 0xE4, 0x17, 0xE4, 0x17, 0xE4, 0x17, 0xE4, 0x0F, 0xE4, 0xFF, 0x17, 0xE6, 0x47, 0x49,
    0xD7, 0xB7, 0xFF, 0x9B, 0xFF, 0x5C, 0xF7, 0x5C, 0xFF, 0x9C, 0xD5, 0xF7, 0xB4, 0xD2, 0xBC, 0xD3,
    0xE6, 0x17, 0xFF, 0x1C, 0xB4, 0xB2, 0x5D, 0xEB, 0x37, 0xE7, 0x17, 0xE4, 0x17, 0xE4, 0x17, 0xE4,
    0x17, 0xE4, 0x17, 0xE4, 0x17, 0xE4, 0x17, 0xE4, 0x17, 0xE4, 0x17, 0xE4, 0x17, 0xE4, 0x17, 0xE4,
    0x17, 0xE4, 0x17, 0xE4, 0x17, 0xE4, 0x17, 0xE4, 0x17, 0xE4, 0x17, 0xE4, 0x17, 0xE4, 0x17, 0xE4,
    0x17, 0xE4, 0x17, 0xE4, 0x17, 0xE4, 0x17, 0xE4, 0x17, 0xE4, 0x17, 0xE4, 0x17, 0xE4, 0x17, 0xE4,
    0x17, 0xE4, 0x17, 0xE4, 0x17, 0xE4, 0x17, 0xE4, 0x17, 0xE4, 0x17, 0xE4, 0x17, 0xE4, 0x17, 0xE4,
    0x17, 0xE4, 0x17, 0xE4, 0x17, 0xE4, 0x17, 0xE4, 0x17, 0xE4, 0x17, 0xE4, 0x17, 0xE4, 0x17, 0xE4,
    0x17, 0xE4, 0x17, 0xE4, 0x17, 0xE4, 0x17, 0xE4, 0x17, 0xE4, 0x17, 0xE4, 0xFF, 0x17, 0xE4, 0x17,
    0xE4, 0x17, 0xE4, 0x17, 0xE4, 0x17, 0xE4, 0x17, 0xE4, 0x17, 0xE4, 0x17, 0xE4, 0x17, 0xE4, 0x17,
    0xE4, 0x17, 0xE4, 0x17, 0xE4, 0x17, 0xE4, 0x17, 0xE4, 0x17, 0xE4, 0x17, 0xE4, 0x17, 0xE4, 0x17,
    0xE4, 0x17, 0xE4, 0x17, 0xE4, 0x17, 0xE4, 0x17, 0xE4, 0x17, 0xE4, 0x17, 0xE4, 0x17, 0xE4, 0x17,
    0xE4, 0x17, 0xE4, 0x17, 0xE4, 0x17, 0xE4, 0x17, 0xE4, 0x17, 0xE4, 0x17, 0xE4, 0x17, 0xE4, 0x17,
    0xE4, 0x17, 0xE4, 0x17, 0xE4, 0x17, 0xE4, 0x17, 0xE4, 0x17, 0xE4, 0x17, 0xE4, 0x17, 0xE4, 0x17,
    0xE4, 0x17, 0xE4, 0x17, 0xE4, 0x17, 0xE4, 0x17, 0xE4, 0x17, 0xE4, 0x17, 0xE4, 0x17, 0xE4, 0x17,
    0xE4, 0x17, 0xE4, 0x17, 0xE3, 0x17, 0xE3, 0x2F, 0xE7, 0xC7, 0xB8, 0xFF, 0x5D, 0xFF, 0x3C, 0xEE,
    0xBA, 0xF6, 0x99, 0xF6, 0x58, 0xED, 0xD6, 0xC5, 0x72, 0x5F, 0x0A, 0x1F, 0xE5, 0xFF, 0x0F, 0xE4,
    0x17, 0xE4, 0x17, 0xE4, 0x17, 0xE4, 0x17, 0xE4, 0x17, 0xE4, 0x17, 0xE5, 0x1F, 0xE5, 0x97, 0xF1,
    0xE7, 0xFA, 0xEF, 0xBB, 0xF7, 0xBC, 0xDF, 0x79, 0x95, 0x70, 0xAD, 0x31, 0xC4, 0x50, 0xC4, 0x10,
    0xBB, 0x4E, 0x82, 0x29, 0x5D, 0x6A, 0x37, 0xE7, 0x17, 0xE4, 0x17, 0xE4, 0x17, 0xE4, 0x17, 0xE4,
    0x17, 0xE4, 0x17, 0xE4, 0x17, 0xE4, 0x17, 0xE4, 0x17, 0xE4, 0x17, 0xE4, 0x17, 0xE4, 0x17, 0xE4,
    0x17, 0xE4, 0x17, 0xE4, 0x17, 0xE4, 0x17, 0xE4, 0x17, 0xE4, 0x17, 0xE4, 0x17, 0xE4, 0x17, 0xE4,
    0x17, 0xE4, 0x17, 0xE4, 0x17, 0xE4, 0x17, 0xE4, 0x17, 0xE4, 0x17, 0xE4, 0x17, 0xE4, 0x17, 0xE4,
    0x17, 0xE4, 0x17, 0xE4, 0x17, 0xE4, 0x17, 0xE4, 0x17, 0xE4, 0x17, 0xE4, 0x17, 0xE4, 0x17, 0xE4,
    0x17, 0xE4, 0x17, 0xE4, 0x17, 0xE4, 0x17, 0xE4, 0x17, 0xE4, 0x17, 0xE4, 0x17, 0xE4, 0xFF, 0x17,
    0xE4, 0x17, 0xE4, 0x17, 0xE4, 0x17, 0xE4, 0x17, 0xE4, 0x17, 0xE4, 0x17, 0xE4, 0x17, 0xE4, 0x17,
    0xE4, 0x17, 0xE4, 0x17, 0xE4, 0x17, 0xE4, 0x17, 0xE4, 0x17, 0xE4, 0x17, 0xE4, 0x17, 0xE4, 0x17,
    0xE4, 0x17, 0xE4, 0x17, 0xE4, 0x17, 0xE4, 0x17, 0xE4, 0x17, 0xE4, 0x17, 0xE4, 0x17, 0xE4, 0x17,
    0xE4, 0x17, 0xE4, 0x17, 0xE4, 0x17, 0xE4, 0x17, 0xE4, 0x17, 0xE4, 0x17, 0xE4, 0x17, 0xE4, 0x17,
    0xE4, 0x17, 0xE4, 0x17, 0xE4, 0x17, 0xE4, 0x17, 0xE4, 0x17, 0xE4, 0x17, 0xE4, 0x17, 0xE4, 0x17,
    0xE4, 0x17, 0xE4, 0x17, 0xE4, 0x17, 0xE4, 0x17, 0xE4, 0x17, 0xE4, 0x17, 0xE4, 0x17, 0xE4, 0x17,
    0xE4, 0x17, 0xE4, 0x17, 0xE4, 0x17, 0xE4, 0x17, 0xE4, 0x17, 0xE4, 0x17, 0xE4, 0x17, 0xE4, 0x17,
    0xE4, 0x17, 0xE3, 0x17, 0xE3, 0x37, 0xA8, 0xD7, 0xB9, 0xFF, 0x5D, 0xF6, 0xDA, 0xDE, 0x58, 0xFF,
    0xDE, 0x38, 0xE6, 0x18, 0xED, 0xF7, 0xA5, 0x90, 0x47, 0xC8, 0x17, 0xE4, 0x17, 0xE4, 0x17, 0xE4,
    0x17, 0xE4, 0x17, 0xE4, 0x17, 0xE4, 0x17, 0xE4, 0x17, 0xE4, 0x17, 0xE4, 0x2F, 0xE7, 0x87, 0xF1,
    0xA7, 0xF5, 0xA7, 0x93, 0x6E, 0xED, 0x35, 0xE7, 0x4B, 0xE6, 0x79, 0xE6, 0x99, 0xC8, 0xAA, 0x4A,
    0x82, 0x67, 0x4E, 0x07, 0x27, 0xE6, 0x0F, 0xE4, 0x17, 0xE4, 0x17, 0xE4, 0x17, 0xE4, 0x17, 0xE4,
    0x17, 0xE4, 0x17, 0xE4, 0x17, 0xE4, 0x17, 0xE4, 0x17, 0xE4, 0x17, 0xE4, 0x17, 0xE4, 0x17, 0xE4,
    0x17, 0xE4, 0x17, 0xE4, 0x17, 0xE4, 0x17, 0xE4, 0x17, 0xE4, 0x17, 0xE4, 0x17, 0xE4, 0x17, 0xE4,
    0x17, 0xE4, 0x17, 0xE4, 0x17, 0xE4, 0x17, 0xE4, 0x17, 0xE4, 0x17, 0xE4, 0x17, 0xE4, 0x17, 0xE4,
    0x17, 0xE4, 0x17, 0xE4, 0x17, 0xE4, 0x17, 0xE4, 0x17, 0xE4, 0x17, 0xE4, 0x17, 0xE4, 0x17, 0xE4,
    0xFF, 0x17, 0xE4, 0x17, 0xE4, 0x17, 0xE4, 0x17, 0xE4, 0x17, 0xE4, 0x17, 0xE4, 0x17, 0xE4, 0x17,
    0xE4, 0x17, 0xE4, 0x17, 0xE4, 0x17, 0xE4, 0x17, 0xE4, 0x17, 0xE4, 0x17, 0xE4, 0x17, 0xE4, 0x17,
    0xE4, 0x17, 0xE4, 0x17, 0xE4, 0x17, 0xE4, 0x17, 0xE4, 0x17, 0xE4, 0x17, 0xE4, 0x17, 0xE4, 0x17,
    0xE4, 0x17, 0xE4, 0x17, 0xE4, 0x17, 0xE4, 0x17, 0xE4, 0x17, 0xE4, 0x17, 0xE4, 0x17, 0xE4, 0x17,
    0xE4, 0x17, 0xE4, 0x17, 0xE4, 0x17, 0xE4, 0x17, 0xE4, 0x17, 0xE4, 0x17, 0xE4, 0x17, 0xE4, 0x17,
    0xE4, 0x17, 0xE4, 0x17, 0xE4, 0x17, 0xE4, 0x17, 0xE4, 0x17, 0xE4, 0x17, 0xE4, 0x17, 0xE4, 0x17,
    0xE4, 0x17, 0xE4, 0x17, 0xE4, 0x17, 0xE4, 0x17, 0xE4, 0x17, 0xE4, 0x17, 0xE4, 0x17, 0xE4, 0x17,
    0xE4, 0x17, 0xE4, 0x17, 0xE4, 0x17, 0xE4, 0x17, 0xE4, 0x17, 0xE4, 0x17, 0xE4, 0x17, 0xE4, 0x17,
    0xE3, 0xFF, 0x0F, 0xE3, 0x47, 0xAA, 0xDF, 0xBA, 0xFF, 0x5D, 0xF6, 0xDB, 0xE6, 0x58, 0xEE, 0xBA,
    0xEE, 0x99, 0xE5, 0xF8, 0x8D, 0x8E, 0x3F, 0xE8, 0x17, 0xE4, 0x17, 0xE4, 0x1F, 0xE4, 0x17, 0xE4,
    0x17, 0xE4, 0x17, 0xE4, 0x17, 0xE4, 0x17, 0xE4, 0x17, 0xE4, 0x17, 0xE5, 0x1F, 0xE6, 0x2F, 0xE8,
    0x2F, 0xE7, 0x27, 0xE6, 0x2F, 0xE6, 0x14, 0xC0, 0x52, 0x83, 0x7A, 0x47, 0x72, 0xC7, 0x5C, 0x46,
    0x47, 0xC7, 0x1F, 0xE4, 0x17, 0xE4, 0x17, 0xE4, 0x17, 0xE4, 0x17, 0xE4, 0x17, 0xE4, 0x17, 0xE4,
    0x17, 0xE4, 0x17, 0xE4, 0x17, 0xE4, 0x17, 0xE4, 0x17, 0xE4, 0x17, 0xE4, 0x17, 0xE4, 0x17, 0xE4,
    0x17, 0xE4, 0x17, 0xE4, 0x17, 0xE4, 0x17, 0xE4, 0x17, 0xE4, 0x17, 0xE4, 0x17, 0xE4, 0x17, 0xE4,
    0x17, 0xE4, 0x17, 0xE4, 0x17, 0xE4, 0x17, 0xE4, 0x17, 0xE4, 0x17, 0xE4, 0x17, 0xE4, 0x17, 0xE4,
    0x17, 0xE4, 0xFF, 0x17, 0xE4, 0x17, 0xE4, 0x17, 0xE4, 0x17, 0xE4, 0x17, 0xE4, 0x17, 0xE4, 0x17,
    0xE4, 0x17, 0xE4, 0x17, 0xE4, 0x17, 0xE4, 0x17, 0xE4, 0x17, 0xE4, 0x17, 0xE4, 0x17, 0xE4, 0x17,
    0xE4, 0x17, 0xE4, 0x17, 0xE4, 0x17, 0xE4, 0x17, 0xE4, 0x17, 0xE4, 0x17, 0xE4, 0x17, 0xE4, 0x17,
    0xE4, 0x17, 0xE4, 0x17, 0xE4, 0x17, 0xE4, 0x17, 0xE4, 0x17, 0xE4, 0x17, 0xE4, 0x17, 0xE4, 0x17,
    0xE4, 0x17, 0xE4, 0x17, 0xE4, 0x17, 0xE4, 0x17, 0xE4, 0x17, 0xE4, 0x17, 0xE4, 0x17, 0xE4, 0x17,
    0xE4, 0x17, 0xE4, 0x17, 0xE4, 0x17, 0xE4, 0x17, 0xE4, 0x17, 0xE4, 0x17, 0xE4, 0x17, 0xE4, 0x17,
    0xE4, 0x17, 0xE4, 0x17, 0xE4, 0x17, 0xE4, 0x17, 0xE4, 0x17, 0xE4, 0x17, 0xE4, 0x17, 0xE4, 0x17,
    0xE4, 0x17, 0xE4, 0x17, 0xE4, 0x17, 0xE4, 0x17, 0xE4, 0x17, 0xE4, 0x17, 0xE4, 0x17, 0xE4, 0x17,
    0xE4, 0x17, 0xE4, 0xFF, 0x17, 0xE4, 0x17, 0xE4, 0x17, 0xE4, 0x17, 0xE4, 0x17, 0xE4, 0x17, 0xE3,
    0x0F, 0xE4, 0x57, 0xAC, 0xEF, 0xBB, 0xFF, 0x5C, 0xFF, 0x3C, 0xEE, 0xDA, 0xE6, 0x79, 0xE6, 0x79,
    0xDE, 0x38, 0x75, 0xCD, 0x2F, 0xE7, 0x17, 0xE3, 0x17, 0xE4, 0x17, 0xE4, 0x17, 0xE4, 0x17, 0xE4,
    0x17, 0xE4, 0x17, 0xE4, 0x17, 0xE4, 0x17, 0xE4, 0x17, 0xE4, 0x17, 0xE4, 0x1F, 0xE5, 0x1F, 0xE5,
    0x17, 0xE4, 0x1F, 0xE4, 0x1F, 0xE4, 0x1D, 0x61, 0x34, 0xA3, 0x35, 0x64, 0x47, 0x48, 0x2F, 0xE6,
    0x17, 0xE4, 0x17, 0xE4, 0x17, 0xE4, 0x17, 0xE3, 0x17, 0xE4, 0x17, 0xE4, 0x17, 0xE4, 0x17, 0xE4,
    0x17, 0xE4, 0x17, 0xE4, 0x17, 0xE4, 0x17, 0xE4, 0x17, 0xE4, 0x17, 0xE4, 0x17, 0xE4, 0x17, 0xE4,
    0x17, 0xE4, 0x17, 0xE4, 0x17, 0xE4, 0x17, 0xE4, 0x17, 0xE4, 0x17, 0xE4, 0x17, 0xE4, 0x17, 0xE4,
    0x17, 0xE4, 0x17, 0xE4, 0xFF, 0x17, 0xE4, 0x17, 0xE4, 0x17, 0xE4, 0x17, 0xE4, 0x17, 0xE4, 0x17,
    0xE4, 0x17, 0xE4, 0x17, 0xE4, 0x17, 0xE4, 0x17, 0xE4, 0x17, 0xE4, 0x17, 0xE4, 0x17, 0xE4, 0x17,
    0xE4, 0x17, 0xE4, 0x17, 0xE4, 0x17, 0xE4, 0x17, 0xE4, 0x17, 0xE4, 0x17, 0xE4, 0x17, 0xE4, 0x17,
    0xE4, 0x17, 0xE4, 0x17, 0xE4, 0x17, 0xE4, 0x17, 0xE4, 0x17, 0xE4, 0x17, 0xE4, 0x17, 0xE4, 0x17,
    0xE4, 0x17, 0xE4, 0x17, 0xE4, 0x17, 0xE4, 0x17, 0xE4, 0x17, 0xE4, 0x17, 0xE4, 0x17, 0xE4, 0x17,
    0xE4, 0x17, 0xE4, 0x17, 0xE4, 0x17, 0xE4, 0x17, 0xE4, 0x17, 0xE4, 0x17, 0xE4, 0x17, 0xE4, 0x17,
    0xE4, 0x17, 0xE4, 0x17, 0xE4, 0x17, 0xE4, 0x17, 0xE4, 0x17, 0xE4, 0x17, 0xE4, 0x17, 0xE4, 0x17,
    0xE4, 0x17, 0xE4, 0x17, 0xE4, 0x17, 0xE4, 0x17, 0xE4, 0x17, 0xE4, 0x17, 0xE4, 0x17, 0xE4, 0x17,
    0xE4, 0x17, 0xE4, 0x17, 0xE4, 0xFF, 0x17, 0xE4, 0x17, 0xE4, 0x17, 0xE4, 0x17, 0xE4, 0x17, 0xE4,
    0x17, 0xE4, 0x17, 0xE4, 0x17, 0xE4, 0x17, 0xE4, 0x17, 0xE4, 0x17, 0xE4, 0x17, 0xE4, 0x0F, 0xE4,
    0x6F, 0x8F, 0xF7, 0xBC, 0xFF, 0x5C, 0xFF, 0x5C, 0xFF, 0x5C, 0xFF, 0x5C, 0xF6, 0xFB, 0xD6, 0x17,
    0x66, 0x2C, 0x27, 0xE6, 0x17, 0xE4, 0x17, 0xE4, 0x17, 0xE4, 0x17, 0xE4, 0x17, 0xE4, 0x17, 0xE4,
    0x17, 0xE4, 0x17, 0xE4, 0x17, 0xE4, 0x17, 0xE4, 0x17, 0xE4, 0x17, 0xE4, 0x17, 0xE4, 0x17, 0xE4,
    0x17, 0xE4, 0x1F, 0xE4, 0x1F, 0xE4, 0x2F, 0xE5, 0x2F, 0xE5, 0x27, 0xE5, 0x1F, 0xE4, 0x17, 0xE4,
    0x17, 0xE4, 0x17, 0xE4, 0x17, 0xE3, 0x17, 0xE4, 0x17, 0xE4, 0x17, 0xE4, 0x17, 0xE4, 0x17, 0xE4,
    0x17, 0xE4, 0x17, 0xE4, 0x17, 0xE4, 0x17, 0xE4, 0x17, 0xE4, 0x17, 0xE4, 0x17, 0xE4, 0x17, 0xE4,
    0x17, 0xE4, 0x17, 0xE4, 0x17, 0xE4, 0xFF, 0x17, 0xE4, 0x17, 0xE4, 0x17, 0xE4, 0x17, 0xE4, 0x17,
    0xE4, 0x17, 0xE4, 0x17, 0xE4, 0x17, 0xE4, 0x17, 0xE4, 0x17, 0xE4, 0x17, 0xE4, 0x17, 0xE4, 0x17,
    0xE4, 0x17, 0xE4, 0x17, 0xE4, 0x17, 0xE4, 0x17, 0xE4, 0x17, 0xE4, 0x17, 0xE4, 0x17, 0xE4, 0x17,
    0xE4, 0x17, 0xE4, 0x17, 0xE4, 0x17, 0xE4, 0x17, 0xE4, 0x17, 0xE4, 0x17, 0xE4, 0x17, 0xE4, 0x17,
    0xE4, 0x17, 0xE4, 0x17, 0xE4, 0x17, 0xE4, 0x17, 0xE4, 0x17, 0xE4, 0x17, 0xE4, 0x17, 0xE4, 0x17,
    0xE4, 0x17, 0xE4, 0x17, 0xE4, 0x17, 0xE4, 0x17, 0xE4, 0x17, 0xE4, 0x17, 0xE4, 0x17, 0xE4, 0x17,
    0xE4, 0x17, 0xE4, 0x17, 0xE4, 0x17, 0xE4, 0x17, 0xE4, 0x17, 0xE4, 0x17, 0xE4, 0x17, 0xE4, 0x17,
    0xE4, 0x17, 0xE4, 0x17, 0xE4, 0x17, 0xE4, 0x17, 0xE4, 0x17, 0xE4, 0x17, 0xE4, 0x17, 0xE4, 0x17,
    0xE4, 0x17, 0xE4, 0x17, 0xE4, 0x17, 0xE4, 0xFF, 0x17, 0xE4, 0x17, 0xE4, 0x17, 0xE4, 0x17, 0xE4,
    0x17, 0xE4, 0x17, 0xE4, 0x17, 0xE4, 0x17, 0xE4, 0x17, 0xE4, 0x17, 0xE4, 0x17, 0xE4, 0x17, 0xE4,
    0x17, 0xE4, 0x17, 0xE4, 0x17, 0xE4, 0x17, 0xE4, 0x17, 0xE4, 0x17, 0xE4, 0x0F, 0xE3, 0x77, 0x8F,
    0xF7, 0x7C, 0xFF, 0x5C, 0xFF, 0x5C, 0xFF, 0x5C, 0xFF, 0x5C, 0xFF, 0x7D, 0xD6, 0x98, 0x5E, 0xAC,
    0x27, 0xE6, 0x17, 0xE3, 0x17, 0xE4, 0x17, 0xE4, 0x17, 0xE4, 0x17, 0xE4, 0x17, 0xE4, 0x17, 0xE4,
    0x17, 0xE4, 0x17, 0xE4, 0x17, 0xE4, 0x17, 0xE4, 0x17, 0xE4, 0x17, 0xE4, 0x17, 0xE4, 0x17, 0xE4,
    0x17, 0xE4, 0x17, 0xE4, 0x17, 0xE4, 0x17, 0xE4, 0x17, 0xE4, 0x17, 0xE4, 0x17, 0xE4, 0x17, 0xE4,
    0x17, 0xE4, 0x17, 0xE3, 0x17, 0xE4, 0x17, 0xE4, 0x17, 0xE4, 0x17, 0xE4, 0x17, 0xE4, 0x17, 0xE4,
    0x17, 0xE4, 0x17, 0xE4, 0x17, 0xE4, 0x17, 0xE4, 0xFF, 0x17, 0xE4, 0x17, 0xE4, 0x17, 0xE4, 0x17,
    0xE4, 0x17, 0xE4, 0x17, 0xE4, 0x17, 0xE4, 0x17, 0xE4, 0x17, 0xE4, 0x17, 0xE4, 0x17, 0xE4, 0x17,
    0xE4, 0x17, 0xE4, 0x17, 0xE4, 0x17, 0xE4, 0x17, 0xE4, 0x17, 0xE4, 0x17, 0xE4, 0x17, 0xE4, 0x17,
    0xE4, 0x17, 0xE4, 0x17, 0xE4, 0x17, 0xE4, 0x17, 0xE4, 0x17, 0xE4, 0x17, 0xE4, 0x17, 0xE4, 0x17,
    0xE4, 0x17, 0xE4, 0x17, 0xE4, 0x17, 0xE4, 0x17, 0xE4, 0x17, 0xE4, 0x17, 0xE4, 0x17, 0xE4, 0x17,
    0xE4, 0x17, 0xE4, 0x17, 0xE4, 0x17, 0xE4, 0x17, 0xE4, 0x17, 0xE4, 0x17, 0xE4, 0x17, 0xE4, 0x17,
    0xE4, 0x17, 0xE4, 0x17, 0xE4, 0x17, 0xE4, 0x17, 0xE4, 0x17, 0xE4, 0x17, 0xE4, 0x17, 0xE4, 0x17,
    0xE4, 0x17, 0xE4, 0x17, 0xE4, 0x17, 0xE4, 0x17, 0xE4, 0x17, 0xE4, 0x17, 0xE4, 0x17, 0xE4, 0x17,
    0xE4, 0x17, 0xE4, 0x17, 0xE4, 0x17, 0xE4, 0x17, 0xE4, 0xFF, 0x17, 0xE4, 0x17, 0xE4, 0x17, 0xE4,
    0x17, 0xE4, 0x17, 0xE4, 0x17, 0xE4, 0x17, 0xE4, 0x17, 0xE4, 0x17, 0xE4, 0x17, 0xE4, 0x17, 0xE4,
    0x17, 0xE4, 0x17, 0xE4, 0x17, 0xE4, 0x17, 0xE4, 0x17, 0xE4, 0x17, 0xE4, 0x17, 0xE4, 0x17, 0xE4,
    0x17, 0xE4, 0x17, 0xE4, 0x17, 0xE4, 0x17, 0xE4, 0x17, 0xE4, 0x0F, 0xE3, 0x77, 0x6F, 0xDE, 0xBA,
    0xEE, 0xFB, 0xF7, 0x5C, 0xFF, 0x5D, 0xFF, 0x7D, 0xFF, 0x7D, 0xC6, 0x76, 0x56, 0xEC, 0x27, 0xE5,
    0x17, 0xE3, 0x17, 0xE4, 0x17, 0xE4, 0x17, 0xE4, 0x17, 0xE4, 0x17, 0xE4, 0x17, 0xE4, 0x17, 0xE4,
    0x17, 0xE4, 0x17, 0xE4, 0x17, 0xE4, 0x17, 0xE4, 0x17, 0xE4, 0x17, 0xE4, 0x17, 0xE4, 0x17, 0xE4,
    0x17, 0xE4, 0x17, 0xE4, 0x17, 0xE4, 0x17, 0xE4, 0x17, 0xE4, 0x17, 0xE4, 0x17, 0xE4, 0x17, 0xE4,
    0x17, 0xE4, 0x17, 0xE4, 0x17, 0xE4, 0x17, 0xE4, 0x17, 0xE4, 0xFF, 0x17, 0xE4, 0x17, 0xE4, 0x17,
    0xE4, 0x17, 0xE4, 0x17, 0xE4, 0x17, 0xE4, 0x17, 0xE4, 0x17, 0xE4, 0x17, 0xE4, 0x17, 0xE4, 0x17,
    0xE4, 0x17, 0xE4, 0x17, 0xE4, 0x17, 0xE4, 0x17, 0xE4, 0x17, 0xE4, 0x17, 0xE4, 0x17, 0xE4, 0x17,
    0xE4, 0x17, 0xE4, 0x17, 0xE4, 0x17, 0xE4, 0x17, 0xE4, 0x17, 0xE4, 0x17, 0xE4, 0x17, 0xE4, 0x17,
    0xE4, 0x17, 0xE4, 0x17, 0xE4, 0x17, 0xE4, 0x17, 0xE4, 0x17, 0xE4, 0x17, 0xE4, 0x17, 0xE4, 0x17,
    0xE4, 0x17, 0xE4, 0x17, 0xE4, 0x17, 0xE4, 0x17, 0xE4, 0x17, 0xE4, 0x17, 0xE4, 0x17, 0xE4, 0x17,
    0xE4, 0x17, 0xE4, 0x17, 0xE4, 0x17, 0xE4, 0x17, 0xE4, 0x17, 0xE4, 0x17, 0xE4, 0x17, 0xE4, 0x17,
    0xE4, 0x17, 0xE4, 0x17, 0xE4, 0x17, 0xE4, 0x17, 0xE4, 0x17, 0xE4, 0x17, 0xE4, 0x17, 0xE4, 0x17,
    0xE4, 0x17, 0xE4, 0x17, 0xE4, 0x17, 0xE4, 0x17, 0xE4, 0x17, 0xE4, 0xFF, 0x17, 0xE4, 0x17, 0xE4,
    0x17, 0xE4, 0x17, 0xE4, 0x17, 0xE4, 0x17, 0xE4, 0x17, 0xE4, 0x17, 0xE4, 0x17, 0xE4, 0x17, 0xE4,
    0x17, 0xE4, 0x17, 0xE4, 0x17, 0xE4, 0x17, 0xE4, 0x17, 0xE4, 0x17, 0xE4, 0x17, 0xE4, 0x17, 0xE4,
    0x17, 0xE4, 0x17, 0xE4, 0x17, 0xE4, 0x17, 0xE4, 0x17, 0xE4, 0x17, 0xE4, 0x17, 0xE4, 0x17, 0xE4,
    0x17, 0xE4, 0x17, 0xE4, 0x17, 0xE4, 0x17, 0xE3, 0x0F, 0xE2, 0x7F, 0xD0, 0xEF, 0x7D, 0xE6, 0xDB,
    0xDE, 0x9A, 0xDE, 0xBA, 0xE6, 0xBA, 0xE6, 0xBB, 0xAD, 0xF5, 0x4F, 0x2C, 0x27, 0xE5, 0x17, 0xE3,
    0x17, 0xE4, 0x17, 0xE4, 0x17, 0xE4, 0x17, 0xE4, 0x17, 0xE4, 0x17, 0xE4, 0x17, 0xE4, 0x17, 0xE4,
    0x17, 0xE4, 0x17, 0xE4, 0x17, 0xE4, 0x17, 0xE4, 0x17, 0xE4, 0x17, 0xE4, 0x17, 0xE4, 0x17, 0xE4,
    0x17, 0xE4, 0x17, 0xE4, 0x17, 0xE4, 0x17, 0xE4, 0x17, 0xE4, 0x17, 0xE4, 0xFF, 0x17, 0xE4, 0x17,
    0xE4, 0x17, 0xE4, 0x17, 0xE4, 0x17, 0xE4, 0x17, 0xE4, 0x17, 0xE4, 0x17, 0xE4, 0x17, 0xE4, 0x17,
    0xE4, 0x17, 0xE4, 0x17, 0xE4, 0x17, 0xE4, 0x17, 0xE4, 0x17, 0xE4, 0x17, 0xE4, 0x17, 0xE4, 0x17,
    0xE4, 0x17, 0xE4, 0x17, 0xE4, 0x17, 0xE4, 0x17, 0xE4, 0x17, 0xE4, 0x17, 0xE4, 0x17, 0xE4, 0x17,
    0xE4, 0x17, 0xE4, 0x17, 0xE4, 0x17, 0xE4, 0x17, 0xE4, 0x17, 0xE4, 0x17, 0xE4, 0x17, 0xE4, 0x17,
    0xE4, 0x17, 0xE4, 0x17, 0xE4, 0x17, 0xE4, 0x17, 0xE4, 0x17, 0xE4, 0x17, 0xE4, 0x17, 0xE4, 0x17,
    0xE4, 0x17, 0xE4, 0x17, 0xE4, 0x17, 0xE4, 0x17, 0xE4, 0x17, 0xE4, 0x17, 0xE4, 0x17, 0xE4, 0x17,
    0xE4, 0x17, 0xE4, 0x17, 0xE4, 0x17, 0xE4, 0x17, 0xE4, 0x17, 0xE4, 0x17, 0xE4, 0x17, 0xE4, 0x17,
    0xE4, 0x17, 0xE4, 0x17, 0xE4, 0x17, 0xE4, 0x17, 0xE4, 0x17, 0xE4, 0x17, 0xE4, 0xCC, 0x17, 0xE4,
    0x17, 0xE4, 0x17, 0xE4, 0x17, 0xE4, 0x17, 0xE4, 0x17, 0xE4, 0x17, 0xE4, 0x17, 0xE4, 0x17, 0xE4,
    0x17, 0xE4, 0x17, 0xE4, 0x17, 0xE4, 0x17, 0xE4, 0x17, 0xE4, 0x17, 0xE4, 0x17, 0xE4, 0x17, 0xE4,
    0x17, 0xE4, 0x17, 0xE4, 0x17, 0xE4, 0x17, 0xE4, 0x17, 0xE4, 0x17, 0xE4, 0x17, 0xE4, 0x17, 0xE4,
    0x17, 0xE4, 0x17, 0xE4, 0x17, 0xE4, 0x17, 0xE4, 0x17, 0xE4, 0x17, 0xE4, 0x17, 0xE4, 0x17, 0xE4,
    0x17, 0xE4, 0x17, 0xE4, 0x17, 0xE3, 0x0F, 0xE2, 0x77, 0xEF, 0xF7, 0x02, 0xFF, 0xFF, 0xDF, 0xFF,
    0xBE, 0xF7, 0x7E, 0xF7, 0x5D, 0xFF, 0x7E, 0xB6, 0x96, 0x4F, 0x6B, 0x1F, 0xE5, 0x17, 0xE4, 0x17,
    0xE4, 0x17, 0xE4, 0x17, 0xE4, 0x17, 0xE4, 0x17, 0xE4, 0x17, 0xE4, 0x17, 0xE4, 0x17, 0xE4, 0x17,
    0xE4, 0x17, 0xE4, 0x17, 0xE4, 0x17, 0xE4, 0x17, 0xE4, 0x17, 0xE4, 0x17, 0xE4, 0x17, 0xE4, 0x17,
    0xE4, 0x17, 0xE4, 0x17, 0xE4, 0x17, 0xE4, 0x17, 0xE4, 0x17, 0xE4, 0x17, 0xE4, 0x17, 0xE4, 0x17,
    0xE4, 0x17, 0xE4, 0x17, 0xE4, 0x17, 0xE4, 0x17, 0xE4, 0x17, 0xE4, 0x17, 0xE4, 0x17, 0xE4, 0x17,
    0xE4, 0x17, 0xE4, 0x17, 0xE4, 0x17, 0xE4, 0x17, 0xE4, 0x17, 0xE4, 0x17, 0xE4, 0x17, 0xE4, 0x17,
    0xE4, 0x17, 0xE4, 0x17, 0xE4, 0x17, 0xE4, 0x17, 0xE4, 0x17, 0xE4, 0x17, 0xE4, 0x17, 0xE4, 0x17,
    0xE4, 0x17, 0xE4, 0x17, 0xE4, 0x17, 0xE4, 0x17, 0xE4, 0x17, 0xE4, 0x17, 0xE4, 0x17, 0xFF, 0xE4,
    0x17, 0xE4, 0x17, 0xE4, 0x17, 0xE4, 0x17, 0xE4, 0x17, 0xE4, 0x17, 0xE4, 0x17, 0xE4, 0x17, 0xE4,
    0x17, 0xE4, 0x17, 0xE4, 0x17, 0xE4, 0x17, 0xE4, 0x17, 0xE4, 0x17, 0xE4, 0x17, 0xE4, 0x17, 0xE4,
    0x17, 0xE4, 0x17, 0xE4, 0x17, 0xE4, 0x17, 0xE4, 0x17, 0xE4, 0x17, 0xE4, 0x17, 0xE4, 0x17, 0xE4,
    0x17, 0xE4, 0x17, 0xE4, 0x17, 0xE4, 0x17, 0xE4, 0x17, 0xE4, 0x17, 0xE4, 0x17, 0xE4, 0x17, 0xE4,
    0x17, 0xE4, 0x17, 0xE4, 0x17, 0xE4, 0x17, 0xE4, 0x17, 0xE4, 0x17, 0xE4, 0x17, 0xE4, 0x17, 0xE4,
    0x17, 0xE4, 0x17, 0xE4, 0x17, 0xE4, 0x17, 0xE4, 0x17, 0xE4, 0x17, 0xE4, 0x17, 0xE4, 0x17, 0xE4,
    0x17, 0xE4, 0x17, 0xE4, 0x17, 0xE4, 0x17, 0xE4, 0x17, 0xE4, 0x17, 0xE4, 0x17, 0xE4, 0x17, 0xE4,
    0x17, 0xE4, 0x17, 0xE4, 0x17, 0xE4, 0x17, 0xE4, 0x17, 0xE4, 0x17, 0xE4, 0x17, 0xE4, 0x17, 0x8C,
    0xE4, 0x17, 0xE4, 0x17, 0xE3, 0x0F, 0xE3, 0x57, 0xCC, 0xEF, 0xFE, 0xFF, 0xDF, 0x03, 0xFF, 0x82,
    0xDF, 0xFF, 0xDF, 0x02, 0xFF, 0xFF, 0xAE, 0xB5, 0x47, 0xCA, 0x1F, 0xE4, 0x17, 0xE4, 0x17, 0xE4,
    0x17, 0xE4, 0x17, 0xE4, 0x17, 0xE4, 0x17, 0xE4, 0x17, 0xE4, 0x17, 0xE4, 0x17, 0xE4, 0x17, 0xE4,
    0x17, 0xE4, 0x17, 0xE4, 0x17, 0xE4, 0x17, 0xE4, 0x17, 0xE4, 0x17, 0xE4, 0x17, 0xE4, 0x17, 0xE4,
    0x17, 0xE4, 0x17, 0xE4, 0x17, 0xE4, 0x17, 0xE4, 0x17, 0xE4, 0x17, 0xE4, 0x17, 0xE4, 0x17, 0xE4,
    0x17, 0xE4, 0x17, 0xE4, 0x17, 0xE4, 0x17, 0xE4, 0x17, 0xE4, 0x17, 0xE4, 0x17, 0xE4, 0x17, 0xE4,
    0x17, 0xE4, 0x17, 0xE4, 0x17, 0xE4, 0x17, 0xE4, 0x17, 0xE4, 0x17, 0xE4, 0x17, 0xE4, 0x17, 0xE4,
    0x17, 0xE4, 0x17, 0xE4, 0x17, 0xE4, 0x17, 0xE4, 0x17, 0xE4, 0x17, 0xE4, 0x17, 0xE4, 0x17, 0xE4,
    0x17, 0xE4, 0x17, 0xE4, 0x17, 0xE4, 0x17, 0xE4, 0x17, 0xE4, 0x17, 0xE4, 0x17, 0xE4, 0x17, 0xE4,
    0x17, 0xE4, 0x17, 0xE4, 0x17, 0xE4, 0xFF, 0x17, 0xE4, 0x17, 0xE4, 0x17, 0xE4, 0x17, 0xE4, 0x17,
    0xE4, 0x17, 0xE4, 0x17, 0xE4, 0x17, 0xE4, 0x17, 0xE4, 0x17, 0xE4, 0x17, 0xE4, 0x17, 0xE4, 0x17,
    0xE4, 0x17, 0xE4, 0x17, 0xE4, 0x17, 0xE4, 0x17, 0xE4, 0x17, 0xE4, 0x17, 0xE4, 0x17, 0xE4, 0x17,
    0xE4, 0x17, 0xE4, 0x17, 0xE4, 0x17, 0xE4, 0x17, 0xE4, 0x17, 0xE4, 0x17, 0xE4, 0x17, 0xE4, 0x17,
    0xE4, 0x17, 0xE4, 0x17, 0xE4, 0x17, 0xE4, 0x17, 0xE4, 0x17, 0xE4, 0x17, 0xE4, 0x17, 0xE4, 0x17,
    0xE4, 0x17, 0xE4, 0x17, 0xE4, 0x17, 0xE4, 0x17, 0xE4, 0x17, 0xE4, 0x17, 0xE4, 0x17, 0xE4, 0x17,
    0xE4, 0x17, 0xE4, 0x17, 0xE4, 0x17, 0xE4, 0x17, 0xE4, 0x17, 0xE4, 0x17, 0xE4, 0x17, 0xE4, 0x17,
    0xE4, 0x17, 0xE4, 0x17, 0xE4, 0x17, 0xE4, 0x17, 0xE4, 0x17, 0xE4, 0x17, 0xE4, 0x17, 0xE4, 0x17,
    0xE4, 0x17, 0xE3, 0x0F, 0xE3, 0x47, 0xEB, 0x81, 0xE7, 0xFD, 0x0A, 0xFF, 0xFF, 0xA6, 0x94, 0x47,
    0xE9, 0x17, 0xE4, 0x17, 0xE4, 0x17, 0xE4, 0x17, 0xE4, 0x17, 0xE4, 0x17, 0xE4, 0x17, 0xE4, 0x17,
    0xE4, 0x17, 0xE4, 0x17, 0xE4, 0x17, 0xE4, 0x17, 0xE4, 0x17, 0xE4, 0x17, 0xE4, 0x17, 0xE4, 0x17,
    0xE4, 0x17, 0xE4, 0x17, 0xE4, 0x17, 0xE4, 0x17, 0xE4, 0x17, 0xE4, 0x17, 0xE4, 0x17, 0xE4, 0x17,
    0xE4, 0x17, 0xE4, 0x17, 0xE4, 0x17, 0xE4, 0x17, 0xE4, 0x17, 0xE4, 0x17, 0xE4, 0x17, 0xE4, 0x17,
    0xE4, 0x17, 0xE4, 0x17, 0xE4, 0x17, 0xE4, 0x17, 0xE4, 0x17, 0xE4, 0x17, 0xE4, 0x17, 0xE4, 0x17,
    0xE4, 0x17, 0xE4, 0x17, 0xE4, 0x17, 0xE4, 0x17, 0xE4, 0x17, 0xE4, 0x17, 0xE4, 0x17, 0xE4, 0x17,
    0xE4, 0x17, 0xE4, 0x17, 0xE4, 0x17, 0xE4, 0x17, 0xE4, 0x17, 0xE4, 0x17, 0xE4, 0x17, 0xE4, 0x17,
    0xE4, 0x17, 0xE4, 0x17, 0xE4, 0x17, 0xE4, 0x17, 0xE4, 0x17, 0xE4, 0x17, 0xE4, 0xFF, 0x17, 0xE4,
    0x17, 0xE4, 0x17, 0xE4, 0x17, 0xE4, 0x17, 0xE4, 0x17, 0xE4, 0x17, 0xE4, 0x17, 0xE4, 0x17, 0xE4,
    0x17, 0xE4, 0x17, 0xE4, 0x17, 0xE4, 0x17, 0xE4, 0x17, 0xE4, 0x17, 0xE4, 0x17, 0xE4, 0x17, 0xE4,
    0x17, 0xE4, 0x17, 0xE4, 0x17, 0xE4, 0x17, 0xE4, 0x17, 0xE4, 0x17, 0xE4, 0x17, 0xE4, 0x17, 0xE4,
    0x17, 0xE4, 0x17, 0xE4, 0x17, 0xE4, 0x17, 0xE4, 0x17, 0xE4, 0x17, 0xE4, 0x17, 0xE4, 0x17, 0xE4,
    0x17, 0xE4, 0x17, 0xE4, 0x17, 0xE4, 0x17, 0xE4, 0x17, 0xE4, 0x17, 0xE4, 0x17, 0xE4, 0x17, 0xE4,
    0x17, 0xE4, 0x17, 0xE4, 0x17, 0xE4, 0x17, 0xE4, 0x17, 0xE4, 0x17, 0xE4, 0x17, 0xE4, 0x17, 0xE4,
    0x17, 0xE4, 0x17, 0xE4, 0x17, 0xE4, 0x17, 0xE4, 0x17, 0xE4, 0x17, 0xE4, 0x17, 0xE4, 0x17, 0xE4,
    0x17, 0xE4, 0x17, 0xE4, 0x17, 0xE4, 0x17, 0xE4, 0x1F, 0xE3, 0x17, 0xE4, 0x2F, 0xE9, 0x81, 0xCF,
    0xFA, 0x07, 0xFF, 0xFF, 0xDF, 0xFF, 0xDF, 0xA6, 0x54, 0x47, 0xC9, 0x17, 0xE4, 0x17, 0xE4, 0x17,
    0xE4, 0x17, 0xE4, 0x17, 0xE4, 0x17, 0xE4, 0x17, 0xE4, 0x17, 0xE4, 0x17, 0xE4, 0x17, 0xE4, 0x17,
    0xE4, 0x17, 0xE4, 0x17, 0xE4, 0x17, 0xE4, 0x17, 0xE4, 0x17, 0xE4, 0x17, 0xE4, 0x17, 0xE4, 0x17,
    0xE4, 0x17, 0xE4, 0x17, 0xE4, 0x17, 0xE4, 0x17, 0xE4, 0x17, 0xE4, 0x17, 0xE4, 0x17, 0xE4, 0x17,
    0xE4, 0x17, 0xE4, 0x17, 0xE4, 0x17, 0xE4, 0x17, 0xE4, 0x17, 0xE4, 0x17, 0xE4, 0x17, 0xE4, 0x17,
    0xE4, 0x17, 0xE4, 0x17, 0xE4, 0x17, 0xE4, 0x17, 0xE4, 0x17, 0xE4, 0x17, 0xE4, 0x17, 0xE4, 0x17,
    0xE4, 0x17, 0xE4, 0x17, 0xE4, 0x17, 0xE4, 0x17, 0xE4, 0x17, 0xE4, 0x17, 0xE4, 0x17, 0xE4, 0x17,
    0xE4, 0x17, 0xE4, 0x17, 0xE4, 0x17, 0xE4, 0x17, 0xE4, 0x17, 0xE4, 0x17, 0xE4, 0x17, 0xE4, 0x17,
    0xE4, 0x17, 0xE4, 0x17, 0xFF, 0xE4, 0x17, 0xE4, 0x17, 0xE4, 0x17, 0xE4, 0x17, 0xE4, 0x17, 0xE4,
    0x17, 0xE4, 0x17, 0xE4, 0x17, 0xE4, 0x17, 0xE4, 0x17, 0xE4, 0x17, 0xE4, 0x17, 0xE4, 0x17, 0xE4,
    0x17, 0xE4, 0x17, 0xE4, 0x17, 0xE4, 0x17, 0xE4, 0x17, 0xE4, 0x17, 0xE4, 0x17, 0xE4, 0x17, 0xE4,
    0x17, 0xE4, 0x17, 0xE4, 0x17, 0xE4, 0x17, 0xE4, 0x17, 0xE4, 0x17, 0xE4, 0x17, 0xE4, 0x17, 0xE4,
    0x17, 0xE4, 0x17, 0xE4, 0x17, 0xE4, 0x17, 0xE4, 0x17, 0xE4, 0x17, 0xE4, 0x17, 0xE4, 0x17, 0xE4,
    0x17, 0xE4, 0x17, 0xE4, 0x17, 0xE4, 0x17, 0xE4, 0x17, 0xE4, 0x17, 0xE4, 0x17, 0xE4, 0x17, 0xE4,
    0x17, 0xE4, 0x17, 0xE4, 0x17, 0xE4, 0x17, 0xE4, 0x17, 0xE4, 0x17, 0xE4, 0x17, 0xE4, 0x17, 0xE4,
    0x17, 0xE4, 0x17, 0xE4, 0x17, 0xE4, 0x17, 0xE4, 0x17, 0xE4, 0x17, 0xE4, 0x17, 0xE4, 0x17, 0xE4,
    0x17, 0xE4, 0x17, 0xE4, 0x17, 0x85, 0xE4, 0x17, 0xE5, 0x9F, 0xF5, 0xF7, 0x08, 0xFF, 0xFF, 0xDF,
    0x9E, 0x33, 0x47, 0xCA, 0x1F, 0xE4, 0x17, 0xE4, 0x17, 0xE4, 0x17, 0xE4, 0x17, 0xE3, 0x17, 0xE3,
    0x17, 0xE4, 0x17, 0xE4, 0x17, 0xE4, 0x17, 0xE4, 0x17, 0xE4, 0x17, 0xE4, 0x17, 0xE4, 0x17, 0xE4,
    0x17, 0xE4, 0x17, 0xE4, 0x17, 0xE4, 0x17, 0xE4, 0x17, 0xE4, 0x17, 0xE4, 0x17, 0xE4, 0x17, 0xE4,
    0x17, 0xE4, 0x17, 0xE4, 0x17, 0xE4, 0x17, 0xE4, 0x17, 0xE4, 0x17, 0xE4, 0x17, 0xE4, 0x17, 0xE4,
    0x17, 0xE4, 0x17, 0xE4, 0x17, 0xE4, 0x17, 0xE4, 0x17, 0xE4, 0x17, 0xE4, 0x17, 0xE4, 0x17, 0xE4,
    0x17, 0xE4, 0x17, 0xE4, 0x17, 0xE4, 0x17, 0xE4, 0x17, 0xE4, 0x17, 0xE4, 0x17, 0xE4, 0x17, 0xE4,
    0x17, 0xE4, 0x17, 0xE4, 0x17, 0xE4, 0x17, 0xE4, 0x17, 0xE4, 0x17, 0xE4, 0x17, 0xE4, 0x17, 0xE4,
    0x17, 0xE4, 0x17, 0xE4, 0x17, 0xE4, 0x17, 0xE4, 0x17, 0xE4, 0x17, 0xE4, 0x17, 0xE4, 0x17, 0xFF,
    0xE4, 0x17, 0xE4, 0x17, 0xE4, 0x17, 0xE4, 0x17, 0xE4, 0x17, 0xE4, 0x17, 0xE4, 0x17, 0xE4, 0x17,
    0xE4, 0x17, 0xE4, 0x17, 0xE4, 0x17, 0xE4, 0x17, 0xE4, 0x17, 0xE4, 0x17, 0xE4, 0x17, 0xE4, 0x17,
    0xE4, 0x17, 0xE4, 0x17, 0xE4, 0x17, 0xE4, 0x17, 0xE4, 0x17, 0xE4, 0x17, 0xE4, 0x17, 0xE4, 0x17,
    0xE4, 0x17, 0xE4, 0x17, 0xE4, 0x17, 0xE4, 0x17, 0xE4, 0x17, 0xE4, 0x17, 0xE4, 0x17, 0xE4, 0x17,
    0xE4, 0x17, 0xE4, 0x17, 0xE4, 0x17, 0xE4, 0x17, 0xE4, 0x17, 0xE4, 0x17, 0xE4, 0x17, 0xE4, 0x17,
    0xE4, 0x17, 0xE4, 0x17, 0xE4, 0x17, 0xE4, 0x17, 0xE4, 0x17, 0xE4, 0x17, 0xE4, 0x17, 0xE4, 0x17,
    0xE4, 0x17, 0xE4, 0x17, 0xE4, 0x17, 0xE4, 0x17, 0xE4, 0x17, 0xE4, 0x17, 0xE4, 0x17, 0xE4, 0x17,
    0xE4, 0x17, 0xE4, 0x17, 0xE4, 0x17, 0xE4, 0x17, 0xE4, 0x17, 0xE4, 0x17, 0xE4, 0x17, 0xE4, 0x17,
    0x84, 0xE4, 0x77, 0xF0, 0xEF, 0xFE, 0x07, 0xFF, 0xFF, 0xDF, 0xA6, 0x54, 0x47, 0xCA, 0x1F, 0xE5,
    0x17, 0xE4, 0x17, 0xE4, 0x17, 0xE4, 0x17, 0xE3, 0x17, 0xE3, 0x17, 0xE4, 0x17, 0xE4, 0x17, 0xE4,
    0x17, 0xE4, 0x17, 0xE4, 0x17, 0xE4, 0x17, 0xE4, 0x17, 0xE4, 0x17, 0xE4, 0x17, 0xE4, 0x17, 0xE4,
    0x17, 0xE4, 0x17, 0xE4, 0x17, 0xE4, 0x17, 0xE4, 0x17, 0xE4, 0x17, 0xE4, 0x17, 0xE4, 0x17, 0xE4,
    0x17, 0xE4, 0x17, 0xE4, 0x17, 0xE4, 0x17, 0xE4, 0x17, 0xE4, 0x17, 0xE4, 0x17, 0xE4, 0x17, 0xE4,
    0x17, 0xE4, 0x17, 0xE4, 0x17, 0xE4, 0x17, 0xE4, 0x17, 0xE4, 0x17, 0xE4, 0x17, 0xE4, 0x17, 0xE4,
    0x17, 0xE4, 0x17, 0xE4, 0x17, 0xE4, 0x17, 0xE4, 0x17, 0xE4, 0x17, 0xE4, 0x17, 0xE4, 0x17, 0xE4,
    0x17, 0xE4, 0x17, 0xE4, 0x17, 0xE4, 0x17, 0xE4, 0x17, 0xE4, 0x17, 0xE4, 0x17, 0xE4, 0x17, 0xE4,
    0x17, 0xE4, 0x17, 0xE4, 0x17, 0xE4, 0x17, 0xE4, 0x17, 0xFF, 0xE4, 0x17, 0xE4, 0x17, 0xE4, 0x17,
    0xE4, 0x17, 0xE4, 0x17, 0xE4, 0x17, 0xE4, 0x17, 0xE4, 0x17, 0xE4, 0x17, 0xE4, 0x17, 0xE4, 0x17,
    0xE4, 0x17, 0xE4, 0x17, 0xE4, 0x17, 0xE4, 0x17, 0xE4, 0x17, 0xE4, 0x17, 0xE4, 0x17, 0xE4, 0x17,
    0xE4, 0x17, 0xE4, 0x17, 0xE4, 0x17, 0xE4, 0x17, 0xE4, 0x17, 0xE4, 0x17, 0xE4, 0x17, 0xE4, 0x17,
    0xE4, 0x17, 0xE4, 0x17, 0xE4, 0x17, 0xE4, 0x17, 0xE4, 0x17, 0xE4, 0x17, 0xE4, 0x17, 0xE4, 0x17,
    0xE4, 0x17, 0xE4, 0x17, 0xE4, 0x17, 0xE4, 0x17, 0xE4, 0x17, 0xE4, 0x17, 0xE4, 0x17, 0xE4, 0x17,
    0xE4, 0x17, 0xE4, 0x17, 0xE4, 0x17, 0xE4, 0x17, 0xE4, 0x17, 0xE4, 0x17, 0xE4, 0x17, 0xE4, 0x17,
    0xE4, 0x17, 0xE4, 0x17, 0xE4, 0x17, 0xE4, 0x17, 0xE4, 0x17, 0xE4, 0x17, 0xE4, 0x17, 0xE4, 0x17,
    0xE4, 0x17, 0xE4, 0x17, 0xE4, 0x17, 0xE4, 0x17, 0xE4, 0x0F, 0x84, 0xE3, 0x47, 0xCB, 0xDF, 0xFC,
    0x07, 0xFF, 0xFF, 0xDF, 0xA6, 0x35, 0x47, 0xAB, 0x1F, 0xE5, 0x17, 0xE4, 0x17, 0xE4, 0x17, 0xE4,
    0x17, 0xE3, 0x17, 0xE3, 0x17, 0xE4, 0x17, 0xE4, 0x17, 0xE4, 0x17, 0xE4, 0x17, 0xE4, 0x17, 0xE4,
    0x17, 0xE4, 0x17, 0xE4, 0x17, 0xE4, 0x17, 0xE4, 0x17, 0xE4, 0x17, 0xE4, 0x17, 0xE4, 0x17, 0xE4,
    0x17, 0xE4, 0x17, 0xE4, 0x17, 0xE4, 0x17, 0xE4, 0x17, 0xE4, 0x17, 0xE4, 0x17, 0xE4, 0x17, 0xE4,
    0x17, 0xE4, 0x17, 0xE4, 0x17, 0xE4, 0x17, 0xE4, 0x17, 0xE4, 0x17, 0xE4, 0x17, 0xE4, 0x17, 0xE4,
    0x17, 0xE4, 0x17, 0xE4, 0x17, 0xE4, 0x17, 0xE4, 0x17, 0xE4, 0x17, 0xE4, 0x17, 0xE4, 0x17, 0xE4,
    0x17, 0xE4, 0x17, 0xE4, 0x17, 0xE4, 0x17, 0xE4, 0x17, 0xE4, 0x17, 0xE4, 0x17, 0xE4, 0x17, 0xE4,
    0x17, 0xE4, 0x17, 0xE4, 0x17, 0xE4, 0x17, 0xE4, 0x17, 0xE4, 0x17, 0xE4, 0x17, 0xE4, 0x17, 0xE4,
    0x17, 0xE4, 0x17, 0xFF, 0xE4, 0x17, 0xE4, 0x17, 0xE4, 0x17, 0xE4, 0x17, 0xE4, 0x17, 0xE4, 0x17,
    0xE4, 0x17, 0xE4, 0x17, 0xE4, 0x17, 0xE4, 0x17, 0xE4, 0x17, 0xE4, 0x17, 0xE4, 0x17, 0xE4, 0x17,
    0xE4, 0x17, 0xE4, 0x17, 0xE4, 0x17, 0xE4, 0x17, 0xE4, 0x17, 0xE4, 0x17, 0xE4, 0x17, 0xE4, 0x17,
    0xE4, 0x17, 0xE4, 0x17, 0xE4, 0x17, 0xE4, 0x17, 0xE4, 0x17, 0xE4, 0x17, 0xE4, 0x17, 0xE4, 0x17,
    0xE4, 0x17, 0xE4, 0x17, 0xE4, 0x17, 0xE4, 0x17, 0xE4, 0x17, 0xE4, 0x17, 0xE4, 0x17, 0xE4, 0x17,
    0xE4, 0x17, 0xE4, 0x17, 0xE4, 0x17, 0xE4, 0x17, 0xE4, 0x17, 0xE4, 0x17, 0xE4, 0x17, 0xE4, 0x17,
    0xE4, 0x17, 0xE4, 0x17, 0xE4, 0x17, 0xE4, 0x17, 0xE4, 0x17, 0xE4, 0x17, 0xE4, 0x17, 0xE4, 0x17,
    0xE4, 0x17, 0xE4, 0x17, 0xE4, 0x17, 0xE4, 0x17, 0xE4, 0x17, 0xE4, 0x17, 0xE4, 0x17, 0xE4, 0x17,
    0xE4, 0x17, 0xE4, 0x0F, 0x84, 0xE3, 0x27, 0xE6, 0xBF, 0xF8, 0x07, 0xFF, 0xFF, 0xDF, 0xAE, 0x15,
    0x4F, 0x6B, 0x1F, 0xE5, 0x17, 0xE4, 0x17, 0xE4, 0x17, 0xE4, 0x17, 0xE3, 0x17, 0xE3, 0x17, 0xE4,
    0x17, 0xE4, 0x17, 0xE4, 0x17, 0xE4, 0x17, 0xE4, 0x17, 0xE4, 0x17, 0xE4, 0x17, 0xE4, 0x17, 0xE4,
    0x17, 0xE4, 0x17, 0xE4, 0x17, 0xE4, 0x17, 0xE4, 0x17, 0xE4, 0x17, 0xE4, 0x17, 0xE4, 0x17, 0xE4,
    0x17, 0xE4, 0x17, 0xE4, 0x17, 0xE4, 0x17, 0xE4, 0x17, 0xE4, 0x17, 0xE4, 0x17, 0xE4, 0x17, 0xE4,
    0x17, 0xE4, 0x17, 0xE4, 0x17, 0xE4, 0x17, 0xE4, 0x17, 0xE4, 0x17, 0xE4, 0x17, 0xE4, 0x17, 0xE4,
    0x17, 0xE4, 0x17, 0xE4, 0x17, 0xE4, 0x17, 0xE4, 0x17, 0xE4, 0x17, 0xE4, 0x17, 0xE4, 0x17, 0xE4,
    0x17, 0xE4, 0x17, 0xE4, 0x17, 0xE4, 0x17, 0xE4, 0x17, 0xE4, 0x17, 0xE4, 0x17, 0xE4, 0x17, 0xE4,
    0x17, 0xE4, 0x17, 0xE4, 0x17, 0xE4, 0x17, 0xE4, 0x17, 0xE4, 0x17, 0xE4, 0x17, 0xFF, 0xE4, 0x17,
    0xE4, 0x17, 0xE4, 0x17, 0xE4, 0x17, 0xE4, 0x17, 0xE4, 0x17, 0xE4, 0x17, 0xE4, 0x17, 0xE4, 0x17,
    0xE4, 0x17, 0xE4, 0x17, 0xE4, 0x17, 0xE4, 0x17, 0xE4, 0x17, 0xE4, 0x17, 0xE4, 0x17, 0xE4, 0x17,
    0xE4, 0x17, 0xE4, 0x17, 0xE4, 0x17, 0xE4, 0x17, 0xE4, 0x17, 0xE4, 0x17, 0xE4, 0x17, 0xE4, 0x17,
    0xE4, 0x17, 0xE4, 0x17, 0xE4, 0x17, 0xE4, 0x17, 0xE4, 0x17, 0xE4, 0x17, 0xE4, 0x17, 0xE4, 0x17,
    0xE4, 0x17, 0xE4, 0x17, 0xE4, 0x17, 0xE4, 0x17, 0xE4, 0x17, 0xE4, 0x17, 0xE4, 0x17, 0xE4, 0x17,
    0xE4, 0x17, 0xE4, 0x17, 0xE4, 0x17, 0xE4, 0x17, 0xE4, 0x17, 0xE4, 0x17, 0xE4, 0x17, 0xE4, 0x17,
    0xE4, 0x17, 0xE4, 0x17, 0xE4, 0x17, 0xE4, 0x17, 0xE4, 0x17, 0xE4, 0x17, 0xE4, 0x17, 0xE4, 0x17,
    0xE4, 0x17, 0xE4, 0x17, 0xE4, 0x17, 0xE4, 0x17, 0xE4, 0x17, 0xE4, 0x17, 0xE4, 0x17, 0x86, 0xE3,
    0x17, 0xE4, 0x87, 0xF2, 0xF7, 0xFE, 0x06, 0xFF, 0xFF, 0xB6, 0x36, 0x57, 0x2C, 0x27, 0xE5, 0x17,
    0xE3, 0x17, 0xE4, 0x17, 0xE4, 0x17, 0xE4, 0x17, 0xE4, 0x17, 0xE4, 0x17, 0xE4, 0x17, 0xE4, 0x17,
    0xE4, 0x17, 0xE4, 0x17, 0xE4, 0x17, 0xE4, 0x17, 0xE4, 0x17, 0xE4, 0x17, 0xE4, 0x17, 0xE4, 0x17,
    0xE4, 0x17, 0xE4, 0x17, 0xE4, 0x17, 0xE4, 0x17, 0xE4, 0x17, 0xE4, 0x17, 0xE4, 0x17, 0xE4, 0x17,
    0xE4, 0x17, 0xE4, 0x17, 0xE4, 0x17, 0xE4, 0x17, 0xE4, 0x17, 0xE4, 0x17, 0xE4, 0x17, 0xE4, 0x17,
    0xE4, 0x17, 0xE4, 0x17, 0xE4, 0x17, 0xE4, 0x17, 0xE4, 0x17, 0xE4, 0x17, 0xE4, 0x17, 0xE4, 0x17,
    0xE4, 0x17, 0xE4, 0x17, 0xE4, 0x17, 0xE4, 0x17, 0xE4, 0x17, 0xE4, 0x17, 0xE4, 0x17, 0xE4, 0x17,
    0xE4, 0x17, 0xE4, 0x17, 0xE4, 0x17, 0xE4, 0x17, 0xE4, 0x17, 0xE4, 0x17, 0xE4, 0x17, 0xE4, 0x17,
    0xE4, 0x17, 0xE4, 0x17, 0xE4, 0x17, 0xE4, 0x17, 0xE4, 0xFF, 0x17, 0xE4, 0x17, 0xE4, 0x17, 0xE4,
    0x17, 0xE4, 0x17, 0xE4, 0x17, 0xE4, 0x17, 0xE4, 0x17, 0xE4, 0x17, 0xE4, 0x17, 0xE4, 0x17, 0xE4,
    0x17, 0xE4, 0x17, 0xE4, 0x17, 0xE4, 0x17, 0xE4, 0x17, 0xE4, 0x17, 0xE4, 0x17, 0xE4, 0x17, 0xE4,
    0x17, 0xE4, 0x17, 0xE4, 0x17, 0xE4, 0x17, 0xE4, 0x17, 0xE4, 0x17, 0xE4, 0x17, 0xE4, 0x17, 0xE4,
    0x17, 0xE4, 0x17, 0xE4, 0x17, 0xE4, 0x17, 0xE4, 0x17, 0xE4, 0x17, 0xE4, 0x17, 0xE4, 0x17, 0xE4,
    0x17, 0xE4, 0x17, 0xE4, 0x17, 0xE4, 0x17, 0xE4, 0x17, 0xE4, 0x17, 0xE4, 0x17, 0xE4, 0x17, 0xE4,
    0x17, 0xE4, 0x17, 0xE4, 0x17, 0xE4, 0x17, 0xE4, 0x17, 0xE4, 0x17, 0xE4, 0x17, 0xE4, 0x17, 0xE4,
    0x17, 0xE4, 0x17, 0xE4, 0x17, 0xE4, 0x17, 0xE4, 0x17, 0xE4, 0x17, 0xE4, 0x17, 0xE4, 0x17, 0xE4,
    0x17, 0xE4, 0x17, 0xE4, 0x17, 0xE4, 0x17, 0xE4, 0x17, 0xE3, 0x85, 0x17, 0xE4, 0x5F, 0xCD, 0xE7,
    0xFD, 0x06, 0xFF, 0xFF, 0xC6, 0x78, 0x5E, 0xCB, 0x27, 0xE5, 0x17, 0xE3, 0x17, 0xE4, 0x17, 0xE4,
    0x17, 0xE4, 0x17, 0xE4, 0x17, 0xE4, 0x17, 0xE4, 0x17, 0xE4, 0x17, 0xE4, 0x17, 0xE4, 0x17, 0xE4,
    0x17, 0xE4, 0x17, 0xE4, 0x17, 0xE4, 0x17, 0xE4, 0x17, 0xE4, 0x17, 0xE4, 0x17, 0xE4, 0x17, 0xE4,
    0x17, 0xE4, 0x17, 0xE4, 0x17, 0xE4, 0x17, 0xE4, 0x17, 0xE4, 0x17, 0xE4, 0x17, 0xE4, 0x17, 0xE4,
    0x17, 0xE4, 0x17, 0xE4, 0x17, 0xE4, 0x17, 0xE4, 0x17, 0xE4, 0x17, 0xE4, 0x17, 0xE4, 0x17, 0xE4,
    0x17, 0xE4, 0x17, 0xE4, 0x17, 0xE4, 0x17, 0xE4, 0x17, 0xE4, 0x17, 0xE4, 0x17, 0xE4, 0x17, 0xE4,
    0x17, 0xE4, 0x17, 0xE4, 0x17, 0xE4, 0x17, 0xE4, 0x17, 0xE4, 0x17, 0xE4, 0x17, 0xE4, 0x17, 0xE4,
    0x17, 0xE4, 0x17, 0xE4, 0x17, 0xE4, 0x17, 0xE4, 0x17, 0xE4, 0x17, 0xE4, 0x17, 0xE4, 0x17, 0xE4,
    0x17, 0xE4, 0x17, 0xE4, 0xFF, 0x17, 0xE4, 0x17, 0xE4, 0x17, 0xE4, 0x17, 0xE4, 0x17, 0xE4, 0x17,
    0xE4, 0x17, 0xE4, 0x17, 0xE4, 0x17, 0xE4, 0x17, 0xE4, 0x17, 0xE4, 0x17, 0xE4, 0x17, 0xE4, 0x17,
    0xE4, 0x17, 0xE4, 0x17, 0xE4, 0x17, 0xE4, 0x17, 0xE4, 0x17, 0xE4, 0x17, 0xE4, 0x17, 0xE4, 0x17,
    0xE4, 0x17, 0xE4, 0x17, 0xE4, 0x17, 0xE4, 0x17, 0xE4, 0x17, 0xE4, 0x17, 0xE4, 0x17, 0xE4, 0x17,
    0xE4, 0x17, 0xE4, 0x17, 0xE4, 0x17, 0xE4, 0x17, 0xE4, 0x17, 0xE4, 0x17, 0xE4, 0x17, 0xE4, 0x17,
    0xE4, 0x17, 0xE4, 0x17, 0xE4, 0x17, 0xE4, 0x17, 0xE4, 0x17, 0xE4, 0x17, 0xE4, 0x17, 0xE4, 0x17,
    0xE4, 0x17, 0xE4, 0x17, 0xE4, 0x17, 0xE4, 0x17, 0xE4, 0x17, 0xE4, 0x17, 0xE4, 0x17, 0xE4, 0x17,
    0xE4, 0x17, 0xE4, 0x17, 0xE4, 0x17, 0xE4, 0x17, 0xE4, 0x17, 0xE4, 0x17, 0xE4, 0x17, 0xE4, 0x17,
    0xE4, 0x17, 0xE4, 0x17, 0xE3, 0x85, 0x17, 0xE4, 0x37, 0xE8, 0xBF, 0xF8, 0x06, 0xFF, 0xFF, 0xD6,
    0xBA, 0x6E, 0x6D, 0x2F, 0xE6, 0x17, 0xE3, 0x17, 0xE4, 0x17, 0xE4, 0x17, 0xE4, 0x17, 0xE4, 0x17,
    0xE4, 0x17, 0xE4, 0x17, 0xE4, 0x17, 0xE4, 0x17, 0xE4, 0x17, 0xE4, 0x17, 0xE4, 0x17, 0xE4, 0x17,
    0xE4, 0x17, 0xE4, 0x17, 0xE4, 0x17, 0xE4, 0x17, 0xE4, 0x17, 0xE4, 0x17, 0xE4, 0x17, 0xE4, 0x17,
    0xE4, 0x17, 0xE4, 0x17, 0xE4, 0x17, 0xE4, 0x17, 0xE4, 0x17, 0xE4, 0x17, 0xE4, 0x17, 0xE4, 0x17,
    0xE4, 0x17, 0xE4, 0x17, 0xE4, 0x17, 0xE4, 0x17, 0xE4, 0x17, 0xE4, 0x17, 0xE4, 0x17, 0xE4, 0x17,
    0xE4, 0x17, 0xE4, 0x17, 0xE4, 0x17, 0xE4, 0x17, 0xE4, 0x17, 0xE4, 0x17, 0xE4, 0x17, 0xE4, 0x17,
    0xE4, 0x17, 0xE4, 0x17, 0xE4, 0x17, 0xE4, 0x17, 0xE4, 0x17, 0xE4, 0x17, 0xE4, 0x17, 0xE4, 0x17,
    0xE4, 0x17, 0xE4, 0x17, 0xE4, 0x17, 0xE4, 0x17, 0xE4, 0x17, 0xE4, 0x17, 0xE4, 0x17, 0xE4, 0xFF,
    0x17, 0xE4, 0x17, 0xE4, 0x17, 0xE4, 0x17, 0xE4, 0x17, 0xE4, 0x17, 0xE4, 0x17, 0xE4, 0x17, 0xE4,
    0x17, 0xE4, 0x17, 0xE4, 0x17, 0xE4, 0x17, 0xE4, 0x17, 0xE4, 0x17, 0xE4, 0x17, 0xE4, 0x17, 0xE4,
    0x17, 0xE4, 0x17, 0xE4, 0x17, 0xE4, 0x17, 0xE4, 0x17, 0xE4, 0x17, 0xE4, 0x17, 0xE4, 0x17, 0xE4,
    0x17, 0xE4, 0x17, 0xE4, 0x17, 0xE4, 0x17, 0xE4, 0x17, 0xE4, 0x17, 0xE4, 0x17, 0xE4, 0x17, 0xE4,
    0x17, 0xE4, 0x17, 0xE4, 0x17, 0xE4, 0x17, 0xE4, 0x17, 0xE4, 0x17, 0xE4, 0x17, 0xE4, 0x17, 0xE4,
    0x17, 0xE4, 0x17, 0xE4, 0x17, 0xE4, 0x17, 0xE4, 0x17, 0xE4, 0x17, 0xE4, 0x17, 0xE4, 0x17, 0xE4,
    0x17, 0xE4, 0x17, 0xE4, 0x17, 0xE4, 0x17, 0xE4, 0x17, 0xE4, 0x17, 0xE4, 0x17, 0xE4, 0x17, 0xE4,
    0x17, 0xE4, 0x17, 0xE4, 0x17, 0xE4, 0x17, 0xE4, 0x17, 0xE4, 0x17, 0xE4, 0x17, 0xE4, 0x17, 0xE3,
    0x86, 0x17, 0xE3, 0x27, 0xE5, 0x8F, 0xF3, 0xF7, 0x05, 0xFF, 0xFF, 0xE7, 0x1C, 0x7D, 0xEF, 0x3F,
    0xE9, 0x17, 0xE4, 0x17, 0xE4, 0x17, 0xE3, 0x17, 0xE4, 0x17, 0xE4, 0x17, 0xE4, 0x17, 0xE4, 0x17,
    0xE4, 0x17, 0xE4, 0x17, 0xE4, 0x17, 0xE4, 0x17, 0xE4, 0x17, 0xE4, 0x17, 0xE4, 0x17, 0xE4, 0x17,
    0xE4, 0x17, 0xE4, 0x17, 0xE4, 0x17, 0xE4, 0x17, 0xE4, 0x17, 0xE4, 0x17, 0xE4, 0x17, 0xE4, 0x17,
    0xE4, 0x17, 0xE4, 0x17, 0xE4, 0x17, 0xE4, 0x17, 0xE4, 0x17, 0xE4, 0x17, 0xE4, 0x17, 0xE4, 0x17,
    0xE4, 0x17, 0xE4, 0x17, 0xE4, 0x17, 0xE4, 0x17, 0xE4, 0x17, 0xE4, 0x17, 0xE4, 0x17, 0xE4, 0x17,
    0xE4, 0x17, 0xE4, 0x17, 0xE4, 0x17, 0xE4, 0x17, 0xE4, 0x17, 0xE4, 0x17, 0xE4, 0x17, 0xE4, 0x17,
    0xE4, 0x17, 0xE4, 0x17, 0xE4, 0x17, 0xE4, 0x17, 0xE4, 0x17, 0xE4, 0x17, 0xE4, 0x17, 0xE4, 0x17,
    0xE4, 0x17, 0xE4, 0x17, 0xE4, 0x17, 0xE4, 0x17, 0xE4, 0x17, 0xE4, 0xFF, 0x17, 0xE4, 0x17, 0xE4,
    0x17, 0xE4, 0x17, 0xE4, 0x17, 0xE4, 0x17, 0xE4, 0x17, 0xE4, 0x17, 0xE4, 0x17, 0xE4, 0x17, 0xE4,
    0x17, 0xE4, 0x17, 0xE4, 0x17, 0xE4, 0x17, 0xE4, 0x17, 0xE4, 0x17, 0xE4, 0x17, 0xE4, 0x17, 0xE4,
    0x17, 0xE4, 0x17, 0xE4, 0x17, 0xE4, 0x17, 0xE4, 0x17, 0xE4, 0x17, 0xE4, 0x17, 0xE4, 0x17, 0xE4,
    0x17, 0xE4, 0x17, 0xE4, 0x17, 0xE4, 0x17, 0xE4, 0x17, 0xE4, 0x17, 0xE4, 0x17, 0xE4, 0x17, 0xE4,
    0x17, 0xE4, 0x17, 0xE4, 0x17, 0xE4, 0x17, 0xE4, 0x17, 0xE4, 0x17, 0xE4, 0x17, 0xE4, 0x17, 0xE4,
    0x17, 0xE4, 0x17, 0xE4, 0x17, 0xE4, 0x17, 0xE4, 0x17, 0xE4, 0x17, 0xE4, 0x17, 0xE4, 0x17, 0xE4,
    0x17, 0xE4, 0x17, 0xE4, 0x17, 0xE4, 0x17, 0xE4, 0x17, 0xE4, 0x17, 0xE4, 0x17, 0xE4, 0x17, 0xE4,
    0x17, 0xE4, 0x17, 0xE4, 0x17, 0xE4, 0x17, 0xE4, 0x17, 0xE4, 0x17, 0xE4, 0x87, 0x17, 0xE3, 0x17,
    0xE4, 0x57, 0x8C, 0xDF, 0xFD, 0x04, 0xFF, 0xFF, 0xF7, 0x7E, 0x95, 0x92, 0x4F, 0xAB, 0x1F, 0xE5,
    0x17, 0xE3, 0x17, 0xE3, 0x17, 0xE4, 0x17, 0xE4, 0x17, 0xE4, 0x17, 0xE4, 0x17, 0xE4, 0x17, 0xE4,
    0x17, 0xE4, 0x17, 0xE4, 0x17, 0xE4, 0x17, 0xE4, 0x17, 0xE4, 0x17, 0xE4, 0x17, 0xE4, 0x17, 0xE4,
    0x17, 0xE4, 0x17, 0xE4, 0x17, 0xE4, 0x17, 0xE4, 0x17, 0xE4, 0x17, 0xE4, 0x17, 0xE4, 0x17, 0xE4,
    0x17, 0xE4, 0x17, 0xE4, 0x17, 0xE4, 0x17, 0xE4, 0x17, 0xE4, 0x17, 0xE4, 0x17, 0xE4, 0x17, 0xE4,
    0x17, 0xE4, 0x17, 0xE4, 0x17, 0xE4, 0x17, 0xE4, 0x17, 0xE4, 0x17, 0xE4, 0x17, 0xE4, 0x17, 0xE4,
    0x17, 0xE4, 0x17, 0xE4, 0x17, 0xE4, 0x17, 0xE4, 0x17, 0xE4, 0x17, 0xE4, 0x17, 0xE4, 0x17, 0xE4,
    0x17, 0xE4, 0x17, 0xE4, 0x17, 0xE4, 0x17, 0xE4, 0x17, 0xE4, 0x17, 0xE4, 0x17, 0xE4, 0x17, 0xE4,
    0x17, 0xE4, 0x17, 0xE4, 0x17, 0xE4, 0x17, 0xE4, 0xFF, 0x17, 0xE4, 0x17, 0xE4, 0x17, 0xE4, 0x17,
    0xE4, 0x17, 0xE4, 0x17, 0xE4, 0x17, 0xE4, 0x17, 0xE4, 0x17, 0xE4, 0x17, 0xE4, 0x17, 0xE4, 0x17,
    0xE4, 0x17, 0xE4, 0x17, 0xE4, 0x17, 0xE4, 0x17, 0xE4, 0x17, 0xE4, 0x17, 0xE4, 0x17, 0xE4, 0x17,
    0xE4, 0x17, 0xE4, 0x17, 0xE4, 0x17, 0xE4, 0x17, 0xE4, 0x17, 0xE4, 0x17, 0xE4, 0x17, 0xE4, 0x17,
    0xE4, 0x17, 0xE4, 0x17, 0xE4, 0x17, 0xE4, 0x17, 0xE4, 0x17, 0xE4, 0x17, 0xE4, 0x17, 0xE4, 0x17,
    0xE4, 0x17, 0xE4, 0x17, 0xE4, 0x17, 0xE4, 0x17, 0xE4, 0x17, 0xE4, 0x17, 0xE4, 0x17, 0xE4, 0x17,
    0xE4, 0x17, 0xE4, 0x17, 0xE4, 0x17, 0xE4, 0x17, 0xE4, 0x17, 0xE4, 0x17, 0xE4, 0x17, 0xE4, 0x17,
    0xE4, 0x17, 0xE4, 0x17, 0xE4, 0x17, 0xE4, 0x17, 0xE4, 0x17, 0xE4, 0x17, 0xE4, 0x17, 0xE4, 0x17,
    0xE3, 0x17, 0xE4, 0x17, 0xE4, 0x17, 0xE4, 0x17, 0xE4, 0x87, 0x17, 0xE3, 0x17, 0xE3, 0x2F, 0xE7,
    0xB7, 0xF7, 0x05, 0xFF, 0xFF, 0xBF, 0xAD, 0xB5, 0x66, 0xCD, 0x2F, 0xE6, 0x17, 0xE3, 0x17, 0xE4,
    0x17, 0xE4, 0x17, 0xE4, 0x17, 0xE4, 0x17, 0xE4, 0x17, 0xE4, 0x17, 0xE4, 0x17, 0xE4, 0x17, 0xE4,
    0x17, 0xE4, 0x17, 0xE4, 0x17, 0xE4, 0x17, 0xE4, 0x17, 0xE4, 0x17, 0xE4, 0x17, 0xE4, 0x17, 0xE4,
    0x17, 0xE4, 0x17, 0xE4, 0x17, 0xE4, 0x17, 0xE4, 0x17, 0xE4, 0x17, 0xE4, 0x17, 0xE4, 0x17, 0xE4,
    0x17, 0xE4, 0x17, 0xE4, 0x17, 0xE4, 0x17, 0xE4, 0x17, 0xE4, 0x17, 0xE4, 0x17, 0xE4, 0x17, 0xE4,
    0x17, 0xE4, 0x17, 0xE4, 0x17, 0xE4, 0x17, 0xE4, 0x17, 0xE4, 0x17, 0xE4, 0x17, 0xE4, 0x17, 0xE4,
    0x17, 0xE4, 0x17, 0xE4, 0x17, 0xE4, 0x17, 0xE4, 0x17, 0xE4, 0x17, 0xE4, 0x17, 0xE4, 0x17, 0xE4,
    0x17, 0xE4, 0x17, 0xE4, 0x17, 0xE4, 0x17, 0xE4, 0x17, 0xE4, 0x17, 0xE4, 0x17, 0xE4, 0x17, 0xE4,
    0x17, 0xE4, 0x17, 0xE4, 0x17, 0xFF, 0xE4, 0x17, 0xE4, 0x17, 0xE4, 0x17, 0xE4, 0x17, 0xE4, 0x17,
    0xE4, 0x17, 0xE4, 0x17, 0xE4, 0x17, 0xE4, 0x17, 0xE4, 0x17, 0xE4, 0x17, 0xE4, 0x17, 0xE4, 0x17,
    0xE4, 0x17, 0xE4, 0x17, 0xE4, 0x17, 0xE4, 0x17, 0xE4, 0x17, 0xE4, 0x17, 0xE4, 0x17, 0xE4, 0x17,
    0xE4, 0x17, 0xE4, 0x17, 0xE4, 0x17, 0xE4, 0x17, 0xE4, 0x17, 0xE4, 0x17, 0xE4, 0x17, 0xE4, 0x17,
    0xE4, 0x17, 0xE4, 0x17, 0xE4, 0x17, 0xE4, 0x17, 0xE4, 0x17, 0xE4, 0x17, 0xE4, 0x17, 0xE4, 0x17,
    0xE4, 0x17, 0xE4, 0x17, 0xE4, 0x17, 0xE4, 0x17, 0xE4, 0x17, 0xE4, 0x17, 0xE4, 0x17, 0xE4, 0x17,
    0xE4, 0x17, 0xE4, 0x17, 0xE4, 0x17, 0xE4, 0x17, 0xE4, 0x17, 0xE4, 0x17, 0xE4, 0x17, 0xE4, 0x17,
    0xE4, 0x17, 0xE4, 0x17, 0xE4, 0x17, 0xE4, 0x17, 0xE4, 0x17, 0xE3, 0x17, 0xE3, 0x17, 0xE3, 0x17,
    0xE4, 0x17, 0xE3, 0x17, 0xE3, 0x17, 0x86, 0xE3, 0x17, 0xE3, 0x17, 0xE4, 0x87, 0xD1, 0x03, 0xFF,
    0xFF, 0xDF, 0xFF, 0xDF, 0xC6, 0x18, 0x75, 0xEF, 0x3F, 0xE8, 0x17, 0xE4, 0x17, 0xE4, 0x17, 0xE4,
    0x17, 0xE4, 0x17, 0xE4, 0x17, 0xE4, 0x17, 0xE4, 0x17, 0xE4, 0x17, 0xE4, 0x17, 0xE4, 0x17, 0xE4,
    0x17, 0xE4, 0x17, 0xE4, 0x17, 0xE4, 0x17, 0xE4, 0x17, 0xE4, 0x17, 0xE4, 0x17, 0xE4, 0x17, 0xE4,
    0x17, 0xE4, 0x17, 0xE4, 0x17, 0xE4, 0x17, 0xE4, 0x17, 0xE4, 0x17, 0xE4, 0x17, 0xE4, 0x17, 0xE4,
    0x17, 0xE4, 0x17, 0xE4, 0x17, 0xE4, 0x17, 0xE4, 0x17, 0xE4, 0x17, 0xE4, 0x17, 0xE4, 0x17, 0xE4,
    0x17, 0xE4, 0x17, 0xE4, 0x17, 0xE4, 0x17, 0xE4, 0x17, 0xE4, 0x17, 0xE4, 0x17, 0xE4, 0x17, 0xE4,
    0x17, 0xE4, 0x17, 0xE4, 0x17, 0xE4, 0x17, 0xE4, 0x17, 0xE4, 0x17, 0xE4, 0x17, 0xE4, 0x17, 0xE4,
    0x17, 0xE4, 0x17, 0xE4, 0x17, 0xE4, 0x17, 0xE4, 0x17, 0xE4, 0x17, 0xE4, 0x17, 0xE4, 0x17, 0xE4,
    0x17, 0xFF, 0xE4, 0x17, 0xE4, 0x17, 0xE4, 0x17, 0xE4, 0x17, 0xE4, 0x17, 0xE4, 0x17, 0xE4, 0x17,
    0xE4, 0x17, 0xE4, 0x17, 0xE4, 0x17, 0xE4, 0x17, 0xE4, 0x17, 0xE4, 0x17, 0xE4, 0x17, 0xE4, 0x17,
    0xE4, 0x17, 0xE4, 0x17, 0xE4, 0x17, 0xE4, 0x17, 0xE4, 0x17, 0xE4, 0x17, 0xE4, 0x17, 0xE4, 0x17,
    0xE4, 0x17, 0xE4, 0x17, 0xE4, 0x17, 0xE4, 0x17, 0xE4, 0x17, 0xE4, 0x17, 0xE4, 0x17, 0xE4, 0x17,
    0xE4, 0x17, 0xE4, 0x17, 0xE4, 0x17, 0xE4, 0x17, 0xE4, 0x17, 0xE4, 0x17, 0xE4, 0x17, 0xE4, 0x17,
    0xE4, 0x17, 0xE4, 0x17, 0xE4, 0x17, 0xE4, 0x17, 0xE4, 0x17, 0xE4, 0x17, 0xE4, 0x17, 0xE4, 0x17,
    0xE4, 0x17, 0xE4, 0x17, 0xE4, 0x17, 0xE4, 0x17, 0xE4, 0x17, 0xE4, 0x17, 0xE4, 0x17, 0xE4, 0x17,
    0xE4, 0x17, 0xE4, 0x17, 0xE4, 0x17, 0xE4, 0x17, 0xE4, 0x17, 0xE3, 0x17, 0xE3, 0x17, 0xE3, 0x17,
    0xE3, 0x17, 0x8A, 0xE3, 0x17, 0xE3, 0x17, 0xE3, 0x0F, 0xE3, 0x5F, 0xAD, 0xEF, 0xFE, 0x04, 0xFF,
    0xFF, 0xE6, 0xDB, 0x8D, 0x71, 0x57, 0xCB, 0x1F, 0xE5, 0x17, 0xE4, 0x17, 0xE4, 0x17, 0xE4, 0x17,
    0xE4, 0x17, 0xE4, 0x17, 0xE4, 0x17, 0xE4, 0x17, 0xE4, 0x17, 0xE4, 0x17, 0xE4, 0x17, 0xE4, 0x17,
    0xE4, 0x17, 0xE4, 0x17, 0xE4, 0x17, 0xE4, 0x17, 0xE4, 0x17, 0xE4, 0x17, 0xE4, 0x17, 0xE4, 0x17,
    0xE4, 0x17, 0xE4, 0x17, 0xE4, 0x17, 0xE4, 0x17, 0xE4, 0x17, 0xE4, 0x17, 0xE4, 0x17, 0xE4, 0x17,
    0xE4, 0x17, 0xE4, 0x17, 0xE4, 0x17, 0xE4, 0x17, 0xE4, 0x17, 0xE4, 0x17, 0xE4, 0x17, 0xE4, 0x17,
    0xE4, 0x17, 0xE4, 0x17, 0xE4, 0x17, 0xE4, 0x17, 0xE4, 0x17, 0xE4, 0x17, 0xE4, 0x17, 0xE4, 0x17,
    0xE4, 0x17, 0xE4, 0x17, 0xE4, 0x17, 0xE4, 0x17, 0xE4, 0x17, 0xE4, 0x17, 0xE4, 0x17, 0xE4, 0x17,
    0xE4, 0x17, 0xE4, 0x17, 0xE4, 0x17, 0xE4, 0x17, 0xE4, 0x17, 0xE4, 0x17, 0xE4, 0x17, 0xE4, 0x17,
    0xE4, 0xFF, 0x17, 0xE4, 0x17, 0xE4, 0x17, 0xE4, 0x17, 0xE4, 0x17, 0xE4, 0x17, 0xE4, 0x17, 0xE4,
    0x17, 0xE4, 0x17, 0xE4, 0x17, 0xE4, 0x17, 0xE4, 0x17, 0xE4, 0x17, 0xE4, 0x17, 0xE4, 0x17, 0xE4,
    0x17, 0xE4, 0x17, 0xE4, 0x17, 0xE4, 0x17, 0xE4, 0x17, 0xE4, 0x17, 0xE4, 0x17, 0xE4, 0x17, 0xE4,
    0x17, 0xE4, 0x17, 0xE4, 0x17, 0xE4, 0x17, 0xE4, 0x17, 0xE4, 0x17, 0xE4, 0x17, 0xE4, 0x17, 0xE4,
    0x17, 0xE4, 0x17, 0xE4, 0x17, 0xE4, 0x17, 0xE4, 0x17, 0xE4, 0x17, 0xE4, 0x17, 0xE4, 0x17, 0xE4,
    0x17, 0xE4, 0x17, 0xE4, 0x17, 0xE4, 0x17, 0xE4, 0x17, 0xE4, 0x17, 0xE4, 0x17, 0xE4, 0x17, 0xE4,
    0x17, 0xE4, 0x17, 0xE4, 0x17, 0xE4, 0x17, 0xE4, 0x17, 0xE4, 0x17, 0xE4, 0x17, 0xE4, 0x17, 0xE4,
    0x17, 0xE4, 0x17, 0xE4, 0x17, 0xE3, 0x17, 0xE3, 0x17, 0xE3, 0x17, 0xE3, 0x17, 0xE3, 0x17, 0xE3,
    0x17, 0xE3, 0x87, 0x17, 0xE3, 0x17, 0xE3, 0x4F, 0x0A, 0xE7, 0xFD, 0x03, 0xFF, 0xFF, 0x9E, 0xEE,
    0xDC, 0x9D, 0x13, 0x6E, 0xAE, 0x37, 0xE8, 0x17, 0xE4, 0x17, 0xE4, 0x17, 0xE4, 0x17, 0xE4, 0x17,
    0xE4, 0x17, 0xE4, 0x17, 0xE4, 0x17, 0xE4, 0x17, 0xE4, 0x17, 0xE4, 0x17, 0xE4, 0x17, 0xE4, 0x17,
    0xE4, 0x17, 0xE4, 0x17, 0xE4, 0x17, 0xE4, 0x17, 0xE4, 0x17, 0xE4, 0x17, 0xE4, 0x17, 0xE4, 0x17,
    0xE4, 0x17, 0xE4, 0x17, 0xE4, 0x17, 0xE4, 0x17, 0xE4, 0x17, 0xE4, 0x17, 0xE4, 0x17, 0xE4, 0x17,
    0xE4, 0x17, 0xE4, 0x17, 0xE4, 0x17, 0xE4, 0x17, 0xE4, 0x17, 0xE4, 0x17, 0xE4, 0x17, 0xE4, 0x17,
    0xE4, 0x17, 0xE4, 0x17, 0xE4, 0x17, 0xE4, 0x17, 0xE4, 0x17, 0xE4, 0x17, 0xE4, 0x17, 0xE4, 0x17,
    0xE4, 0x17, 0xE4, 0x17, 0xE4, 0x17, 0xE4, 0x17, 0xE4, 0x17, 0xE4, 0x17, 0xE4, 0x17, 0xE4, 0x17,
    0xE4, 0x17, 0xE4, 0x17, 0xE4, 0x17, 0xE4, 0x17, 0xE4, 0x17, 0xE4, 0x17, 0xE4, 0x17, 0xFF, 0xE4,
    0x17, 0xE4, 0x17, 0xE4, 0x17, 0xE4, 0x17, 0xE4, 0x17, 0xE4, 0x17, 0xE4, 0x17, 0xE4, 0x17, 0xE4,
    0x17, 0xE4, 0x17, 0xE4, 0x17, 0xE4, 0x17, 0xE4, 0x17, 0xE4, 0x17, 0xE4, 0x17, 0xE4, 0x17, 0xE4,
    0x17, 0xE4, 0x17, 0xE4, 0x17, 0xE4, 0x17, 0xE4, 0x17, 0xE4, 0x17, 0xE4, 0x17, 0xE4, 0x17, 0xE4,
    0x17, 0xE4, 0x17, 0xE4, 0x17, 0xE4, 0x17, 0xE4, 0x17, 0xE4, 0x17, 0xE4, 0x17, 0xE4, 0x17, 0xE4,
    0x17, 0xE4, 0x17, 0xE4, 0x17, 0xE4, 0x17, 0xE4, 0x17, 0xE4, 0x17, 0xE4, 0x17, 0xE4, 0x17, 0xE4,
    0x17, 0xE4, 0x17, 0xE4, 0x17, 0xE4, 0x17, 0xE4, 0x17, 0xE4, 0x17, 0xE4, 0x17, 0xE4, 0x17, 0xE4,
    0x17, 0xE4, 0x17, 0xE4, 0x17, 0xE4, 0x17, 0xE4, 0x17, 0xE4, 0x17, 0xE4, 0x17, 0xE4, 0x17, 0xE4,
    0x17, 0xE4, 0x17, 0xE3, 0x17, 0xE3, 0x17, 0xE3, 0x17, 0xE3, 0x17, 0xE3, 0x17, 0xE3, 0x17, 0xFF,
    0xE3, 0x17, 0xE3, 0x1F, 0xE4, 0x45, 0xC9, 0xD6, 0xFA, 0xDE, 0x9A, 0xD6, 0x59, 0xCE, 0x18, 0xB5,
    0x55, 0x7D, 0x4E, 0x5F, 0xAB, 0x27, 0xE5, 0x17, 0xE4, 0x17, 0xE4, 0x17, 0xE4, 0x17, 0xE4, 0x17,
    0xE4, 0x17, 0xE4, 0x17, 0xE4, 0x17, 0xE4, 0x17, 0xE4, 0x17, 0xE4, 0x17, 0xE4, 0x17, 0xE4, 0x17,
    0xE4, 0x17, 0xE4, 0x17, 0xE4, 0x17, 0xE4, 0x17, 0xE4, 0x17, 0xE4, 0x17, 0xE4, 0x17, 0xE4, 0x17,
    0xE4, 0x17, 0xE4, 0x17, 0xE4, 0x17, 0xE4, 0x17, 0xE4, 0x17, 0xE4, 0x17, 0xE4, 0x17, 0xE4, 0x17,
    0xE4, 0x17, 0xE4, 0x17, 0xE4, 0x17, 0xE4, 0x17, 0xE4, 0x17, 0xE4, 0x17, 0xE4, 0x17, 0xE4, 0x17,
    0xE4, 0x17, 0xE4, 0x17, 0xE4, 0x17, 0xE4, 0x17, 0xE4, 0x17, 0xE4, 0x17, 0xE4, 0x17, 0xE4, 0x17,
    0xE4, 0x17, 0xE4, 0x17, 0xE4, 0x17, 0xE4, 0x17, 0xE4, 0x17, 0xE4, 0x17, 0xE4, 0x17, 0xE4, 0x17,
    0xFF, 0xE4, 0x17, 0xE4, 0x17, 0xE4, 0x17, 0xE4, 0x17, 0xE4, 0x17, 0xE4, 0x17, 0xE4, 0x17, 0xE4,
    0x17, 0xE4, 0x17, 0xE4, 0x17, 0xE4, 0x17, 0xE4, 0x17, 0xE4, 0x17, 0xE4, 0x17, 0xE4, 0x17, 0xE4,
    0x17, 0xE4, 0x17, 0xE4, 0x17, 0xE4, 0x17, 0xE4, 0x17, 0xE4, 0x17, 0xE4, 0x17, 0xE4, 0x17, 0xE4,
    0x17, 0xE4, 0x17, 0xE4, 0x17, 0xE4, 0x17, 0xE4, 0x17, 0xE4, 0x17, 0xE4, 0x17, 0xE4, 0x17, 0xE4,
    0x17, 0xE4, 0x17, 0xE4, 0x17, 0xE4, 0x17, 0xE4, 0x17, 0xE4, 0x17, 0xE4, 0x17, 0xE4, 0x17, 0xE4,
    0x17, 0xE4, 0x17, 0xE4, 0x17, 0xE4, 0x17, 0xE4, 0x17, 0xE4, 0x17, 0xE4, 0x17, 0xE4, 0x17, 0xE4,
    0x17, 0xE4, 0x17, 0xE4, 0x17, 0xE4, 0x17, 0xE4, 0x17, 0xE4, 0x17, 0xE4, 0x17, 0xE4, 0x17, 0xE4,
    0x17, 0xE4, 0x17, 0xE4, 0x17, 0xE4, 0x17, 0xE4, 0x17, 0xE4, 0x17, 0xE4, 0x17, 0xE4, 0x17, 0xE4,
    0x17, 0xFF, 0xE3, 0x17, 0xE3, 0x17, 0xE3, 0x17, 0xE3, 0x17, 0xE3, 0x17, 0xE3, 0x17, 0xE3, 0x17,
    0xE3, 0x37, 0xC7, 0x65, 0x2D, 0xB5, 0x75, 0xEE, 0xFB, 0xE6, 0xDA, 0xD6, 0x79, 0xCE, 0x38, 0xA5,
    0x11, 0x6D, 0xAB, 0x3F, 0xE8, 0x17, 0xE4, 0x1F, 0xE4, 0x17, 0xE4, 0x17, 0xE4, 0x17, 0xE4, 0x17,
    0xE4, 0x17, 0xE4, 0x17, 0xE4, 0x17, 0xE4, 0x17, 0xE4, 0x17, 0xE4, 0x17, 0xE4, 0x17, 0xE4, 0x17,
    0xE4, 0x17, 0xE4, 0x17, 0xE4, 0x17, 0xE4, 0x17, 0xE4, 0x17, 0xE4, 0x17, 0xE4, 0x17, 0xE4, 0x17,
    0xE4, 0x17, 0xE4, 0x17, 0xE4, 0x17, 0xE4, 0x17, 0xE4, 0x17, 0xE4, 0x17, 0xE4, 0x17, 0xE4, 0x17,
    0xE4, 0x17, 0xE4, 0x17, 0xE4, 0x17, 0xE4, 0x17, 0xE4, 0x17, 0xE4, 0x17, 0xE4, 0x17, 0xE4, 0x17,
    0xE4, 0x17, 0xE4, 0x17, 0xE4, 0x17, 0xE4, 0x17, 0xE4, 0x17, 0xE4, 0x17, 0xE4, 0x17, 0xE4, 0x17,
    0xE4, 0x17, 0xFF, 0xE4, 0x17, 0xE4, 0x17, 0xE4, 0x17, 0xE4, 0x17, 0xE4, 0x17, 0xE4, 0x17, 0xE4,
    0x17, 0xE4, 0x17, 0xE4, 0x17, 0xE4, 0x17, 0xE4, 0x17, 0xE4, 0x17, 0xE4, 0x17, 0xE4, 0x17, 0xE4,
    0x17, 0xE4, 0x17, 0xE4, 0x17, 0xE4, 0x17, 0xE4, 0x17, 0xE4, 0x17, 0xE4, 0x17, 0xE4, 0x17, 0xE4,
    0x17, 0xE4, 0x17, 0xE4, 0x17, 0xE4, 0x17, 0xE4, 0x17, 0xE4, 0x17, 0xE4, 0x17, 0xE4, 0x17, 0xE4,
    0x17, 0xE4, 0x17, 0xE4, 0x17, 0xE4, 0x17, 0xE4, 0x17, 0xE4, 0x17, 0xE4, 0x17, 0xE4, 0x17, 0xE4,
    0x17, 0xE4, 0x17, 0xE4, 0x17, 0xE4, 0x17, 0xE4, 0x17, 0xE4, 0x17, 0xE4, 0x17, 0xE4, 0x17, 0xE4,
    0x17, 0xE4, 0x17, 0xE4, 0x17, 0xE4, 0x17, 0xE4, 0x17, 0xE4, 0x17, 0xE4, 0x17, 0xE4, 0x17, 0xE4,
    0x17, 0xE4, 0x17, 0xE4, 0x17, 0xE4, 0x17, 0xE4, 0x17, 0xE4, 0x17, 0xE4, 0x17, 0xE4, 0x17, 0xE4,
    0x17, 0xE4, 0x17, 0xFF, 0xE4, 0x17, 0xE4, 0x17, 0xE4, 0x17, 0xE4, 0x17, 0xE4, 0x17, 0xE4, 0x17,
    0xE4, 0x17, 0xE3, 0x17, 0xE3, 0x17, 0xE3, 0x17, 0xE3, 0x17, 0xE4, 0x17, 0xE3, 0x17, 0xE4, 0x46,
    0xE9, 0xBE, 0xB7, 0xC5, 0xB7, 0xB5, 0x95, 0xBD, 0xB5, 0xD6, 0x37, 0xDE, 0x58, 0xAC, 0xB1, 0x6B,
    0xCA, 0x5F, 0x8C, 0x1F, 0xE6, 0x17, 0xE3, 0x1F, 0xE4, 0x17, 0xE4, 0x17, 0xE4, 0x17, 0xE4, 0x17,
    0xE4, 0x17, 0xE4, 0x17, 0xE4, 0x17, 0xE4, 0x17, 0xE4, 0x17, 0xE4, 0x17, 0xE4, 0x17, 0xE4, 0x17,
    0xE4, 0x17, 0xE4, 0x17, 0xE4, 0x17, 0xE4, 0x17, 0xE4, 0x17, 0xE4, 0x17, 0xE4, 0x17, 0xE4, 0x17,
    0xE4, 0x17, 0xE4, 0x17, 0xE4, 0x17, 0xE4, 0x17, 0xE4, 0x17, 0xE4, 0x17, 0xE4, 0x17, 0xE4, 0x17,
    0xE4, 0x17, 0xE4, 0x17, 0xE4, 0x17, 0xE4, 0x17, 0xE4, 0x17, 0xE4, 0x17, 0xE4, 0x17, 0xE4, 0x17,
    0xE4, 0x17, 0xE4, 0x17, 0xFF, 0xE4, 0x17, 0xE4, 0x17, 0xE4, 0x17, 0xE4, 0x17, 0xE4, 0x17, 0xE4,
    0x17, 0xE4, 0x17, 0xE4, 0x17, 0xE4, 0x17, 0xE4, 0x17, 0xE4, 0x17, 0xE4, 0x17, 0xE4, 0x17, 0xE4,
    0x17, 0xE4, 0x17, 0xE4, 0x17, 0xE4, 0x17, 0xE4, 0x17, 0xE4, 0x17, 0xE4, 0x17, 0xE4, 0x17, 0xE4,
    0x17, 0xE4, 0x17, 0xE4, 0x17, 0xE4, 0x17, 0xE4, 0x17, 0xE4, 0x17, 0xE4, 0x17, 0xE4, 0x17, 0xE4,
    0x17, 0xE4, 0x17, 0xE4, 0x17, 0xE4, 0x17, 0xE4, 0x17, 0xE4, 0x17, 0xE4, 0x17, 0xE4, 0x17, 0xE4,
    0x17, 0xE4, 0x17, 0xE4, 0x17, 0xE4, 0x17, 0xE4, 0x17, 0xE4, 0x17, 0xE4, 0x17, 0xE4, 0x17, 0xE4,
    0x17, 0xE4, 0x17, 0xE4, 0x17, 0xE4, 0x17, 0xE4, 0x17, 0xE4, 0x17, 0xE4, 0x17, 0xE4, 0x17, 0xE4,
    0x17, 0xE4, 0x17, 0xE4, 0x17, 0xE4, 0x17, 0xE4, 0x17, 0xE4, 0x17, 0xE4, 0x17, 0xE4, 0x17, 0xE4,
    0x17, 0xE4, 0x17, 0xE4, 0x17, 0xFF, 0xE4, 0x17, 0xE4, 0x17, 0xE4, 0x17, 0xE4, 0x17, 0xE4, 0x17,
    0xE4, 0x17, 0xE4, 0x17, 0xE4, 0x17, 0xE4, 0x17, 0xE4, 0x17, 0xE4, 0x17, 0xE4, 0x17, 0xE4, 0x17,
    0xE4, 0x17, 0xE4, 0x17, 0xE4, 0x17, 0xE4, 0x17, 0xE4, 0x17, 0xE4, 0x0F, 0xE3, 0x4E, 0xAA, 0xF7,
    0xFD, 0xD6, 0x79, 0xBD, 0x74, 0xDE, 0x37, 0xE5, 0xD7, 0xD5, 0x55, 0xC4, 0xB2, 0xA4, 0x0E, 0x75,
    0x6B, 0x47, 0xE9, 0x1F, 0xE4, 0x17, 0xE3, 0x17, 0xE4, 0x17, 0xE4, 0x17, 0xE4, 0x17, 0xE4, 0x17,
    0xE4, 0x17, 0xE4, 0x17, 0xE4, 0x17, 0xE4, 0x17, 0xE4, 0x17, 0xE4, 0x17, 0xE4, 0x17, 0xE4, 0x17,
    0xE4, 0x17, 0xE4, 0x17, 0xE4, 0x17, 0xE4, 0x17, 0xE4, 0x17, 0xE4, 0x17, 0xE4, 0x17, 0xE4, 0x17,
    0xE4, 0x17, 0xE4, 0x17, 0xE4, 0x17, 0xE4, 0x17, 0xE4, 0x17, 0xE4, 0x17, 0xE4, 0x17, 0xE4, 0x17,
    0xE4, 0x17, 0xE4, 0x17, 0xE4, 0x17, 0xFF, 0xE4, 0x17, 0xE4, 0x17, 0xE4, 0x17, 0xE4, 0x17, 0xE4,
    0x17, 0xE4, 0x17, 0xE4, 0x17, 0xE4, 0x17, 0xE4, 0x17, 0xE4, 0x17, 0xE4, 0x17, 0xE4, 0x17, 0xE4,
    0x17, 0xE4, 0x17, 0xE4, 0x17, 0xE4, 0x17, 0xE4, 0x17, 0xE4, 0x17, 0xE4, 0x17, 0xE4, 0x17, 0xE4,
    0x17, 0xE4, 0x17, 0xE4, 0x17, 0xE4, 0x17, 0xE4, 0x17, 0xE4, 0x17, 0xE4, 0x17, 0xE4, 0x17, 0xE4,
    0x17, 0xE4, 0x17, 0xE4, 0x17, 0xE4, 0x17, 0xE4, 0x17, 0xE4, 0x17, 0xE4, 0x17, 0xE4, 0x17, 0xE4,
    0x17, 0xE4, 0x17, 0xE4, 0x17, 0xE4, 0x17, 0xE4, 0x17, 0xE4, 0x17, 0xE4, 0x17, 0xE4, 0x17, 0xE4,
    0x17, 0xE4, 0x17, 0xE4, 0x17, 0xE4, 0x17, 0xE4, 0x17, 0xE4, 0x17, 0xE4, 0x17, 0xE4, 0x17, 0xE4,
    0x17, 0xE4, 0x17, 0xE4, 0x17, 0xE4, 0x17, 0xE4, 0x17, 0xE4, 0x17, 0xE4, 0x17, 0xE4, 0x17, 0xE4,
    0x17, 0xE4, 0x17, 0xE4, 0x17, 0xE4, 0x17, 0xB6, 0xE4, 0x17, 0xE4, 0x17, 0xE4, 0x17, 0xE4, 0x17,
    0xE4, 0x17, 0xE4, 0x17, 0xE4, 0x17, 0xE4, 0x17, 0xE4, 0x17, 0xE4, 0x17, 0xE4, 0x17, 0xE4, 0x17,
    0xE4, 0x17, 0xE4, 0x17, 0xE4, 0x17, 0xE4, 0x17, 0xE4, 0x17, 0xE4, 0x17, 0xE4, 0x17, 0xE4, 0x17,
    0xE4, 0x17, 0xE4, 0x17, 0xE4, 0x17, 0xE4, 0x17, 0xE4, 0x0F, 0xE3, 0x4E, 0xAA, 0xF7, 0xFD, 0x02,
    0xFF, 0xFF, 0xF7, 0x1B, 0xCC, 0xD3, 0xAB, 0x0D, 0x9A, 0x6A, 0x9A, 0x6A, 0xA2, 0x8A, 0x7A, 0xC7,
    0x66, 0x6A, 0x37, 0xE6, 0x17, 0xE4, 0x17, 0xE4, 0x17, 0xE4, 0x17, 0xE4, 0x17, 0xE4, 0x17, 0xE4,
    0x17, 0xE4, 0x17, 0xE4, 0x17, 0xE4, 0x17, 0xE4, 0x17, 0xE4, 0x17, 0xE4, 0x17, 0xE4, 0x17, 0xE4,
    0x17, 0xE4, 0x17, 0xE4, 0x17, 0xE4, 0x17, 0xE4, 0x17, 0xE4, 0x17, 0xE4, 0x17, 0xE4, 0x17, 0xE4,
    0x17, 0xE4, 0x17, 0xE4, 0x17, 0xE4, 0x17, 0xE4, 0x17, 0xE4, 0x17, 0xE4, 0x17, 0xE4, 0x17, 0xE4,
    0x17, 0xE4, 0x17, 0xE4, 0x17, 0xE4, 0x17, 0xE4, 0x17, 0xE4, 0x17, 0xE4, 0x17, 0xE4, 0x17, 0xE4,
    0x17, 0xE4, 0x17, 0xE4, 0x17, 0xE4, 0x17, 0xE4, 0x17, 0xE4, 0x17, 0xE4, 0x17, 0xE4, 0x17, 0xE4,
    0x17, 0xE4, 0x17, 0xE4, 0x17, 0xE4, 0x17, 0xE4, 0x17, 0xE4, 0x17, 0xE4, 0x17, 0xE4, 0x17, 0xE4,
    0x17, 0xE4, 0xFF, 0x17, 0xE4, 0x17, 0xE4, 0x17, 0xE4, 0x17, 0xE4, 0x17, 0xE4, 0x17, 0xE4, 0x17,
    0xE4, 0x17, 0xE4, 0x17, 0xE4, 0x17, 0xE4, 0x17, 0xE4, 0x17, 0xE4, 0x17, 0xE4, 0x17, 0xE4, 0x17,
    0xE4, 0x17, 0xE4, 0x17, 0xE4, 0x17, 0xE4, 0x17, 0xE4, 0x17, 0xE4, 0x17, 0xE4, 0x17, 0xE4, 0x17,
    0xE4, 0x17, 0xE4, 0x17, 0xE4, 0x17, 0xE4, 0x17, 0xE4, 0x17, 0xE4, 0x17, 0xE4, 0x17, 0xE4, 0x17,
    0xE4, 0x17, 0xE4, 0x17, 0xE4, 0x17, 0xE4, 0x17, 0xE4, 0x17, 0xE4, 0x17, 0xE4, 0x17, 0xE4, 0x17,
    0xE4, 0x17, 0xE4, 0x17, 0xE4, 0x17, 0xE4, 0x17, 0xE4, 0x17, 0xE4, 0x17, 0xE4, 0x17, 0xE4, 0x17,
    0xE4, 0x17, 0xE4, 0x17, 0xE4, 0x17, 0xE4, 0x17, 0xE4, 0x17, 0xE4, 0x17, 0xE4, 0x17, 0xE4, 0x17,
    0xE4, 0x17, 0xE4, 0x17, 0xE4, 0x17, 0xE4, 0x17, 0xE4, 0x17, 0xE4, 0x17, 0xE4, 0x17, 0xE4, 0x17,
    0xE4, 0x17, 0xE4, 0xFF, 0x17, 0xE4, 0x17, 0xE4, 0x17, 0xE3, 0x3E, 0xA8, 0xE7, 0xBA, 0xFF, 0x1B,
    0xAB, 0xEF, 0x9A, 0x8A, 0xAA, 0x6A, 0xAA, 0x4A, 0xB2, 0x4A, 0xB2, 0x6A, 0x9A, 0x29, 0x74, 0x08,
    0x4F, 0xE9, 0x1F, 0xE4, 0x17, 0xE3, 0x17, 0xE4, 0x17, 0xE4, 0x17, 0xE4, 0x17, 0xE4, 0x17, 0xE4,
    0x17, 0xE4, 0x17, 0xE4, 0x17, 0xE4, 0x17, 0xE4, 0x17, 0xE4, 0x17, 0xE4, 0x17, 0xE4, 0x17, 0xE4,
    0x17, 0xE4, 0x17, 0xE4, 0x17, 0xE4, 0x17, 0xE4, 0x17, 0xE4, 0x17, 0xE4, 0x17, 0xE4, 0x17, 0xE4,
    0x17, 0xE4, 0x17, 0xE4, 0x17, 0xE4, 0x17, 0xE4, 0x17, 0xE4, 0x17, 0xE4, 0x17, 0xE4, 0x17, 0xE4,
    0x17, 0xE4, 0x17, 0xE4, 0x17, 0xE4, 0x17, 0xE4, 0x17, 0xE4, 0x17, 0xE4, 0x17, 0xE4, 0x17, 0xE4,
    0x17, 0xE4, 0x17, 0xE4, 0x17, 0xE4, 0x17, 0xE4, 0x17, 0xE4, 0x17, 0xE4, 0x17, 0xE4, 0x17, 0xE4,
    0x17, 0xE4, 0x17, 0xE4, 0xFF, 0x17, 0xE4, 0x17, 0xE4, 0x17, 0xE4, 0x17, 0xE4, 0x17, 0xE4, 0x17,
    0xE4, 0x17, 0xE4, 0x17, 0xE4, 0x17, 0xE4, 0x17, 0xE4, 0x17, 0xE4, 0x17, 0xE4, 0x17, 0xE4, 0x17,
    0xE4, 0x17, 0xE4, 0x17, 0xE4, 0x17, 0xE4, 0x17, 0xE4, 0x17, 0xE4, 0x17, 0xE4, 0x17, 0xE4, 0x17,
    0xE4, 0x17, 0xE4, 0x17, 0xE4, 0x17, 0xE4, 0x17, 0xE4, 0x17, 0xE4, 0x17, 0xE4, 0x17, 0xE4, 0x17,
    0xE4, 0x17, 0xE4, 0x17, 0xE4, 0x17, 0xE4, 0x17, 0xE4, 0x17, 0xE4, 0x17, 0xE4, 0x17, 0xE4, 0x17,
    0xE4, 0x17, 0xE4, 0x17, 0xE4, 0x17, 0xE4, 0x17, 0xE4, 0x17, 0xE4, 0x17, 0xE4, 0x17, 0xE4, 0x17,
    0xE4, 0x17, 0xE4, 0x17, 0xE4, 0x17, 0xE4, 0x17, 0xE4, 0x17, 0xE4, 0x17, 0xE4, 0x17, 0xE4, 0x17,
    0xE4, 0x17, 0xE4, 0x17, 0xE4, 0x17, 0xE4, 0x17, 0xE4, 0x17, 0xE4, 0x17, 0xE4, 0x17, 0xE4, 0x17,
    0xE4, 0x17, 0xE4, 0x17, 0xE4, 0xFF, 0x17, 0xE4, 0x17, 0xE4, 0x17, 0xE4, 0x17, 0xE4, 0x17, 0xE4,
    0x17, 0xE4, 0x17, 0xE4, 0x17, 0xE4, 0x1F, 0xE4, 0x1E, 0x83, 0x74, 0xCB, 0xAB, 0xCE, 0x92, 0x29,
    0xAA, 0x8A, 0xB2, 0x6A, 0xB2, 0x2A, 0xB2, 0x2A, 0xB2, 0x2A, 0xAA, 0x0A, 0x7B, 0x69, 0x5F, 0xC9,
    0x1F, 0xE4, 0x17, 0xE3, 0x17, 0xE3, 0x17, 0xE4, 0x17, 0xE4, 0x17, 0xE4, 0x17, 0xE4, 0x17, 0xE4,
    0x17, 0xE4, 0x17, 0xE4, 0x17, 0xE4, 0x17, 0xE4, 0x17, 0xE4, 0x17, 0xE4, 0x17, 0xE4, 0x17, 0xE4,
    0x17, 0xE4, 0x17, 0xE4, 0x17, 0xE4, 0x17, 0xE4, 0x17, 0xE4, 0x17, 0xE4, 0x17, 0xE4, 0x17, 0xE4,
    0x17, 0xE4, 0x17, 0xE4, 0x17, 0xE4, 0x17, 0xE4, 0x17, 0xE4, 0x17, 0xE4, 0x17, 0xE4, 0x17, 0xE4,
    0x17, 0xE4, 0x17, 0xE4, 0x17, 0xE4, 0x17, 0xE4, 0x17, 0xE4, 0x17, 0xE4, 0x17, 0xE4, 0x17, 0xE4,
    0x17, 0xE4, 0x17, 0xE4, 0x17, 0xE4, 0xFF, 0x17, 0xE4, 0x17, 0xE4, 0x17, 0xE4, 0x17, 0xE4, 0x17,
    0xE4, 0x17, 0xE4, 0x17, 0xE4, 0x17, 0xE4, 0x17, 0xE4, 0x17, 0xE4, 0x17, 0xE4, 0x17, 0xE4, 0x17,
    0xE4, 0x17, 0xE4, 0x17, 0xE4, 0x17, 0xE4, 0x17, 0xE4, 0x17, 0xE4, 0x17, 0xE4, 0x17, 0xE4, 0x17,
    0xE4, 0x17, 0xE4, 0x17, 0xE4, 0x17, 0xE4, 0x17, 0xE4, 0x17, 0xE4, 0x17, 0xE4, 0x17, 0xE4, 0x17,
    0xE4, 0x17, 0xE4, 0x17, 0xE4, 0x17, 0xE4, 0x17, 0xE4, 0x17, 0xE4, 0x17, 0xE4, 0x17, 0xE4, 0x17,
    0xE4, 0x17, 0xE4, 0x17, 0xE4, 0x17, 0xE4, 0x17, 0xE4, 0x17, 0xE4, 0x17, 0xE4, 0x17, 0xE4, 0x17,
    0xE4, 0x17, 0xE4, 0x17, 0xE4, 0x17, 0xE4, 0x17, 0xE4, 0x17, 0xE4, 0x17, 0xE4, 0x17, 0xE4, 0x17,
    0xE4, 0x17, 0xE4, 0x17, 0xE4, 0x17, 0xE4, 0x17, 0xE4, 0x17, 0xE4, 0x17, 0xE4, 0x17, 0xE4, 0x17,
    0xE4, 0x17, 0xE4, 0x17, 0xE4, 0x17, 0xE4, 0xFF, 0x17, 0xE4, 0x17, 0xE4, 0x17, 0xE4, 0x17, 0xE4,
    0x17, 0xE4, 0x17, 0xE4, 0x17, 0xE4, 0x17, 0xE4, 0x17, 0xE4, 0x17, 0xE4, 0x17, 0xE4, 0x17, 0xE4,
    0x17, 0xE4, 0x17, 0xE4, 0x1F, 0xE4, 0x17, 0xC3, 0x14, 0x60, 0x53, 0x04, 0x7A, 0xC7, 0x8A, 0xA8,
    0x92, 0x47, 0x92, 0x48, 0x92, 0x48, 0x92, 0x48, 0x8A, 0x48, 0x63, 0xE7, 0x4F, 0xE9, 0x1F, 0xE4,
    0x17, 0xE3, 0x17, 0xE4, 0x17, 0xE4, 0x17, 0xE4, 0x17, 0xE4, 0x17, 0xE4, 0x17, 0xE4, 0x17, 0xE4,
    0x17, 0xE4, 0x17, 0xE4, 0x17, 0xE4, 0x17, 0xE4, 0x17, 0xE4, 0x17, 0xE4, 0x17, 0xE4, 0x17, 0xE4,
    0x17, 0xE4, 0x17, 0xE4, 0x17, 0xE4, 0x17, 0xE4, 0x17, 0xE4, 0x17, 0xE4, 0x17, 0xE4, 0x17, 0xE4,
    0x17, 0xE4, 0x17, 0xE4, 0x17, 0xE4, 0x17, 0xE4, 0x17, 0xE4, 0x17, 0xE4, 0x17, 0xE4, 0x17, 0xE4,
    0x17, 0xE4, 0x17, 0xE4, 0x17, 0xE4, 0x17, 0xE4, 0xFF, 0x17, 0xE4, 0x17, 0xE4, 0x17, 0xE4, 0x17,
    0xE4, 0x17, 0xE4, 0x17, 0xE4, 0x17, 0xE4, 0x17, 0xE4, 0x17, 0xE4, 0x17, 0xE4, 0x17, 0xE4, 0x17,
    0xE4, 0x17, 0xE4, 0x17, 0xE4, 0x17, 0xE4, 0x17, 0xE4, 0x17, 0xE4, 0x17, 0xE4, 0x17, 0xE4, 0x17,
    0xE4, 0x17, 0xE4, 0x17, 0xE4, 0x17, 0xE4, 0x17, 0xE4, 0x17, 0xE4, 0x17, 0xE4, 0x17, 0xE4, 0x17,
    0xE4, 0x17, 0xE4, 0x17, 0xE4, 0x17, 0xE4, 0x17, 0xE4, 0x17, 0xE4, 0x17, 0xE4, 0x17, 0xE4, 0x17,
    0xE4, 0x17, 0xE4, 0x17, 0xE4, 0x17, 0xE4, 0x17, 0xE4, 0x17, 0xE4, 0x17, 0xE4, 0x17, 0xE4, 0x17,
    0xE4, 0x17, 0xE4, 0x17, 0xE4, 0x17, 0xE4, 0x17, 0xE4, 0x17, 0xE4, 0x17, 0xE4, 0x17, 0xE4, 0x17,
    0xE4, 0x17, 0xE4, 0x17, 0xE4, 0x17, 0xE4, 0x17, 0xE4, 0x17, 0xE4, 0x17, 0xE4, 0x17, 0xE4, 0x17,
    0xE4, 0x17, 0xE4, 0x17, 0xE4, 0x17, 0xE4, 0x17, 0xE4, 0xFF, 0x17, 0xE4, 0x17, 0xE4, 0x17, 0xE4,
    0x17, 0xE4, 0x17, 0xE4, 0x17, 0xE4, 0x17, 0xE4, 0x17, 0xE4, 0x17, 0xE4, 0x17, 0xE4, 0x17, 0xE4,
    0x17, 0xE4, 0x17, 0xE4, 0x17, 0xE4, 0x17, 0xE4, 0x17, 0xE4, 0x17, 0xE4, 0x17, 0xE4, 0x17, 0xE4,
    0x17, 0xE4, 0x17, 0xE4, 0x1F, 0xE5, 0x1F, 0xE4, 0x25, 0xE3, 0x34, 0xC3, 0x44, 0x24, 0x53, 0xC4,
    0x53, 0xE4, 0x4C, 0x25, 0x54, 0x25, 0x4C, 0xA5, 0x46, 0x87, 0x37, 0xE7, 0x1F, 0xE5, 0x17, 0xE4,
    0x17, 0xE4, 0x17, 0xE4, 0x17, 0xE4, 0x17, 0xE4, 0x17, 0xE4, 0x17, 0xE4, 0x17, 0xE4, 0x17, 0xE4,
    0x17, 0xE4, 0x17, 0xE4, 0x17, 0xE4, 0x17, 0xE4, 0x17, 0xE4, 0x17, 0xE4, 0x17, 0xE4, 0x17, 0xE4,
    0x17, 0xE4, 0x17, 0xE4, 0x17, 0xE4, 0x17, 0xE4, 0x17, 0xE4, 0x17, 0xE4, 0x17, 0xE4, 0x17, 0xE4,
    0x17, 0xE4, 0x17, 0xE4, 0x17, 0xE4, 0x17, 0xE4, 0x17, 0xE4, 0xFF, 0x17, 0xE4, 0x17, 0xE4, 0x17,
    0xE4, 0x17, 0xE4, 0x17, 0xE4, 0x17, 0xE4, 0x17, 0xE4, 0x17, 0xE4, 0x17, 0xE4, 0x17, 0xE4, 0x17,
    0xE4, 0x17, 0xE4, 0x17, 0xE4, 0x17, 0xE4, 0x17, 0xE4, 0x17, 0xE4, 0x17, 0xE4, 0x17, 0xE4, 0x17,
    0xE4, 0x17, 0xE4, 0x17, 0xE4, 0x17, 0xE4, 0x17, 0xE4, 0x17, 0xE4, 0x17, 0xE4, 0x17, 0xE4, 0x17,
    0xE4, 0x17, 0xE4, 0x17, 0xE4, 0x17, 0xE4, 0x17, 0xE4, 0x17, 0xE4, 0x17, 0xE4, 0x17, 0xE4, 0x17,
    0xE4, 0x17, 0xE4, 0x17, 0xE4, 0x17, 0xE4, 0x17, 0xE4, 0x17, 0xE4, 0x17, 0xE4, 0x17, 0xE4, 0x17,
    0xE4, 0x17, 0xE4, 0x17, 0xE4, 0x17, 0xE4, 0x17, 0xE4, 0x17, 0xE4, 0x17, 0xE4, 0x17, 0xE4, 0x17,
    0xE4, 0x17, 0xE4, 0x17, 0xE4, 0x17, 0xE4, 0x17, 0xE4, 0x17, 0xE4, 0x17, 0xE4, 0x17, 0xE4, 0x17,
    0xE4, 0x17, 0xE4, 0x17, 0xE4, 0x17, 0xE4, 0x17, 0xE4, 0x17, 0xE4, 0xFF, 0x17, 0xE4, 0x17, 0xE4,
    0x17, 0xE4, 0x17, 0xE4, 0x17, 0xE4, 0x17, 0xE4, 0x17, 0xE4, 0x17, 0xE4, 0x17, 0xE4, 0x17, 0xE4,
    0x17, 0xE4, 0x17, 0xE4, 0x17, 0xE4, 0x17, 0xE4, 0x17, 0xE4, 0x17, 0xE4, 0x17, 0xE4, 0x17, 0xE4,
    0x17, 0xE4, 0x17, 0xE4, 0x17, 0xE4, 0x17, 0xE4, 0x17, 0xE4, 0x17, 0xE4, 0x17, 0xE4, 0x17, 0xE4,
    0x17, 0xE4, 0x17, 0xE4, 0x1F, 0xE4, 0x27, 0xE5, 0x27, 0xE4, 0x2F, 0xA5, 0x37, 0x45, 0x2F, 0x65,
    0x37, 0xA5, 0x37, 0xC6, 0x2F, 0xE6, 0x27, 0xE6, 0x17, 0xE5, 0x17, 0xE4, 0x17, 0xE4, 0x17, 0xE4,
    0x17, 0xE4, 0x17, 0xE4, 0x17, 0xE4, 0x17, 0xE4, 0x17, 0xE4, 0x17, 0xE4, 0x17, 0xE4, 0x17, 0xE4,
    0x17, 0xE4, 0x17, 0xE4, 0x17, 0xE4, 0x17, 0xE4, 0x17, 0xE4, 0x17, 0xE4, 0x17, 0xE4, 0x17, 0xE4,
    0x17, 0xE4, 0x17, 0xE4, 0x17, 0xE4, 0x17, 0xE4, 0x17, 0xE4, 0x17, 0xE4, 0xE1, 0x17, 0xE4, 0x17,
    0xE4, 0x17, 0xE4, 0x17, 0xE4, 0x17, 0xE4, 0x17, 0xE4, 0x17, 0xE4, 0x17, 0xE4, 0x17, 0xE4, 0x17,
    0xE4, 0x17, 0xE4, 0x17, 0xE4, 0x17, 0xE4, 0x17, 0xE4, 0x17, 0xE4, 0x17, 0xE4, 0x17, 0xE4, 0x17,
    0xE4, 0x17, 0xE4, 0x17, 0xE4, 0x17, 0xE4, 0x17, 0xE4, 0x17, 0xE4, 0x17, 0xE4, 0x17, 0xE4, 0x17,
    0xE4, 0x17, 0xE4, 0x17, 0xE4, 0x17, 0xE4, 0x17, 0xE4, 0x17, 0xE4, 0x17, 0xE4, 0x17, 0xE4, 0x17,
    0xE4, 0x17, 0xE4, 0x17, 0xE4, 0x17, 0xE4, 0x17, 0xE4, 0x17, 0xE4, 0x17, 0xE4, 0x17, 0xE4, 0x17,
    0xE4, 0x17, 0xE4, 0x17, 0xE4, 0x17, 0xE4, 0x17, 0xE4, 0x17, 0xE4, 0x17, 0xE4, 0x17, 0xE4, 0x7F,
    0x00, 0x7F, 0x00, 0x7F, 0x00, 0x7F, 0x00, 0x7F, 0x00, 0x7F, 0x00, 0x7F, 0x00, 0x7F, 0x00, 0x7F,
    0x00, 0x7F, 0x00, 0x7F, 0x00, 0x7F, 0x00, 0x7F, 0x00, 0x7F, 0x00, 0x7F, 0x00, 0x7F, 0x00, 0x7F,
    0x00, 0x7F, 0x00, 0x7F, 0x00, 0x7F, 0x00, 0x7F, 0x00, 0x7F, 0x00, 0x7F, 0x00, 0x7F, 0x00, 0x7F,
    0x00, 0x7F, 0x00, 0x7F, 0x00, 0x7F, 0x00, 0x7F, 0x00, 0x7F, 0x00, 0x7F, 0x00, 0x7F, 0x00, 0x7F,
    0x00, 0x7F, 0x00, 0x7F, 0x00, 0x7F, 0x00, 0x7F, 0x00, 0x7F, 0x00, 0x7F, 0x00, 0x7F, 0x00, 0x7F,
    0x00, 0x7F, 0x00, 0x7F, 0x00, 0x7F, 0x00, 0x7F, 0x00, 0x7F, 0x00, 0x7F, 0x00, 0x7F, 0x00, 0x7F,
    0x00, 0x7F, 0x00, 0x7F, 0x00, 0x7F, 0x00, 0x7F, 0x00, 0x7F, 0x00, 0x7F, 0x00, 0x7F, 0x00, 0x7F,
    0x00, 0x7F, 0x00, 0x7F, 0x00, 0x7F, 0x00, 0x7F, 0x00, 0x7F, 0x00, 0x7F, 0x00, 0x7F, 0x00, 0x7F,
    0x00, 0x7F, 0x00, 0x7F, 0x00, 0x7F, 0x00, 0x7F, 0x00, 0x7F, 0x00, 0x7F, 0x00, 0x7F, 0x00, 0x7F,
    0x00, 0x7F, 0x00, 0x7F, 0x00, 0x7F, 0x00, 0x7F, 0x00, 0x7F, 0x00, 0x7F, 0x00, 0x7F, 0x00, 0x7F,
    0x00, 0x7F, 0x00, 0x7F, 0x00, 0x7F, 0x00, 0x7F, 0x00, 0x7F, 0x00, 0x42, 0x00,
};
// clang-format on
