// Copyright 2026 QMK -- generated source code only, image retains original copyright
// SPDX-License-Identifier: GPL-2.0-or-later

// This file was auto-generated by `painter_convert_graphics` with arguments:
//    format | rgb565
//    output | frames_cropped
//    input  | frame_13.png

// Image's metadata
// ----------------
// Width: 134
// Height: 240
// Single frame

#include <qp.h>

const uint32_t gfx_frame_13_length = 43105;

// clang-format off
const uint8_t gfx_frame_13[43105] = {
    0x00, 0xFF, 0x12, 0x00, 0x00, 0x51, 0x47, 0x46, 0x01, 0x61, 0xA8, 0x00, 0x00, 0x9E, 0x57, 0xFF,
    0xFF, 0x86, 0x00, 0xF0, 0x00, 0x01, 0x00, 0x01, 0xFE, 0x04, 0x00, 0x00, 0x20, 0x00, 0x00, 0x00,
    0x02, 0xFD, 0x06, 0x00, 0x00, 0x08, 0x00, 0x01, 0xFF, 0xE8, 0x03, 0x05, 0xFA, 0x31, 0xA8, 0x00,
    0x7F, 0x00, 0x7F, 0x00, 0x7F, 0x00, 0x7F, 0x00, 0x7F, 0x00, 0x7F, 0x00, 0x7F, 0x00, 0x7F, 0x00,
    0x7F, 0x00, 0x7F, 0x00, 0x7F, 0x00, 0x7F, 0x00, 0x7F, 0x00, 0x7F, 0x00, 0x7F, 0x00, 0x7F, 0x00,
    0x7F, 0x00, 0x7F, 0x00, 0x7F, 0x00, 0x7F, 0x00, 0x7F, 0x00, 0x7F, 0x00, 0x7F, 0x00, 0x7F, 0x00,
    0x7F, 0x00, 0x7F, 0x00, 0x7F, 0x00, 0x7F, 0x00, 0x7F, 0x00, 0x7F, 0x00, 0x7F, 0x00, 0x7F, 0x00,
    0x7F, 0x00, 0x7F, 0x00, 0x7F, 0x00, 0x7F, 0x00, 0x7F, 0x00, 0x7F, 0x00, 0x7F, 0x00, 0x7F, 0x00,
    0x7F, 0x00, 0x7F, 0x00, 0x7F, 0x00, 0x7F, 0x00, 0x7F, 0x00, 0x7F, 0x00, 0x7F, 0x00, 0x7F, 0x00,
    0x7F, 0x00, 0x7F, 0x00, 0x7F, 0x00, 0x7F, 0x00, 0x7F, 0x00, 0x7F, 0x00, 0x7F, 0x00, 0x7F, 0x00,
    0x7F, 0x00, 0x7F, 0x00, 0x7F, 0x00, 0x7F, 0x00, 0x7F, 0x00, 0x7F, 0x00, 0x7F, 0x00, 0x7F, 0x00,
    0x7F, 0x00, 0x7F, 0x00, 0x7F, 0x00, 0x7F, 0x00, 0x7F, 0x00, 0x7F, 0x00, 0x7F, 0x00, 0x7F, 0x00,
    0x7F, 0x00, 0x7F, 0x00, 0x7F, 0x00, 0x7F, 0x00, 0x7F, 0x00, 0x7F, 0x00, 0x7F, 0x00, 0x7F, 0x00,
    0x7F, 0x00, 0x7F, 0x00, 0x7F, 0x00, 0x7F, 0x00, 0x34, 0x00, 0xFF, 0x17, 0xE4, 0x17, 0xE4, 0x17,
    0xE4, 0x17, 0xE4, 0x17, 0xE4, 0x17, 0xE4, 0x17, 0xE4, 0x17, 0xE4, 0x17, 0xE4, 0x17, 0xE4, 0x17,
    0xE4, 0x17, 0xE4, 0x17, 0xE4, 0x17, 0xE4, 0x17, 0xE4, 0x17, 0xE4, 0x17, 0xE4, 0x17, 0xE4, 0x17,
    0xE4, 0x17, 0xE4, 0x17, 0xE4, 0x17, 0xE4, 0x17, 0xE4, 0x17, 0xE4, 0x17, 0xE4, 0x17, 0xE4, 0x17,
    0xE4, 0x17, 0xE4, 0x17, 0xE4, 0x17, 0xE4, 0x17, 0xE4, 0x17, 0xE4, 0x17, 0xE4, 0x17, 0xE4, 0x17,
    0xE4, 0x17, 0xE4, 0x17, 0xE4, 0x17, 0xE4, 0x17, 0xE4, 0x17, 0xE4, 0x17, 0xE4, 0x17, 0xE4, 0x17,
    0xE4, 0x17, 0xE4, 0x17, 0xE4, 0x17, 0xE4, 0x17, 0xE4, 0x17, 0xE4, 0x17, 0xE4, 0x17, 0xE4, 0x17,
    0xE4, 0x17, 0xE4, 0x17, 0xE4, 0x17, 0xE4, 0x17, 0xE4, 0x17, 0xE4, 0x17, 0xE4, 0x17, 0xE4, 0x17,
    0xE4, 0x17, 0xE4, 0x17, 0xE4, 0x17, 0xE4, 0x17, 0xE4, 0x17, 0xE4, 0xFF, 0x17, 0xE4, 0x17, 0xE4,
    0x17, 0xE4, 0x17, 0xE4, 0x17, 0xE4, 0x17, 0xE4, 0x17, 0xE4, 0x17, 0xE4, 0x17, 0xE4, 0x17, 0xE4,
    0x17, 0xE4, 0x17, 0xE4, 0x17, 0xE4, 0x17, 0xE4, 0x17, 0xE4, 0x17, 0xE4, 0x17, 0xE4, 0x17, 0xE4,
    0x17, 0xE4, 0x17, 0xE4, 0x17, 0xE4, 0x17, 0xE4, 0x17, 0xE4, 0x17, 0xE4, 0x17, 0xE4, 0x17, 0xE4,
    0x17, 0xE4, 0x17, 0xE4, 0x17, 0xE4, 0x17, 0xE4, 0x17, 0xE4, 0x17, 0xE4, 0x17, 0xE4, 0x17, 0xE4,
    0x17, 0xE4, 0x17, 0xE4, 0x17, 0xE4, 0x17, 0xE4, 0x17, 0xE4, 0x17, 0xE4, 0x17, 0xE4, 0x17, 0xE4,
    0x17, 0xE4, 0x17, 0xE4, 0x17, 0xE4, 0x17, 0xE4, 0x17, 0xE4, 0x17, 0xE4, 0x17, 0xE4, 0x17, 0xE4,
    0x17, 0xE4, 0x17, 0xE4, 0x17, 0xE4, 0x17, 0xE4, 0x17, 0xE4, 0x17, 0xE4, 0x17, 0xE4, 0x17, 0xE4,
    0x17, 0xE4, 0x17, 0xE4, 0x17, 0xE4, 0x17, 0xE4, 0x17, 0xE4, 0x17, 0xE4, 0xFF, 0x17, 0xE4, 0x17,
    0xE4, 0x17, 0xE4, 0x17, 0xE4, 0x17, 0xE4, 0x17, 0xE4, 0x17, 0xE4, 0x17, 0xE4, 0x17, 0xE4, 0x17,
    0xE4, 0x17, 0xE4, 0x17, 0xE4, 0x17, 0xE4, 0x17, 0xE4, 0x17, 0xE4, 0x17, 0xE4, 0x17, 0xE4, 0x17,
    0xE4, 0x17, 0xE4, 0x17, 0xE4, 0x17, 0xE4, 0x17, 0xE4, 0x17, 0xE4, 0x17, 0xE4, 0x17, 0xE4, 0x17,
    0xE4, 0x17, 0xE4, 0x17, 0xE4, 0x17, 0xE4, 0x17, 0xE4, 0x17, 0xE4, 0x17, 0xE4, 0x17, 0xE4, 0x17,
    0xE4, 0x17, 0xE4, 0x17, 0xE4, 0x17, 0xE4, 0x17, 0xE4, 0x17, 0xE4, 0x17, 0xE4, 0x17, 0xE4, 0x17,
    0xE4, 0x17, 0xE4, 0x17, 0xE4, 0x17, 0xE4, 0x17, 0xE4, 0x17, 0xE4, 0x17, 0xE4, 0x17, 0xE4, 0x17,
    0xE4, 0x17, 0xE4, 0x17, 0xE4, 0x17, 0xE4, 0x17, 0xE4, 0x17, 0xE4, 0x17, 0xE4, 0x17, 0xE4, 0x17,
    0xE4, 0x17, 0xE4, 0x17, 0xE4, 0x17, 0xE4, 0x17, 0xE4, 0x17, 0xE4, 0x17, 0xE4, 0xFF, 0x17, 0xE4,
    0x17, 0xE4, 0x17, 0xE4, 0x17, 0xE4, 0x17, 0xE4, 0x17, 0xE4, 0x17, 0xE4, 0x17, 0xE4, 0x17, 0xE4,
    0x17, 0xE4, 0x17, 0xE4, 0x17, 0xE4, 0x17, 0xE4, 0x17, 0xE4, 0x17, 0xE4, 0x17, 0xE4, 0x17, 0xE4,
    0x17, 0xE4, 0x17, 0xE4, 0x17, 0xE4, 0x17, 0xE4, 0x17, 0xE4, 0x17, 0xE4, 0x17, 0xE4, 0x17, 0xE4,
    0x17, 0xE4, 0x17, 0xE4, 0x17, 0xE4, 0x17, 0xE4, 0x17, 0xE4, 0x17, 0xE4, 0x17, 0xE4, 0x17, 0xE4,
    0x17, 0xE4, 0x17, 0xE4, 0x17, 0xE4, 0x17, 0xE4, 0x17, 0xE4, 0x17, 0xE4, 0x17, 0xE4, 0x17, 0xE4,
    0x17, 0xE4, 0x17, 0xE4, 0x17, 0xE4, 0x17, 0xE4, 0x17, 0xE4, 0x17, 0xE4, 0x17, 0xE4, 0x17, 0xE4,
    0x17, 0xE4, 0x17, 0xE4, 0x17, 0xE4, 0x17, 0xE4, 0x17, 0xE4, 0x17, 0xE4, 0x17, 0xE4, 0x17, 0xE4,
    0x17, 0xE4, 0x17, 0xE4, 0x17, 0xE4, 0x17, 0xE4, 0x17, 0xE4, 0x17, 0xE4, 0x17, 0xE4, 0xFF, 0x17,
    0xE4, 0x17, 0xE4, 0x17, 0xE4, 0x17, 0xE4, 0x17, 0xE4, 0x17, 0xE4, 0x17, 0xE4, 0x17, 0xE4, 0x17,
    0xE4, 0x17, 0xE4, 0x17, 0xE4, 0x17, 0xE4, 0x17, 0xE4, 0x17, 0xE4, 0x17, 0xE4, 0x17, 0xE4, 0x17,
    0xE4, 0x17, 0xE4, 0x17, 0xE4, 0x17, 0xE4, 0x17, 0xE4, 0x17, 0xE4, 0x17, 0xE4, 0x17, 0xE4, 0x17,
    0xE4, 0x17, 0xE4, 0x17, 0xE4, 0x17, 0xE4, 0x17, 0xE4, 0x17, 0xE4, 0x17, 0xE4, 0x17, 0xE4, 0x17,
    0xE4, 0x17, 0xE4, 0x17, 0xE4, 0x17, 0xE4, 0x17, 0xE4, 0x17, 0xE4, 0x17, 0xE4, 0x17, 0xE4, 0x17,
    0xE4, 0x17, 0xE4, 0x17, 0xE4, 0x17, 0xE4, 0x17, 0xE4, 0x17, 0xE4, 0x17, 0xE4, 0x17, 0xE4, 0x17,
    0xE4, 0x17, 0xE4, 0x17, 0xE4, 0x17, 0xE4, 0x17, 0xE4, 0x17, 0xE4, 0x17, 0xE4, 0x17, 0xE4, 0x17,
    0xE4, 0x17, 0xE4, 0x17, 0xE4, 0x17, 0xE4, 0x17, 0xE4, 0x17, 0xE4, 0x17, 0xE4, 0x17, 0xE4, 0xFF,
    0x17, 0xE4, 0x17, 0xE4, 0x17, 0xE4, 0x17, 0xE4, 0x17, 0xE4, 0x17, 0xE4, 0x17, 0xE4, 0x17, 0xE4,
    0x17, 0xE4, 0x17, 0xE4, 0x17, 0xE4, 0x17, 0xE4, 0x17, 0xE4, 0x17, 0xE4, 0x17, 0xE4, 0x17, 0xE4,
    0x17, 0xE4, 0x17, 0xE4, 0x17, 0xE4, 0x17, 0xE4, 0x17, 0xE4, 0x17, 0xE4, 0x17, 0xE4, 0x17, 0xE4,
    0x17, 0xE4, 0x17, 0xE4, 0x17, 0xE4, 0x17, 0xE4, 0x17, 0xE4, 0x17, 0xE4, 0x17, 0xE4, 0x17, 0xE4,
    0x17, 0xE4, 0x17, 0xE4, 0x17, 0xE4, 0x17, 0xE4, 0x17, 0xE4, 0x17, 0xE4, 0x17, 0xE4, 0x17, 0xE4,
    0x17, 0xE4, 0x17, 0xE4, 0x17, 0xE4, 0x17, 0xE4, 0x17, 0xE4, 0x17, 0xE4, 0x17, 0xE4, 0x17, 0xE4,
    0x17, 0xE4, 0x17, 0xE4, 0x17, 0xE4, 0x17, 0xE4, 0x17, 0xE4, 0x17, 0xE4, 0x17, 0xE4, 0x17, 0xE4,
    0x17, 0xE4, 0x17, 0xE4, 0x17, 0xE4, 0x17, 0xE4, 0x17, 0xE4, 0x17, 0xE4, 0x17, 0xE4, 0x17, 0xE4,
    0xFF, 0x17, 0xE4, 0x17, 0xE4, 0x17, 0xE4, 0x17, 0xE4, 0x17, 0xE4, 0x17, 0xE4, 0x17, 0xE4, 0x17,
    0xE4, 0x17, 0xE4, 0x17, 0xE4, 0x17, 0xE4, 0x17, 0xE4, 0x17, 0xE4, 0x17, 0xE4, 0x17, 0xE4, 0x17,
    0xE4, 0x17, 0xE4, 0x17, 0xE4, 0x17, 0xE4, 0x17, 0xE4, 0x17, 0xE4, 0x17, 0xE4, 0x17, 0xE4, 0x17,
    0xE4, 0x17, 0xE4, 0x17, 0xE4, 0x17, 0xE4, 0x17, 0xE4, 0x17, 0xE4, 0x17, 0xE4, 0x17, 0xE4, 0x17,
    0xE4, 0x17, 0xE4, 0x17, 0xE4, 0x17, 0xE4, 0x17, 0xE4, 0x17, 0xE4, 0x17, 0xE4, 0x17, 0xE4, 0x17,
    0xE4, 0x17, 0xE4, 0x17, 0xE4, 0x17, 0xE4, 0x17, 0xE4, 0x17, 0xE4, 0x17, 0xE4, 0x17, 0xE4, 0x17,
    0xE4, 0x17, 0xE4, 0x17, 0xE4, 0x17, 0xE4, 0x17, 0xE4, 0x17, 0xE4, 0x17, 0xE4, 0x17, 0xE4, 0x17,
    0xE4, 0x17, 0xE4, 0x17, 0xE4, 0x17, 0xE4, 0x17, 0xE4, 0x17, 0xE4, 0x17, 0xE4, 0x17, 0xE4, 0x17,
    0xE4, 0xFF, 0x17, 0xE4, 0x17, 0xE4, 0x17, 0xE4, 0x17, 0xE4, 0x17, 0xE4, 0x17, 0xE4, 0x17, 0xE4,
    0x17, 0xE4, 0x17, 0xE4, 0x17, 0xE4, 0x17, 0xE4, 0x17, 0xE4, 0x17, 0xE4, 0x17, 0xE4, 0x17, 0xE4,
    0x17, 0xE4, 0x17, 0xE4, 0x17, 0xE4, 0x17, 0xE4, 0x17, 0xE4, 0x17, 0xE4, 0x17, 0xE4, 0x17, 0xE4,
    0x17, 0xE4, 0x17, 0xE4, 0x17, 0xE4, 0x17, 0xE4, 0x17, 0xE4, 0x17, 0xE4, 0x17, 0xE4, 0x17, 0xE4,
    0x17, 0xE4, 0x17, 0xE4, 0x17, 0xE4, 0x17, 0xE4, 0x17, 0xE4, 0x17, 0xE4, 0x17, 0xE4, 0x17, 0xE4,
    0x17, 0xE4, 0x17, 0xE4, 0x17, 0xE4, 0x17, 0xE4, 0x17, 0xE4, 0x17, 0xE4, 0x17, 0xE4, 0x17, 0xE4,
    0x17, 0xE4, 0x17, 0xE4, 0x17, 0xE4, 0x17, 0xE4, 0x17, 0xE4, 0x17, 0xE4, 0x17, 0xE4, 0x17, 0xE4,
    0x17, 0xE4, 0x17, 0xE4, 0x17, 0xE4, 0x17, 0xE4, 0x17, 0xE4, 0x17, 0xE4, 0x17, 0xE4, 0x17, 0xE4,
    0x17, 0xE4, 0xFF, 0x17, 0xE4, 0x17, 0xE4, 0x17, 0xE4, 0x17, 0xE4, 0x17, 0xE4, 0x17, 0xE4, 0x17,
    0xE4, 0x17, 0xE4, 0x17, 0xE4, 0x17, 0xE4, 0x17, 0xE4, 0x17, 0xE4, 0x17, 0xE4, 0x17, 0xE4, 0x17,
    0xE4, 0x17, 0xE4, 0x17, 0xE4, 0x17, 0xE4, 0x17, 0xE4, 0x17, 0xE4, 0x17, 0xE4, 0x17, 0xE4, 0x17,
    0xE4, 0x17, 0xE4, 0x17, 0xE4, 0x17, 0xE4, 0x17, 0xE4, 0x17, 0xE4, 0x17, 0xE4, 0x17, 0xE4, 0x17,
    0xE4, 0x17, 0xE4, 0x17, 0xE4, 0x17, 0xE4, 0x17, 0xE4, 0x17, 0xE4, 0x17, 0xE4, 0x17, 0xE4, 0x17,
    0xE4, 0x17, 0xE4, 0x17, 0xE4, 0x17, 0xE4, 0x17, 0xE4, 0x17, 0xE4, 0x17, 0xE4, 0x17, 0xE4, 0x17,
    0xE4, 0x17, 0xE4, 0x17, 0xE4, 0x17, 0xE4, 0x17, 0xE4, 0x17, 0xE4, 0x17, 0xE4, 0x17, 0xE4, 0x17,
    0xE4, 0x17, 0xE4, 0x17, 0xE4, 0x17, 0xE4, 0x17, 0xE4, 0x17, 0xE4, 0x17, 0xE4, 0x17, 0xE4, 0x17,
    0xE4, 0x17, 0xE4, 0xFF, 0x17, 0xE4, 0x17, 0xE4, 0x17, 0xE4, 0x17, 0xE4, 0x17, 0xE4, 0x17, 0xE4,
    0x17, 0xE4, 0x17, 0xE4, 0x17, 0xE4, 0x17, 0xE4, 0x17, 0xE4, 0x17, 0xE4, 0x17, 0xE4, 0x17, 0xE4,
    0x17, 0xE4, 0x17, 0xE4, 0x17, 0xE4, 0x17, 0xE4, 0x17, 0xE4, 0x17, 0xE4, 0x17, 0xE4, 0x17, 0xE4,
    0x17, 0xE4, 0x17, 0xE4, 0x17, 0xE4, 0x17, 0xE4, 0x17, 0xE4, 0x17, 0xE4, 0x17, 0xE4, 0x17, 0xE4,
    0x17, 0xE4, 0x17, 0xE4, 0x17, 0xE4, 0x17, 0xE4, 0x17, 0xE4, 0x17, 0xE4, 0x17, 0xE4, 0x17, 0xE4,
    0x17, 0xE4, 0x17, 0xE4, 0x17, 0xE4, 0x17, 0xE4, 0x17, 0xE4, 0x17, 0xE4, 0x17, 0xE4, 0x17, 0xE4,
    0x17, 0xE4, 0x17, 0xE4, 0x17, 0xE4, 0x17, 0xE4, 0x17, 0xE4, 0x17, 0xE4, 0x17, 0xE4, 0x17, 0xE4,
    0x17, 0xE4, 0x17, 0xE4, 0x17, 0xE4, 0x17, 0xE4, 0x17, 0xE4, 0x17, 0xE4, 0x17, 0xE4, 0x17, 0xE4,
    0x17, 0xE4, 0x17, 0xE4, 0xFF, 0x17, 0xE4, 0x17, 0xE4, 0x17, 0xE4, 0x17, 0xE4, 0x17, 0xE4, 0x17,
    0xE4, 0x17, 0xE4, 0x17, 0xE4, 0x17, 0xE4, 0x17, 0xE4, 0x17, 0xE4, 0x17, 0xE4, 0x17, 0xE4, 0x17,
    0xE4, 0x17, 0xE4, 0x17, 0xE4, 0x17, 0xE4, 0x17, 0xE4, 0x17, 0xE4, 0x17, 0xE4, 0x17, 0xE4, 0x17,
    0xE4, 0x17, 0xE4, 0x17, 0xE4, 0x17, 0xE4, 0x17, 0xE4, 0x17, 0xE4, 0x17, 0xE4, 0x17, 0xE4, 0x17,
    0xE4, 0x17, 0xE4, 0x17, 0xE4, 0x17, 0xE4, 0x17, 0xE4, 0x17, 0xE4, 0x17, 0xE4, 0x17, 0xE4, 0x17,
    0xE4, 0x17, 0xE4, 0x17, 0xE4, 0x17, 0xE4, 0x17, 0xE4, 0x17, 0xE4, 0x17, 0xE4, 0x17, 0xE4, 0x17,
    0xE4, 0x17, 0xE4, 0x17, 0xE4, 0x17, 0xE4, 0x17, 0xE4, 0x17, 0xE4, 0x17, 0xE4, 0x17, 0xE4, 0x17,
    0xE4, 0x17, 0xE4, 0x17, 0xE4, 0x17, 0xE4, 0x17, 0xE4, 0x17, 0xE4, 0x17, 0xE4, 0x17, 0xE4, 0x17,
    0xE4, 0x17, 0xE4, 0x17, 0xE4, 0xFF, 0x17, 0xE4, 0x17, 0xE4, 0x17, 0xE4, 0x17, 0xE4, 0x17, 0xE4,
    0x17, 0xE4, 0x17, 0xE4, 0x17, 0xE4, 0x17, 0xE4, 0x17, 0xE4, 0x17, 0xE4, 0x17, 0xE4, 0x17, 0xE4,
    0x17, 0xE4, 0x17, 0xE4, 0x17, 0xE4, 0x17, 0xE4, 0x17, 0xE4, 0x17, 0xE4, 0x17, 0xE4, 0x17, 0xE4,
    0x17, 0xE4, 0x17, 0xE4, 0x17, 0xE4, 0x17, 0xE4, 0x17, 0xE4, 0x17, 0xE4, 0x17, 0xE4, 0x17, 0xE4,
    0x17, 0xE4, 0x17, 0xE4, 0x17, 0xE4, 0x17, 0xE4, 0x17, 0xE4, 0x17, 0xE4, 0x17, 0xE4, 0x17, 0xE4,
    0x17, 0xE4, 0x17, 0xE4, 0x17, 0xE4, 0x17, 0xE4, 0x17, 0xE4, 0x17, 0xE4, 0x17, 0xE4, 0x17, 0xE4,
    0x17, 0xE4, 0x17, 0xE4, 0x17, 0xE4, 0x17, 0xE4, 0x17, 0xE4, 0x17, 0xE4, 0x17, 0xE4, 0x17, 0xE4,
    0x17, 0xE4, 0x17, 0xE4, 0x17, 0xE4, 0x17, 0xE4, 0x17, 0xE4, 0x17, 0xE4, 0x17, 0xE4, 0x17, 0xE4,
    0x17, 0xE4, 0x17, 0xE4, 0x17, 0xE4, 0xFF, 0x17, 0xE4, 0x17, 0xE4, 0x17, 0xE4, 0x17, 0xE4, 0x17,
    0xE4, 0x17, 0xE4, 0x17, 0xE4, 0x17, 0xE4, 0x17, 0xE4, 0x17, 0xE4, 0x17, 0xE4, 0x17, 0xE4, 0x17,
    0xE4, 0x17, 0xE4, 0x17, 0xE4, 0x17, 0xE4, 0x17, 0xE4, 0x17, 0xE4, 0x17, 0xE4, 0x17, 0xE4, 0x17,
    0xE4, 0x17, 0xE4, 0x17, 0xE4, 0x17, 0xE4, 0x17, 0xE4, 0x17, 0xE4, 0x17, 0xE4, 0x17, 0xE4, 0x17,
    0xE4, 0x17, 0xE4, 0x17, 0xE4, 0x17, 0xE4, 0x17, 0xE4, 0x17, 0xE4, 0x17, 0xE4, 0x17, 0xE4, 0x17,
    0xE4, 0x17, 0xE4, 0x17, 0xE4, 0x17, 0xE4, 0x17, 0xE4, 0x17, 0xE4, 0x17, 0xE4, 0x17, 0xE4, 0x17,
    0xE4, 0x17, 0xE4, 0x17, 0xE4, 0x17, 0xE4, 0x17, 0xE4, 0x17, 0xE4, 0x17, 0xE4, 0x17, 0xE4, 0x17,
    0xE4, 0x17, 0xE4, 0x17, 0xE4, 0x17, 0xE4, 0x17, 0xE4, 0x17, 0xE4, 0x17, 0xE4, 0x17, 0xE4, 0x17,
    0xE4, 0x17, 0xE4, 0x17, 0xE4, 0x17, 0xE4, 0xFF, 0x17, 0xE4, 0x17, 0xE4, 0x17, 0xE4, 0x17, 0xE4,
    0x17, 0xE4, 0x17, 0xE4, 0x17, 0xE4, 0x17, 0xE4, 0x17, 0xE4, 0x17, 0xE4, 0x17, 0xE4, 0x17, 0xE4,
    0x17, 0xE4, 0x17, 0xE4, 0x17, 0xE4, 0x17, 0xE4, 0x17, 0xE4, 0x17, 0xE4, 0x17, 0xE4, 0x17, 0xE4,
    0x17, 0xE4, 0x17, 0xE4, 0x17, 0xE4, 0x17, 0xE4, 0x17, 0xE4, 0x17, 0xE4, 0x17, 0xE4, 0x17, 0xE4,
    0x17, 0xE4, 0x17, 0xE4, 0x17, 0xE4, 0x17, 0xE4, 0x17, 0xE4, 0x17, 0xE4, 0x17, 0xE4, 0x17, 0xE4,
    0x17, 0xE4, 0x17, 0xE4, 0x17, 0xE4, 0x17, 0xE4, 0x17, 0xE4, 0x17, 0xE4, 0x17, 0xE4, 0x17, 0xE4,
    0x17, 0xE4, 0x17, 0xE4, 0x17, 0xE4, 0x17, 0xE4, 0x17, 0xE4, 0x17, 0xE4, 0x17, 0xE4, 0x17, 0xE4,
    0x17, 0xE4, 0x17, 0xE4, 0x17, 0xE4, 0x17, 0xE4, 0x17, 0xE4, 0x17, 0xE4, 0x17, 0xE4, 0x17, 0xE4,
    0x17, 0xE4, 0x17, 0xE4, 0x17, 0xE4, 0x17, 0xE4, 0xFF, 0x17, 0xE4, 0x17, 0xE4, 0x17, 0xE4, 0x17,
    0xE4, 0x17, 0xE4, 0x17, 0xE4, 0x17, 0xE4, 0x17, 0xE4, 0x17, 0xE4, 0x17, 0xE4, 0x17, 0xE4, 0x17,
    0xE4, 0x17, 0xE4, 0x17, 0xE4, 0x17, 0xE4, 0x17, 0xE4, 0x17, 0xE4, 0x17, 0xE4, 0x17, 0xE4, 0x17,
    0xE4, 0x17, 0xE4, 0x17, 0xE4, 0x17, 0xE4, 0x17, 0xE4, 0x17, 0xE4, 0x17, 0xE4, 0x17, 0xE4, 0x17,
    0xE4, 0x17, 0xE4, 0x17, 0xE4, 0x17, 0xE4, 0x17, 0xE4, 0x17, 0xE4, 0x17, 0xE4, 0x17, 0xE4, 0x17,
    0xE4, 0x17, 0xE4, 0x17, 0xE4, 0x17, 0xE4, 0x17, 0xE4, 0x17, 0xE4, 0x17, 0xE4, 0x17, 0xE4, 0x17,
    0xE4, 0x17, 0xE4, 0x17, 0xE4, 0x17, 0xE4, 0x17, 0xE4, 0x17, 0xE4, 0x17, 0xE4, 0x17, 0xE4, 0x17,
    0xE4, 0x17, 0xE4, 0x17, 0xE4, 0x17, 0xE4, 0x17, 0xE4, 0x17, 0xE4, 0x17, 0xE4, 0x17, 0xE4, 0x17,
    0xE4, 0x17, 0xE4, 0x17, 0xE4, 0x17, 0xE4, 0x17, 0xE4, 0xFF, 0x17, 0xE4, 0x17, 0xE4, 0x17, 0xE4,
    0x17, 0xE4, 0x17, 0xE4, 0x17, 0xE4, 0x17, 0xE4, 0x17, 0xE4, 0x17, 0xE4, 0x17, 0xE4, 0x17, 0xE4,
    0x17, 0xE4, 0x17, 0xE4, 0x17, 0xE4, 0x17, 0xE4, 0x17, 0xE4, 0x17, 0xE4, 0x17, 0xE4, 0x17, 0xE4,
    0x17, 0xE4, 0x17, 0xE4, 0x17, 0xE4, 0x17, 0xE4, 0x17, 0xE4, 0x17, 0xE4, 0x17, 0xE4, 0x17, 0xE4,
    0x17, 0xE4, 0x17, 0xE4, 0x17, 0xE4, 0x17, 0xE4, 0x17, 0xE4, 0x17, 0xE4, 0x17, 0xE4, 0x17, 0xE4,
    0x17, 0xE4, 0x17, 0xE4, 0x17, 0xE4, 0x17, 0xE4, 0x17, 0xE4, 0x17, 0xE4, 0x17, 0xE4, 0x17, 0xE4,
    0x17, 0xE4, 0x17, 0xE4, 0x17, 0xE4, 0x17, 0xE4, 0x17, 0xE4, 0x17, 0xE4, 0x17, 0xE4, 0x17, 0xE4,
    0x17, 0xE4, 0x17, 0xE4, 0x17, 0xE4, 0x17, 0xE4, 0x17, 0xE4, 0x17, 0xE4, 0x17, 0xE4, 0x17, 0xE4,
    0x17, 0xE4, 0x17, 0xE4, 0x17, 0xE4, 0x17, 0xE4, 0x17, 0xE4, 0xFF, 0x17, 0xE4, 0x17, 0xE4, 0x17,
    0xE4, 0x17, 0xE4, 0x17, 0xE4, 0x17, 0xE4, 0x17, 0xE4, 0x17, 0xE4, 0x17, 0xE4, 0x17, 0xE4, 0x17,
    0xE4, 0x17, 0xE4, 0x17, 0xE4, 0x17, 0xE4, 0x17, 0xE4, 0x17, 0xE4, 0x17, 0xE4, 0x17, 0xE4, 0x17,
    0xE4, 0x17, 0xE4, 0x17, 0xE4, 0x17, 0xE4, 0x17, 0xE4, 0x17, 0xE4, 0x17, 0xE4, 0x17, 0xE4, 0x17,
    0xE4, 0x17, 0xE4, 0x17, 0xE4, 0x17, 0xE4, 0x17, 0xE4, 0x17, 0xE4, 0x17, 0xE4, 0x17, 0xE4, 0x17,
    0xE4, 0x17, 0xE4, 0x17, 0xE4, 0x17, 0xE4, 0x17, 0xE4, 0x17, 0xE4, 0x17, 0xE4, 0x17, 0xE4, 0x17,
    0xE4, 0x17, 0xE4, 0x17, 0xE4, 0x17, 0xE4, 0x17, 0xE4, 0x17, 0xE4, 0x17, 0xE4, 0x17, 0xE4, 0x17,
    0xE4, 0x17, 0xE4, 0x17, 0xE4, 0x17, 0xE4, 0x17, 0xE4, 0x17, 0xE4, 0x17, 0xE4, 0x17, 0xE4, 0x17,
    0xE4, 0x17, 0xE4, 0x17, 0xE4, 0x17, 0xE4, 0x17, 0xE4, 0x17, 0xE4, 0xFF, 0x17, 0xE4, 0x17, 0xE4,
    0x17, 0xE4, 0x17, 0xE4, 0x17, 0xE4, 0x17, 0xE4, 0x17, 0xE4, 0x17, 0xE4, 0x17, 0xE4, 0x17, 0xE4,
    0x17, 0xE4, 0x17, 0xE4, 0x17, 0xE4, 0x17, 0xE4, 0x17, 0xE4, 0x17, 0xE4, 0x17, 0xE4, 0x17, 0xE4,
    0x17, 0xE4, 0x17, 0xE4, 0x17, 0xE4, 0x17, 0xE4, 0x17, 0xE4, 0x17, 0xE4, 0x17, 0xE4, 0x17, 0xE4,
    0x17, 0xE4, 0x17, 0xE4, 0x17, 0xE4, 0x17, 0xE4, 0x17, 0xE4, 0x17, 0xE4, 0x17, 0xE4, 0x17, 0xE4,
    0x17, 0xE4, 0x17, 0xE4, 0x17, 0xE4, 0x17, 0xE4, 0x17, 0xE4, 0x17, 0xE4, 0x17, 0xE4, 0x17, 0xE4,
    0x17, 0xE4, 0x17, 0xE4, 0x17, 0xE4, 0x17, 0xE4, 0x17, 0xE4, 0x17, 0xE4, 0x17, 0xE4, 0x17, 0xE4,
    0x17, 0xE4, 0x17, 0xE4, 0x17, 0xE4, 0x17, 0xE4, 0x17, 0xE4, 0x17, 0xE4, 0x17, 0xE4, 0x17, 0xE4,
    0x17, 0xE4, 0x17, 0xE4, 0x17, 0xE4, 0x17, 0xE4, 0x17, 0xE4, 0x17, 0xE4, 0xFF, 0x17, 0xE4, 0x17,
    0xE4, 0x17, 0xE4, 0x17, 0xE4, 0x17, 0xE4, 0x17, 0xE4, 0x17, 0xE4, 0x17, 0xE4, 0x17, 0xE4, 0x17,
    0xE4, 0x17, 0xE4, 0x17, 0xE4, 0x17, 0xE4, 0x17, 0xE4, 0x17, 0xE4, 0x17, 0xE4, 0x17, 0xE4, 0x17,
    0xE4, 0x17, 0xE4, 0x17, 0xE4, 0x17, 0xE4, 0x17, 0xE4, 0x17, 0xE4, 0x17, 0xE4, 0x17, 0xE4, 0x17,
    0xE4, 0x17, 0xE4, 0x17, 0xE4, 0x17, 0xE4, 0x17, 0xE4, 0x17, 0xE4, 0x17, 0xE4, 0x17, 0xE4, 0x17,
    0xE4, 0x17, 0xE4, 0x17, 0xE4, 0x17, 0xE4, 0x17, 0xE4, 0x17, 0xE4, 0x17, 0xE4, 0x17, 0xE4, 0x17,
    0xE4, 0x17, 0xE4, 0x17, 0xE4, 0x17, 0xE4, 0x17, 0xE4, 0x17, 0xE4, 0x17, 0xE4, 0x17, 0xE4, 0x17,
    0xE4, 0x17, 0xE4, 0x17, 0xE4, 0x17, 0xE4, 0x17, 0xE4, 0x17, 0xE4, 0x17, 0xE4, 0x17, 0xE4, 0x17,
    0xE4, 0x17, 0xE4, 0x17, 0xE4, 0x17, 0xE4, 0x17, 0xE4, 0x17, 0xE4, 0x17, 0xE4, 0xFF, 0x17, 0xE4,
    0x17, 0xE4, 0x17, 0xE4, 0x17, 0xE4, 0x17, 0xE4, 0x17, 0xE4, 0x17, 0xE4, 0x17, 0xE4, 0x17, 0xE4,
    0x17, 0xE4, 0x17, 0xE4, 0x17, 0xE4, 0x17, 0xE4, 0x17, 0xE4, 0x17, 0xE4, 0x17, 0xE4, 0x17, 0xE4,
    0x17, 0xE4, 0x17, 0xE4, 0x17, 0xE4, 0x17, 0xE4, 0x17, 0xE4, 0x17, 0xE4, 0x17, 0xE4, 0x17, 0xE4,
    0x17, 0xE4, 0x17, 0xE4, 0x17, 0xE4, 0x17, 0xE4, 0x17, 0xE4, 0x17, 0xE4, 0x17, 0xE4, 0x17, 0xE4,
    0x17, 0xE4, 0x17, 0xE4, 0x17, 0xE4, 0x17, 0xE4, 0x17, 0xE4, 0x17, 0xE4, 0x17, 0xE4, 0x17, 0xE4,
    0x17, 0xE4, 0x17, 0xE4, 0x17, 0xE4, 0x17, 0xE4, 0x17, 0xE4, 0x17, 0xE4, 0x17, 0xE4, 0x17, 0xE4,
    0x17, 0xE4, 0x17, 0xE4, 0x17, 0xE4, 0x17, 0xE4, 0x17, 0xE4, 0x17, 0xE4, 0x17, 0xE4, 0x17, 0xE4,
    0x17, 0xE4, 0x17, 0xE4, 0x17, 0xE4, 0x17, 0xE4, 0x17, 0xE4, 0x17, 0xE4, 0x17, 0xE4, 0xFF, 0x17,
    0xE4, 0x17, 0xE4, 0x17, 0xE4, 0x17, 0xE4, 0x17, 0xE4, 0x17, 0xE4, 0x17, 0xE4, 0x17, 0xE4, 0x17,
    0xE4, 0x17, 0xE4, 0x17, 0xE4, 0x17, 0xE4, 0x17, 0xE4, 0x17, 0xE4, 0x17, 0xE4, 0x17, 0xE4, 0x17,
    0xE4, 0x17, 0xE4, 0x17, 0xE4, 0x17, 0xE4, 0x17, 0xE4, 0x17, 0xE4, 0x17, 0xE4, 0x17, 0xE4, 0x17,
    0xE4, 0x17, 0xE4, 0x17, 0xE4, 0x17, 0xE4, 0x17, 0xE4, 0x17, 0xE4, 0x17, 0xE4, 0x17, 0xE4, 0x17,
    0xE4, 0x17, 0xE4, 0x17, 0xE4, 0x17, 0xE4, 0x17, 0xE4, 0x17, 0xE4, 0x17, 0xE4, 0x17, 0xE4, 0x17,
    0xE4, 0x17, 0xE4, 0x17, 0xE4, 0x17, 0xE4, 0x17, 0xE4, 0x17, 0xE4, 0x17, 0xE4, 0x17, 0xE4, 0x17,
    0xE4, 0x17, 0xE4, 0x17, 0xE4, 0x17, 0xE4, 0x17, 0xE4, 0x17, 0xE4, 0x17, 0xE4, 0x17, 0xE4, 0x17,
    0xE4, 0x17, 0xE4, 0x17, 0xE4, 0x17, 0xE4, 0x17, 0xE4, 0x17, 0xE4, 0x17, 0xE4, 0x17, 0xE4, 0xFF,
    0x17, 0xE4, 0x17, 0xE4, 0x17, 0xE4, 0x17, 0xE4, 0x17, 0xE4, 0x17, 0xE4, 0x17, 0xE4, 0x17, 0xE4,
    0x17, 0xE4, 0x17, 0xE4, 0x17, 0xE4, 0x17, 0xE4, 0x17, 0xE4, 0x17, 0xE4, 0x17, 0xE4, 0x17, 0xE4,
    0x17, 0xE4, 0x17, 0xE4, 0x17, 0xE4, 0x17, 0xE4, 0x17, 0xE4, 0x17, 0xE4, 0x17, 0xE4, 0x17, 0xE4,
    0x17, 0xE4, 0x17, 0xE4, 0x17, 0xE4, 0x17, 0xE4, 0x17, 0xE4, 0x17, 0xE4, 0x17, 0xE4, 0x17, 0xE4,
    0x17, 0xE4, 0x17, 0xE4, 0x17, 0xE4, 0x17, 0xE4, 0x17, 0xE4, 0x17, 0xE4, 0x17, 0xE4, 0x17, 0xE4,
    0x17, 0xE4, 0x17, 0xE4, 0x17, 0xE4, 0x17, 0xE4, 0x17, 0xE4, 0x17, 0xE4, 0x17, 0xE4, 0x17, 0xE4,
    0x17, 0xE4, 0x17, 0xE4, 0x17, 0xE4, 0x17, 0xE4, 0x17, 0xE4, 0x17, 0xE4, 0x17, 0xE4, 0x17, 0xE4,
    0x17, 0xE4, 0x17, 0xE4, 0x17, 0xE4, 0x17, 0xE4, 0x17, 0xE4, 0x17, 0xE4, 0x17, 0xE4, 0x17, 0xE4,
    0xFF, 0x17, 0xE4, 0x17, 0xE4, 0x17, 0xE4, 0x17, 0xE4, 0x17, 0xE4, 0x17, 0xE4, 0x17, 0xE4, 0x17,
    0xE4, 0x17, 0xE4, 0x17, 0xE4, 0x17, 0xE4, 0x17, 0xE4, 0x17, 0xE4, 0x17, 0xE4, 0x17, 0xE4, 0x17,
    0xE4, 0x17, 0xE4, 0x17, 0xE4, 0x17, 0xE4, 0x17, 0xE4, 0x17, 0xE4, 0x17, 0xE4, 0x17, 0xE4, 0x17,
    0xE4, 0x17, 0xE4, 0x17, 0xE4, 0x17, 0xE4, 0x17, 0xE4, 0x17, 0xE4, 0x17, 0xE4, 0x17, 0xE4, 0x17,
    0xE4, 0x17, 0xE4, 0x17, 0xE4, 0x17, 0xE4, 0x17, 0xE4, 0x17, 0xE4, 0x17, 0xE4, 0x17, 0xE4, 0x17,
    0xE4, 0x17, 0xE4, 0x17, 0xE4, 0x17, 0xE4, 0x17, 0xE4, 0x17, 0xE4, 0x17, 0xE4, 0x17, 0xE4, 0x17,
    0xE4, 0x17, 0xE4, 0x17, 0xE4, 0x17, 0xE4, 0x17, 0xE4, 0x17, 0xE4, 0x17, 0xE4, 0x17, 0xE4, 0x17,
    0xE4, 0x17, 0xE4, 0x17, 0xE4, 0x17, 0xE4, 0x17, 0xE4, 0x17, 0xE4, 0x17, 0xE4, 0x17, 0xE4, 0x17,
    0xE4, 0xFF, 0x17, 0xE4, 0x17, 0xE4, 0x17, 0xE4, 0x17, 0xE4, 0x17, 0xE4, 0x17, 0xE4, 0x17, 0xE4,
    0x17, 0xE4, 0x17, 0xE4, 0x17, 0xE4, 0x17, 0xE4, 0x17, 0xE4, 0x17, 0xE4, 0x17, 0xE4, 0x17, 0xE4,
    0x17, 0xE4, 0x17, 0xE4, 0x17, 0xE4, 0x17, 0xE4, 0x17, 0xE4, 0x17, 0xE4, 0x17, 0xE4, 0x17, 0xE4,
    0x17, 0xE4, 0x17, 0xE4, 0x17, 0xE4, 0x17, 0xE4, 0x17, 0xE4, 0x17, 0xE4, 0x17, 0xE4, 0x17, 0xE4,
    0x17, 0xE4, 0x17, 0xE4, 0x17, 0xE4, 0x17, 0xE4, 0x17, 0xE4, 0x17, 0xE4, 0x17, 0xE4, 0x17, 0xE4,
    0x17, 0xE4, 0x17, 0xE4, 0x17, 0xE4, 0x17, 0xE4, 0x17, 0xE4, 0x17, 0xE4, 0x17, 0xE4, 0x17, 0xE4,
    0x17, 0xE4, 0x17, 0xE4, 0x17, 0xE4, 0x17, 0xE4, 0x17, 0xE4, 0x17, 0xE4, 0x17, 0xE4, 0x17, 0xE4,
    0x17, 0xE4, 0x17, 0xE4, 0x17, 0xE4, 0x17, 0xE4, 0x17, 0xE4, 0x17, 0xE4, 0x17, 0xE4, 0x17, 0xE4,
    0x17, 0xE4, 0xFF, 0x17, 0xE4, 0x17, 0xE4, 0x17, 0xE4, 0x17, 0xE4, 0x17, 0xE4, 0x17, 0xE4, 0x17,
    0xE4, 0x17, 0xE4, 0x17, 0xE4, 0x17, 0xE4, 0x17, 0xE4, 0x17, 0xE4, 0x17, 0xE4, 0x17, 0xE4, 0x17,
    0xE4, 0x17, 0xE4, 0x17, 0xE4, 0x17, 0xE4, 0x17, 0xE4, 0x17, 0xE4, 0x17, 0xE4, 0x17, 0xE4, 0x17,
    0xE4, 0x17, 0xE4, 0x17, 0xE4, 0x17, 0xE4, 0x17, 0xE4, 0x17, 0xE4, 0x17, 0xE4, 0x17, 0xE4, 0x17,
    0xE4, 0x17, 0xE4, 0x17, 0xE4, 0x17, 0xE4, 0x17, 0xE4, 0x17, 0xE4, 0x17, 0xE4, 0x17, 0xE4, 0x17,
    0xE4, 0x17, 0xE4, 0x17, 0xE4, 0x17, 0xE4, 0x17, 0xE4, 0x17, 0xE4, 0x17, 0xE4, 0x17, 0xE4, 0x17,
    0xE4, 0x17, 0xE4, 0x17, 0xE4, 0x17, 0xE4, 0x17, 0xE4, 0x17, 0xE4, 0x17, 0xE4, 0x17, 0xE4, 0x17,
    0xE4, 0x17, 0xE4, 0x17, 0xE4, 0x17, 0xE4, 0x17, 0xE4, 0x17, 0xE4, 0x17, 0xE4, 0x17, 0xE4, 0x17,
    0xE4, 0x17, 0xE4, 0xFF, 0x17, 0xE4, 0x17, 0xE4, 0x17, 0xE4, 0x17, 0xE4, 0x17, 0xE4, 0x17, 0xE4,
    0x17, 0xE4, 0x17, 0xE4, 0x17, 0xE4, 0x17, 0xE4, 0x17, 0xE4, 0x17, 0xE4, 0x17, 0xE4, 0x17, 0xE4,
    0x17, 0xE4, 0x17, 0xE4, 0x17, 0xE4, 0x17, 0xE4, 0x17, 0xE4, 0x17, 0xE4, 0x17, 0xE4, 0x17, 0xE4,
    0x17, 0xE4, 0x17, 0xE4, 0x17, 0xE4, 0x17, 0xE4, 0x17, 0xE4, 0x17, 0xE4, 0x17, 0xE4, 0x17, 0xE4,
    0x17, 0xE4, 0x17, 0xE4, 0x17, 0xE4, 0x17, 0xE4, 0x17, 0xE4, 0x17, 0xE4, 0x17, 0xE4, 0x17, 0xE4,
    0x17, 0xE4, 0x17, 0xE4, 0x17, 0xE4, 0x17, 0xE4, 0x17, 0xE4, 0x17, 0xE4, 0x17, 0xE4, 0x17, 0xE4,
    0x17, 0xE4, 0x17, 0xE4, 0x17, 0xE4, 0x17, 0xE4, 0x17, 0xE4, 0x17, 0xE4, 0x17, 0xE4, 0x17, 0xE4,
    0x17, 0xE4, 0x17, 0xE4, 0x17, 0xE4, 0x17, 0xE4, 0x17, 0xE4, 0x17, 0xE4, 0x17, 0xE4, 0x17, 0xE4,
    0x17, 0xE4, 0x17, 0xE4, 0xFF, 0x17, 0xE4, 0x17, 0xE4, 0x17, 0xE4, 0x17, 0xE4, 0x17, 0xE4, 0x17,
    0xE4, 0x17, 0xE4, 0x17, 0xE4, 0x17, 0xE4, 0x17, 0xE4, 0x17, 0xE4, 0x17, 0xE4, 0x17, 0xE4, 0x17,
    0xE4, 0x17, 0xE4, 0x17, 0xE4, 0x17, 0xE4, 0x17, 0xE4, 0x17, 0xE4, 0x17, 0xE4, 0x17, 0xE4, 0x17,
    0xE4, 0x17, 0xE4, 0x17, 0xE4, 0x17, 0xE4, 0x17, 0xE4, 0x17, 0xE4, 0x17, 0xE4, 0x17, 0xE4, 0x17,
    0xE4, 0x17, 0xE4, 0x17, 0xE4, 0x17, 0xE4, 0x17, 0xE4, 0x17, 0xE4, 0x17, 0xE4, 0x17, 0xE4, 0x17,
    0xE4, 0x17, 0xE4, 0x17, 0xE4, 0x17, 0xE4, 0x17, 0xE4, 0x17, 0xE4, 0x17, 0xE4, 0x17, 0xE4, 0x17,
    0xE4, 0x17, 0xE4, 0x17, 0xE4, 0x17, 0xE4, 0x17, 0xE4, 0x17, 0xE4, 0x17, 0xE4, 0x17, 0xE4, 0x17,
    0xE4, 0x17, 0xE4, 0x17, 0xE4, 0x17, 0xE4, 0x17, 0xE4, 0x17, 0xE4, 0x17, 0xE4, 0x17, 0xE4, 0x17,
    0xE4, 0x17, 0xE4, 0x17, 0xE4, 0xFF, 0x17, 0xE4, 0x17, 0xE4, 0x17, 0xE4, 0x17, 0xE4, 0x17, 0xE4,
    0x17, 0xE4, 0x17, 0xE4, 0x17, 0xE4, 0x17, 0xE4, 0x17, 0xE4, 0x17, 0xE4, 0x17, 0xE4, 0x17, 0xE4,
    0x17, 0xE4, 0x17, 0xE4, 0x17, 0xE4, 0x17, 0xE4, 0x17, 0xE4, 0x17, 0xE4, 0x17, 0xE4, 0x17, 0xE4,
    0x17, 0xE4, 0x17, 0xE4, 0x17, 0xE4, 0x17, 0xE4, 0x17, 0xE4, 0x17, 0xE4, 0x17, 0xE4, 0x17, 0xE4,
    0x17, 0xE4, 0x17, 0xE4, 0x17, 0xE4, 0x17, 0xE4, 0x17, 0xE4, 0x17, 0xE4, 0x17, 0xE4, 0x17, 0xE4,
    0x17, 0xE4, 0x17, 0xE4, 0x17, 0xE4, 0x17, 0xE4, 0x17, 0xE4, 0x17, 0xE4, 0x17, 0xE4, 0x17, 0xE4,
    0x17, 0xE4, 0x17, 0xE4, 0x17, 0xE4, 0x17, 0xE4, 0x17, 0xE4, 0x17, 0xE4, 0x17, 0xE4, 0x17, 0xE4,
    0x17, 0xE4, 0x17, 0xE4, 0x17, 0xE4, 0x17, 0xE4, 0x17, 0xE4, 0x17, 0xE4, 0x17, 0xE4, 0x17, 0xE4,
    0x17, 0xE4, 0x17, 0xE4, 0x17, 0xE4, 0xFF, 0x17, 0xE4, 0x17, 0xE4, 0x17, 0xE4, 0x17, 0xE4, 0x17,
    0xE4, 0x17, 0xE4, 0x17, 0xE4, 0x17, 0xE4, 0x17, 0xE4, 0x17, 0xE4, 0x17, 0xE4, 0x17, 0xE4, 0x17,
    0xE4, 0x17, 0xE4, 0x17, 0xE4, 0x17, 0xE4, 0x17, 0xE4, 0x17, 0xE4, 0x17, 0xE4, 0x17, 0xE4, 0x17,
    0xE4, 0x17, 0xE4, 0x17, 0xE4, 0x17, 0xE4, 0x17, 0xE4, 0x17, 0xE4, 0x17, 0xE4, 0x17, 0xE4, 0x17,
    0xE4, 0x17, 0xE4, 0x17, 0xE4, 0x17, 0xE4, 0x17, 0xE4, 0x17, 0xE4, 0x17, 0xE4, 0x17, 0xE4, 0x17,
    0xE4, 0x17, 0xE4, 0x17, 0xE4, 0x17, 0xE4, 0x17, 0xE4, 0x17, 0xE4, 0x17, 0xE4, 0x17, 0xE4, 0x17,
    0xE4, 0x17, 0xE4, 0x17, 0xE4, 0x17, 0xE4, 0x17, 0xE4, 0x17, 0xE4, 0x17, 0xE4, 0x17, 0xE4, 0x17,
    0xE4, 0x17, 0xE4, 0x17, 0xE4, 0x17, 0xE4, 0x17, 0xE4, 0x17, 0xE4, 0x17, 0xE4, 0x17, 0xE4, 0x17,
    0xE4, 0x17, 0xE4, 0x17, 0xE4, 0x17, 0xE4, 0xFF, 0x17, 0xE4, 0x17, 0xE4, 0x17, 0xE4, 0x17, 0xE4,
    0x17, 0xE4, 0x17, 0xE4, 0x17, 0xE4, 0x17, 0xE4, 0x17, 0xE4, 0x17, 0xE4, 0x17, 0xE4, 0x17, 0xE4,
    0x17, 0xE4, 0x17, 0xE4, 0x17, 0xE4, 0x17, 0xE4, 0x17, 0xE4, 0x17, 0xE4, 0x17, 0xE4, 0x17, 0xE4,
    0x17, 0xE4, 0x17, 0xE4, 0x17, 0xE4, 0x17, 0xE4, 0x17, 0xE4, 0x17, 0xE4, 0x17, 0xE4, 0x17, 0xE4,
    0x17, 0xE4, 0x17, 0xE4, 0x17, 0xE4, 0x17, 0xE4, 0x17, 0xE4, 0x17, 0xE4, 0x17, 0xE4, 0x17, 0xE4,
    0x17, 0xE4, 0x17, 0xE4, 0x17, 0xE4, 0x17, 0xE4, 0x17, 0xE4, 0x17, 0xE4, 0x17, 0xE4, 0x17, 0xE4,
    0x17, 0xE4, 0x17, 0xE4, 0x17, 0xE4, 0x17, 0xE4, 0x17, 0xE4, 0x17, 0xE4, 0x17, 0xE4, 0x17, 0xE4,
    0x17, 0xE4, 0x17, 0xE4, 0x17, 0xE4, 0x17, 0xE4, 0x17, 0xE4, 0x17, 0xE4, 0x17, 0xE4, 0x17, 0xE4,
    0x17, 0xE4, 0x17, 0xE4, 0x17, 0xE4, 0x17, 0xE4, 0xFF, 0x17, 0xE4, 0x17, 0xE4, 0x17, 0xE4, 0x17,
    0xE4, 0x17, 0xE4, 0x17, 0xE4, 0x17, 0xE4, 0x17, 0xE4, 0x17, 0xE4, 0x17, 0xE4, 0x17, 0xE4, 0x17,
    0xE4, 0x17, 0xE4, 0x17, 0xE4, 0x17, 0xE4, 0x17, 0xE4, 0x17, 0xE4, 0x17, 0xE4, 0x17, 0xE4, 0x17,
    0xE4, 0x17, 0xE4, 0x17, 0xE4, 0x17, 0xE4, 0x17, 0xE4, 0x17, 0xE4, 0x17, 0xE4, 0x17, 0xE4, 0x17,
    0xE4, 0x17, 0xE4, 0x17, 0xE4, 0x17, 0xE4, 0x17, 0xE4, 0x17, 0xE4, 0x17, 0xE4, 0x17, 0xE4, 0x17,
    0xE4, 0x17, 0xE4, 0x17, 0xE4, 0x17, 0xE4, 0x17, 0xE4, 0x17, 0xE4, 0x17, 0xE4, 0x17, 0xE4, 0x17,
    0xE4, 0x17, 0xE4, 0x17, 0xE4, 0x17, 0xE4, 0x17, 0xE4, 0x17, 0xE4, 0x17, 0xE4, 0x17, 0xE4, 0x17,
    0xE4, 0x17, 0xE4, 0x17, 0xE4, 0x17, 0xE4, 0x17, 0xE4, 0x17, 0xE4, 0x17, 0xE4, 0x17, 0xE4, 0x17,
    0xE4, 0x17, 0xE4, 0x17, 0xE4, 0x17, 0xE4, 0x17, 0xE4, 0xFF, 0x17, 0xE4, 0x17, 0xE4, 0x17, 0xE4,
    0x17, 0xE4, 0x17, 0xE4, 0x17, 0xE4, 0x17, 0xE4, 0x17, 0xE4, 0x17, 0xE4, 0x17, 0xE4, 0x17, 0xE4,
    0x17, 0xE4, 0x17, 0xE4, 0x17, 0xE4, 0x17, 0xE4, 0x17, 0xE4, 0x17, 0xE4, 0x17, 0xE4, 0x17, 0xE4,
    0x17, 0xE4, 0x17, 0xE4, 0x17, 0xE4, 0x17, 0xE4, 0x17, 0xE4, 0x17, 0xE4, 0x17, 0xE4, 0x17, 0xE4,
    0x17, 0xE4, 0x17, 0xE4, 0x17, 0xE4, 0x17, 0xE4, 0x17, 0xE4, 0x17, 0xE4, 0x17, 0xE4, 0x17, 0xE4,
    0x17, 0xE4, 0x17, 0xE4, 0x17, 0xE4, 0x17, 0xE4, 0x17, 0xE4, 0x17, 0xE4, 0x17, 0xE4, 0x17, 0xE4,
    0x17, 0xE4, 0x17, 0xE4, 0x17, 0xE4, 0x17, 0xE4, 0x17, 0xE4, 0x17, 0xE4, 0x17, 0xE4, 0x17, 0xE4,
    0x17, 0xE4, 0x17, 0xE4, 0x17, 0xE4, 0x17, 0xE4, 0x17, 0xE4, 0x17, 0xE4, 0x17, 0xE4, 0x17, 0xE4,
    0x17, 0xE4, 0x17, 0xE4, 0x17, 0xE4, 0x17, 0xE4, 0x17, 0xE4, 0xFF, 0x17, 0xE4, 0x17, 0xE4, 0x17,
    0xE4, 0x17, 0xE4, 0x17, 0xE4, 0x17, 0xE4, 0x17, 0xE4, 0x17, 0xE4, 0x17, 0xE4, 0x17, 0xE4, 0x17,
    0xE4, 0x17, 0xE4, 0x17, 0xE4, 0x17, 0xE4, 0x17, 0xE4, 0x17, 0xE4, 0x17, 0xE4, 0x17, 0xE4, 0x17,
    0xE4, 0x17, 0xE4, 0x17, 0xE4, 0x17, 0xE4, 0x17, 0xE4, 0x17, 0xE4, 0x17, 0xE4, 0x17, 0xE4, 0x17,
    0xE4, 0x17, 0xE4, 0x17, 0xE4, 0x17, 0xE4, 0x17, 0xE4, 0x17, 0xE4, 0x17, 0xE4, 0x17, 0xE4, 0x17,
    0xE4, 0x17, 0xE4, 0x17, 0xE4, 0x17, 0xE4, 0x17, 0xE4, 0x17, 0xE4, 0x17, 0xE4, 0x17, 0xE4, 0x17,
    0xE4, 0x17, 0xE4, 0x17, 0xE4, 0x17, 0xE4, 0x17, 0xE4, 0x17, 0xE4, 0x17, 0xE4, 0x17, 0xE4, 0x17,
    0xE4, 0x17, 0xE4, 0x17, 0xE4, 0x17, 0xE4, 0x17, 0xE4, 0x17, 0xE4, 0x17, 0xE4, 0x17, 0xE4, 0x17,
    0xE4, 0x17, 0xE4, 0x17, 0xE4, 0x17, 0xE4, 0x17, 0xE4, 0x17, 0xE4, 0xFF, 0x17, 0xE4, 0x17, 0xE4,
    0x17, 0xE4, 0x17, 0xE4, 0x17, 0xE4, 0x17, 0xE4, 0x17, 0xE4, 0x17, 0xE4, 0x17, 0xE4, 0x17, 0xE4,
    0x17, 0xE4, 0x17, 0xE4, 0x17, 0xE4, 0x17, 0xE4, 0x17, 0xE4, 0x17, 0xE4, 0x17, 0xE4, 0x17, 0xE4,
    0x17, 0xE4, 0x17, 0xE4, 0x17, 0xE4, 0x17, 0xE4, 0x17, 0xE4, 0x17, 0xE4, 0x17, 0xE4, 0x17, 0xE4,
    0x17, 0xE4, 0x17, 0xE4, 0x17, 0xE4, 0x17, 0xE4, 0x17, 0xE4, 0x17, 0xE4, 0x17, 0xE4, 0x17, 0xE4,
    0x17, 0xE4, 0x17, 0xE4, 0x17, 0xE4, 0x17, 0xE4, 0x17, 0xE4, 0x17, 0xE4, 0x17, 0xE4, 0x17, 0xE4,
    0x17, 0xE4, 0x17, 0xE4, 0x17, 0xE4, 0x17, 0xE4, 0x17, 0xE4, 0x17, 0xE4, 0x17, 0xE4, 0x17, 0xE4,
    0x17, 0xE4, 0x17, 0xE4, 0x17, 0xE4, 0x17, 0xE4, 0x17, 0xE4, 0x17, 0xE4, 0x17, 0xE4, 0x17, 0xE4,
    0x17, 0xE4, 0x17, 0xE4, 0x17, 0xE4, 0x17, 0xE4, 0x17, 0xE4, 0x17, 0xE4, 0xFF, 0x17, 0xE4, 0x17,
    0xE4, 0x17, 0xE4, 0x17, 0xE4, 0x17, 0xE4, 0x17, 0xE4, 0x17, 0xE4, 0x17, 0xE4, 0x17, 0xE4, 0x17,
    0xE4, 0x17, 0xE4, 0x17, 0xE4, 0x17, 0xE4, 0x17, 0xE4, 0x17, 0xE4, 0x17, 0xE4, 0x17, 0xE4, 0x17,
    0xE4, 0x17, 0xE4, 0x17, 0xE4, 0x17, 0xE4, 0x17, 0xE4, 0x17, 0xE4, 0x17, 0xE4, 0x17, 0xE4, 0x17,
    0xE4, 0x17, 0xE4, 0x17, 0xE4, 0x17, 0xE4, 0x17, 0xE4, 0x17, 0xE4, 0x17, 0xE4, 0x17, 0xE4, 0x17,
    0xE4, 0x17, 0xE4, 0x17, 0xE4, 0x17, 0xE4, 0x17, 0xE4, 0x17, 0xE4, 0x17, 0xE4, 0x17, 0xE4, 0x17,
    0xE4, 0x17, 0xE4, 0x17, 0xE4, 0x17, 0xE4, 0x17, 0xE4, 0x17, 0xE4, 0x17, 0xE4, 0x17, 0xE4, 0x17,
    0xE4, 0x17, 0xE4, 0x17, 0xE4, 0x17, 0xE4, 0x17, 0xE4, 0x17, 0xE4, 0x17, 0xE4, 0x17, 0xE4, 0x17,
    0xE4, 0x17, 0xE4, 0x17, 0xE4, 0x17, 0xE4, 0x17, 0xE4, 0x17, 0xE4, 0x17, 0xE4, 0xFF, 0x17, 0xE4,
    0x17, 0xE4, 0x17, 0xE4, 0x17, 0xE4, 0x17, 0xE4, 0x17, 0xE4, 0x17, 0xE4, 0x17, 0xE4, 0x17, 0xE4,
    0x17, 0xE4, 0x17, 0xE4, 0x17, 0xE4, 0x17, 0xE4, 0x17, 0xE4, 0x17, 0xE4, 0x17, 0xE4, 0x17, 0xE4,
    0x17, 0xE4, 0x17, 0xE4, 0x17, 0xE4, 0x17, 0xE4, 0x17, 0xE4, 0x17, 0xE4, 0x17, 0xE4, 0x17, 0xE4,
    0x17, 0xE4, 0x17, 0xE4, 0x17, 0xE4, 0x17, 0xE4, 0x17, 0xE4, 0x17, 0xE4, 0x17, 0xE4, 0x17, 0xE4,
    0x17, 0xE4, 0x17, 0xE4, 0x17, 0xE4, 0x17, 0xE4, 0x17, 0xE4, 0x17, 0xE4, 0x17, 0xE4, 0x17, 0xE4,
    0x17, 0xE4, 0x17, 0xE4, 0x17, 0xE4, 0x17, 0xE4, 0x17, 0xE4, 0x17, 0xE4, 0x17, 0xE4, 0x17, 0xE4,
    0x17, 0xE4, 0x17, 0xE4, 0x17, 0xE4, 0x17, 0xE4, 0x17, 0xE4, 0x17, 0xE4, 0x17, 0xE4, 0x17, 0xE4,
    0x17, 0xE4, 0x17, 0xE4, 0x17, 0xE4, 0x17, 0xE4, 0x17, 0xE4, 0x17, 0xE4, 0x17, 0xE4, 0xFF, 0x17,
    0xE4, 0x17, 0xE4, 0x17, 0xE4, 0x17, 0xE4, 0x17, 0xE4, 0x17, 0xE4, 0x17, 0xE4, 0x17, 0xE4, 0x17,
    0xE4, 0x17, 0xE4, 0x17, 0xE4, 0x17, 0xE4, 0x17, 0xE4, 0x17, 0xE4, 0x17, 0xE4, 0x17, 0xE4, 0x17,
    0xE4, 0x17, 0xE4, 0x17, 0xE4, 0x17, 0xE4, 0x17, 0xE4, 0x17, 0xE4, 0x17, 0xE4, 0x17, 0xE4, 0x17,
    0xE4, 0x17, 0xE4, 0x17, 0xE4, 0x17, 0xE4, 0x17, 0xE4, 0x17, 0xE4, 0x17, 0xE4, 0x17, 0xE4, 0x17,
    0xE4, 0x17, 0xE4, 0x17, 0xE4, 0x17, 0xE4, 0x17, 0xE4, 0x17, 0xE4, 0x17, 0xE4, 0x17, 0xE4, 0x17,
    0xE4, 0x17, 0xE4, 0x17, 0xE4, 0x17, 0xE4, 0x17, 0xE4, 0x17, 0xE4, 0x17, 0xE4, 0x17, 0xE4, 0x17,
    0xE4, 0x17, 0xE4, 0x17, 0xE4, 0x17, 0xE4, 0x17, 0xE4, 0x17, 0xE4, 0x17, 0xE4, 0x17, 0xE4, 0x17,
    0xE4, 0x17, 0xE4, 0x17, 0xE4, 0x17, 0xE4, 0x17, 0xE4, 0x17, 0xE3, 0x17, 0xE4, 0x17, 0xE4, 0xFF,
    0x17, 0xE4, 0x17, 0xE4, 0x17, 0xE4, 0x17, 0xE4, 0x17, 0xE4, 0x17, 0xE4, 0x17, 0xE4, 0x17, 0xE4,
    0x17, 0xE4, 0x17, 0xE4, 0x17, 0xE4, 0x17, 0xE4, 0x17, 0xE4, 0x17, 0xE4, 0x17, 0xE4, 0x17, 0xE4,
    0x17, 0xE4, 0x17, 0xE4, 0x17, 0xE4, 0x17, 0xE4, 0x17, 0xE4, 0x17, 0xE4, 0x17, 0xE4, 0x17, 0xE4,
    0x17, 0xE4, 0x17, 0xE4, 0x17, 0xE4, 0x17, 0xE4, 0x17, 0xE4, 0x17, 0xE4, 0x17, 0xE4, 0x17, 0xE4,
    0x17, 0xE4, 0x17, 0xE4, 0x17, 0xE4, 0x17, 0xE4, 0x17, 0xE4, 0x17, 0xE4, 0x17, 0xE4, 0x17, 0xE4,
    0x17, 0xE4, 0x17, 0xE4, 0x17, 0xE4, 0x17, 0xE4, 0x17, 0xE4, 0x17, 0xE4, 0x17, 0xE4, 0x17, 0xE4,
    0x17, 0xE4, 0x17, 0xE4, 0x17, 0xE4, 0x17, 0xE4, 0x17, 0xE4, 0x17, 0xE4, 0x17, 0xE4, 0x17, 0xE4,
    0x17, 0xE4, 0x17, 0xE4, 0x17, 0xE4, 0x17, 0xE4, 0x17, 0xE4, 0x17, 0xE4, 0x17, 0xE4, 0x17, 0xE4,
    0xFF, 0x17, 0xE4, 0x17, 0xE4, 0x17, 0xE4, 0x17, 0xE4, 0x17, 0xE4, 0x17, 0xE4, 0x17, 0xE4, 0x17,
    0xE4, 0x17, 0xE4, 0x17, 0xE4, 0x17, 0xE4, 0x17, 0xE4, 0x17, 0xE4, 0x17, 0xE4, 0x17, 0xE4, 0x17,
    0xE4, 0x17, 0xE4, 0x17, 0xE4, 0x17, 0xE4, 0x17, 0xE4, 0x17, 0xE4, 0x17, 0xE4, 0x17, 0xE4, 0x17,
    0xE4, 0x17, 0xE4, 0x17, 0xE4, 0x17, 0xE4, 0x17, 0xE4, 0x17, 0xE4, 0x17, 0xE4, 0x17, 0xE4, 0x17,
    0xE4, 0x17, 0xE4, 0x17, 0xE4, 0x17, 0xE4, 0x17, 0xE4, 0x17, 0xE4, 0x17, 0xE4, 0x17, 0xE4, 0x17,
    0xE4, 0x17, 0xE4, 0x17, 0xE4, 0x17, 0xE4, 0x17, 0xE4, 0x17, 0xE4, 0x17, 0xE4, 0x17, 0xE4, 0x17,
    0xE4, 0x17, 0xE4, 0x17, 0xE4, 0x17, 0xE4, 0x17, 0xE3, 0x17, 0xE3, 0x17, 0xE4, 0x17, 0xE4, 0x1F,
    0xE5, 0x1F, 0xE5, 0x1F, 0xE5, 0x27, 0xE5, 0x27, 0xE5, 0x27, 0xE6, 0x27, 0xE6, 0x27, 0xE6, 0x27,
    0xE5, 0xFF, 0x1F, 0xE5, 0x1F, 0xE4, 0x17, 0xE4, 0x17, 0xE4, 0x17, 0xE4, 0x17, 0xE3, 0x17, 0xE4,
    0x17, 0xE4, 0x17, 0xE4, 0x17, 0xE3, 0x17, 0xE4, 0x17, 0xE4, 0x17, 0xE4, 0x17, 0xE4, 0x17, 0xE4,
    0x17, 0xE4, 0x17, 0xE4, 0x17, 0xE4, 0x17, 0xE4, 0x17, 0xE4, 0x17, 0xE4, 0x17, 0xE4, 0x17, 0xE4,
    0x17, 0xE4, 0x17, 0xE4, 0x17, 0xE4, 0x17, 0xE4, 0x17, 0xE4, 0x17, 0xE4, 0x17, 0xE4, 0x17, 0xE4,
    0x17, 0xE4, 0x17, 0xE4, 0x17, 0xE4, 0x17, 0xE4, 0x17, 0xE4, 0x17, 0xE4, 0x17, 0xE4, 0x17, 0xE4,
    0x17, 0xE4, 0x17, 0xE4, 0x17, 0xE4, 0x17, 0xE4, 0x17, 0xE4, 0x17, 0xE4, 0x17, 0xE4, 0x17, 0xE4,
    0x17, 0xE4, 0x17, 0xE4, 0x17, 0xE4, 0x17, 0xE4, 0x17, 0xE4, 0x17, 0xE4, 0x17, 0xE4, 0x17, 0xE4,
    0x17, 0xE4, 0x17, 0xE4, 0x17, 0xE4, 0x17, 0xE4, 0x17, 0xE4, 0x17, 0xE4, 0x17, 0xE4, 0x17, 0xE4,
    0x17, 0xE4, 0xFF, 0x17, 0xE4, 0x17, 0xE4, 0x17, 0xE4, 0x17, 0xE4, 0x17, 0xE4, 0x17, 0xE4, 0x17,
    0xE4, 0x17, 0xE4, 0x17, 0xE4, 0x17, 0xE4, 0x17, 0xE4, 0x17, 0xE4, 0x17, 0xE4, 0x17, 0xE4, 0x17,
    0xE4, 0x17, 0xE4, 0x17, 0xE4, 0x17, 0xE4, 0x17, 0xE4, 0x17, 0xE4, 0x17, 0xE4, 0x17, 0xE4, 0x17,
    0xE4, 0x17, 0xE4, 0x17, 0xE4, 0x17, 0xE4, 0x17, 0xE4, 0x17, 0xE4, 0x17, 0xE4, 0x17, 0xE4, 0x17,
    0xE4, 0x17, 0xE4, 0x17, 0xE4, 0x17, 0xE4, 0x17, 0xE4, 0x17, 0xE4, 0x17, 0xE4, 0x17, 0xE4, 0x17,
    0xE4, 0x17, 0xE4, 0x17, 0xE4, 0x17, 0xE4, 0x17, 0xE4, 0x17, 0xE4, 0x17, 0xE4, 0x17, 0xE4, 0x17,
    0xE4, 0x17, 0xE4, 0x17, 0xE4, 0x17, 0xE4, 0x17, 0xE4, 0x17, 0xE4, 0x17, 0xE4, 0x17, 0xE4, 0x17,
    0xE4, 0x17, 0xE4, 0x1F, 0xE4, 0x1F, 0xE4, 0x1F, 0xE4, 0x27, 0xE6, 0x2F, 0xE7, 0x37, 0xE8, 0x47,
    0xE9, 0x47, 0xEA, 0xFF, 0x4F, 0xEA, 0x4F, 0xCA, 0x57, 0xAA, 0x5F, 0x8A, 0x5F, 0x6A, 0x57, 0x8A,
    0x57, 0xCA, 0x3F, 0xE8, 0x37, 0xE7, 0x2F, 0xE7, 0x2F, 0xE6, 0x1F, 0xE4, 0x1F, 0xE4, 0x17, 0xE4,
    0x17, 0xE4, 0x17, 0xE4, 0x17, 0xE4, 0x17, 0xE4, 0x17, 0xE4, 0x17, 0xE4, 0x17, 0xE4, 0x17, 0xE4,
    0x17, 0xE4, 0x17, 0xE4, 0x17, 0xE4, 0x17, 0xE4, 0x17, 0xE4, 0x17, 0xE4, 0x17, 0xE4, 0x17, 0xE4,
    0x17, 0xE4, 0x17, 0xE4, 0x17, 0xE4, 0x17, 0xE4, 0x17, 0xE4, 0x17, 0xE4, 0x17, 0xE4, 0x17, 0xE4,
    0x17, 0xE4, 0x17, 0xE4, 0x17, 0xE4, 0x17, 0xE4, 0x17, 0xE4, 0x17, 0xE4, 0x17, 0xE4, 0x17, 0xE4,
    0x17, 0xE4, 0x17, 0xE4, 0x17, 0xE4, 0x17, 0xE4, 0x17, 0xE4, 0x17, 0xE4, 0x17, 0xE4, 0x17, 0xE4,
    0x17, 0xE4, 0x17, 0xE4, 0x17, 0xE4, 0x17, 0xE4, 0x17, 0xE4, 0x17, 0xE4, 0x17, 0xE4, 0x17, 0xE4,
    0x17, 0xE4, 0x17, 0xE4, 0xFF, 0x17, 0xE4, 0x17, 0xE4, 0x17, 0xE4, 0x17, 0xE4, 0x17, 0xE4, 0x17,
    0xE4, 0x17, 0xE4, 0x17, 0xE4, 0x17, 0xE4, 0x17, 0xE4, 0x17, 0xE4, 0x17, 0xE4, 0x17, 0xE4, 0x17,
    0xE4, 0x17, 0xE4, 0x17, 0xE4, 0x17, 0xE4, 0x17, 0xE4, 0x17, 0xE4, 0x17, 0xE4, 0x17, 0xE4, 0x17,
    0xE4, 0x17, 0xE4, 0x17, 0xE4, 0x17, 0xE4, 0x17, 0xE4, 0x17, 0xE4, 0x17, 0xE4, 0x17, 0xE4, 0x17,
    0xE4, 0x17, 0xE4, 0x17, 0xE4, 0x17, 0xE4, 0x17, 0xE4, 0x17, 0xE4, 0x17, 0xE4, 0x17, 0xE4, 0x17,
    0xE4, 0x17, 0xE4, 0x17, 0xE4, 0x17, 0xE4, 0x17, 0xE4, 0x17, 0xE4, 0x17, 0xE4, 0x17, 0xE4, 0x17,
    0xE4, 0x17, 0xE4, 0x17, 0xE4, 0x17, 0xE4, 0x17, 0xE4, 0x17, 0xE4, 0x17, 0xE4, 0x17, 0xE4, 0x17,
    0xE4, 0x17, 0xE4, 0x17, 0xE4, 0x17, 0xE4, 0x17, 0xE4, 0x17, 0xE4, 0x0F, 0xE3, 0x0F, 0xE4, 0x1F,
    0xE4, 0x2F, 0xE6, 0x37, 0xE7, 0xFF, 0x3F, 0xE8, 0x4F, 0x69, 0x5F, 0x0B, 0x66, 0xAC, 0x76, 0x6D,
    0x8E, 0x4F, 0x96, 0x30, 0x9E, 0x30, 0xA6, 0x51, 0xAE, 0x51, 0xAE, 0x32, 0xA6, 0x11, 0x96, 0x0F,
    0x76, 0x2C, 0x66, 0xAB, 0x66, 0xEC, 0x57, 0xAA, 0x47, 0xE8, 0x2F, 0xE6, 0x27, 0xE5, 0x1F, 0xE4,
    0x17, 0xE4, 0x0F, 0xE3, 0x17, 0xE2, 0x17, 0xE3, 0x17, 0xE4, 0x17, 0xE4, 0x17, 0xE4, 0x17, 0xE4,
    0x17, 0xE4, 0x17, 0xE4, 0x17, 0xE4, 0x17, 0xE4, 0x17, 0xE4, 0x17, 0xE4, 0x17, 0xE4, 0x17, 0xE4,
    0x17, 0xE4, 0x17, 0xE4, 0x17, 0xE4, 0x17, 0xE4, 0x17, 0xE4, 0x17, 0xE4, 0x17, 0xE4, 0x17, 0xE4,
    0x17, 0xE4, 0x17, 0xE4, 0x17, 0xE4, 0x17, 0xE4, 0x17, 0xE4, 0x17, 0xE4, 0x17, 0xE4, 0x17, 0xE4,
    0x17, 0xE4, 0x17, 0xE4, 0x17, 0xE4, 0x17, 0xE4, 0x17, 0xE4, 0x17, 0xE4, 0x17, 0xE4, 0x17, 0xE4,
    0x17, 0xE4, 0x17, 0xE4, 0x17, 0xE4, 0xFF, 0x17, 0xE4, 0x17, 0xE4, 0x17, 0xE4, 0x17, 0xE4, 0x17,
    0xE4, 0x17, 0xE4, 0x17, 0xE4, 0x17, 0xE4, 0x17, 0xE4, 0x17, 0xE4, 0x17, 0xE4, 0x17, 0xE4, 0x17,
    0xE4, 0x17, 0xE4, 0x17, 0xE4, 0x17, 0xE4, 0x17, 0xE4, 0x17, 0xE4, 0x17, 0xE4, 0x17, 0xE4, 0x17,
    0xE4, 0x17, 0xE4, 0x17, 0xE4, 0x17, 0xE4, 0x17, 0xE4, 0x17, 0xE4, 0x17, 0xE4, 0x17, 0xE4, 0x17,
    0xE4, 0x17, 0xE4, 0x17, 0xE4, 0x17, 0xE4, 0x17, 0xE4, 0x17, 0xE4, 0x17, 0xE4, 0x17, 0xE4, 0x17,
    0xE4, 0x17, 0xE4, 0x17, 0xE4, 0x17, 0xE4, 0x17, 0xE4, 0x17, 0xE4, 0x17, 0xE4, 0x17, 0xE4, 0x17,
    0xE4, 0x17, 0xE4, 0x17, 0xE4, 0x17, 0xE4, 0x17, 0xE4, 0x17, 0xE4, 0x17, 0xE4, 0x17, 0xE4, 0x17,
    0xE4, 0x17, 0xE4, 0x17, 0xE4, 0x17, 0xE4, 0x17, 0xE4, 0x17, 0xE4, 0x17, 0xE4, 0x17, 0xE4, 0x17,
    0xE4, 0x17, 0xE4, 0x17, 0xE4, 0x17, 0xE4, 0x91, 0x17, 0xE4, 0x17, 0xE4, 0x27, 0xE5, 0x37, 0xE7,
    0x57, 0x2A, 0x66, 0x6B, 0x7E, 0x4E, 0xA6, 0x91, 0xBE, 0x94, 0x02, 0xD6, 0xFF, 0xE6, 0xD7, 0xEE,
    0xD8, 0xF6, 0xF8, 0xF6, 0xF9, 0xF6, 0xD9, 0xF6, 0xD9, 0xFE, 0xD9, 0xF6, 0xB9, 0xEE, 0x98, 0xDE,
    0x96, 0xC6, 0x74, 0xB6, 0x33, 0x9E, 0x10, 0x7E, 0x4D, 0x67, 0x2B, 0x57, 0xEA, 0x3F, 0xE8, 0x1F,
    0xE5, 0x17, 0xE3, 0x0F, 0xE2, 0x17, 0xE3, 0x17, 0xE4, 0x17, 0xE4, 0x17, 0xE4, 0x17, 0xE4, 0x17,
    0xE4, 0x17, 0xE4, 0x17, 0xE4, 0x17, 0xE4, 0x17, 0xE4, 0x17, 0xE4, 0x17, 0xE4, 0x17, 0xE4, 0x17,
    0xE4, 0x17, 0xE4, 0x17, 0xE4, 0x17, 0xE4, 0x17, 0xE4, 0x17, 0xE4, 0x17, 0xE4, 0x17, 0xE4, 0x17,
    0xE4, 0x17, 0xE4, 0x17, 0xE4, 0x17, 0xE4, 0x17, 0xE4, 0x17, 0xE4, 0x17, 0xE4, 0x17, 0xE4, 0x17,
    0xE4, 0x17, 0xE4, 0x17, 0xE4, 0x17, 0xE4, 0x17, 0xE4, 0x17, 0xE4, 0x17, 0xE4, 0x17, 0xE4, 0x17,
    0xE4, 0x17, 0xE4, 0x17, 0xE4, 0x17, 0xE4, 0x17, 0xE4, 0x17, 0xE4, 0x17, 0xE4, 0xFF, 0x17, 0xE4,
    0x17, 0xE4, 0x17, 0xE4, 0x17, 0xE4, 0x17, 0xE4, 0x17, 0xE4, 0x17, 0xE4, 0x17, 0xE4, 0x17, 0xE4,
    0x17, 0xE4, 0x17, 0xE4, 0x17, 0xE4, 0x17, 0xE4, 0x17, 0xE4, 0x17, 0xE4, 0x17, 0xE4, 0x17, 0xE4,
    0x17, 0xE4, 0x17, 0xE4, 0x17, 0xE4, 0x17, 0xE4, 0x17, 0xE4, 0x17, 0xE4, 0x17, 0xE4, 0x17, 0xE4,
    0x17, 0xE4, 0x17, 0xE4, 0x17, 0xE4, 0x17, 0xE4, 0x17, 0xE4, 0x17, 0xE4, 0x17, 0xE4, 0x17, 0xE4,
    0x17, 0xE4, 0x17, 0xE4, 0x17, 0xE4, 0x17, 0xE4, 0x17, 0xE4, 0x17, 0xE4, 0x17, 0xE4, 0x17, 0xE4,
    0x17, 0xE4, 0x17, 0xE4, 0x17, 0xE4, 0x17, 0xE4, 0x17, 0xE4, 0x17, 0xE4, 0x17, 0xE4, 0x17, 0xE4,
    0x17, 0xE4, 0x17, 0xE4, 0x17, 0xE4, 0x17, 0xE4, 0x17, 0xE4, 0x17, 0xE4, 0x17, 0xE4, 0x17, 0xE4,
    0x17, 0xE4, 0x1F, 0xE4, 0x1F, 0xE5, 0x27, 0xE7, 0x37, 0xE7, 0x4F, 0x68, 0x76, 0xAC, 0xFF, 0xAE,
    0x72, 0xCE, 0xB6, 0xDE, 0xB7, 0xE6, 0x97, 0xEE, 0x57, 0xF6, 0xB8, 0xFE, 0xD9, 0xFE, 0xD9, 0xFE,
    0xD9, 0xFE, 0xD9, 0xFE, 0xD9, 0xFE, 0xD9, 0xFE, 0xD9, 0xEE, 0x37, 0xEE, 0x57, 0xEE, 0x77, 0xFE,
    0xD9, 0xFE, 0xF9, 0xEE, 0xD8, 0xD6, 0x76, 0xAD, 0xF1, 0x8E, 0x0E, 0x6E, 0xEB, 0x3F, 0xE8, 0x27,
    0xE6, 0x0F, 0xE4, 0x17, 0xE4, 0x17, 0xE4, 0x17, 0xE4, 0x17, 0xE4, 0x17, 0xE4, 0x17, 0xE4, 0x17,
    0xE4, 0x17, 0xE4, 0x17, 0xE4, 0x17, 0xE4, 0x17, 0xE4, 0x17, 0xE4, 0x17, 0xE4, 0x17, 0xE4, 0x17,
    0xE4, 0x17, 0xE4, 0x17, 0xE4, 0x17, 0xE4, 0x17, 0xE4, 0x17, 0xE4, 0x17, 0xE4, 0x17, 0xE4, 0x17,
    0xE4, 0x17, 0xE4, 0x17, 0xE4, 0x17, 0xE4, 0x17, 0xE4, 0x17, 0xE4, 0x17, 0xE4, 0x17, 0xE4, 0x17,
    0xE4, 0x17, 0xE4, 0x17, 0xE4, 0x17, 0xE4, 0x17, 0xE4, 0x17, 0xE4, 0x17, 0xE4, 0x17, 0xE4, 0xFF,
    0x17, 0xE4, 0x17, 0xE4, 0x17, 0xE4, 0x17, 0xE4, 0x17, 0xE4, 0x17, 0xE4, 0x17, 0xE4, 0x17, 0xE4,
    0x17, 0xE4, 0x17, 0xE4, 0x17, 0xE4, 0x17, 0xE4, 0x17, 0xE4, 0x17, 0xE4, 0x17, 0xE4, 0x17, 0xE4,
    0x17, 0xE4, 0x17, 0xE4, 0x17, 0xE4, 0x17, 0xE4, 0x17, 0xE4, 0x17, 0xE4, 0x17, 0xE4, 0x17, 0xE4,
    0x17, 0xE4, 0x17, 0xE4, 0x17, 0xE4, 0x17, 0xE4, 0x17, 0xE4, 0x17, 0xE4, 0x17, 0xE4, 0x17, 0xE4,
    0x17, 0xE4, 0x17, 0xE4, 0x17, 0xE4, 0x17, 0xE4, 0x17, 0xE4, 0x17, 0xE4, 0x17, 0xE4, 0x17, 0xE4,
    0x17, 0xE4, 0x17, 0xE4, 0x17, 0xE4, 0x17, 0xE4, 0x17, 0xE4, 0x17, 0xE4, 0x17, 0xE4, 0x17, 0xE4,
    0x17, 0xE4, 0x17, 0xE4, 0x17, 0xE4, 0x17, 0xE4, 0x17, 0xE4, 0x17, 0xE4, 0x17, 0xE4, 0x17, 0xE4,
    0x17, 0xE4, 0x17, 0xE4, 0x17, 0xE4, 0x17, 0xE4, 0x17, 0xE4, 0x17, 0xE4, 0x17, 0xE4, 0x17, 0xE4,
    0xFF, 0x27, 0xE6, 0x3F, 0xE8, 0x56, 0xEA, 0x86, 0x6D, 0xB6, 0xB2, 0xDE, 0xF6, 0xE6, 0xB7, 0xDE,
    0x76, 0xEE, 0x78, 0xF6, 0xB8, 0xFE, 0xB8, 0xFE, 0xD9, 0xFE, 0xD9, 0xF6, 0xD8, 0xFE, 0xD8, 0xFE,
    0xD8, 0xFE, 0xD9, 0xFE, 0xF9, 0xF6, 0xD8, 0xEE, 0x56, 0xFE, 0xD9, 0xE6, 0x36, 0xFE, 0xD8, 0xFE,
    0xD9, 0xFE, 0xD9, 0xFE, 0xF9, 0xFE, 0xD9, 0xE6, 0x76, 0xBD, 0xD2, 0x86, 0x2D, 0x5F, 0x4B, 0x47,
    0xE9, 0x27, 0xE6, 0x17, 0xE4, 0x17, 0xE4, 0x17, 0xE4, 0x17, 0xE4, 0x17, 0xE4, 0x17, 0xE4, 0x17,
    0xE4, 0x17, 0xE4, 0x17, 0xE4, 0x17, 0xE4, 0x17, 0xE4, 0x17, 0xE4, 0x17, 0xE4, 0x17, 0xE4, 0x17,
    0xE4, 0x17, 0xE4, 0x17, 0xE4, 0x17, 0xE4, 0x17, 0xE4, 0x17, 0xE4, 0x17, 0xE4, 0x17, 0xE4, 0x17,
    0xE4, 0x17, 0xE4, 0x17, 0xE4, 0x17, 0xE4, 0x17, 0xE4, 0x17, 0xE4, 0x17, 0xE4, 0x17, 0xE4, 0x17,
    0xE4, 0xFF, 0x17, 0xE4, 0x17, 0xE4, 0x17, 0xE4, 0x17, 0xE4, 0x17, 0xE4, 0x17, 0xE4, 0x17, 0xE4,
    0x17, 0xE4, 0x17, 0xE4, 0x17, 0xE4, 0x17, 0xE4, 0x17, 0xE4, 0x17, 0xE4, 0x17, 0xE4, 0x17, 0xE4,
    0x17, 0xE4, 0x17, 0xE4, 0x17, 0xE4, 0x17, 0xE4, 0x17, 0xE4, 0x17, 0xE4, 0x17, 0xE4, 0x17, 0xE4,
    0x17, 0xE4, 0x17, 0xE4, 0x17, 0xE4, 0x17, 0xE4, 0x17, 0xE4, 0x17, 0xE4, 0x17, 0xE4, 0x17, 0xE4,
    0x17, 0xE4, 0x17, 0xE4, 0x17, 0xE4, 0x17, 0xE4, 0x17, 0xE4, 0x17, 0xE4, 0x17, 0xE4, 0x17, 0xE4,
    0x17, 0xE4, 0x17, 0xE4, 0x17, 0xE4, 0x17, 0xE4, 0x17, 0xE4, 0x17, 0xE4, 0x17, 0xE4, 0x17, 0xE4,
    0x17, 0xE4, 0x17, 0xE4, 0x17, 0xE4, 0x17, 0xE4, 0x17, 0xE4, 0x17, 0xE4, 0x17, 0xE4, 0x17, 0xE4,
    0x17, 0xE4, 0x17, 0xE4, 0x17, 0xE4, 0x17, 0xE4, 0x17, 0xE4, 0x17, 0xE4, 0x17, 0xE4, 0x17, 0xE4,
    0x17, 0xE4, 0xFF, 0x17, 0xE4, 0x17, 0xE4, 0x17, 0xE4, 0x17, 0xE4, 0x17, 0xE4, 0x27, 0xE6, 0x3F,
    0xA9, 0x66, 0x6C, 0xB6, 0x93, 0xEF, 0x18, 0xF6, 0xB8, 0xE6, 0x36, 0xE6, 0x56, 0xF6, 0xD8, 0xFE,
    0xD9, 0xFE, 0xD9, 0xFE, 0xD9, 0xFE, 0xD9, 0xFE, 0xD8, 0xFE, 0xD9, 0xF6, 0xB8, 0xF6, 0x97, 0xFE,
    0xD8, 0xFE, 0xD9, 0xEE, 0x57, 0xEE, 0x77, 0xF6, 0xD8, 0xEE, 0x77, 0xEE, 0x77, 0xFE, 0xD9, 0xFE,
    0xD9, 0xFE, 0xD9, 0xFE, 0xD9, 0xFE, 0xD9, 0xFE, 0xD9, 0xDE, 0x75, 0xA5, 0xD0, 0x7E, 0x0E, 0x5F,
    0x8B, 0x37, 0xE8, 0x1F, 0xE5, 0x17, 0xE4, 0x17, 0xE4, 0x17, 0xE4, 0x17, 0xE4, 0x17, 0xE4, 0x17,
    0xE4, 0x17, 0xE4, 0x17, 0xE4, 0x17, 0xE4, 0x17, 0xE4, 0x17, 0xE4, 0x17, 0xE4, 0x17, 0xE4, 0x17,
    0xE4, 0x17, 0xE4, 0x17, 0xE4, 0x17, 0xE4, 0x17, 0xE4, 0x17, 0xE4, 0x17, 0xE4, 0x17, 0xE4, 0x17,
    0xE4, 0x17, 0xE4, 0xFF, 0x17, 0xE4, 0x17, 0xE4, 0x17, 0xE4, 0x17, 0xE4, 0x17, 0xE4, 0x17, 0xE4,
    0x17, 0xE4, 0x17, 0xE4, 0x17, 0xE4, 0x17, 0xE4, 0x17, 0xE4, 0x17, 0xE4, 0x17, 0xE4, 0x17, 0xE4,
    0x17, 0xE4, 0x17, 0xE4, 0x17, 0xE4, 0x17, 0xE4, 0x17, 0xE4, 0x17, 0xE4, 0x17, 0xE4, 0x17, 0xE4,
    0x17, 0xE4, 0x17, 0xE4, 0x17, 0xE4, 0x17, 0xE4, 0x17, 0xE4, 0x17, 0xE4, 0x17, 0xE4, 0x17, 0xE4,
    0x17, 0xE4, 0x17, 0xE4, 0x17, 0xE4, 0x17, 0xE4, 0x17, 0xE4, 0x17, 0xE4, 0x17, 0xE4, 0x17, 0xE4,
    0x17, 0xE4, 0x17, 0xE4, 0x17, 0xE4, 0x17, 0xE4, 0x17, 0xE4, 0x17, 0xE4, 0x17, 0xE4, 0x17, 0xE4,
    0x17, 0xE4, 0x17, 0xE4, 0x17, 0xE4, 0x17, 0xE4, 0x17, 0xE4, 0x17, 0xE4, 0x17, 0xE4, 0x17, 0xE4,
    0x17, 0xE4, 0x17, 0xE4, 0x17, 0xE4, 0x17, 0xE4, 0x17, 0xE4, 0x17, 0xE4, 0x17, 0xE4, 0x17, 0xE4,
    0x17, 0xE4, 0x17, 0xE4, 0xFF, 0x17, 0xE4, 0x17, 0xE4, 0x17, 0xE4, 0x17, 0xE4, 0x17, 0xE4, 0x17,
    0xE4, 0x17, 0xE4, 0x17, 0xE4, 0x17, 0xE4, 0x1F, 0xE5, 0x27, 0xE6, 0x47, 0x69, 0x86, 0xB0, 0xD7,
    0x37, 0xFF, 0x3A, 0xE6, 0x77, 0xE6, 0x36, 0xF6, 0x97, 0xFE, 0xF9, 0xF6, 0xD9, 0xFE, 0xD9, 0xFE,
    0xD9, 0xF6, 0xB8, 0xFE, 0xD9, 0xFE, 0xD9, 0xFE, 0xD9, 0xEE, 0x57, 0xEE, 0x77, 0xFE, 0xD9, 0xF6,
    0xB8, 0xEE, 0x77, 0xF6, 0xB8, 0xF6, 0xB8, 0xF6, 0xD8, 0xE6, 0x36, 0xEE, 0x77, 0xFE, 0xF9, 0xF6,
    0xD9, 0xFE, 0xD9, 0xF6, 0xD9, 0xFE, 0xD9, 0xFE, 0xF9, 0xF6, 0xD8, 0xCE, 0x34, 0x8D, 0xEE, 0x67,
    0x4B, 0x3F, 0xE7, 0x17, 0xE4, 0x17, 0xE4, 0x17, 0xE3, 0x17, 0xE4, 0x17, 0xE3, 0x17, 0xE4, 0x17,
    0xE4, 0x17, 0xE4, 0x17, 0xE4, 0x17, 0xE4, 0x17, 0xE4, 0x17, 0xE4, 0x17, 0xE4, 0x17, 0xE4, 0x17,
    0xE4, 0x17, 0xE4, 0x17, 0xE4, 0xFF, 0x17, 0xE4, 0x17, 0xE4, 0x17, 0xE4, 0x17, 0xE4, 0x17, 0xE4,
    0x17, 0xE4, 0x17, 0xE4, 0x17, 0xE4, 0x17, 0xE4, 0x17, 0xE4, 0x17, 0xE4, 0x17, 0xE4, 0x17, 0xE4,
    0x17, 0xE4, 0x17, 0xE4, 0x17, 0xE4, 0x17, 0xE4, 0x17, 0xE4, 0x17, 0xE4, 0x17, 0xE4, 0x17, 0xE4,
    0x17, 0xE4, 0x17, 0xE4, 0x17, 0xE4, 0x17, 0xE4, 0x17, 0xE4, 0x17, 0xE4, 0x17, 0xE4, 0x17, 0xE4,
    0x17, 0xE4, 0x17, 0xE4, 0x17, 0xE4, 0x17, 0xE4, 0x17, 0xE4, 0x17, 0xE4, 0x17, 0xE4, 0x17, 0xE4,
    0x17, 0xE4, 0x17, 0xE4, 0x17, 0xE4, 0x17, 0xE4, 0x17, 0xE4, 0x17, 0xE4, 0x17, 0xE4, 0x17, 0xE4,
    0x17, 0xE4, 0x17, 0xE4, 0x17, 0xE4, 0x17, 0xE4, 0x17, 0xE4, 0x17, 0xE4, 0x17, 0xE4, 0x17, 0xE4,
    0x17, 0xE4, 0x17, 0xE4, 0x17, 0xE4, 0x17, 0xE4, 0x17, 0xE4, 0x17, 0xE4, 0x17, 0xE4, 0x17, 0xE4,
    0x17, 0xE4, 0x17, 0xE4, 0x17, 0xE4, 0xFF, 0x17, 0xE4, 0x17, 0xE4, 0x17, 0xE4, 0x17, 0xE4, 0x17,
    0xE4, 0x17, 0xE4, 0x17, 0xE4, 0x17, 0xE4, 0x17, 0xE4, 0x17, 0xE4, 0x17, 0xE4, 0x17, 0xE4, 0x17,
    0xE4, 0x17, 0xE4, 0x17, 0xE5, 0x2F, 0xE7, 0x4F, 0x29, 0xA6, 0xD2, 0xEF, 0x7A, 0xF7, 0x1A, 0xDE,
    0x16, 0xE6, 0x77, 0xFF, 0x3A, 0xFF, 0x19, 0xFE, 0xF9, 0xFE, 0xF9, 0xFE, 0xF9, 0xEE, 0x98, 0xE6,
    0x36, 0xF6, 0xD9, 0xF6, 0xD9, 0xEE, 0x98, 0xE6, 0x16, 0xFE, 0xD9, 0xFE, 0xD9, 0xF6, 0xB8, 0xEE,
    0x77, 0xF6, 0xB8, 0xF6, 0xD8, 0xFE, 0xF9, 0xF6, 0xB8, 0xDE, 0x16, 0xEE, 0x98, 0xFE, 0xF9, 0xF6,
    0xD9, 0xFE, 0xD9, 0xF6, 0xD9, 0xF6, 0xD9, 0xF6, 0xD8, 0xEE, 0x98, 0xDE, 0x96, 0x9D, 0xEF, 0x66,
    0xEB, 0x47, 0xE9, 0x1F, 0xE5, 0x17, 0xE3, 0x17, 0xE3, 0x17, 0xE4, 0x17, 0xE4, 0x17, 0xE4, 0x17,
    0xE4, 0x17, 0xE4, 0x17, 0xE4, 0x17, 0xE4, 0xFF, 0x17, 0xE4, 0x17, 0xE4, 0x17, 0xE4, 0x17, 0xE4,
    0x17, 0xE4, 0x17, 0xE4, 0x17, 0xE4, 0x17, 0xE4, 0x17, 0xE4, 0x17, 0xE4, 0x17, 0xE4, 0x17, 0xE4,
    0x17, 0xE4, 0x17, 0xE4, 0x17, 0xE4, 0x17, 0xE4, 0x17, 0xE4, 0x17, 0xE4, 0x17, 0xE4, 0x17, 0xE4,
    0x17, 0xE4, 0x17, 0xE4, 0x17, 0xE4, 0x17, 0xE4, 0x17, 0xE4, 0x17, 0xE4, 0x17, 0xE4, 0x17, 0xE4,
    0x17, 0xE4, 0x17, 0xE4, 0x17, 0xE4, 0x17, 0xE4, 0x17, 0xE4, 0x17, 0xE4, 0x17, 0xE4, 0x17, 0xE4,
    0x17, 0xE4, 0x17, 0xE4, 0x17, 0xE4, 0x17, 0xE4, 0x17, 0xE4, 0x17, 0xE4, 0x17, 0xE4, 0x17, 0xE4,
    0x17, 0xE4, 0x17, 0xE4, 0x17, 0xE4, 0x17, 0xE4, 0x17, 0xE4, 0x17, 0xE4, 0x17, 0xE4, 0x17, 0xE4,
    0x17, 0xE4, 0x17, 0xE4, 0x17, 0xE4, 0x17, 0xE4, 0x17, 0xE4, 0x17, 0xE4, 0x17, 0xE4, 0x17, 0xE4,
    0x17, 0xE4, 0x17, 0xE4, 0x17, 0xE4, 0x17, 0xE4, 0xFF, 0x17, 0xE4, 0x17, 0xE4, 0x17, 0xE4, 0x17,
    0xE4, 0x17, 0xE4, 0x17, 0xE4, 0x17, 0xE4, 0x17, 0xE4, 0x17, 0xE4, 0x17, 0xE4, 0x17, 0xE4, 0x17,
    0xE4, 0x17, 0xE4, 0x17, 0xE4, 0x17, 0xE4, 0x17, 0xE4, 0x17, 0xE4, 0x17, 0xE4, 0x17, 0xE4, 0x1F,
    0xE5, 0x2F, 0xE8, 0x57, 0x0B, 0xA6, 0xB2, 0xF7, 0x5A, 0xF6, 0xF9, 0xDE, 0x36, 0xEE, 0xD8, 0xFF,
    0x5A, 0xFF, 0x5A, 0xFF, 0x5A, 0xFF, 0x3A, 0xFF, 0x3A, 0xF6, 0xB8, 0xDE, 0x15, 0xF6, 0xB8, 0xFE,
    0xF9, 0xF6, 0xD9, 0xDD, 0xF5, 0xEE, 0x77, 0xFE, 0xF9, 0xFE, 0xD9, 0xF6, 0xD9, 0xEE, 0x57, 0xDE,
    0x16, 0xF6, 0xD9, 0xFE, 0xF9, 0xFE, 0xF9, 0xEE, 0xB8, 0xDE, 0x15, 0xEE, 0x97, 0xF6, 0xD9, 0xF6,
    0xF9, 0xFE, 0xD9, 0xF6, 0xD8, 0xF6, 0xD9, 0xF6, 0x98, 0xEE, 0x57, 0xE6, 0x76, 0xAD, 0xF1, 0x76,
    0x8C, 0x3F, 0xE9, 0x17, 0xE5, 0x17, 0xE4, 0x17, 0xE3, 0xFF, 0x17, 0xE4, 0x17, 0xE4, 0x17, 0xE4,
    0x17, 0xE4, 0x17, 0xE4, 0x17, 0xE4, 0x17, 0xE4, 0x17, 0xE4, 0x17, 0xE4, 0x17, 0xE4, 0x17, 0xE4,
    0x17, 0xE4, 0x17, 0xE4, 0x17, 0xE4, 0x17, 0xE4, 0x17, 0xE4, 0x17, 0xE4, 0x17, 0xE4, 0x17, 0xE4,
    0x17, 0xE4, 0x17, 0xE4, 0x17, 0xE3, 0x17, 0xE4, 0x17, 0xE4, 0x17, 0xE4, 0x17, 0xE4, 0x17, 0xE4,
    0x17, 0xE4, 0x17, 0xE4, 0x17, 0xE4, 0x17, 0xE4, 0x17, 0xE4, 0x17, 0xE4, 0x17, 0xE4, 0x17, 0xE4,
    0x17, 0xE4, 0x17, 0xE4, 0x17, 0xE4, 0x17, 0xE4, 0x17, 0xE4, 0x17, 0xE4, 0x17, 0xE4, 0x17, 0xE4,
    0x17, 0xE4, 0x17, 0xE4, 0x17, 0xE4, 0x17, 0xE4, 0x17, 0xE4, 0x17, 0xE4, 0x17, 0xE4, 0x17, 0xE4,
    0x17, 0xE4, 0x17, 0xE4, 0x17, 0xE4, 0x17, 0xE4, 0x17, 0xE4, 0x17, 0xE4, 0x17, 0xE4, 0x17, 0xE4,
    0x17, 0xE4, 0x17, 0xE4, 0x17, 0xE4, 0x17, 0xE4, 0x17, 0xE4, 0xE1, 0x17, 0xE4, 0x17, 0xE4, 0x17,
    0xE4, 0x17, 0xE4, 0x17, 0xE4, 0x17, 0xE4, 0x17, 0xE4, 0x17, 0xE4, 0x17, 0xE4, 0x17, 0xE4, 0x17,
    0xE4, 0x17, 0xE4, 0x17, 0xE4, 0x17, 0xE4, 0x17, 0xE4, 0x17, 0xE4, 0x17, 0xE4, 0x17, 0xE4, 0x17,
    0xE4, 0x17, 0xE4, 0x17, 0xE4, 0x17, 0xE4, 0x17, 0xE4, 0x17, 0xE4, 0x1F, 0xE5, 0x37, 0xE7, 0x56,
    0xEB, 0xBF, 0x35, 0xFF, 0x7A, 0xF6, 0xB9, 0xCD, 0xF5, 0xEE, 0xF9, 0xFF, 0x7A, 0xFF, 0x5A, 0xFF,
    0x5A, 0xFF, 0x5A, 0xFF, 0x5A, 0xFF, 0x5A, 0xE6, 0x77, 0xF6, 0xD8, 0xFF, 0x39, 0xFF, 0x19, 0xEE,
    0xB8, 0xDE, 0x36, 0xFE, 0xF9, 0xFF, 0x19, 0xF6, 0xF9, 0xF6, 0xF9, 0xF6, 0xD8, 0x02, 0xD5, 0xFF,
    0xDE, 0x16, 0xF6, 0xD9, 0xFE, 0xF9, 0xFE, 0xF9, 0xEE, 0x98, 0xDE, 0x15, 0xEE, 0x97, 0xF6, 0xD9,
    0xF6, 0xD9, 0xF6, 0xD9, 0xF6, 0xD9, 0xFE, 0xF9, 0xEE, 0x98, 0xE6, 0x36, 0xEE, 0x97, 0xB5, 0xB2,
    0x6E, 0xCD, 0x37, 0xE9, 0x17, 0xE5, 0x17, 0xE4, 0x17, 0xE4, 0x17, 0xE4, 0x17, 0xE4, 0x17, 0xE4,
    0x17, 0xE4, 0x17, 0xE4, 0x17, 0xE4, 0x17, 0xE4, 0x17, 0xE4, 0x17, 0xE4, 0x17, 0xE4, 0x17, 0xE4,
    0x17, 0xE4, 0x17, 0xE4, 0x17, 0xE4, 0x17, 0xE4, 0x17, 0xE4, 0x17, 0xE4, 0x17, 0xE4, 0x17, 0xE4,
    0x17, 0xE4, 0x17, 0xE4, 0x17, 0xE4, 0x17, 0xE4, 0x17, 0xE4, 0x17, 0xE4, 0x17, 0xE4, 0x17, 0xE4,
    0x17, 0xE4, 0x17, 0xE4, 0x17, 0xE4, 0x17, 0xE4, 0x17, 0xE4, 0x17, 0xE4, 0x17, 0xE4, 0x17, 0xE4,
    0x17, 0xE4, 0x17, 0xE4, 0x17, 0xE4, 0x17, 0xE4, 0x17, 0xE4, 0x17, 0xE4, 0x17, 0xE4, 0x17, 0xE4,
    0xFF, 0x17, 0xE4, 0x17, 0xE4, 0x17, 0xE4, 0x17, 0xE4, 0x17, 0xE4, 0x17, 0xE4, 0x17, 0xE4, 0x17,
    0xE4, 0x17, 0xE4, 0x17, 0xE4, 0x17, 0xE4, 0x17, 0xE4, 0x17, 0xE4, 0x17, 0xE4, 0x17, 0xE4, 0x17,
    0xE4, 0x17, 0xE4, 0x17, 0xE4, 0x17, 0xE4, 0x17, 0xE4, 0x17, 0xE4, 0x17, 0xE4, 0x17, 0xE4, 0x17,
    0xE4, 0x17, 0xE4, 0x17, 0xE4, 0x17, 0xE4, 0x17, 0xE4, 0x17, 0xE4, 0x17, 0xE4, 0x17, 0xE4, 0x17,
    0xE4, 0x17, 0xE4, 0x17, 0xE4, 0x17, 0xE4, 0x17, 0xE4, 0x17, 0xE4, 0x17, 0xE4, 0x17, 0xE4, 0x17,
    0xE4, 0x17, 0xE4, 0x17, 0xE4, 0x17, 0xE4, 0x17, 0xE3, 0x27, 0xE6, 0x47, 0x49, 0xA7, 0x13, 0xF7,
    0x9B, 0xFF, 0x1A, 0xD5, 0xF5, 0xE6, 0xB7, 0xFF, 0x7A, 0xFF, 0x7A, 0xFF, 0x5A, 0xFF, 0x5A, 0xFF,
    0x5A, 0xFF, 0x5A, 0xEE, 0xD8, 0xEE, 0xB8, 0xFF, 0x5A, 0xFF, 0x5A, 0xFF, 0x7A, 0xEE, 0xB8, 0xE6,
    0x97, 0xFF, 0xFF, 0x5A, 0xFF, 0x19, 0xFF, 0x19, 0xF6, 0xF9, 0xFE, 0xF9, 0xEE, 0x77, 0xCD, 0x94,
    0xDE, 0x15, 0xF6, 0xF9, 0xFF, 0x19, 0xFE, 0xF9, 0xEE, 0x77, 0xD5, 0xF5, 0xEE, 0x77, 0xF6, 0xD9,
    0xF6, 0xD8, 0xF6, 0xD9, 0xF6, 0xD9, 0xF6, 0xD9, 0xEE, 0x77, 0xE6, 0x36, 0xE6, 0x77, 0xAD, 0xF2,
    0x6E, 0xAC, 0x3F, 0xE8, 0x1F, 0xE4, 0x17, 0xE4, 0x17, 0xE4, 0x17, 0xE4, 0x17, 0xE4, 0x17, 0xE4,
    0x17, 0xE4, 0x17, 0xE4, 0x17, 0xE4, 0x17, 0xE4, 0x17, 0xE4, 0x17, 0xE4, 0x17, 0xE4, 0x17, 0xE4,
    0x17, 0xE4, 0x17, 0xE4, 0x17, 0xE4, 0x17, 0xE4, 0x17, 0xE4, 0x17, 0xE4, 0x17, 0xE4, 0x17, 0xE4,
    0x17, 0xE4, 0x17, 0xE4, 0x17, 0xE4, 0x17, 0xE4, 0x17, 0xE4, 0x17, 0xE4, 0x17, 0xE4, 0x17, 0xE4,
    0x17, 0xE4, 0x17, 0xE4, 0x17, 0xE4, 0x17, 0xE4, 0x17, 0xE4, 0x17, 0xE4, 0x17, 0xE4, 0x17, 0xE4,
    0x17, 0xE4, 0xFF, 0x17, 0xE4, 0x17, 0xE4, 0x17, 0xE4, 0x17, 0xE4, 0x17, 0xE4, 0x17, 0xE4, 0x17,
    0xE4, 0x17, 0xE4, 0x17, 0xE4, 0x17, 0xE4, 0x17, 0xE4, 0x17, 0xE4, 0x17, 0xE4, 0x17, 0xE4, 0x17,
    0xE4, 0x17, 0xE4, 0x17, 0xE4, 0x17, 0xE4, 0x17, 0xE4, 0x17, 0xE4, 0x17, 0xE4, 0x17, 0xE4, 0x17,
    0xE4, 0x17, 0xE4, 0x17, 0xE4, 0x17, 0xE4, 0x17, 0xE4, 0x17, 0xE4, 0x17, 0xE4, 0x17, 0xE4, 0x17,
    0xE4, 0x17, 0xE4, 0x17, 0xE4, 0x17, 0xE4, 0x17, 0xE4, 0x17, 0xE4, 0x17, 0xE4, 0x17, 0xE4, 0x17,
    0xE4, 0x17, 0xE4, 0x17, 0xE4, 0x17, 0xE4, 0x17, 0xE4, 0x17, 0xE4, 0x17, 0xE3, 0x17, 0xE3, 0x17,
    0xE3, 0x17, 0xE3, 0x17, 0xE3, 0x1F, 0xE4, 0x37, 0xE7, 0x86, 0xCF, 0xE7, 0x58, 0xF7, 0x39, 0xDE,
    0x36, 0xE6, 0x57, 0xFF, 0x7A, 0xFF, 0x5A, 0xFF, 0x5A, 0xFF, 0x5A, 0xFF, 0x5A, 0xFF, 0x5A, 0xFF,
    0x19, 0xE6, 0x76, 0xFF, 0xFF, 0x3A, 0xFF, 0x5A, 0xFF, 0x5A, 0xFF, 0x7A, 0xE6, 0x77, 0xF7, 0x19,
    0xFF, 0x7A, 0xFF, 0x3A, 0xFF, 0x3A, 0xFF, 0x3A, 0xFF, 0x19, 0xF6, 0xF9, 0xE6, 0x56, 0xCD, 0x73,
    0xD5, 0xB4, 0xEE, 0xB8, 0xFF, 0x19, 0xFF, 0x3A, 0xF6, 0xF9, 0xDD, 0xF5, 0xE6, 0x57, 0xF6, 0xF9,
    0xF6, 0xF9, 0xF6, 0xD9, 0xF6, 0xF9, 0xFE, 0xF9, 0xEE, 0xB8, 0xDE, 0x36, 0xE6, 0x97, 0xA5, 0xF1,
    0x67, 0x2B, 0x2F, 0xE7, 0x17, 0xE4, 0x17, 0xE4, 0x17, 0xE4, 0x17, 0xE4, 0x17, 0xE4, 0x17, 0xE4,
    0x17, 0xE4, 0x17, 0xE4, 0x17, 0xE4, 0x17, 0xE4, 0x17, 0xE4, 0x17, 0xE4, 0x17, 0xE4, 0x17, 0xE4,
    0x17, 0xE4, 0x17, 0xE4, 0x17, 0xE4, 0x17, 0xE4, 0x17, 0xE4, 0x17, 0xE4, 0x17, 0xE4, 0x17, 0xE4,
    0x17, 0xE4, 0x17, 0xE4, 0x17, 0xE4, 0x17, 0xE4, 0x17, 0xE4, 0x17, 0xE4, 0x17, 0xE4, 0x17, 0xE4,
    0x17, 0xE4, 0x17, 0xE4, 0xFF, 0x17, 0xE4, 0x17, 0xE4, 0x17, 0xE4, 0x17, 0xE4, 0x17, 0xE4, 0x17,
    0xE4, 0x17, 0xE4, 0x17, 0xE4, 0x17, 0xE4, 0x17, 0xE4, 0x17, 0xE4, 0x17, 0xE4, 0x17, 0xE4, 0x17,
    0xE4, 0x17, 0xE4, 0x17, 0xE4, 0x17, 0xE4, 0x17, 0xE4, 0x17, 0xE4, 0x17, 0xE4, 0x17, 0xE4, 0x17,
    0xE4, 0x17, 0xE4, 0x17, 0xE4, 0x17, 0xE4, 0x17, 0xE4, 0x17, 0xE4, 0x17, 0xE4, 0x17, 0xE4, 0x17,
    0xE4, 0x17, 0xE4, 0x17, 0xE4, 0x17, 0xE4, 0x17, 0xE4, 0x17, 0xE4, 0x17, 0xE4, 0x17, 0xE4, 0x17,
    0xE4, 0x17, 0xE4, 0x17, 0xE4, 0x17, 0xE4, 0x17, 0xE4, 0x17, 0xE4, 0x17, 0xE4, 0x17, 0xE4, 0x17,
    0xE4, 0x17, 0xE4, 0x17, 0xE4, 0x17, 0xE4, 0x17, 0xE3, 0x17, 0xE3, 0x0F, 0xE3, 0x0F, 0xE3, 0x0F,
    0xE3, 0x17, 0xE3, 0x27, 0xE6, 0x5E, 0xEB, 0xD7, 0x16, 0xFF, 0x19, 0xDE, 0x15, 0xD5, 0xF5, 0xFF,
    0x3A, 0xFF, 0x3A, 0xFF, 0x5A, 0xFF, 0xFF, 0x5A, 0xFF, 0x5A, 0xFF, 0x5A, 0xFF, 0x5A, 0xE6, 0x76,
    0xEE, 0xD8, 0xFF, 0x5A, 0xFF, 0x5A, 0xFF, 0x5A, 0xFF, 0x39, 0xDE, 0x56, 0xFF, 0x5A, 0xFF, 0x5A,
    0xFF, 0x5A, 0xFF, 0x7A, 0xFF, 0x7A, 0xFF, 0x5A, 0xFF, 0x3A, 0xF6, 0xD8, 0xDE, 0x36, 0xCD, 0x93,
    0xCD, 0x93, 0xEE, 0x97, 0xFF, 0x5A, 0xFF, 0x7B, 0xF7, 0x19, 0xE6, 0x56, 0xE6, 0x56, 0xEE, 0xB8,
    0xF6, 0xF9, 0xFF, 0x19, 0xFF, 0x19, 0xFF, 0x3A, 0xEE, 0x97, 0xE6, 0x57, 0xE6, 0xB7, 0x8E, 0x2F,
    0x57, 0xAB, 0x27, 0xE6, 0x17, 0xE4, 0x17, 0xE4, 0x17, 0xE4, 0x17, 0xE4, 0x17, 0xE4, 0x17, 0xE4,
    0x17, 0xE4, 0x17, 0xE4, 0x17, 0xE4, 0x17, 0xE4, 0x17, 0xE4, 0x17, 0xE4, 0x17, 0xE4, 0x17, 0xE4,
    0x17, 0xE4, 0x17, 0xE4, 0x17, 0xE4, 0x17, 0xE4, 0x17, 0xE4, 0x17, 0xE4, 0x17, 0xE4, 0x17, 0xE4,
    0x17, 0xE4, 0x17, 0xE4, 0x17, 0xE4, 0xFF, 0x17, 0xE4, 0x17, 0xE4, 0x17, 0xE4, 0x17, 0xE4, 0x17,
    0xE4, 0x17, 0xE4, 0x17, 0xE4, 0x17, 0xE4, 0x17, 0xE4, 0x17, 0xE4, 0x17, 0xE4, 0x17, 0xE4, 0x17,
    0xE4, 0x17, 0xE4, 0x17, 0xE4, 0x17, 0xE4, 0x17, 0xE4, 0x17, 0xE4, 0x17, 0xE4, 0x17, 0xE4, 0x17,
    0xE4, 0x17, 0xE4, 0x17, 0xE4, 0x17, 0xE4, 0x17, 0xE4, 0x17, 0xE4, 0x17, 0xE4, 0x17, 0xE4, 0x17,
    0xE4, 0x17, 0xE4, 0x17, 0xE4, 0x17, 0xE4, 0x17, 0xE4, 0x17, 0xE4, 0x17, 0xE4, 0x17, 0xE4, 0x17,
    0xE4, 0x17, 0xE4, 0x17, 0xE4, 0x17, 0xE4, 0x17, 0xE4, 0x17, 0xE4, 0x17, 0xE4, 0x17, 0xE4, 0x17,
    0xE4, 0x17, 0xE4, 0x17, 0xE4, 0x17, 0xE4, 0x17, 0xE4, 0x17, 0xE4, 0x17, 0xE4, 0x17, 0xE4, 0x17,
    0xE2, 0x0F, 0xE2, 0x0F, 0xE3, 0x17, 0xE4, 0x17, 0xE4, 0x1F, 0xE4, 0x27, 0xE5, 0x27, 0xE5, 0x27,
    0xE5, 0x47, 0x88, 0xB6, 0xF3, 0xF7, 0x39, 0xD3, 0xEE, 0x98, 0xCD, 0x73, 0xEE, 0x98, 0xFF, 0x1A,
    0xFE, 0xF9, 0xFF, 0x1A, 0xFF, 0x3A, 0xFF, 0x3A, 0xFF, 0x5A, 0xEE, 0xB7, 0xE6, 0x97, 0xFF, 0x7A,
    0xFF, 0x5A, 0xFF, 0x5A, 0xFF, 0x5A, 0xDE, 0x36, 0xD6, 0x15, 0xFF, 0x5A, 0xFF, 0x5A, 0xFF, 0x7A,
    0xFF, 0x7A, 0xFF, 0x7B, 0xFF, 0x7B, 0xFF, 0x7A, 0xFF, 0x5A, 0xF6, 0xF9, 0xE6, 0x97, 0xD5, 0xF5,
    0xCD, 0x93, 0xD6, 0x15, 0xEE, 0xD8, 0xFF, 0x5A, 0xFF, 0x5A, 0xF7, 0x19, 0xEE, 0x97, 0xE6, 0x97,
    0xEE, 0xD8, 0xFF, 0x39, 0xFF, 0x3A, 0xFF, 0x3A, 0xEE, 0x98, 0xF6, 0xD8, 0x02, 0xD6, 0xFF, 0x7E,
    0x4E, 0x47, 0xE9, 0x1F, 0xE5, 0x17, 0xE4, 0x17, 0xE4, 0x17, 0xE4, 0x17, 0xE4, 0x17, 0xE4, 0x17,
    0xE4, 0x17, 0xE4, 0x17, 0xE4, 0x17, 0xE4, 0x17, 0xE4, 0x17, 0xE4, 0x17, 0xE4, 0x17, 0xE4, 0x17,
    0xE4, 0x17, 0xE4, 0x17, 0xE4, 0x17, 0xE4, 0x17, 0xE4, 0x17, 0xE4, 0x17, 0xE4, 0x17, 0xE4, 0x17,
    0xE4, 0x17, 0xE4, 0x17, 0xE4, 0x17, 0xE4, 0x17, 0xE4, 0x17, 0xE4, 0x17, 0xE4, 0x17, 0xE4, 0x17,
    0xE4, 0x17, 0xE4, 0x17, 0xE4, 0x17, 0xE4, 0x17, 0xE4, 0x17, 0xE4, 0x17, 0xE4, 0x17, 0xE4, 0x17,
    0xE4, 0x17, 0xE4, 0x17, 0xE4, 0x17, 0xE4, 0x17, 0xE4, 0x17, 0xE4, 0x17, 0xE4, 0x17, 0xE4, 0x17,
    0xE4, 0x17, 0xE4, 0x17, 0xE4, 0x17, 0xE4, 0x17, 0xE4, 0x17, 0xE4, 0x17, 0xE4, 0x17, 0xE4, 0x17,
    0xE4, 0x17, 0xE4, 0x17, 0xE4, 0x17, 0xE4, 0x17, 0xE4, 0x17, 0xE4, 0x17, 0xE4, 0x17, 0xE4, 0xFF,
    0x17, 0xE4, 0x17, 0xE4, 0x17, 0xE4, 0x17, 0xE4, 0x17, 0xE4, 0x17, 0xE4, 0x17, 0xE4, 0x17, 0xE4,
    0x17, 0xE4, 0x17, 0xE4, 0x17, 0xE4, 0x17, 0xE4, 0x17, 0xE4, 0x17, 0xE4, 0x17, 0xE4, 0x0F, 0xE3,
    0x0F, 0xE3, 0x1F, 0xE5, 0x27, 0xE7, 0x37, 0xE8, 0x47, 0xE9, 0x57, 0x2A, 0x57, 0x2B, 0x4F, 0x6A,
    0x7E, 0xCE, 0xE7, 0x58, 0xFE, 0xF9, 0xDD, 0xF5, 0xE6, 0x36, 0xFE, 0xF9, 0xFE, 0xD9, 0xFE, 0xD9,
    0xFE, 0xF9, 0xFF, 0x19, 0xFF, 0x3A, 0xFF, 0x39, 0xD6, 0x35, 0xF7, 0x39, 0xFF, 0x7A, 0xFF, 0x5A,
    0xFF, 0x3A, 0xE6, 0x57, 0xC5, 0x52, 0xEE, 0xB8, 0xFF, 0x7A, 0xFF, 0x7A, 0xFF, 0x7A, 0xFF, 0x7A,
    0xFF, 0x5A, 0xFF, 0x5A, 0xFF, 0x7A, 0xFF, 0x7A, 0xFF, 0x5A, 0xFF, 0x3A, 0xEE, 0xB7, 0xDE, 0x36,
    0xD5, 0xF4, 0xD5, 0xF4, 0xDE, 0x56, 0xF6, 0xF8, 0xFF, 0x3A, 0xFF, 0x39, 0xEE, 0xD8, 0xE6, 0x77,
    0xFF, 0xE6, 0x97, 0xF6, 0xF8, 0xF7, 0x19, 0xFF, 0x1A, 0xE6, 0x77, 0xF7, 0x39, 0xB6, 0x52, 0x66,
    0xEC, 0x3F, 0xE8, 0x27, 0xE5, 0x17, 0xE4, 0x17, 0xE4, 0x17, 0xE4, 0x17, 0xE4, 0x17, 0xE4, 0x17,
    0xE4, 0x17, 0xE4, 0x17, 0xE4, 0x17, 0xE4, 0x17, 0xE4, 0x17, 0xE4, 0x17, 0xE4, 0x17, 0xE4, 0x17,
    0xE4, 0x17, 0xE4, 0x17, 0xE4, 0x17, 0xE4, 0x17, 0xE4, 0x17, 0xE4, 0x17, 0xE4, 0x17, 0xE4, 0x17,
    0xE4, 0x17, 0xE4, 0x17, 0xE4, 0x17, 0xE4, 0x17, 0xE4, 0x17, 0xE4, 0x17, 0xE4, 0x17, 0xE4, 0x17,
    0xE4, 0x17, 0xE4, 0x17, 0xE4, 0x17, 0xE4, 0x17, 0xE4, 0x17, 0xE4, 0x17, 0xE4, 0x17, 0xE4, 0x17,
    0xE4, 0x17, 0xE4, 0x17, 0xE4, 0x17, 0xE4, 0x17, 0xE4, 0x17, 0xE4, 0x17, 0xE4, 0x17, 0xE4, 0x17,
    0xE4, 0x17, 0xE4, 0x17, 0xE4, 0x17, 0xE4, 0x17, 0xE4, 0x17, 0xE4, 0x17, 0xE4, 0x17, 0xE4, 0x17,
    0xE4, 0xFF, 0x17, 0xE4, 0x17, 0xE4, 0x17, 0xE4, 0x17, 0xE4, 0x17, 0xE4, 0x17, 0xE4, 0x17, 0xE4,
    0x17, 0xE4, 0x17, 0xE4, 0x17, 0xE4, 0x17, 0xE4, 0x17, 0xE4, 0x17, 0xE4, 0x17, 0xE4, 0x17, 0xE4,
    0x17, 0xE4, 0x17, 0xE4, 0x17, 0xE4, 0x17, 0xE4, 0x17, 0xE4, 0x17, 0xE4, 0x0F, 0xE4, 0x1F, 0xE5,
    0x37, 0xE7, 0x57, 0x6B, 0x66, 0x4D, 0x86, 0x10, 0xA6, 0x34, 0x9D, 0xF3, 0x6C, 0xCD, 0xB6, 0x34,
    0xEE, 0xD9, 0xEE, 0x78, 0xDD, 0xD5, 0xFE, 0xD9, 0xF6, 0xD9, 0xFE, 0xD9, 0xF6, 0xD9, 0xF6, 0xD9,
    0xFE, 0xF9, 0xFF, 0x19, 0xE6, 0x56, 0xDE, 0x56, 0xFF, 0x5A, 0xFF, 0x3A, 0xFF, 0x5A, 0xEE, 0x77,
    0xD5, 0x94, 0xD5, 0x94, 0xFF, 0x19, 0xFF, 0x7A, 0xFF, 0x5A, 0xFF, 0x7A, 0xFF, 0x5A, 0xEE, 0xD8,
    0xF7, 0x19, 0xFF, 0x5A, 0xFF, 0x7A, 0xFF, 0x5A, 0xFF, 0x5A, 0xFF, 0x39, 0xF6, 0xF8, 0xE6, 0x76,
    0xD6, 0x15, 0xFF, 0xCD, 0xD4, 0xCD, 0xB3, 0xD6, 0x15, 0xE6, 0x76, 0xEE, 0xB7, 0xEE, 0xB7, 0xE6,
    0x97, 0xE6, 0x76, 0xE6, 0x97, 0xEE, 0xD8, 0xE6, 0x77, 0xE6, 0x77, 0xEF, 0x19, 0x8E, 0x0F, 0x57,
    0x6B, 0x37, 0xE8, 0x1F, 0xE5, 0x17, 0xE4, 0x17, 0xE4, 0x17, 0xE4, 0x17, 0xE4, 0x17, 0xE4, 0x17,
    0xE3, 0x17, 0xE4, 0x17, 0xE4, 0x17, 0xE4, 0x17, 0xE4, 0x17, 0xE4, 0x17, 0xE4, 0x17, 0xE4, 0x17,
    0xE4, 0x17, 0xE4, 0x17, 0xE4, 0x17, 0xE4, 0x17, 0xE4, 0x17, 0xE4, 0x17, 0xE4, 0x17, 0xE4, 0x17,
    0xE4, 0x17, 0xE4, 0x17, 0xE4, 0x17, 0xE4, 0x17, 0xE4, 0x17, 0xE4, 0x17, 0xE4, 0x17, 0xE4, 0x17,
    0xE4, 0x17, 0xE4, 0x17, 0xE4, 0x17, 0xE4, 0x17, 0xE4, 0x17, 0xE4, 0x17, 0xE4, 0x17, 0xE4, 0x17,
    0xE4, 0x17, 0xE4, 0x17, 0xE4, 0x17, 0xE4, 0x17, 0xE4, 0x17, 0xE4, 0x17, 0xE4, 0x17, 0xE4, 0x17,
    0xE4, 0x17, 0xE4, 0xFF, 0x17, 0xE4, 0x17, 0xE4, 0x17, 0xE4, 0x17, 0xE4, 0x17, 0xE4, 0x17, 0xE4,
    0x17, 0xE4, 0x17, 0xE4, 0x17, 0xE4, 0x17, 0xE4, 0x17, 0xE4, 0x17, 0xE4, 0x17, 0xE4, 0x17, 0xE4,
    0x17, 0xE4, 0x17, 0xE4, 0x17, 0xE4, 0x17, 0xE4, 0x17, 0xE4, 0x17, 0xE4, 0x17, 0xE4, 0x17, 0xE4,
    0x17, 0xE4, 0x17, 0xE4, 0x17, 0xE4, 0x17, 0xE4, 0x17, 0xE4, 0x1F, 0xE5, 0x37, 0xE7, 0x5E, 0xAC,
    0x96, 0x12, 0xC6, 0x98, 0xE7, 0x3C, 0xFF, 0x7E, 0xF7, 0x3D, 0xC5, 0xD6, 0xCD, 0xD6, 0xCD, 0x95,
    0xD5, 0xB4, 0xE6, 0x16, 0xFE, 0xD9, 0xFE, 0xD9, 0xF6, 0xD9, 0xFE, 0xD9, 0xF6, 0xD9, 0xFE, 0xD9,
    0xF6, 0xD8, 0xD5, 0xB4, 0xF6, 0xD8, 0xFF, 0x19, 0xFF, 0x19, 0xFE, 0xB8, 0xDD, 0x94, 0xE5, 0xD5,
    0xDD, 0xD5, 0xFE, 0xF9, 0xFF, 0x5A, 0xFF, 0x3A, 0xFF, 0x5A, 0xFF, 0x5A, 0xDE, 0x56, 0xEE, 0xD8,
    0xFF, 0x5A, 0xFF, 0x5A, 0xFF, 0xFF, 0x5A, 0xFF, 0x5A, 0xFF, 0x5A, 0xFF, 0x5A, 0xF7, 0x39, 0xF7,
    0x19, 0xE6, 0x97, 0xCD, 0xD4, 0xC5, 0xB3, 0xD6, 0x15, 0xDE, 0x56, 0xE6, 0x76, 0xE6, 0x97, 0xEE,
    0xD8, 0xF7, 0x18, 0xFF, 0x3A, 0xFF, 0x5A, 0xE6, 0xB8, 0xF7, 0x3A, 0xCE, 0x95, 0x7E, 0x0D, 0x57,
    0xCB, 0x2F, 0xE7, 0x1F, 0xE4, 0x17, 0xE4, 0x17, 0xE4, 0x17, 0xE3, 0x17, 0xE3, 0x17, 0xE3, 0x17,
    0xE3, 0x17, 0xE3, 0x17, 0xE4, 0x17, 0xE4, 0x17, 0xE4, 0x17, 0xE4, 0x17, 0xE4, 0x17, 0xE4, 0x17,
    0xE4, 0x17, 0xE4, 0x17, 0xE4, 0x17, 0xE4, 0x17, 0xE4, 0x17, 0xE4, 0x17, 0xE4, 0x17, 0xE4, 0x17,
    0xE4, 0x17, 0xE4, 0x17, 0xE4, 0x17, 0xE4, 0x17, 0xE4, 0x17, 0xE4, 0x17, 0xE4, 0x17, 0xE4, 0x17,
    0xE4, 0x17, 0xE4, 0x17, 0xE4, 0x17, 0xE4, 0x17, 0xE4, 0x17, 0xE4, 0x17, 0xE4, 0x17, 0xE4, 0x17,
    0xE4, 0x17, 0xE4, 0x17, 0xE4, 0xCD, 0x17, 0xE4, 0x17, 0xE4, 0x17, 0xE4, 0x17, 0xE4, 0x17, 0xE4,
    0x17, 0xE4, 0x17, 0xE4, 0x17, 0xE4, 0x17, 0xE4, 0x17, 0xE4, 0x17, 0xE4, 0x17, 0xE4, 0x17, 0xE4,
    0x17, 0xE4, 0x17, 0xE4, 0x17, 0xE4, 0x17, 0xE4, 0x17, 0xE4, 0x17, 0xE4, 0x17, 0xE4, 0x17, 0xE4,
    0x17, 0xE4, 0x17, 0xE4, 0x17, 0xE4, 0x17, 0xE4, 0x17, 0xE4, 0x17, 0xE4, 0x17, 0xE4, 0x17, 0xE4,
    0x17, 0xE4, 0x17, 0xE4, 0x17, 0xE4, 0x1F, 0xE5, 0x37, 0xE7, 0x56, 0xAB, 0xBE, 0xF6, 0xEF, 0x3D,
    0xFF, 0x9F, 0xFF, 0xDF, 0x03, 0xFF, 0xFF, 0xDF, 0xF7, 0x3D, 0xEE, 0xFB, 0xD5, 0xF6, 0xBD, 0x32,
    0xF6, 0x98, 0xFE, 0xD9, 0xFE, 0xD9, 0xF6, 0xD8, 0xFE, 0xD9, 0xFE, 0xD9, 0xFE, 0xD9, 0xEE, 0x56,
    0xDD, 0xD4, 0xFE, 0xF9, 0xFE, 0xD9, 0xF6, 0xB8, 0xDD, 0x73, 0xE5, 0x94, 0xED, 0xD5, 0xDD, 0x94,
    0xF6, 0xF9, 0xFF, 0x3A, 0xFF, 0x39, 0xFF, 0x39, 0xFF, 0x5A, 0xD5, 0xF4, 0xEE, 0x97, 0xFF, 0x5A,
    0xFF, 0x39, 0xFF, 0x3A, 0xFF, 0x5A, 0xFF, 0x5A, 0xFF, 0x5A, 0xFF, 0x5A, 0xFF, 0x7A, 0xFF, 0x5A,
    0xEE, 0xF8, 0xCD, 0xD4, 0xCD, 0xD4, 0xDE, 0x56, 0xE6, 0x76, 0xE6, 0xB7, 0xF6, 0xF8, 0xFF, 0x39,
    0xFF, 0x39, 0xFF, 0x5A, 0xF7, 0x19, 0xEE, 0xD8, 0xF7, 0x3A, 0xAD, 0x71, 0x86, 0x0E, 0x5F, 0x2B,
    0x47, 0xE9, 0x2F, 0xE7, 0x1F, 0xE5, 0x17, 0xE3, 0x17, 0xE3, 0x17, 0xE3, 0x17, 0xE3, 0x17, 0xE3,
    0x17, 0xE3, 0x17, 0xE4, 0x17, 0xE4, 0x17, 0xFF, 0xE4, 0x17, 0xE4, 0x17, 0xE4, 0x17, 0xE4, 0x17,
    0xE4, 0x17, 0xE4, 0x17, 0xE4, 0x17, 0xE4, 0x17, 0xE4, 0x17, 0xE4, 0x17, 0xE4, 0x17, 0xE4, 0x17,
    0xE4, 0x17, 0xE4, 0x17, 0xE4, 0x17, 0xE4, 0x17, 0xE4, 0x17, 0xE4, 0x17, 0xE4, 0x17, 0xE4, 0x17,
    0xE4, 0x17, 0xE4, 0x17, 0xE4, 0x17, 0xE4, 0x17, 0xE4, 0x17, 0xE4, 0x17, 0xE4, 0x17, 0xE4, 0x17,
    0xE4, 0x17, 0xE4, 0x17, 0xE4, 0x17, 0xE4, 0x17, 0xE4, 0x17, 0xE4, 0x17, 0xE4, 0x17, 0xE4, 0x17,
    0xE4, 0x17, 0xE4, 0x17, 0xE4, 0x17, 0xE4, 0x17, 0xE4, 0x17, 0xE4, 0x17, 0xE4, 0x17, 0xE4, 0x17,
    0xE4, 0x17, 0xE4, 0x17, 0xE4, 0x17, 0xE4, 0x17, 0xE4, 0x17, 0xE4, 0x17, 0xE4, 0x17, 0xE4, 0x17,
    0xE4, 0x17, 0xE4, 0x17, 0xE4, 0x17, 0xE4, 0x17, 0xE4, 0x17, 0xE4, 0x17, 0xE4, 0x17, 0xE4, 0x17,
    0xE4, 0x17, 0xE4, 0x2F, 0xE7, 0x56, 0x6B, 0x95, 0x86, 0xF2, 0xEF, 0x5C, 0xFF, 0xDF, 0xFF, 0xDF,
    0x09, 0xFF, 0xA1, 0xBE, 0xE6, 0xBA, 0xD5, 0xF6, 0xFE, 0xD9, 0xFE, 0xD9, 0xFE, 0xD9, 0xF6, 0xD8,
    0xFE, 0xD9, 0xFE, 0xD9, 0xFE, 0xF9, 0xD5, 0xB4, 0xEE, 0x57, 0xFE, 0xD9, 0xFE, 0xD8, 0xDD, 0xD4,
    0xDD, 0x74, 0xED, 0xD5, 0xED, 0x02, 0xD5, 0xFF, 0x73, 0xFE, 0xD8, 0xFF, 0x19, 0xFE, 0xF9, 0xFE,
    0xF9, 0xFF, 0x19, 0xCD, 0x93, 0xEE, 0x97, 0xFF, 0x3A, 0xFE, 0xF9, 0xFF, 0x19, 0xFF, 0x39, 0xFF,
    0x3A, 0xFF, 0x5A, 0xFF, 0x5A, 0xFF, 0x5A, 0xFF, 0x5A, 0xFF, 0x5A, 0xE6, 0x97, 0xDE, 0x56, 0xF7,
    0x39, 0xFF, 0x39, 0xFF, 0x39, 0xFF, 0x5A, 0xFF, 0x5A, 0xF6, 0xF9, 0xFF, 0x39, 0xFF, 0x5A, 0xEE,
    0xB8, 0xFF, 0x3A, 0xDE, 0x36, 0xCD, 0xF5, 0xAE, 0x13, 0x7E, 0x0E, 0x5F, 0xAC, 0x37, 0xE8, 0x1F,
    0xE4, 0x17, 0xE3, 0x17, 0xE3, 0x17, 0xE3, 0x17, 0xE3, 0x17, 0xE3, 0x17, 0xE4, 0x17, 0xE4, 0x17,
    0xE4, 0x17, 0xE4, 0x17, 0xE4, 0x17, 0xE4, 0x17, 0xE4, 0x17, 0xE4, 0x17, 0xE4, 0x17, 0xE4, 0x17,
    0xE4, 0x17, 0xE4, 0x17, 0xE4, 0x17, 0xE4, 0x17, 0xE4, 0x17, 0xE4, 0x17, 0xE4, 0x17, 0xE4, 0x17,
    0xE4, 0x17, 0xE4, 0x17, 0xE4, 0x17, 0xE4, 0x17, 0xDA, 0xE4, 0x17, 0xE4, 0x17, 0xE4, 0x17, 0xE4,
    0x17, 0xE4, 0x17, 0xE4, 0x17, 0xE4, 0x17, 0xE4, 0x17, 0xE4, 0x17, 0xE4, 0x17, 0xE4, 0x17, 0xE4,
    0x17, 0xE4, 0x17, 0xE4, 0x17, 0xE4, 0x17, 0xE4, 0x17, 0xE4, 0x17, 0xE4, 0x17, 0xE4, 0x17, 0xE4,
    0x17, 0xE4, 0x17, 0xE4, 0x17, 0xE4, 0x17, 0xE4, 0x17, 0xE4, 0x17, 0xE4, 0x17, 0xE4, 0x17, 0xE4,
    0x17, 0xE4, 0x17, 0xE4, 0x17, 0xE4, 0x17, 0xE4, 0x17, 0xE4, 0x17, 0xE4, 0x17, 0xE4, 0x17, 0xE4,
    0x17, 0xE4, 0x17, 0xE4, 0x17, 0xE4, 0x17, 0xE4, 0x17, 0xE4, 0x1F, 0xE5, 0x37, 0x28, 0xAE, 0xF5,
    0xEF, 0x5D, 0xFF, 0xBE, 0x0D, 0xFF, 0xA1, 0xDF, 0xDE, 0x79, 0xEE, 0x99, 0xFE, 0xD9, 0xFE, 0xD9,
    0xFE, 0xD8, 0xFE, 0xD8, 0xFE, 0xD9, 0xFE, 0xF9, 0xF6, 0x98, 0xD5, 0x73, 0xF6, 0x98, 0xFE, 0xD8,
    0xE5, 0xF5, 0xD5, 0x73, 0xED, 0xD5, 0xED, 0xB5, 0xED, 0x02, 0xD5, 0xFF, 0x53, 0xF6, 0x98, 0xFE,
    0xF9, 0xFE, 0xD9, 0xFE, 0xD9, 0xFE, 0xD8, 0xCD, 0x53, 0xE6, 0x56, 0xFF, 0x19, 0xF6, 0xD8, 0xFE,
    0xD9, 0xFE, 0xF9, 0xFE, 0xF9, 0xFF, 0x19, 0xFF, 0x19, 0xFF, 0x19, 0xFF, 0x19, 0xFF, 0x19, 0xEE,
    0xB8, 0xDE, 0x15, 0xFF, 0x19, 0xFF, 0x3A, 0xFF, 0x39, 0xFF, 0x3A, 0xFF, 0x3A, 0xF6, 0xD8, 0xF6,
    0xD8, 0xFF, 0x3A, 0xEE, 0xD8, 0xEE, 0x98, 0xF6, 0xFA, 0xE6, 0x78, 0xFF, 0x5C, 0xC6, 0x57, 0x85,
    0xCF, 0x5E, 0xEC, 0x47, 0xE8, 0x1F, 0xE5, 0x17, 0xE4, 0x17, 0xE3, 0x17, 0xE3, 0x17, 0xE3, 0x17,
    0xE4, 0x17, 0xE4, 0x17, 0xE4, 0x17, 0xE4, 0x17, 0xE4, 0x17, 0xE4, 0x17, 0xE4, 0x17, 0xE4, 0x17,
    0xE4, 0x17, 0xE4, 0x17, 0xE4, 0x17, 0xE4, 0x17, 0xE4, 0x17, 0xE4, 0x17, 0xE4, 0x17, 0xE4, 0x17,
    0xE4, 0x17, 0xE4, 0x17, 0xE4, 0x17, 0xE4, 0x17, 0xE4, 0x17, 0xE4, 0x17, 0xDC, 0xE4, 0x17, 0xE4,
    0x17, 0xE4, 0x17, 0xE4, 0x17, 0xE4, 0x17, 0xE4, 0x17, 0xE4, 0x17, 0xE4, 0x17, 0xE4, 0x17, 0xE4,
    0x17, 0xE4, 0x17, 0xE4, 0x17, 0xE4, 0x17, 0xE4, 0x17, 0xE4, 0x17, 0xE4, 0x17, 0xE4, 0x17, 0xE4,
    0x17, 0xE4, 0x17, 0xE4, 0x17, 0xE4, 0x17, 0xE4, 0x17, 0xE4, 0x17, 0xE4, 0x17, 0xE4, 0x17, 0xE4,
    0x17, 0xE4, 0x17, 0xE4, 0x17, 0xE4, 0x17, 0xE4, 0x17, 0xE4, 0x17, 0xE4, 0x17, 0xE4, 0x17, 0xE4,
    0x17, 0xE4, 0x17, 0xE4, 0x17, 0xE4, 0x17, 0xE4, 0x17, 0xE4, 0x17, 0xE4, 0x17, 0xE4, 0x1F, 0xE6,
    0x5F, 0x2D, 0xE7, 0xBC, 0xFF, 0xBF, 0xFF, 0xBF, 0xFF, 0xDF, 0x0B, 0xFF, 0xFF, 0x9E, 0xDE, 0x78,
    0xF6, 0xD9, 0xFE, 0xD9, 0xFE, 0xD9, 0xFE, 0xD9, 0xFE, 0xD8, 0xFE, 0xD9, 0xFE, 0xD9, 0xE6, 0x16,
    0xDD, 0xB4, 0xFE, 0xB8, 0xF6, 0x77, 0xD5, 0x53, 0xE5, 0xB4, 0xED, 0xB5, 0xED, 0xB5, 0xE5, 0x74,
    0xC4, 0xD1, 0xDD, 0xD5, 0xEE, 0x57, 0xF6, 0xB8, 0xFE, 0xD9, 0xF6, 0xB8, 0xCD, 0x52, 0xDD, 0xF5,
    0xFE, 0xF9, 0xF6, 0xB8, 0xFE, 0xD8, 0xFE, 0xD9, 0xF6, 0xD9, 0xF6, 0xD9, 0xF6, 0xD8, 0xF6, 0xF9,
    0xF6, 0xD8, 0xF6, 0xB8, 0xE6, 0x76, 0xD5, 0xD4, 0xF6, 0xD8, 0xFF, 0x19, 0xF6, 0xF9, 0xFE, 0xF9,
    0xFE, 0xF9, 0xF6, 0xD8, 0xE6, 0x56, 0xF6, 0xD8, 0xF6, 0xD8, 0xDE, 0x16, 0xF6, 0xFA, 0xDE, 0x57,
    0xFF, 0x7D, 0xFF, 0x7D, 0xDE, 0xDA, 0x95, 0xF2, 0x67, 0x2D, 0x37, 0xE9, 0x1F, 0xE5, 0x17, 0xE4,
    0x17, 0xE3, 0x17, 0xE3, 0x17, 0xE4, 0x17, 0xE4, 0x17, 0xE4, 0x17, 0xE4, 0x17, 0xFF, 0xE4, 0x17,
    0xE4, 0x17, 0xE4, 0x17, 0xE4, 0x17, 0xE4, 0x17, 0xE4, 0x17, 0xE4, 0x17, 0xE4, 0x17, 0xE4, 0x17,
    0xE4, 0x17, 0xE4, 0x17, 0xE4, 0x17, 0xE4, 0x17, 0xE4, 0x17, 0xE4, 0x17, 0xE4, 0x17, 0xE4, 0x17,
    0xE4, 0x17, 0xE4, 0x17, 0xE4, 0x17, 0xE4, 0x17, 0xE4, 0x17, 0xE4, 0x17, 0xE4, 0x17, 0xE4, 0x17,
    0xE4, 0x17, 0xE4, 0x17, 0xE4, 0x17, 0xE4, 0x17, 0xE4, 0x17, 0xE4, 0x17, 0xE4, 0x17, 0xE4, 0x17,
    0xE4, 0x17, 0xE4, 0x17, 0xE4, 0x17, 0xE4, 0x17, 0xE4, 0x17, 0xE4, 0x17, 0xE4, 0x17, 0xE4, 0x17,
    0xE4, 0x17, 0xE4, 0x17, 0xE4, 0x17, 0xE4, 0x17, 0xE4, 0x17, 0xE4, 0x17, 0xE4, 0x17, 0xE4, 0x17,
    0xE4, 0x17, 0xE4, 0x17, 0xE4, 0x17, 0xE4, 0x17, 0xE4, 0x17, 0xE4, 0x17, 0xE4, 0x17, 0xE4, 0x17,
    0xE4, 0x17, 0xE4, 0x1F, 0xE6, 0x66, 0xAE, 0xE7, 0x5C, 0xFF, 0x9F, 0xFF, 0xDF, 0xFF, 0x0B, 0xFF,
    0xE5, 0xEF, 0x3C, 0xDE, 0x58, 0xF6, 0xF9, 0xF6, 0xD8, 0xFE, 0xB8, 0xFE, 0xD8, 0xFE, 0xD9, 0xFE,
    0xD9, 0xFE, 0xD9, 0xD5, 0x94, 0xEE, 0x16, 0xFE, 0x98, 0xDD, 0xB4, 0xD5, 0x53, 0xE5, 0xB5, 0xED,
    0xB5, 0xDD, 0x53, 0xD5, 0x12, 0xC4, 0xD1, 0xF6, 0x57, 0xFE, 0xB8, 0xFE, 0xB8, 0xFE, 0xD9, 0xF6,
    0xB8, 0xD5, 0x73, 0xDD, 0xB4, 0xFE, 0xD9, 0xFE, 0xB8, 0xFE, 0xD9, 0xFE, 0xD9, 0xFE, 0xD9, 0xFE,
    0xD9, 0xFE, 0xD9, 0xFE, 0xD9, 0xF6, 0xD8, 0xEE, 0x97, 0xDE, 0x15, 0xCD, 0x93, 0xF6, 0x97, 0xFE,
    0xD9, 0xF6, 0xD8, 0xF6, 0xD9, 0xFE, 0xD9, 0xFE, 0xD9, 0xE6, 0x56, 0xE6, 0x77, 0xFE, 0xF9, 0xDE,
    0x36, 0xEE, 0xB8, 0xDE, 0x57, 0xEF, 0x1B, 0x03, 0xFF, 0xFF, 0xBF, 0xCE, 0x38, 0x7D, 0x90, 0x4F,
    0x6D, 0x2F, 0xE7, 0x1F, 0xE4, 0x17, 0xE4, 0x17, 0xE4, 0x17, 0xE4, 0x17, 0xE4, 0x17, 0xE4, 0x17,
    0xE4, 0x17, 0xE4, 0x17, 0xE4, 0x17, 0xE4, 0x17, 0xE4, 0x17, 0xE4, 0x17, 0xE4, 0x17, 0xE4, 0x17,
    0xE4, 0x17, 0xE4, 0x17, 0xE4, 0x17, 0xE4, 0x17, 0xE4, 0x17, 0xE4, 0x17, 0xE4, 0x17, 0xE4, 0x17,
    0xE4, 0x17, 0xE4, 0x17, 0xE4, 0x17, 0xE4, 0x17, 0xE4, 0x17, 0xE4, 0x17, 0xE4, 0x17, 0xE4, 0x17,
    0xE4, 0x17, 0xE4, 0x17, 0xE4, 0x17, 0xE4, 0x17, 0xE4, 0x17, 0xE4, 0x17, 0xE4, 0x17, 0xE4, 0x17,
    0xE4, 0x17, 0xE4, 0x17, 0xE4, 0x17, 0xE4, 0x17, 0xE4, 0x17, 0xE4, 0x17, 0xE4, 0x17, 0xE4, 0x17,
    0xE4, 0x17, 0xE4, 0x17, 0xE4, 0x17, 0xE4, 0x17, 0xE4, 0x17, 0xE4, 0x17, 0xE4, 0x17, 0xE4, 0x17,
    0xE4, 0x17, 0xE4, 0x17, 0xE4, 0x17, 0xE4, 0x17, 0xE4, 0x17, 0x96, 0xE4, 0x17, 0xE4, 0x17, 0xE4,
    0x17, 0xE4, 0x17, 0xE4, 0x17, 0xE4, 0x17, 0xE4, 0x1F, 0xE6, 0x6E, 0xEF, 0xDF, 0x1B, 0xF7, 0x1D,
    0xFF, 0x9E, 0x0C, 0xFF, 0xE7, 0xDE, 0xB9, 0xDE, 0x78, 0xF6, 0xD9, 0xFE, 0xD8, 0xFE, 0xD8, 0xFE,
    0xB8, 0xFE, 0xD9, 0xFE, 0xD9, 0xF6, 0x98, 0xCD, 0x53, 0xEE, 0x36, 0xFE, 0x78, 0xD5, 0x73, 0xE5,
    0x94, 0xE5, 0xB5, 0xE5, 0xD5, 0xEE, 0x17, 0xF6, 0x37, 0xD5, 0x73, 0xEE, 0x16, 0xFE, 0xD9, 0xFE,
    0xB8, 0xFE, 0xB8, 0xFE, 0xD9, 0xCD, 0x73, 0xCD, 0x33, 0xF6, 0xB8, 0xFE, 0xB9, 0xFE, 0xB8, 0xFE,
    0xB9, 0xFE, 0xD9, 0xFE, 0xD9, 0xFE, 0xD9, 0xFE, 0xD9, 0xFE, 0xD9, 0xFE, 0xD8, 0xEE, 0x97, 0xC5,
    0x53, 0xCD, 0x73, 0xFE, 0xD9, 0xF6, 0xD9, 0xFE, 0xD9, 0xFE, 0xD9, 0xFE, 0xD9, 0xF6, 0xB8, 0xE6,
    0x36, 0xF6, 0xB8, 0xEE, 0x77, 0xE6, 0x57, 0xEE, 0xB9, 0xDE, 0x78, 0xFF, 0xDF, 0x02, 0xFF, 0xFF,
    0xEF, 0x1D, 0xBE, 0x16, 0x6D, 0xEE, 0x47, 0xE9, 0x1F, 0xE4, 0x1F, 0xE4, 0x1F, 0xE4, 0x17, 0xE4,
    0x17, 0xE4, 0x17, 0xE4, 0x17, 0xE4, 0x17, 0xE4, 0x17, 0xE4, 0x17, 0xE4, 0x17, 0xE4, 0x17, 0xE4,
    0x17, 0xE4, 0x17, 0xE4, 0x17, 0xE4, 0x17, 0xE4, 0x17, 0xE4, 0x17, 0xE4, 0x17, 0xE4, 0x17, 0xE4,
    0x17, 0xE4, 0x17, 0xE4, 0x17, 0xE4, 0x17, 0xE4, 0x17, 0xE4, 0x17, 0xE4, 0x17, 0xE4, 0x17, 0xE4,
    0x17, 0xE4, 0x17, 0xE4, 0x17, 0xE4, 0x17, 0xE4, 0x17, 0xE4, 0x17, 0xE4, 0x17, 0xE4, 0x17, 0xE4,
    0x17, 0xE4, 0x17, 0xE4, 0x17, 0xE4, 0x17, 0xE4, 0x17, 0xE4, 0x17, 0xE4, 0x17, 0xE4, 0x17, 0xE4,
    0x17, 0xE4, 0x17, 0xE4, 0x17, 0xE4, 0x17, 0xE4, 0x17, 0xE4, 0x17, 0xE4, 0x17, 0xE4, 0x17, 0xE4,
    0x17, 0xE4, 0x17, 0xE4, 0x17, 0xE4, 0x17, 0xE4, 0x17, 0xE4, 0x17, 0xE4, 0x17, 0xE4, 0x17, 0xE4,
    0x97, 0x17, 0xE4, 0x17, 0xE4, 0x17, 0xE4, 0x17, 0xE4, 0x17, 0xE4, 0x17, 0xE3, 0x17, 0xE4, 0x7F,
    0x70, 0xDF, 0x1B, 0xEE, 0xBB, 0xF7, 0x1C, 0xFF, 0xBE, 0x09, 0xFF, 0xE8, 0xDE, 0xD6, 0x37, 0xDE,
    0x57, 0xF6, 0xD9, 0xFE, 0xD8, 0xFE, 0xD8, 0xFE, 0xB8, 0xFE, 0xD9, 0xFE, 0xD9, 0xEE, 0x57, 0xD5,
    0x73, 0xF6, 0x57, 0xE5, 0xF5, 0xDD, 0x74, 0xE5, 0xD5, 0xED, 0xD5, 0xF6, 0x57, 0xFE, 0xFA, 0xFE,
    0xDA, 0xDD, 0x94, 0xE5, 0xF5, 0xFE, 0xD9, 0xFE, 0xB9, 0xFE, 0xB9, 0xFE, 0xD9, 0xD5, 0xB4, 0xC5,
    0x12, 0xEE, 0x57, 0xFE, 0xD9, 0xFE, 0xB8, 0xFE, 0xB8, 0xFE, 0xD8, 0xFE, 0xD9, 0xFE, 0xB8, 0xFE,
    0xB8, 0xFE, 0xD9, 0xFE, 0xD9, 0xFE, 0xF9, 0xE6, 0x56, 0xB4, 0xB0, 0xEE, 0x57, 0xFE, 0xD9, 0xFE,
    0xD9, 0xFE, 0xD9, 0xFE, 0xD9, 0xFE, 0xD9, 0xE6, 0x36, 0xEE, 0x57, 0xF6, 0xB8, 0xE6, 0x16, 0xF6,
    0xD9, 0xDE, 0x57, 0xFF, 0x9D, 0x03, 0xFF, 0xFF, 0xBF, 0xF6, 0xFC, 0x95, 0xD1, 0x4F, 0xAA, 0x1F,
    0xE4, 0x1F, 0xE4, 0x1F, 0xE4, 0x17, 0xE4, 0x17, 0xE4, 0x17, 0xE4, 0x17, 0xE4, 0x17, 0xE4, 0x17,
    0xE4, 0x17, 0xE4, 0x17, 0xE4, 0x17, 0xE4, 0x17, 0xE4, 0x17, 0xE4, 0x17, 0xE4, 0x17, 0xE4, 0x17,
    0xE4, 0x17, 0xE4, 0x17, 0xE4, 0x17, 0xE4, 0x17, 0xE4, 0x17, 0xE4, 0x17, 0xE4, 0x17, 0xE4, 0x17,
    0xE4, 0x17, 0xE4, 0x17, 0xE4, 0x17, 0xE4, 0x17, 0xE4, 0x17, 0xE4, 0x17, 0xE4, 0x17, 0xE4, 0x17,
    0xE4, 0x17, 0xE4, 0x17, 0xE4, 0x17, 0xE4, 0x17, 0xE4, 0x17, 0xE4, 0x17, 0xE4, 0x17, 0xE4, 0x17,
    0xE4, 0x17, 0xE4, 0x17, 0xE4, 0x17, 0xE4, 0x17, 0xE4, 0x17, 0xE4, 0x17, 0xE4, 0x17, 0xE4, 0x17,
    0xE4, 0x17, 0xE4, 0x17, 0xE4, 0x17, 0xE4, 0x17, 0xE4, 0x17, 0xE4, 0x17, 0xE4, 0x17, 0xE4, 0x17,
    0xE4, 0x17, 0xE4, 0x17, 0xE4, 0x17, 0xE4, 0x17, 0xFF, 0xE4, 0x17, 0xE4, 0x17, 0xE4, 0x17, 0xE4,
    0x17, 0xE4, 0x0F, 0xE3, 0x17, 0xE4, 0x5E, 0xEC, 0xDE, 0xFA, 0xEE, 0xBB, 0xEE, 0xBB, 0xEF, 0x1B,
    0xEF, 0x3C, 0xEF, 0x5C, 0xFF, 0x9E, 0xFF, 0xDE, 0xF7, 0x5C, 0xC5, 0xB5, 0xDE, 0x37, 0xF6, 0xB8,
    0xFE, 0xD8, 0xFE, 0xB8, 0xFE, 0xB9, 0xFE, 0xD9, 0xFE, 0xD9, 0xE5, 0xF6, 0xDD, 0x74, 0xEE, 0x16,
    0xDD, 0x73, 0xE5, 0xB5, 0xE5, 0xD5, 0xF6, 0x37, 0xFE, 0xD9, 0xFF, 0x5B, 0xFF, 0x3B, 0xDD, 0xD5,
    0xE5, 0xD5, 0xFE, 0xB9, 0xFE, 0xB9, 0xFE, 0xB9, 0xFE, 0xD9, 0xDD, 0xD5, 0xCD, 0x12, 0xDD, 0xD5,
    0xFE, 0xD9, 0xFE, 0xD8, 0xFE, 0xD8, 0xFE, 0xD8, 0xFE, 0xD9, 0xFE, 0xB8, 0xFE, 0xB8, 0xFE, 0xB9,
    0xFE, 0xD9, 0xFE, 0xD9, 0xF6, 0x77, 0xBC, 0xD1, 0xE6, 0x16, 0xFE, 0xD9, 0xFE, 0xB8, 0xFE, 0xB8,
    0xFE, 0xD8, 0xFE, 0xD9, 0xEE, 0x77, 0xE6, 0x16, 0xF6, 0xFF, 0x98, 0xDD, 0xF6, 0xFE, 0xD9, 0xDE,
    0x37, 0xF7, 0x5C, 0xFF, 0xDF, 0xFF, 0x7E, 0xEE, 0xDC, 0x9D, 0xD3, 0x57, 0x8B, 0x1F, 0xE4, 0x17,
    0xE4, 0x1F, 0xE4, 0x17, 0xE4, 0x17, 0xE4, 0x17, 0xE4, 0x17, 0xE4, 0x17, 0xE4, 0x17, 0xE4, 0x17,
    0xE4, 0x17, 0xE4, 0x17, 0xE4, 0x17, 0xE4, 0x17, 0xE4, 0x17, 0xE4, 0x17, 0xE4, 0x17, 0xE4, 0x17,
    0xE4, 0x17, 0xE4, 0x17, 0xE4, 0x17, 0xE4, 0x17, 0xE4, 0x17, 0xE4, 0x17, 0xE4, 0x17, 0xE4, 0x17,
    0xE4, 0x17, 0xE4, 0x17, 0xE4, 0x17, 0xE4, 0x17, 0xE4, 0x17, 0xE4, 0x17, 0xE4, 0x17, 0xE4, 0x17,
    0xE4, 0x17, 0xE4, 0x17, 0xE4, 0x17, 0xE4, 0x17, 0xE4, 0x17, 0xE4, 0x17, 0xE4, 0x17, 0xE4, 0x17,
    0xE4, 0x17, 0xE4, 0x17, 0xE4, 0x17, 0xE4, 0x17, 0xE4, 0x17, 0xE4, 0x17, 0xE4, 0x17, 0xE4, 0x17,
    0xE4, 0x17, 0xE4, 0x17, 0xE4, 0x17, 0xE4, 0x17, 0xE4, 0x17, 0xFF, 0xE4, 0x17, 0xE4, 0x17, 0xE4,
    0x17, 0xE4, 0x17, 0xE4, 0x17, 0xE4, 0x17, 0xE4, 0x17, 0xE4, 0x17, 0xE4, 0x17, 0xE4, 0x17, 0xE4,
    0x17, 0xE4, 0x17, 0xE5, 0x46, 0xEA, 0xD6, 0xD8, 0xEE, 0x9A, 0xF6, 0x9A, 0xEE, 0xBA, 0xE6, 0xDA,
    0xE6, 0xDB, 0xE6, 0xDB, 0xEE, 0xFB, 0xE6, 0xBA, 0xCD, 0x95, 0xDD, 0xF6, 0xEE, 0x57, 0xFE, 0xB8,
    0xFE, 0xB8, 0xFE, 0xB8, 0xFE, 0xB9, 0xFE, 0xD9, 0xEE, 0x16, 0xDD, 0x94, 0xE5, 0xB4, 0xD5, 0x53,
    0xE5, 0xD5, 0xEE, 0x16, 0xFE, 0xB9, 0xFF, 0x1B, 0xFF, 0x5C, 0xFF, 0x3B, 0xEE, 0x37, 0xDD, 0x94,
    0xFE, 0x98, 0xFE, 0xD9, 0xFE, 0xB9, 0xFE, 0xD9, 0xEE, 0x36, 0xD5, 0x53, 0xD5, 0x33, 0xFE, 0x77,
    0xFE, 0x98, 0xFE, 0x98, 0xFE, 0x78, 0xF6, 0x57, 0xF6, 0x36, 0xF6, 0x36, 0xFE, 0x57, 0xFE, 0x98,
    0xFE, 0xB8, 0xFE, 0x98, 0xD5, 0x53, 0xD5, 0x74, 0xFE, 0x98, 0xFE, 0x8D, 0xD8, 0xFE, 0xB8, 0xFE,
    0xB8, 0xFE, 0xB8, 0xF6, 0x98, 0xE6, 0x16, 0xF6, 0xB8, 0xE5, 0x02, 0xF6, 0xFF, 0x99, 0xE6, 0x17,
    0xE6, 0x99, 0xFF, 0x7E, 0xF7, 0x1C, 0xE6, 0x7B, 0x8D, 0x51, 0x4F, 0xAB, 0x1F, 0xE4, 0x1F, 0xE4,
    0x1F, 0xE4, 0x17, 0xE4, 0x17, 0xE4, 0x17, 0xE4, 0x17, 0xE4, 0x17, 0xE4, 0x17, 0xE4, 0x17, 0xE4,
    0x17, 0xE4, 0x17, 0xE4, 0x17, 0xE4, 0x17, 0xE4, 0x17, 0xE4, 0x17, 0xE4, 0x17, 0xE4, 0x17, 0xE4,
    0x17, 0xE4, 0x17, 0xE4, 0x17, 0xE4, 0x17, 0xE4, 0x17, 0xE4, 0x17, 0xE4, 0x17, 0xE4, 0x17, 0xE4,
    0x17, 0xE4, 0x17, 0xE4, 0x17, 0xE4, 0x17, 0xE4, 0x17, 0xE4, 0x17, 0xE4, 0x17, 0xE4, 0x17, 0xE4,
    0x17, 0xE4, 0x17, 0xE4, 0x17, 0xE4, 0x17, 0xE4, 0x17, 0xE4, 0x17, 0xE4, 0x17, 0xE4, 0x17, 0xE4,
    0x17, 0xE4, 0x17, 0xE4, 0x17, 0xE4, 0x17, 0xE4, 0x17, 0xE4, 0x17, 0xE4, 0x17, 0xE4, 0x17, 0xE4,
    0x17, 0xE4, 0x17, 0xE4, 0x17, 0xE4, 0x17, 0xE4, 0x17, 0xE4, 0x17, 0xE4, 0x17, 0xAD, 0xE4, 0x17,
    0xE4, 0x17, 0xE4, 0x17, 0xE4, 0x17, 0xE4, 0x17, 0xE4, 0x17, 0xE4, 0x17, 0xE4, 0x17, 0xE4, 0x1F,
    0xE5, 0x37, 0xE7, 0x56, 0xAB, 0xCE, 0xF8, 0xEE, 0xBA, 0xF6, 0x9A, 0xEE, 0xBA, 0xEE, 0xDB, 0xE6,
    0xBA, 0xE6, 0xBB, 0xEE, 0xDB, 0xE6, 0x58, 0xCD, 0x95, 0xDD, 0xD6, 0xE5, 0x02, 0xF6, 0xAB, 0x78,
    0xFE, 0xB8, 0xFE, 0xB8, 0xFE, 0xB8, 0xFE, 0xD9, 0xEE, 0x16, 0xDD, 0x94, 0xD5, 0x53, 0xDD, 0x94,
    0xE5, 0xD5, 0xF6, 0x78, 0xFF, 0x1A, 0xFF, 0x3B, 0xFF, 0x7C, 0xFF, 0x5B, 0xF6, 0x78, 0xDD, 0xB5,
    0xE5, 0xF6, 0xFE, 0xB9, 0xFE, 0xD9, 0xFE, 0xD9, 0xF6, 0x78, 0xE5, 0x02, 0xD5, 0xFF, 0x53, 0xE5,
    0x95, 0xE5, 0x94, 0xE5, 0x74, 0xE5, 0x94, 0xE5, 0x74, 0xDD, 0x53, 0xE5, 0x53, 0xE5, 0x53, 0xE5,
    0x74, 0xE5, 0x94, 0xE5, 0xB5, 0xDD, 0x73, 0xDD, 0x74, 0xF6, 0x77, 0xFE, 0xD9, 0xFE, 0xB8, 0xFE,
    0xB8, 0xFE, 0xB8, 0xFE, 0xB8, 0xE5, 0xF5, 0xF6, 0x98, 0xE6, 0x16, 0xF6, 0x37, 0xDD, 0xD6, 0xDE,
    0x18, 0xEE, 0xFC, 0xEE, 0xBB, 0xE6, 0xBB, 0x8D, 0xF2, 0x47, 0xCA, 0x1F, 0xE4, 0x17, 0xE4, 0x1F,
    0xE4, 0x17, 0xE4, 0x17, 0xE4, 0x17, 0xE4, 0x17, 0xE4, 0x17, 0xE4, 0x17, 0xE4, 0x17, 0xE4, 0x17,
    0xE4, 0x17, 0xE4, 0x17, 0xE4, 0x17, 0xE4, 0x17, 0xE4, 0x17, 0xE4, 0x17, 0xE4, 0x17, 0xE4, 0x17,
    0xE4, 0x17, 0xE4, 0x17, 0xE4, 0x17, 0xE4, 0x17, 0xE4, 0x17, 0xE4, 0x17, 0xE4, 0x17, 0xE4, 0x17,
    0xE4, 0x17, 0xE4, 0x17, 0xE4, 0x17, 0xE4, 0x17, 0xE4, 0x17, 0xE4, 0x17, 0xE4, 0x17, 0xFF, 0xE4,
    0x17, 0xE4, 0x17, 0xE4, 0x17, 0xE4, 0x17, 0xE4, 0x17, 0xE4, 0x17, 0xE4, 0x17, 0xE4, 0x17, 0xE4,
    0x17, 0xE4, 0x17, 0xE4, 0x17, 0xE4, 0x17, 0xE4, 0x17, 0xE4, 0x17, 0xE4, 0x17, 0xE4, 0x17, 0xE4,
    0x17, 0xE4, 0x17, 0xE4, 0x17, 0xE4, 0x17, 0xE4, 0x17, 0xE4, 0x17, 0xE4, 0x17, 0xE4, 0x17, 0xE4,
    0x17, 0xE4, 0x17, 0xE4, 0x17, 0xE4, 0x17, 0xE4, 0x17, 0xE4, 0x17, 0xE4, 0x1F, 0xE5, 0x3F, 0xE8,
    0x5F, 0x2A, 0x66, 0x2D, 0xAE, 0xD4, 0xE7, 0x19, 0xF6, 0xBA, 0xEE, 0xBA, 0xEE, 0xBA, 0xE6, 0xBB,
    0xE6, 0xBB, 0xEE, 0xBB, 0xDE, 0x38, 0xCD, 0x74, 0xDD, 0xD5, 0xDD, 0xB5, 0xEE, 0x16, 0xF6, 0x77,
    0xFE, 0xB8, 0xFE, 0xB8, 0xFE, 0xD9, 0xE6, 0x15, 0xD5, 0x53, 0xD5, 0x33, 0xE5, 0xD5, 0xEE, 0x37,
    0xFE, 0xFA, 0xFF, 0x5B, 0xFF, 0x5C, 0xFF, 0x5C, 0xFF, 0x5B, 0xFE, 0xB9, 0xEE, 0x17, 0xDD, 0xFF,
    0x95, 0xED, 0xD6, 0xED, 0xF6, 0xED, 0xD6, 0xED, 0xF6, 0xEE, 0x16, 0xE5, 0xD5, 0xDD, 0x53, 0xDD,
    0x33, 0xED, 0x75, 0xED, 0x95, 0xF5, 0xB5, 0xF5, 0xB5, 0xF5, 0x95, 0xF5, 0x95, 0xF5, 0x95, 0xED,
    0x74, 0xE5, 0x33, 0xE5, 0x74, 0xE5, 0x94, 0xE5, 0xB5, 0xED, 0xD5, 0xF6, 0x16, 0xFE, 0x77, 0xFE,
    0x98, 0xFE, 0xB8, 0xE5, 0xF5, 0xEE, 0x36, 0xE5, 0xF5, 0xE5, 0xF6, 0xD5, 0xB5, 0xD5, 0xF7, 0xE6,
    0xDB, 0xEE, 0x9B, 0xDE, 0x9A, 0x76, 0x6F, 0x37, 0xE8, 0x1F, 0xE4, 0x1F, 0xE4, 0x1F, 0xE4, 0x17,
    0xE4, 0x17, 0xE4, 0x17, 0xE4, 0x17, 0xE4, 0x17, 0xE4, 0x17, 0xE4, 0x17, 0xE4, 0x17, 0xE4, 0x17,
    0xE4, 0x17, 0xE4, 0x17, 0xE4, 0x17, 0xE4, 0x17, 0xE4, 0x17, 0xE4, 0x17, 0xE4, 0x17, 0xE4, 0x17,
    0xE4, 0x17, 0xE4, 0x17, 0xE4, 0x17, 0xE4, 0x17, 0xE4, 0x17, 0xE4, 0x17, 0xE4, 0x17, 0xE4, 0x17,
    0xF9, 0xE4, 0x17, 0xE4, 0x17, 0xE4, 0x17, 0xE4, 0x17, 0xE4, 0x17, 0xE4, 0x17, 0xE4, 0x17, 0xE4,
    0x17, 0xE4, 0x17, 0xE4, 0x17, 0xE4, 0x17, 0xE4, 0x17, 0xE4, 0x17, 0xE4, 0x17, 0xE4, 0x17, 0xE4,
    0x17, 0xE4, 0x17, 0xE4, 0x17, 0xE4, 0x17, 0xE4, 0x17, 0xE4, 0x17, 0xE4, 0x17, 0xE4, 0x17, 0xE4,
    0x17, 0xE4, 0x17, 0xE4, 0x17, 0xE4, 0x17, 0xE4, 0x17, 0xE4, 0x17, 0xE4, 0x17, 0xE4, 0x17, 0xE4,
    0x17, 0xE4, 0x17, 0xE4, 0x17, 0xE3, 0x17, 0xE4, 0x1F, 0xE4, 0x37, 0xA7, 0x76, 0xCE, 0x8E, 0xF1,
    0x5E, 0x4D, 0x65, 0x6C, 0xB5, 0xD3, 0xDE, 0x37, 0xEE, 0xBA, 0xEE, 0xBA, 0xEE, 0xBA, 0xEE, 0xBA,
    0xEE, 0xBA, 0xE6, 0x38, 0xCD, 0x53, 0xDD, 0xD5, 0xDD, 0xB4, 0xDD, 0xB4, 0xE5, 0xF5, 0xF6, 0x57,
    0xFE, 0x98, 0xFE, 0xB8, 0xE5, 0xF5, 0xCD, 0x32, 0xDD, 0x53, 0xED, 0x02, 0xF6, 0xFF, 0x78, 0xFF,
    0x3B, 0xFF, 0x5B, 0xFF, 0x5C, 0xFF, 0x5C, 0xFF, 0x5B, 0xFF, 0x1A, 0xF6, 0x99, 0xE5, 0xB6, 0xE5,
    0x95, 0xE5, 0x95, 0xE5, 0xB5, 0xE5, 0xB5, 0xF6, 0x58, 0xF6, 0x58, 0xED, 0xD6, 0xED, 0xB5, 0xF5,
    0xB6, 0xF5, 0x95, 0xF5, 0x96, 0xF5, 0x95, 0xF5, 0x95, 0xF5, 0x95, 0xF5, 0x95, 0xF5, 0xB5, 0xF5,
    0xD6, 0xED, 0xB5, 0xED, 0xB5, 0xED, 0x94, 0xE5, 0x33, 0xE5, 0x74, 0xDD, 0x53, 0xE5, 0x94, 0xF6,
    0x37, 0xE5, 0xD5, 0xF6, 0x37, 0xDD, 0xF5, 0xDD, 0xF5, 0xDD, 0xF5, 0xCD, 0xF5, 0xDE, 0x9A, 0xEE,
    0xBC, 0xAD, 0xF5, 0x56, 0xCB, 0x2F, 0xE7, 0x17, 0xE4, 0x17, 0xE4, 0x17, 0xE4, 0x17, 0xE4, 0x17,
    0xE4, 0x17, 0xE4, 0x17, 0xE4, 0x17, 0xE4, 0x17, 0xE4, 0x17, 0xE4, 0x17, 0xE4, 0x17, 0xE4, 0x17,
    0xE4, 0x17, 0xE4, 0x17, 0xE4, 0x17, 0xE4, 0x17, 0xE4, 0x17, 0xE4, 0x17, 0xE4, 0x17, 0xFF, 0xE4,
    0x17, 0xE4, 0x17, 0xE4, 0x17, 0xE4, 0x17, 0xE4, 0x17, 0xE4, 0x17, 0xE4, 0x17, 0xE4, 0x17, 0xE4,
    0x17, 0xE4, 0x17, 0xE4, 0x17, 0xE4, 0x17, 0xE4, 0x17, 0xE4, 0x17, 0xE4, 0x17, 0xE4, 0x17, 0xE4,
    0x17, 0xE4, 0x17, 0xE4, 0x17, 0xE4, 0x17, 0xE4, 0x17, 0xE4, 0x17, 0xE4, 0x17, 0xE4, 0x17, 0xE4,
    0x17, 0xE4, 0x17, 0xE4, 0x17, 0xE4, 0x17, 0xE4, 0x17, 0xE4, 0x17, 0xE4, 0x17, 0xE4, 0x17, 0xE4,
    0x17, 0xE4, 0x17, 0xE4, 0x17, 0xE4, 0x17, 0xE4, 0x17, 0xE4, 0x17, 0xE4, 0x17, 0xE4, 0x17, 0xE4,
    0x17, 0xE4, 0x17, 0xE4, 0x17, 0xE4, 0x27, 0xE5, 0x5F, 0x2C, 0x96, 0xF3, 0x4E, 0x6B, 0x37, 0x89,
    0x5E, 0x2B, 0xA5, 0x71, 0xBD, 0x53, 0xD5, 0xD6, 0xEE, 0x99, 0xEE, 0xBA, 0xEE, 0x99, 0xF6, 0xB9,
    0xE6, 0x17, 0xCD, 0x33, 0xDD, 0xD5, 0xDD, 0x94, 0xDD, 0x94, 0xE5, 0xB4, 0xE5, 0xB4, 0xE5, 0xD6,
    0xF5, 0xEE, 0x15, 0xDD, 0x94, 0xCD, 0x12, 0xDD, 0x94, 0xEE, 0x17, 0xFE, 0xD9, 0xFF, 0x5B, 0xFF,
    0x5C, 0xFF, 0x5C, 0xFF, 0x5C, 0xFF, 0x5C, 0xFF, 0x5C, 0xFE, 0xDA, 0xE5, 0xF6, 0xE5, 0xD6, 0xED,
    0xD6, 0xED, 0xF6, 0xEE, 0x37, 0xFE, 0xB9, 0xFE, 0xFA, 0xF6, 0x99, 0xEE, 0x37, 0xED, 0xF6, 0xED,
    0xB6, 0xED, 0xB6, 0xED, 0x95, 0xF5, 0x95, 0xF5, 0x95, 0xF5, 0x95, 0xF5, 0xD6, 0xF5, 0xF6, 0xF5,
    0xD6, 0xF5, 0x95, 0xF5, 0x95, 0xF5, 0x95, 0xF5, 0x95, 0xED, 0x74, 0xD4, 0xD1, 0xDD, 0x33, 0xE5,
    0x74, 0xF6, 0x16, 0xDD, 0xD4, 0xDD, 0xF5, 0x02, 0xD5, 0xFF, 0xC5, 0xB4, 0xDE, 0x99, 0xEE, 0xBB,
    0x86, 0x31, 0x3F, 0xE9, 0x1F, 0xE5, 0x17, 0xE4, 0x17, 0xE4, 0x17, 0xE4, 0x17, 0xE4, 0x17, 0xE4,
    0x17, 0xE4, 0x17, 0xE4, 0x17, 0xE4, 0x17, 0xE4, 0x17, 0xE4, 0x17, 0xE4, 0x17, 0xE4, 0x17, 0xE4,
    0x17, 0xE4, 0x17, 0xE4, 0x17, 0xE4, 0x17, 0xE4, 0x17, 0xE4, 0x17, 0xE4, 0x17, 0xE4, 0x17, 0xE4,
    0x17, 0xE4, 0x17, 0xE4, 0x17, 0xE4, 0x17, 0xE4, 0x17, 0xE4, 0x17, 0xE4, 0x17, 0xE4, 0x17, 0xE4,
    0x17, 0xE4, 0x17, 0xE4, 0x17, 0xE4, 0x17, 0xE4, 0x17, 0xE4, 0x17, 0xE4, 0x17, 0xE4, 0x17, 0xE4,
    0x17, 0xE4, 0x17, 0xE4, 0x17, 0xE4, 0x17, 0xE4, 0x17, 0xE4, 0x17, 0xE4, 0x17, 0xE4, 0x17, 0xE4,
    0x17, 0xE4, 0x17, 0xE4, 0x17, 0xE4, 0x17, 0xE4, 0x17, 0xE4, 0x17, 0xE4, 0x17, 0xE4, 0x17, 0xE4,
    0x17, 0xE4, 0x17, 0xE4, 0x17, 0xE4, 0x17, 0xE4, 0x17, 0xE4, 0xFF, 0x17, 0xE4, 0x17, 0xE4, 0x17,
    0xE4, 0x17, 0xE4, 0x1F, 0xE5, 0x37, 0xE7, 0x77, 0x6F, 0x56, 0xCB, 0x2F, 0xE7, 0x2F, 0xE8, 0x76,
    0x6D, 0xCE, 0x55, 0xD5, 0xB5, 0xBD, 0x12, 0xC5, 0x54, 0xCD, 0x95, 0xCD, 0x74, 0xCD, 0x74, 0xC4,
    0xF2, 0xC5, 0x12, 0xDD, 0xB4, 0xDD, 0x74, 0xDD, 0x94, 0xE5, 0x94, 0xE5, 0x94, 0xE5, 0xB4, 0xE5,
    0xB4, 0xCD, 0x12, 0xCD, 0x12, 0xE5, 0xD5, 0xEE, 0x57, 0xFF, 0x1A, 0xFF, 0x5B, 0xFF, 0x5C, 0xFF,
    0x5C, 0xFF, 0x5C, 0xFF, 0x5C, 0xFF, 0x5C, 0xFF, 0x3B, 0xF6, 0x99, 0xF6, 0x79, 0xF6, 0x99, 0xFE,
    0xDA, 0xFF, 0x1A, 0xFF, 0x3B, 0xFF, 0x5B, 0xFF, 0x5B, 0xFF, 0x1B, 0xF6, 0xB9, 0xF6, 0x78, 0xF6,
    0x58, 0xEE, 0x17, 0xED, 0xD6, 0xED, 0xB5, 0xED, 0xB6, 0xED, 0xF6, 0xFE, 0x57, 0xF5, 0xD6, 0xF5,
    0x96, 0xF5, 0x75, 0xF5, 0x95, 0xF5, 0xB5, 0xF5, 0xB5, 0xDD, 0x12, 0xFF, 0xDD, 0x33, 0xED, 0x94,
    0xF6, 0x57, 0xDD, 0xB4, 0xD5, 0xD4, 0xD5, 0xB4, 0xC5, 0x73, 0xD6, 0x98, 0xBE, 0xD6, 0x57, 0x0C,
    0x27, 0xE7, 0x17, 0xE4, 0x17, 0xE4, 0x17, 0xE4, 0x17, 0xE4, 0x17, 0xE4, 0x17, 0xE4, 0x17, 0xE4,
    0x17, 0xE4, 0x17, 0xE4, 0x17, 0xE4, 0x17, 0xE4, 0x17, 0xE4, 0x17, 0xE4, 0x17, 0xE4, 0x17, 0xE4,
    0x17, 0xE4, 0x17, 0xE4, 0x17, 0xE4, 0x17, 0xE4, 0x17, 0xE4, 0x17, 0xE4, 0x17, 0xE4, 0x17, 0xE4,
    0x17, 0xE4, 0x17, 0xE4, 0x17, 0xE4, 0x17, 0xE4, 0x17, 0xE4, 0x17, 0xE4, 0x17, 0xE4, 0x17, 0xE4,
    0x17, 0xE4, 0x17, 0xE4, 0x17, 0xE4, 0x17, 0xE4, 0x17, 0xE4, 0x17, 0xE4, 0x17, 0xE4, 0x17, 0xE4,
    0x17, 0xE4, 0x17, 0xE4, 0x17, 0xE4, 0x17, 0xE4, 0x17, 0xE4, 0x17, 0xE4, 0x17, 0xE4, 0x17, 0xE4,
    0x17, 0xE4, 0x17, 0xE4, 0x17, 0xE4, 0x17, 0xE4, 0x17, 0xE4, 0x17, 0xE4, 0xA4, 0x17, 0xE4, 0x17,
    0xE4, 0x17, 0xE4, 0x17, 0xE4, 0x17, 0xE4, 0x17, 0xE4, 0x17, 0xE4, 0x17, 0xE4, 0x17, 0xE4, 0x17,
    0xE4, 0x1F, 0xE5, 0x3F, 0x88, 0x66, 0xEC, 0x47, 0xE8, 0x27, 0xE6, 0x27, 0xC6, 0x96, 0xB0, 0xE6,
    0x57, 0xDD, 0x02, 0xD5, 0xFF, 0xB4, 0xD5, 0x74, 0xD5, 0x74, 0xCD, 0x74, 0xB4, 0x70, 0xAC, 0x0E,
    0xBC, 0xB1, 0xDD, 0x94, 0xD5, 0x53, 0xE5, 0x94, 0xE5, 0x94, 0xE5, 0x94, 0xE5, 0xB4, 0xE5, 0xB4,
    0xCD, 0x11, 0xC4, 0xF1, 0xE6, 0x16, 0xFE, 0xD9, 0xFF, 0x3B, 0xFF, 0x5B, 0xFF, 0x5C, 0xFF, 0x5C,
    0xFF, 0x5C, 0xFF, 0x5C, 0xFF, 0x5C, 0xFF, 0x5C, 0xFF, 0x5C, 0xFF, 0x5C, 0xFF, 0x5C, 0xFF, 0x5C,
    0xFF, 0x5C, 0xFF, 0x5C, 0xFF, 0x5C, 0xFF, 0x5C, 0xFF, 0x5C, 0xFF, 0x5C, 0xFF, 0x5C, 0xFF, 0x3B,
    0xFE, 0xFA, 0xF6, 0x99, 0xF6, 0x58, 0xEE, 0x17, 0xEE, 0x57, 0xF6, 0x98, 0xED, 0xF6, 0xF5, 0xB6,
    0xF5, 0x95, 0xF5, 0x95, 0xF5, 0xB5, 0xF5, 0xD5, 0xD4, 0xF2, 0xD4, 0xD1, 0xF6, 0x16, 0xFE, 0x98,
    0xDD, 0xD4, 0xD5, 0xB4, 0xD5, 0xB4, 0xC5, 0x32, 0x95, 0xD0, 0x56, 0xEC, 0x2F, 0xE7, 0x1F, 0xE4,
    0x17, 0xE3, 0x17, 0xE4, 0x17, 0xFF, 0xE4, 0x17, 0xE4, 0x17, 0xE4, 0x17, 0xE4, 0x17, 0xE4, 0x17,
    0xE4, 0x17, 0xE4, 0x17, 0xE4, 0x17, 0xE4, 0x17, 0xE4, 0x17, 0xE4, 0x17, 0xE4, 0x17, 0xE4, 0x17,
    0xE4, 0x17, 0xE4, 0x17, 0xE4, 0x17, 0xE4, 0x17, 0xE4, 0x17, 0xE4, 0x17, 0xE4, 0x17, 0xE4, 0x17,
    0xE4, 0x17, 0xE4, 0x17, 0xE4, 0x17, 0xE4, 0x17, 0xE4, 0x17, 0xE4, 0x17, 0xE4, 0x17, 0xE4, 0x17,
    0xE4, 0x17, 0xE4, 0x17, 0xE4, 0x17, 0xE4, 0x17, 0xE4, 0x17, 0xE4, 0x17, 0xE4, 0x17, 0xE4, 0x17,
    0xE4, 0x17, 0xE4, 0x17, 0xE4, 0x17, 0xE4, 0x17, 0xE4, 0x17, 0xE4, 0x17, 0xE4, 0x17, 0xE4, 0x17,
    0xE4, 0x17, 0xE4, 0x17, 0xE4, 0x17, 0xE4, 0x17, 0xE4, 0x17, 0xE4, 0x17, 0xE4, 0x17, 0xE4, 0x17,
    0xE4, 0x17, 0xE4, 0x17, 0xE4, 0x17, 0xE4, 0x17, 0xE4, 0x17, 0xE4, 0x17, 0xE4, 0x17, 0xE4, 0x17,
    0xE5, 0x27, 0x86, 0x4F, 0x49, 0x37, 0x8F, 0xE7, 0x1F, 0xE5, 0x3F, 0x67, 0xBF, 0x34, 0xEE, 0x78,
    0xE5, 0xF5, 0xDD, 0xB4, 0xDD, 0xB5, 0xDD, 0x02, 0xD5, 0xFF, 0x74, 0xAC, 0x2F, 0xAC, 0x2F, 0xBC,
    0x90, 0xDD, 0x94, 0xD5, 0x53, 0xDD, 0x74, 0xE5, 0x94, 0xE5, 0x94, 0xE5, 0x94, 0xE5, 0xB4, 0xCD,
    0x32, 0xCD, 0x12, 0xEE, 0x57, 0xFF, 0x1A, 0xFF, 0x5B, 0xFF, 0x5B, 0xFF, 0x5B, 0xFF, 0x5C, 0xFF,
    0x5C, 0xFF, 0x5C, 0xFF, 0x5C, 0xFF, 0x5C, 0xFF, 0x5C, 0xFF, 0x5C, 0xFF, 0x5C, 0xFF, 0x5C, 0xFF,
    0x5C, 0xFF, 0x5C, 0xFF, 0x5C, 0xFF, 0x5C, 0xFF, 0x5C, 0xFF, 0x5C, 0xFF, 0x5C, 0xFF, 0x5C, 0xFF,
    0x5C, 0xFF, 0x5C, 0xFF, 0x3B, 0xFF, 0x1B, 0xFE, 0xFA, 0xFE, 0xDA, 0xEE, 0x17, 0xED, 0xB6, 0xED,
    0xB6, 0xED, 0xB5, 0xED, 0xB5, 0xED, 0x94, 0xC4, 0x6F, 0xBC, 0x4F, 0xED, 0xB4, 0xFE, 0x98, 0xD5,
    0xB4, 0xD5, 0x93, 0xD5, 0x94, 0xB4, 0xB0, 0x75, 0xAC, 0x37, 0xE8, 0x17, 0xE5, 0x17, 0xE4, 0x17,
    0xE4, 0x17, 0xE4, 0x17, 0xE4, 0x17, 0xE4, 0x17, 0xE4, 0x17, 0xFF, 0xE4, 0x17, 0xE4, 0x17, 0xE4,
    0x17, 0xE4, 0x17, 0xE4, 0x17, 0xE4, 0x17, 0xE4, 0x17, 0xE4, 0x17, 0xE4, 0x17, 0xE4, 0x17, 0xE4,
    0x17, 0xE4, 0x17, 0xE4, 0x17, 0xE4, 0x17, 0xE4, 0x17, 0xE4, 0x17, 0xE4, 0x17, 0xE4, 0x17, 0xE4,
    0x17, 0xE4, 0x17, 0xE4, 0x17, 0xE4, 0x17, 0xE4, 0x17, 0xE4, 0x17, 0xE4, 0x17, 0xE4, 0x17, 0xE4,
    0x17, 0xE4, 0x17, 0xE4, 0x17, 0xE4, 0x17, 0xE4, 0x17, 0xE4, 0x17, 0xE4, 0x17, 0xE4, 0x17, 0xE4,
    0x17, 0xE4, 0x17, 0xE4, 0x17, 0xE4, 0x17, 0xE4, 0x17, 0xE4, 0x17, 0xE4, 0x17, 0xE4, 0x17, 0xE4,
    0x17, 0xE4, 0x17, 0xE4, 0x17, 0xE4, 0x17, 0xE4, 0x17, 0xE4, 0x17, 0xE4, 0x17, 0xE4, 0x17, 0xE4,
    0x17, 0xE4, 0x17, 0xE4, 0x17, 0xE4, 0x17, 0xE4, 0x17, 0xE4, 0x17, 0xE4, 0x17, 0xE4, 0x17, 0xE4,
    0x1F, 0xE4, 0x2F, 0xE6, 0x1F, 0xE5, 0x17, 0xE4, 0x47, 0x68, 0xC7, 0xFF, 0x35, 0xFE, 0xB9, 0xF6,
    0x77, 0xE5, 0xF5, 0xDD, 0xB5, 0xDD, 0xD5, 0xCD, 0x33, 0xA3, 0xEE, 0xAC, 0x2E, 0xB4, 0x6F, 0xDD,
    0x93, 0xD5, 0x52, 0xDD, 0x73, 0xE5, 0x94, 0xE5, 0x94, 0xE5, 0x94, 0xE5, 0xB4, 0xDD, 0x73, 0xCD,
    0x32, 0xF6, 0x77, 0xFF, 0x3A, 0xFF, 0x5B, 0xFF, 0x5B, 0xFF, 0x5B, 0xFF, 0x5C, 0xFF, 0x5C, 0xFF,
    0x5C, 0xFF, 0x5C, 0xFF, 0x5C, 0xFF, 0x5C, 0xFF, 0x3B, 0xFF, 0x3B, 0xFF, 0x3B, 0xFF, 0x5C, 0xFF,
    0x5C, 0xFF, 0x5C, 0xFF, 0x5C, 0xFF, 0x5C, 0xFF, 0x5C, 0xFF, 0x5C, 0xFF, 0x5C, 0xFF, 0x5C, 0xFF,
    0x5B, 0xFF, 0x5C, 0xFF, 0x5B, 0xFF, 0x3B, 0xFF, 0x3B, 0xEE, 0x98, 0xE5, 0xF6, 0xED, 0xD6, 0xED,
    0xB6, 0xED, 0xB5, 0xDD, 0x33, 0xBC, 0x2E, 0xBC, 0x4F, 0xD5, 0x32, 0xED, 0xF5, 0xD5, 0x73, 0xD5,
    0x73, 0xD5, 0x73, 0xBC, 0xB0, 0x86, 0x0E, 0x3F, 0xE9, 0x17, 0xE4, 0x17, 0xFF, 0xE4, 0x17, 0xE3,
    0x17, 0xE4, 0x17, 0xE4, 0x17, 0xE4, 0x17, 0xE4, 0x17, 0xE4, 0x17, 0xE4, 0x17, 0xE4, 0x17, 0xE4,
    0x17, 0xE4, 0x17, 0xE4, 0x17, 0xE4, 0x17, 0xE4, 0x17, 0xE4, 0x17, 0xE4, 0x17, 0xE4, 0x17, 0xE4,
    0x17, 0xE4, 0x17, 0xE4, 0x17, 0xE4, 0x17, 0xE4, 0x17, 0xE4, 0x17, 0xE4, 0x17, 0xE4, 0x17, 0xE4,
    0x17, 0xE4, 0x17, 0xE4, 0x17, 0xE4, 0x17, 0xE4, 0x17, 0xE4, 0x17, 0xE4, 0x17, 0xE4, 0x17, 0xE4,
    0x17, 0xE4, 0x17, 0xE4, 0x17, 0xE4, 0x17, 0xE4, 0x17, 0xE4, 0x17, 0xE4, 0x17, 0xE4, 0x17, 0xE4,
    0x17, 0xE4, 0x17, 0xE4, 0x17, 0xE4, 0x17, 0xE4, 0x17, 0xE4, 0x17, 0xE4, 0x17, 0xE4, 0x17, 0xE4,
    0x17, 0xE4, 0x17, 0xE4, 0x17, 0xE4, 0x17, 0xE4, 0x17, 0xE4, 0x17, 0xE4, 0x17, 0xE4, 0x17, 0xE4,
    0x17, 0xE4, 0x17, 0xE4, 0x17, 0xE4, 0x17, 0xE4, 0x17, 0xE4, 0x17, 0xE4, 0x17, 0xFF, 0xE4, 0x17,
    0xE4, 0x17, 0xE4, 0x17, 0xE3, 0x17, 0xE4, 0x47, 0x89, 0xCF, 0x56, 0xFE, 0xD9, 0xF6, 0xD9, 0xF6,
    0x98, 0xE5, 0xF6, 0xDD, 0xD5, 0xCD, 0x12, 0x8B, 0x6B, 0xA4, 0x0E, 0xAC, 0x4E, 0xCD, 0x72, 0xCD,
    0x72, 0xD5, 0x52, 0xDD, 0x94, 0xE5, 0x94, 0xDD, 0x94, 0xE5, 0xB4, 0xDD, 0x94, 0xCD, 0x12, 0xE6,
    0x16, 0xFF, 0x3A, 0xFF, 0x5B, 0xFF, 0x5B, 0xFF, 0x5B, 0xFF, 0x5C, 0xFF, 0x5C, 0xFF, 0x5C, 0xFF,
    0x3B, 0xFF, 0x1B, 0xF6, 0xFA, 0xF6, 0xB9, 0xF6, 0xFA, 0xFF, 0x5C, 0xFF, 0x5C, 0xFF, 0x5C, 0xFF,
    0x5C, 0xFF, 0x5C, 0xFF, 0x5C, 0xFF, 0x5C, 0xFF, 0x5C, 0xFF, 0x5C, 0xFF, 0x5B, 0xFF, 0x3B, 0xFF,
    0x5B, 0xFF, 0x5B, 0xFF, 0x5B, 0xFF, 0x5B, 0xF6, 0xFA, 0xEE, 0x78, 0xEE, 0x16, 0xED, 0xD6, 0xED,
    0xD5, 0xDC, 0xF2, 0xBC, 0x0E, 0xC4, 0x6F, 0xDD, 0x53, 0xDD, 0x73, 0xDD, 0x73, 0xD5, 0xFF, 0x52,
    0xD5, 0x32, 0xCD, 0x32, 0xAD, 0x70, 0x6F, 0x2C, 0x1F, 0xE6, 0x17, 0xE4, 0x17, 0xE3, 0x17, 0xE3,
    0x17, 0xE4, 0x17, 0xE4, 0x17, 0xE4, 0x17, 0xE4, 0x17, 0xE4, 0x17, 0xE4, 0x17, 0xE4, 0x17, 0xE4,
    0x17, 0xE4, 0x17, 0xE4, 0x17, 0xE4, 0x17, 0xE4, 0x17, 0xE4, 0x17, 0xE4, 0x17, 0xE4, 0x17, 0xE4,
    0x17, 0xE4, 0x17, 0xE4, 0x17, 0xE4, 0x17, 0xE4, 0x17, 0xE4, 0x17, 0xE4, 0x17, 0xE4, 0x17, 0xE4,
    0x17, 0xE4, 0x17, 0xE4, 0x17, 0xE4, 0x17, 0xE4, 0x17, 0xE4, 0x17, 0xE4, 0x17, 0xE4, 0x17, 0xE4,
    0x17, 0xE4, 0x17, 0xE4, 0x17, 0xE4, 0x17, 0xE4, 0x17, 0xE4, 0x17, 0xE4, 0x17, 0xE4, 0x17, 0xE4,
    0x17, 0xE4, 0x17, 0xE4, 0x17, 0xE4, 0x17, 0xE4, 0x17, 0xE4, 0x17, 0xE4, 0x17, 0xE4, 0x17, 0xE4,
    0x17, 0xE4, 0x17, 0xE4, 0x17, 0xE4, 0x17, 0xE4, 0x17, 0xE4, 0x17, 0xE4, 0x17, 0xE4, 0x17, 0xFF,
    0xE4, 0x17, 0xE4, 0x17, 0xE4, 0x17, 0xE4, 0x17, 0xE4, 0x17, 0xE4, 0x17, 0xE4, 0x17, 0xE4, 0x17,
    0xE4, 0x17, 0xE3, 0x17, 0xE4, 0x57, 0xAB, 0xD7, 0x37, 0xFE, 0xD9, 0xF6, 0xD9, 0xFE, 0xD9, 0xF6,
    0x98, 0xE6, 0x16, 0xCD, 0x12, 0x7A, 0xE9, 0x94, 0x0D, 0x9C, 0x4D, 0xBD, 0x10, 0xCD, 0x71, 0xBC,
    0xD0, 0xDD, 0x73, 0xE5, 0x94, 0xDD, 0x94, 0xE5, 0xB4, 0xDD, 0xB4, 0xCD, 0x32, 0xE6, 0x36, 0xFF,
    0x3B, 0xFF, 0x7B, 0xFF, 0x5B, 0xFF, 0x5B, 0xFF, 0x5B, 0xFF, 0x5B, 0xFF, 0x5C, 0xFF, 0x5C, 0xFF,
    0x1B, 0xEE, 0x99, 0xF6, 0xB9, 0xFF, 0x1B, 0xFF, 0x5C, 0xFF, 0x5C, 0xFF, 0x5C, 0xFF, 0x5C, 0xFF,
    0x5C, 0xFF, 0x5C, 0xFF, 0x5C, 0xFF, 0x5C, 0xFF, 0x5C, 0xFF, 0x3B, 0xEE, 0x99, 0xF6, 0xD9, 0xFF,
    0x1A, 0xFF, 0x5B, 0xFF, 0x3B, 0xFF, 0x5B, 0xFF, 0x3B, 0xF6, 0x99, 0xEE, 0x16, 0xED, 0xD5, 0xCC,
    0xFF, 0x90, 0xB3, 0xED, 0xBC, 0x4F, 0xE5, 0x94, 0xE5, 0x94, 0xDD, 0x73, 0xCC, 0xF1, 0xDD, 0x53,
    0xD5, 0x33, 0xD5, 0xB3, 0x8E, 0x0E, 0x37, 0xE7, 0x1F, 0xE4, 0x17, 0xE2, 0x17, 0xE4, 0x17, 0xE4,
    0x17, 0xE4, 0x17, 0xE4, 0x17, 0xE4, 0x17, 0xE4, 0x17, 0xE4, 0x17, 0xE4, 0x17, 0xE4, 0x17, 0xE4,
    0x17, 0xE4, 0x17, 0xE4, 0x17, 0xE4, 0x17, 0xE4, 0x17, 0xE4, 0x17, 0xE4, 0x17, 0xE4, 0x17, 0xE4,
    0x17, 0xE4, 0x17, 0xE4, 0x17, 0xE4, 0x17, 0xE4, 0x17, 0xE4, 0x17, 0xE4, 0x17, 0xE4, 0x17, 0xE4,
    0x17, 0xE4, 0x17, 0xE4, 0x17, 0xE4, 0x17, 0xE4, 0x17, 0xE4, 0x17, 0xE4, 0x17, 0xE4, 0x17, 0xE4,
    0x17, 0xE4, 0x17, 0xE4, 0x17, 0xE4, 0x17, 0xE4, 0x17, 0xE4, 0x17, 0xE4, 0x17, 0xE4, 0x17, 0xE4,
    0x17, 0xE4, 0x17, 0xE4, 0x17, 0xE4, 0x17, 0xE4, 0x17, 0xE4, 0x17, 0xE4, 0x17, 0xE4, 0x17, 0xE4,
    0x17, 0xFF, 0xE4, 0x17, 0xE4, 0x17, 0xE4, 0x17, 0xE4, 0x17, 0xE4, 0x17, 0xE4, 0x17, 0xE4, 0x17,
    0xE4, 0x17, 0xE4, 0x17, 0xE4, 0x17, 0xE4, 0x17, 0xE4, 0x17, 0xE4, 0x17, 0xE4, 0x17, 0xE4, 0x0F,
    0xE3, 0x17, 0xE4, 0x57, 0x8C, 0xD7, 0x17, 0xF6, 0xD9, 0xF6, 0xF9, 0xFE, 0xF9, 0xFE, 0xD9, 0xF6,
    0x98, 0xDD, 0x95, 0x94, 0x0D, 0x8C, 0xAE, 0x94, 0x8D, 0xAC, 0xAE, 0xD5, 0x92, 0xAC, 0x2E, 0xCD,
    0x12, 0xE5, 0xB4, 0xE5, 0xB4, 0xE5, 0xB4, 0xE5, 0xB4, 0xD5, 0x53, 0xE6, 0x36, 0xFF, 0x3A, 0xFF,
    0x5B, 0xFF, 0x5B, 0xFF, 0x5B, 0xFF, 0x3B, 0xFF, 0x1B, 0xF6, 0xB9, 0xE6, 0x17, 0xCD, 0x34, 0xA3,
    0xEE, 0xB4, 0xB1, 0xFE, 0xFA, 0xFF, 0x7C, 0xFF, 0x5C, 0xFF, 0x5C, 0xFF, 0x5C, 0xFF, 0x5C, 0xFF,
    0x5C, 0xFF, 0x5C, 0xFF, 0x5C, 0xFF, 0x5C, 0xFF, 0x5B, 0xF6, 0xDA, 0xEE, 0xB9, 0xF6, 0xFA, 0xFF,
    0x5B, 0xFF, 0x93, 0x5B, 0xFF, 0x5B, 0xFF, 0x7B, 0xFF, 0x5B, 0xFE, 0xB9, 0xED, 0xB5, 0xBC, 0x2F,
    0xB3, 0xEE, 0xC4, 0x70, 0xE5, 0x94, 0xE5, 0x02, 0xD5, 0xFF, 0x12, 0xD5, 0x11, 0xD5, 0x32, 0xD5,
    0x12, 0xEE, 0x16, 0xB5, 0xF1, 0x57, 0x88, 0x37, 0xE5, 0x17, 0xE3, 0x17, 0xE3, 0x17, 0xE4, 0x17,
    0xE4, 0x17, 0xE4, 0x17, 0xE4, 0x17, 0xE4, 0x17, 0xE4, 0x17, 0xE4, 0x17, 0xE4, 0x17, 0xE4, 0x17,
    0xE4, 0x17, 0xE4, 0x17, 0xE4, 0x17, 0xE4, 0x17, 0xE4, 0x17, 0xE4, 0x17, 0xE4, 0x17, 0xE4, 0x17,
    0xE4, 0x17, 0xE4, 0x17, 0xE4, 0x17, 0xE4, 0x17, 0xE4, 0x17, 0xE4, 0x17, 0xE4, 0x17, 0xE4, 0x17,
    0xE4, 0x17, 0xE4, 0x17, 0xE4, 0x17, 0xE4, 0x17, 0xE4, 0x17, 0xE4, 0x17, 0xE4, 0x17, 0xE4, 0x17,
    0xE4, 0x17, 0xE4, 0x17, 0xE4, 0x17, 0xE4, 0x17, 0xE4, 0x17, 0xE4, 0x17, 0xE4, 0x17, 0xE4, 0x17,
    0xE4, 0x17, 0xE4, 0x17, 0xE4, 0x17, 0xE4, 0x17, 0xE4, 0x17, 0xE4, 0x17, 0xE4, 0x17, 0xE4, 0x17,
    0xE4, 0x17, 0xE4, 0x17, 0xE4, 0x17, 0xE4, 0x17, 0xE4, 0x17, 0xFF, 0xE4, 0x17, 0xE4, 0x17, 0xE4,
    0x17, 0xE4, 0x17, 0xE4, 0x17, 0xE4, 0x17, 0xE4, 0x17, 0xE4, 0x17, 0xE4, 0x17, 0xE4, 0x0F, 0xE3,
    0x17, 0xE4, 0x57, 0x8B, 0xD7, 0x37, 0xFE, 0xF9, 0xF6, 0xD9, 0xF6, 0xD9, 0xFE, 0xD9, 0xFE, 0xD9,
    0xEE, 0x57, 0xB4, 0xF1, 0x7D, 0x2F, 0x75, 0x0D, 0x94, 0xAD, 0xC5, 0x31, 0xC4, 0xB1, 0xBC, 0x4F,
    0xD5, 0x12, 0xE5, 0xB4, 0xE5, 0xB4, 0xE5, 0xB4, 0xDD, 0x94, 0xD5, 0xD4, 0xDE, 0x16, 0x9C, 0x0E,
    0x93, 0xAD, 0x93, 0xAC, 0x8B, 0x4B, 0x83, 0x0B, 0x82, 0xEA, 0x72, 0x07, 0x49, 0x03, 0x38, 0xA2,
    0x6A, 0x28, 0xDD, 0xF6, 0xFF, 0x7C, 0xFF, 0x5C, 0xFF, 0x5C, 0xFF, 0x5C, 0xFF, 0x5C, 0xFF, 0x5C,
    0xFF, 0x5C, 0xFF, 0x5C, 0xFF, 0x7C, 0xE6, 0x98, 0x94, 0x0E, 0x9C, 0x0E, 0xE6, 0x57, 0xFF, 0x5B,
    0xFF, 0x7C, 0xFF, 0x3A, 0xFF, 0x3A, 0xFF, 0x5B, 0xFF, 0x1A, 0xE5, 0xFF, 0x94, 0xB3, 0xCD, 0xB3,
    0xCE, 0xC4, 0xB0, 0xE5, 0xB4, 0xE5, 0xD4, 0xC4, 0xB0, 0xD5, 0x32, 0xD5, 0x32, 0xCD, 0x12, 0xD5,
    0x72, 0xD6, 0x34, 0x8E, 0x4D, 0x57, 0xE8, 0x17, 0xE4, 0x17, 0xE3, 0x17, 0xE4, 0x17, 0xE4, 0x17,
    0xE4, 0x17, 0xE4, 0x17, 0xE4, 0x17, 0xE4, 0x17, 0xE4, 0x17, 0xE4, 0x17, 0xE4, 0x17, 0xE4, 0x17,
    0xE4, 0x17, 0xE4, 0x17, 0xE4, 0x17, 0xE4, 0x17, 0xE4, 0x17, 0xE4, 0x17, 0xE4, 0x17, 0xE4, 0x17,
    0xE4, 0x17, 0xE4, 0x17, 0xE4, 0x17, 0xE4, 0x17, 0xE4, 0x17, 0xE4, 0x17, 0xE4, 0x17, 0xE4, 0x17,
    0xE4, 0x17, 0xE4, 0x17, 0xE4, 0x17, 0xE4, 0x17, 0xE4, 0x17, 0xE4, 0x17, 0xE4, 0x17, 0xE4, 0x17,
    0xE4, 0x17, 0xE4, 0x17, 0xE4, 0x17, 0xE4, 0x17, 0xE4, 0x17, 0xE4, 0x17, 0xE4, 0x17, 0xE4, 0x17,
    0xE4, 0x17, 0xE4, 0x17, 0xE4, 0x17, 0xE4, 0x17, 0xE4, 0x17, 0xE4, 0x17, 0xFF, 0xE4, 0x17, 0xE4,
    0x17, 0xE4, 0x17, 0xE4, 0x17, 0xE4, 0x17, 0xE4, 0x17, 0xE4, 0x17, 0xE4, 0x17, 0xE4, 0x17, 0xE4,
    0x17, 0xE4, 0x17, 0xE4, 0x17, 0xE4, 0x17, 0xE4, 0x17, 0xE4, 0x17, 0xE4, 0x17, 0xE3, 0x17, 0xE4,
    0x4F, 0xAA, 0xD7, 0x37, 0xF6, 0xD9, 0xF6, 0xD9, 0xF6, 0xB8, 0xFE, 0xD9, 0xFE, 0xD9, 0xFE, 0xB9,
    0xCD, 0x94, 0x7D, 0x4F, 0x65, 0xAD, 0x75, 0x0C, 0xAC, 0xAF, 0xD5, 0x13, 0xD5, 0x32, 0xCD, 0x12,
    0xD5, 0x32, 0xE5, 0xB4, 0xDD, 0xB4, 0xDD, 0x94, 0xD5, 0x94, 0x93, 0xED, 0x51, 0xA4, 0x39, 0x02,
    0x38, 0xC1, 0x41, 0x02, 0x51, 0x84, 0x61, 0xE7, 0x6A, 0x07, 0x72, 0x69, 0x9B, 0xCE, 0xE6, 0x37,
    0xFF, 0x3B, 0xFF, 0x5C, 0xFF, 0x5C, 0xFF, 0x5C, 0xFF, 0x5C, 0xFF, 0x5C, 0xFF, 0x5C, 0xFF, 0x5C,
    0xFF, 0x5C, 0xFF, 0x7C, 0xBD, 0x54, 0x49, 0x85, 0x38, 0xE2, 0x59, 0xE6, 0x93, 0x93, 0x8C, 0xCD,
    0x74, 0xF6, 0xD9, 0xFF, 0x3B, 0xFF, 0x5B, 0xFF, 0x5B, 0xD5, 0x33, 0xB3, 0xCD, 0xB3, 0xEE, 0xD5,
    0x32, 0xE5, 0x02, 0xD5, 0xFF, 0x53, 0xCC, 0xF1, 0xD5, 0x32, 0xD5, 0x73, 0xD5, 0x93, 0xA4, 0x0D,
    0xE6, 0x76, 0xB6, 0x51, 0x5F, 0x6A, 0x1F, 0xE5, 0x17, 0xE4, 0x17, 0xE4, 0x17, 0xE4, 0x17, 0xE4,
    0x17, 0xE4, 0x17, 0xE4, 0x17, 0xE4, 0x17, 0xE4, 0x17, 0xE4, 0x17, 0xE4, 0x17, 0xE4, 0x17, 0xE4,
    0x17, 0xE4, 0x17, 0xE4, 0x17, 0xE4, 0x17, 0xE4, 0x17, 0xE4, 0x17, 0xE4, 0x17, 0xE4, 0x17, 0xE4,
    0x17, 0xE4, 0x17, 0xE4, 0x17, 0xE4, 0x17, 0xE4, 0x17, 0xE4, 0x17, 0xE4, 0x17, 0xE4, 0x17, 0xE4,
    0x17, 0xE4, 0x17, 0xE4, 0x17, 0xE4, 0x17, 0xE4, 0x17, 0xE4, 0x17, 0xE4, 0x17, 0xE4, 0x17, 0xE4,
    0x17, 0xE4, 0x17, 0xE4, 0x17, 0xE4, 0x17, 0xE4, 0x17, 0xE4, 0x17, 0xE4, 0x17, 0xE4, 0x17, 0xE4,
    0x17, 0xE4, 0x17, 0xE4, 0x17, 0xE4, 0x17, 0xE4, 0x17, 0xE4, 0x17, 0xE4, 0x17, 0xE4, 0x17, 0xE4,
    0x17, 0xE4, 0x17, 0xE4, 0x17, 0xFF, 0xE4, 0x17, 0xE4, 0x17, 0xE4, 0x17, 0xE4, 0x17, 0xE4, 0x17,
    0xE4, 0x17, 0xE4, 0x17, 0xE4, 0x17, 0xE4, 0x17, 0xE4, 0x17, 0xE4, 0x17, 0xE3, 0x17, 0xE4, 0x37,
    0xA9, 0xC7, 0x36, 0xF6, 0xF9, 0xF6, 0xB8, 0xF6, 0x98, 0xFE, 0xB9, 0xFE, 0xD9, 0xFE, 0xD9, 0xE6,
    0x77, 0x7D, 0x6F, 0x56, 0x4D, 0x55, 0xEA, 0x9D, 0x4F, 0xC4, 0xD1, 0xCC, 0xF1, 0xDD, 0x53, 0xD5,
    0x32, 0xD5, 0x32, 0xD5, 0x73, 0xDD, 0x94, 0xD5, 0x94, 0xD5, 0x94, 0xE6, 0x16, 0xCD, 0x94, 0xBC,
    0xF2, 0xB4, 0xD1, 0xBC, 0xD1, 0xC5, 0x13, 0xDD, 0xF7, 0xFE, 0xDA, 0xFF, 0x3C, 0xFF, 0x5C, 0xFF,
    0x5C, 0xFF, 0x5C, 0xFF, 0x5C, 0xFF, 0x5C, 0xFF, 0x5C, 0xFF, 0x5C, 0xFF, 0x5C, 0xFF, 0x5C, 0xFF,
    0x5C, 0xFF, 0x7C, 0xFF, 0x5C, 0xD5, 0xD6, 0x7B, 0x0B, 0x59, 0xA5, 0x51, 0x64, 0x49, 0x23, 0x6A,
    0x06, 0x9B, 0xCC, 0xD5, 0x94, 0xFE, 0xFF, 0xB9, 0xCC, 0xD1, 0xA3, 0xAC, 0xBC, 0x4F, 0xE5, 0xB5,
    0xDD, 0x74, 0xCC, 0xF1, 0xCD, 0x11, 0xCD, 0x12, 0xDD, 0xB4, 0xE6, 0x15, 0x93, 0x8C, 0xDE, 0x16,
    0xCE, 0x95, 0x66, 0xEC, 0x27, 0xE6, 0x17, 0xE3, 0x17, 0xE4, 0x17, 0xE4, 0x17, 0xE4, 0x17, 0xE4,
    0x17, 0xE4, 0x17, 0xE4, 0x17, 0xE4, 0x17, 0xE4, 0x17, 0xE4, 0x17, 0xE4, 0x17, 0xE4, 0x17, 0xE4,
    0x17, 0xE4, 0x17, 0xE4, 0x17, 0xE4, 0x17, 0xE4, 0x17, 0xE4, 0x17, 0xE4, 0x17, 0xE4, 0x17, 0xE4,
    0x17, 0xE4, 0x17, 0xE4, 0x17, 0xE4, 0x17, 0xE4, 0x17, 0xE4, 0x17, 0xE4, 0x17, 0xE4, 0x17, 0xE4,
    0x17, 0xE4, 0x17, 0xE4, 0x17, 0xE4, 0x17, 0xE4, 0x17, 0xE4, 0x17, 0xE4, 0x17, 0xE4, 0x17, 0xE4,
    0x17, 0xE4, 0x17, 0xE4, 0x17, 0xE4, 0x17, 0xE4, 0x17, 0xE4, 0x17, 0xE4, 0x17, 0xE4, 0x17, 0xE4,
    0x17, 0xE4, 0x17, 0xE4, 0x17, 0xE4, 0x17, 0xFF, 0xE4, 0x17, 0xE4, 0x17, 0xE4, 0x17, 0xE4, 0x17,
    0xE4, 0x17, 0xE4, 0x17, 0xE4, 0x17, 0xE4, 0x17, 0xE4, 0x17, 0xE4, 0x17, 0xE4, 0x17, 0xE4, 0x17,
    0xE4, 0x17, 0xE4, 0x17, 0xE4, 0x17, 0xE4, 0x17, 0xE4, 0x17, 0xE3, 0x17, 0xE4, 0x2F, 0xA8, 0xB6,
    0xF4, 0xEE, 0xF8, 0xEE, 0x97, 0xF6, 0xB8, 0xFE, 0xD9, 0xFE, 0xD9, 0xFE, 0xD9, 0xF6, 0xF9, 0x9D,
    0xF1, 0x57, 0x0C, 0x3F, 0x28, 0x9E, 0xF1, 0xD5, 0x93, 0xC4, 0x90, 0xBC, 0x6F, 0xCC, 0xD1, 0xD5,
    0x32, 0xD5, 0x32, 0xD5, 0x33, 0xD5, 0x53, 0xD5, 0x74, 0xFF, 0x1A, 0xFF, 0x9D, 0xFF, 0x7C, 0xFF,
    0x7C, 0xFF, 0x7C, 0xFF, 0x7C, 0xFF, 0x7C, 0xFF, 0x7C, 0xFF, 0x5C, 0xFF, 0x5C, 0xFF, 0x5C, 0xFF,
    0x5C, 0xFF, 0x5C, 0xFF, 0x5C, 0xFF, 0x5C, 0xFF, 0x5C, 0xFF, 0x5C, 0xFF, 0x5C, 0xFF, 0x5C, 0xFF,
    0x5C, 0xFF, 0x7C, 0xFF, 0x7D, 0xFF, 0x3B, 0xD5, 0xFF, 0xD6, 0x9C, 0x0E, 0x72, 0x88, 0x51, 0x43,
    0x40, 0xE1, 0x61, 0xE5, 0xDD, 0xD6, 0xAC, 0x50, 0x8B, 0x4B, 0xC4, 0xF2, 0xDD, 0x94, 0xCD, 0x12,
    0xCD, 0x33, 0xCD, 0x12, 0xCD, 0x32, 0xDD, 0xD4, 0xEE, 0x76, 0x8B, 0x6C, 0xC5, 0x54, 0xE6, 0xF9,
    0x76, 0x8D, 0x2F, 0xE6, 0x17, 0xE3, 0x17, 0xE4, 0x17, 0xE4, 0x17, 0xE4, 0x17, 0xE4, 0x17, 0xE4,
    0x17, 0xE4, 0x17, 0xE4, 0x17, 0xE4, 0x17, 0xE4, 0x17, 0xE4, 0x17, 0xE4, 0x17, 0xE4, 0x17, 0xE4,
    0x17, 0xE4, 0x17, 0xE4, 0x17, 0xE4, 0x17, 0xE4, 0x17, 0xE4, 0x17, 0xE4, 0x17, 0xE4, 0x17, 0xE4,
    0x17, 0xE4, 0x17, 0xE4, 0x17, 0xE4, 0x17, 0xE4, 0x17, 0xE4, 0x17, 0xE4, 0x17, 0xE4, 0x17, 0xE4,
    0x17, 0xE4, 0x17, 0xE4, 0x17, 0xE4, 0x17, 0xE4, 0x17, 0xE4, 0x17, 0xE4, 0x17, 0xE4, 0x17, 0xE4,
    0x17, 0xE4, 0x17, 0xE4, 0x17, 0xE4, 0x17, 0xE4, 0x17, 0xFF, 0xE4, 0x17, 0xE4, 0x17, 0xE4, 0x17,
    0xE4, 0x17, 0xE4, 0x17, 0xE4, 0x17, 0xE4, 0x17, 0xE4, 0x17, 0xE4, 0x17, 0xE4, 0x17, 0xE4, 0x17,
    0xE4, 0x17, 0xE4, 0x17, 0xE4, 0x17, 0xE4, 0x17, 0xE4, 0x17, 0xE4, 0x17, 0xE4, 0x17, 0xE4, 0x17,
    0xE4, 0x17, 0xE4, 0x17, 0xE4, 0x17, 0xE4, 0x17, 0xE3, 0x17, 0xE4, 0x2F, 0xA7, 0xAE, 0xD3, 0xEE,
    0xF8, 0xE6, 0x36, 0xFE, 0xD8, 0xFE, 0xD9, 0xFE, 0xF9, 0xFE, 0xD9, 0xFE, 0xF9, 0xB6, 0x12, 0x57,
    0x0B, 0x27, 0xA7, 0x97, 0xB2, 0xEE, 0xD7, 0xD4, 0xF2, 0xCC, 0xD1, 0xDD, 0x12, 0xDD, 0x32, 0xED,
    0xB4, 0xDD, 0x53, 0xD5, 0x33, 0xDD, 0xB4, 0xF6, 0x98, 0xFF, 0x1B, 0xFF, 0x1B, 0xFF, 0x1B, 0xFF,
    0x3B, 0xFF, 0x3C, 0xFF, 0x5C, 0xFF, 0x5C, 0xFF, 0x5C, 0xFF, 0x5C, 0xFF, 0x5C, 0xFF, 0x5C, 0xFF,
    0x5C, 0xFF, 0x5C, 0xFF, 0x5C, 0xFF, 0x5C, 0xFF, 0x5C, 0xFF, 0xFF, 0x5C, 0xFF, 0x5C, 0xFF, 0x5C,
    0xFF, 0x5C, 0xFF, 0x5C, 0xFF, 0x7C, 0xFF, 0x7C, 0xFF, 0x5C, 0xF6, 0xFA, 0xE6, 0x37, 0xCD, 0x74,
    0xCD, 0x53, 0xE6, 0x17, 0x9B, 0xEE, 0x8B, 0xAC, 0xD5, 0x94, 0xCD, 0x53, 0xD5, 0x74, 0xC5, 0x12,
    0xCD, 0x52, 0xD5, 0x93, 0xE6, 0x15, 0xF6, 0xB7, 0x8B, 0x6C, 0xBD, 0x34, 0xE6, 0xD9, 0x76, 0x6E,
    0x2F, 0xE6, 0x17, 0xE3, 0x17, 0xE4, 0x17, 0xE4, 0x17, 0xE4, 0x17, 0xE4, 0x17, 0xE4, 0x17, 0xE4,
    0x17, 0xE4, 0x17, 0xE4, 0x17, 0xE4, 0x17, 0xE4, 0x17, 0xE4, 0x17, 0xE4, 0x17, 0xE4, 0x17, 0xE4,
    0x17, 0xE4, 0x17, 0xE4, 0x17, 0xE4, 0x17, 0xE4, 0x17, 0xE4, 0x17, 0xE4, 0x17, 0xE4, 0x17, 0xE4,
    0x17, 0xE4, 0x17, 0xE4, 0x17, 0xE4, 0x17, 0xE4, 0x17, 0xE4, 0x17, 0xE4, 0x17, 0xE4, 0x17, 0xE4,
    0x17, 0xE4, 0x17, 0xE4, 0x17, 0xE4, 0x17, 0xE4, 0x17, 0xE4, 0x17, 0xFF, 0xE4, 0x17, 0xE4, 0x17,
    0xE4, 0x17, 0xE4, 0x17, 0xE4, 0x17, 0xE4, 0x17, 0xE4, 0x17, 0xE4, 0x17, 0xE4, 0x17, 0xE4, 0x17,
    0xE4, 0x17, 0xE4, 0x17, 0xE4, 0x17, 0xE4, 0x17, 0xE4, 0x17, 0xE4, 0x17, 0xE4, 0x17, 0xE4, 0x17,
    0xE4, 0x17, 0xE4, 0x17, 0xE4, 0x17, 0xE4, 0x17, 0xE4, 0x17, 0xE4, 0x17, 0xE4, 0x17, 0xE3, 0x17,
    0xE4, 0x17, 0xE4, 0x17, 0xE4, 0x17, 0xE3, 0x17, 0xE4, 0x2F, 0xA8, 0xA6, 0xD3, 0xE6, 0xB7, 0xDD,
    0xF5, 0xFE, 0xD9, 0xFE, 0xD9, 0xFE, 0xF9, 0xFE, 0xF9, 0xFE, 0xF9, 0xBE, 0x13, 0x4F, 0x2B, 0x1F,
    0xE8, 0x8F, 0xF0, 0xF7, 0x58, 0xED, 0xD6, 0xDD, 0x33, 0xED, 0xD5, 0xDD, 0x73, 0xDD, 0x94, 0xED,
    0xF6, 0xEE, 0x16, 0xF6, 0x98, 0xFE, 0xDA, 0xFE, 0xDA, 0xF6, 0xDA, 0xF6, 0xDA, 0xFF, 0x1B, 0xFF,
    0x5C, 0xFF, 0x5C, 0xFF, 0x5C, 0xFF, 0x5C, 0xFF, 0x5C, 0xFF, 0x5C, 0xFF, 0xFF, 0x5C, 0xFF, 0x5C,
    0xFF, 0x5C, 0xFF, 0x5C, 0xFF, 0x5C, 0xFF, 0x5C, 0xFF, 0x5C, 0xFF, 0x5C, 0xFF, 0x5C, 0xFF, 0x5C,
    0xFF, 0x5C, 0xFF, 0x5C, 0xFF, 0x5C, 0xFF, 0x5B, 0xFF, 0x3C, 0xFF, 0x5C, 0xFF, 0x7C, 0xFF, 0x9C,
    0xF6, 0xDA, 0x9C, 0x2E, 0xA5, 0x0F, 0x9D, 0x6F, 0xB5, 0x51, 0xCD, 0x73, 0xCD, 0x12, 0xDD, 0xB3,
    0xDD, 0xF4, 0xEE, 0x76, 0xF6, 0xB8, 0x83, 0x2C, 0xC5, 0x35, 0xDE, 0xF9, 0x6E, 0xCD, 0x27, 0xE5,
    0x17, 0xE3, 0x17, 0xE3, 0x17, 0xE4, 0x17, 0xE4, 0x17, 0xE4, 0x17, 0xE4, 0x17, 0xE4, 0x17, 0xE4,
    0x17, 0xE4, 0x17, 0xE4, 0x17, 0xE4, 0x17, 0xE4, 0x17, 0xE4, 0x17, 0xE4, 0x17, 0xE4, 0x17, 0xE4,
    0x17, 0xE4, 0x17, 0xE4, 0x17, 0xE4, 0x17, 0xE4, 0x17, 0xE4, 0x17, 0xE4, 0x17, 0xE4, 0x17, 0xE4,
    0x17, 0xE4, 0x17, 0xE4, 0x17, 0xE4, 0x17, 0xE4, 0x17, 0xE4, 0x17, 0xE4, 0x17, 0xFF, 0xE4, 0x17,
    0xE4, 0x17, 0xE4, 0x17, 0xE4, 0x17, 0xE4, 0x17, 0xE4, 0x17, 0xE4, 0x17, 0xE4, 0x17, 0xE4, 0x17,
    0xE4, 0x17, 0xE4, 0x17, 0xE4, 0x17, 0xE4, 0x17, 0xE4, 0x17, 0xE4, 0x17, 0xE4, 0x17, 0xE4, 0x17,
    0xE4, 0x17, 0xE4, 0x17, 0xE4, 0x17, 0xE4, 0x17, 0xE4, 0x17, 0xE4, 0x17, 0xE4, 0x17, 0xE4, 0x17,
    0xE4, 0x17, 0xE4, 0x17, 0xE4, 0x17, 0xE4, 0x17, 0xE4, 0x17, 0xE4, 0x17, 0xE4, 0x17, 0xE4, 0x17,
    0xE4, 0x17, 0xE4, 0x17, 0xE3, 0x17, 0xE4, 0x2F, 0xA8, 0xA6, 0xB3, 0xDE, 0x15, 0xEE, 0x36, 0xFE,
    0xD9, 0xFE, 0xD9, 0xFE, 0xD9, 0xFE, 0xD9, 0xFE, 0xFA, 0xBE, 0x54, 0x4F, 0x6C, 0x27, 0xE7, 0x57,
    0x6A, 0xD7, 0xD8, 0xF6, 0xFB, 0xED, 0xF7, 0xE5, 0xB5, 0xD5, 0x94, 0xE5, 0xD5, 0xF6, 0x98, 0xF6,
    0xB9, 0xF6, 0xD9, 0xFE, 0xDA, 0xFE, 0xDA, 0xF6, 0xDA, 0xF6, 0xFA, 0xFF, 0x3B, 0xFF, 0xFF, 0x5C,
    0xFF, 0x5C, 0xFF, 0x5C, 0xFF, 0x5C, 0xFF, 0x5C, 0xFF, 0x5C, 0xFF, 0x5C, 0xFF, 0x3B, 0xF7, 0x1B,
    0xFF, 0x5C, 0xFF, 0x5C, 0xFF, 0x5C, 0xFF, 0x5C, 0xFF, 0x5C, 0xFF, 0x5C, 0xFF, 0x5C, 0xFF, 0x5C,
    0xFF, 0x5C, 0xFF, 0x3B, 0xFF, 0x1B, 0xFE, 0xFA, 0xFE, 0xFA, 0xFF, 0x1A, 0xFF, 0x5B, 0xEE, 0xB9,
    0x9C, 0xCF, 0x7E, 0x2B, 0x56, 0x4A, 0x95, 0xAF, 0xDD, 0x74, 0xE5, 0x94, 0xE5, 0xD4, 0xE6, 0x14,
    0xF6, 0x76, 0xF6, 0x77, 0x83, 0x2C, 0xBD, 0xB6, 0xAE, 0xF5, 0x47, 0xAA, 0x1F, 0xE4, 0x17, 0xE2,
    0x17, 0xE3, 0x17, 0xE3, 0x17, 0xE3, 0x17, 0xE4, 0x17, 0xE4, 0x17, 0xE4, 0x17, 0xE4, 0x17, 0xE4,
    0x17, 0xE4, 0x17, 0xE4, 0x17, 0xE4, 0x17, 0xE4, 0x17, 0xE4, 0x17, 0xE4, 0x17, 0xE4, 0x17, 0xE4,
    0x17, 0xE4, 0x17, 0xE4, 0x17, 0xE4, 0x17, 0xE4, 0x17, 0xE4, 0x17, 0xE4, 0x17, 0xE4, 0x17, 0xFF,
    0xE4, 0x17, 0xE4, 0x17, 0xE4, 0x17, 0xE4, 0x17, 0xE4, 0x17, 0xE4, 0x17, 0xE4, 0x17, 0xE4, 0x17,
    0xE4, 0x17, 0xE4, 0x17, 0xE4, 0x17, 0xE4, 0x17, 0xE4, 0x17, 0xE4, 0x17, 0xE4, 0x17, 0xE4, 0x17,
    0xE4, 0x17, 0xE4, 0x17, 0xE4, 0x17, 0xE4, 0x17, 0xE4, 0x17, 0xE4, 0x17, 0xE4, 0x17, 0xE4, 0x17,
    0xE4, 0x17, 0xE4, 0x17, 0xE4, 0x17, 0xE4, 0x17, 0xE4, 0x17, 0xE4, 0x17, 0xE4, 0x17, 0xE4, 0x17,
    0xE4, 0x17, 0xE4, 0x17, 0xE4, 0x17, 0xE4, 0x17, 0xE4, 0x17, 0xE4, 0x17, 0xE4, 0x17, 0xE4, 0x17,
    0xE4, 0x17, 0xE3, 0x17, 0xE4, 0x2F, 0xA8, 0xA6, 0xB3, 0xBD, 0x31, 0xF6, 0x97, 0xFE, 0xD8, 0xFE,
    0xD9, 0xFE, 0xD9, 0xFE, 0xD9, 0xFE, 0xF9, 0xAE, 0x53, 0x4F, 0xAB, 0x27, 0xE7, 0x1F, 0xA4, 0x77,
    0xD0, 0xD7, 0xFA, 0xEF, 0x3A, 0xD6, 0x16, 0xDE, 0x16, 0xF6, 0xF9, 0xFF, 0x5B, 0xFF, 0x1A, 0xF6,
    0xFF, 0xD9, 0xF6, 0xDA, 0xFE, 0xDA, 0xFE, 0xFA, 0xFF, 0x1B, 0xFF, 0x3C, 0xFF, 0x5C, 0xFF, 0x5C,
    0xFF, 0x5C, 0xFF, 0x5C, 0xFF, 0x5C, 0xFF, 0x5C, 0xFF, 0x5C, 0xFF, 0x3B, 0xEE, 0xDA, 0xFF, 0x3B,
    0xF7, 0x1B, 0xEE, 0xDA, 0xFF, 0x5C, 0xFF, 0x5C, 0xFF, 0x5C, 0xFF, 0x5C, 0xFF, 0x5C, 0xFF, 0x5B,
    0xFF, 0x1B, 0xF6, 0xDA, 0xFE, 0xDA, 0xFE, 0xDA, 0xFE, 0xD9, 0xFF, 0x1A, 0xDE, 0x56, 0x85, 0x6D,
    0x4F, 0x49, 0x37, 0xA9, 0x8E, 0x2F, 0xDD, 0x94, 0xED, 0xB4, 0xE5, 0xF4, 0xE6, 0x35, 0xF6, 0xB7,
    0xEE, 0x77, 0x84, 0x0D, 0x9E, 0x74, 0x5F, 0x0E, 0x2F, 0xE9, 0x17, 0xE4, 0x17, 0xE3, 0x17, 0xE2,
    0x17, 0xE3, 0x17, 0xE3, 0x17, 0xE4, 0x17, 0xE4, 0x17, 0xE4, 0x17, 0xE4, 0x17, 0xE4, 0x17, 0xE4,
    0x17, 0xE4, 0x17, 0xE4, 0x17, 0xE4, 0x17, 0xE4, 0x17, 0xE4, 0x17, 0xE4, 0x17, 0xE4, 0x17, 0xE4,
    0x17, 0xFF, 0xE4, 0x17, 0xE4, 0x17, 0xE4, 0x17, 0xE4, 0x17, 0xE4, 0x17, 0xE4, 0x17, 0xE4, 0x17,
    0xE4, 0x17, 0xE4, 0x17, 0xE4, 0x17, 0xE4, 0x17, 0xE4, 0x17, 0xE4, 0x17, 0xE4, 0x17, 0xE4, 0x17,
    0xE4, 0x17, 0xE4, 0x17, 0xE4, 0x17, 0xE4, 0x17, 0xE4, 0x17, 0xE4, 0x17, 0xE4, 0x17, 0xE4, 0x17,
    0xE4, 0x17, 0xE4, 0x17, 0xE4, 0x17, 0xE4, 0x17, 0xE4, 0x17, 0xE4, 0x17, 0xE4, 0x17, 0xE4, 0x17,
    0xE4, 0x17, 0xE4, 0x17, 0xE4, 0x17, 0xE4, 0x17, 0xE4, 0x17, 0xE4, 0x17, 0xE4, 0x17, 0xE4, 0x17,
    0xE4, 0x17, 0xE4, 0x17, 0xE4, 0x17, 0xE4, 0x17, 0xE4, 0x17, 0xE4, 0x17, 0xE4, 0x17, 0xE4, 0x17,
    0xE4, 0x17, 0xE3, 0x27, 0xE6, 0x55, 0x2A, 0xAD, 0x11, 0xFE, 0xD9, 0xFE, 0xB9, 0xFE, 0xD9, 0xFE,
    0xD9, 0xFE, 0xB8, 0xF6, 0xD8, 0x8E, 0x4F, 0x3F, 0xEA, 0x17, 0xE5, 0x17, 0xE3, 0x27, 0xE6, 0x5F,
    0xCC, 0x9F, 0xC6, 0xF3, 0xC7, 0xF7, 0xCF, 0xF7, 0xDF, 0xD9, 0xCE, 0xD7, 0xE6, 0xF9, 0xF7, 0x3A,
    0xFE, 0xFA, 0xFE, 0xFA, 0xFF, 0x1B, 0xFF, 0x3B, 0xFF, 0x3C, 0xFF, 0x5C, 0xFF, 0x5C, 0xFF, 0x5C,
    0xFF, 0x5C, 0xFF, 0x5C, 0xFF, 0x5C, 0xFF, 0x5C, 0xFF, 0x5C, 0xFF, 0x5C, 0xFF, 0x5C, 0xFF, 0x3B,
    0xFF, 0x3B, 0xFF, 0x5C, 0xFF, 0x5C, 0xFF, 0x5C, 0xFF, 0x5C, 0xFF, 0x5C, 0xFF, 0x3B, 0xFE, 0xFB,
    0xFE, 0xDA, 0xFE, 0xDA, 0xFE, 0xBA, 0xFE, 0x99, 0xF6, 0xB9, 0x02, 0xD6, 0xFF, 0x7E, 0x8D, 0x47,
    0xE8, 0x2F, 0xE7, 0x8E, 0x0F, 0xDD, 0xB4, 0xE5, 0xB4, 0xEE, 0x15, 0xEE, 0x76, 0xF6, 0xF8, 0xCE,
    0x74, 0x75, 0xEC, 0x4F, 0x4B, 0x27, 0xE9, 0x17, 0xE7, 0x17, 0xE4, 0x17, 0xE3, 0x17, 0xE3, 0x17,
    0xE3, 0x17, 0xE3, 0x17, 0xE4, 0x17, 0xE4, 0x17, 0xE4, 0x17, 0xE4, 0x17, 0xE4, 0x17, 0xE4, 0x17,
    0xE4, 0x17, 0xE4, 0x17, 0xE4, 0x17, 0xE4, 0x17, 0xE4, 0x17, 0xE4, 0x17, 0xE4, 0x17, 0xE4, 0x17,
    0xE4, 0x17, 0xE4, 0x17, 0xE4, 0x17, 0xE4, 0x17, 0xE4, 0x17, 0xE4, 0x17, 0xE4, 0x17, 0xE4, 0x17,
    0xE4, 0x17, 0xE4, 0x17, 0xE4, 0x17, 0xE4, 0x17, 0xE4, 0x17, 0xE4, 0x17, 0xE4, 0x17, 0xE4, 0x17,
    0xE4, 0x17, 0xE4, 0x17, 0xE4, 0x17, 0xE4, 0x17, 0xE4, 0x17, 0xE4, 0x17, 0xE4, 0x17, 0xE4, 0x17,
    0xE4, 0x17, 0xE4, 0x17, 0xE4, 0x17, 0xE4, 0x17, 0xE4, 0x17, 0xE4, 0x17, 0xE4, 0xFF, 0x17, 0xE4,
    0x17, 0xE4, 0x17, 0xE4, 0x17, 0xE4, 0x17, 0xE4, 0x17, 0xE4, 0x17, 0xE4, 0x17, 0xE4, 0x17, 0xE4,
    0x17, 0xE4, 0x17, 0xE4, 0x17, 0xE4, 0x17, 0xE4, 0x17, 0xE4, 0x17, 0xE4, 0x17, 0xE4, 0x1F, 0xE4,
    0x1F, 0xE4, 0x2F, 0xE5, 0x5E, 0x4B, 0xCE, 0x97, 0xFE, 0xFA, 0xFE, 0xD9, 0xFE, 0xD8, 0xFE, 0xD8,
    0xF6, 0x77, 0xC6, 0x13, 0x66, 0x8C, 0x2F, 0xE8, 0x17, 0xE4, 0x17, 0xE3, 0x1F, 0xE5, 0x27, 0xE5,
    0x27, 0xC5, 0x2F, 0xA6, 0x37, 0x88, 0x3E, 0xC8, 0x4D, 0x8A, 0x96, 0x11, 0xE7, 0x5A, 0xFF, 0x5C,
    0xFF, 0x3C, 0xFF, 0x3C, 0xFF, 0x5C, 0xFF, 0x3C, 0xFF, 0x5C, 0xFF, 0x5C, 0xFF, 0x5C, 0xFF, 0x5C,
    0xFF, 0x5C, 0xFF, 0x5C, 0xFF, 0x5C, 0xFF, 0x5C, 0xFF, 0x5C, 0xFF, 0x5C, 0xFF, 0x5C, 0xFF, 0x5C,
    0xFF, 0x5C, 0xFF, 0x5C, 0xFF, 0x5C, 0xFF, 0x5C, 0xFF, 0x5C, 0xFF, 0x3C, 0xFE, 0xFB, 0xFF, 0xFE,
    0xDB, 0xFE, 0xDB, 0xFE, 0xBA, 0xFE, 0xBA, 0xF6, 0xFA, 0xC7, 0x16, 0x57, 0x6B, 0x2F, 0xE6, 0x37,
    0xA6, 0x9E, 0x30, 0xDD, 0xB5, 0xE5, 0xD5, 0xEE, 0x36, 0xF6, 0xB8, 0xE7, 0x18, 0x8E, 0x4F, 0x3F,
    0x89, 0x17, 0xE5, 0x17, 0xE5, 0x17, 0xE5, 0x17, 0xE4, 0x17, 0xE4, 0x17, 0xE4, 0x17, 0xE4, 0x17,
    0xE4, 0x17, 0xE4, 0x17, 0xE4, 0x17, 0xE4, 0x17, 0xE4, 0x17, 0xE4, 0x17, 0xE4, 0x17, 0xE4, 0x17,
    0xE4, 0x17, 0xE4, 0x17, 0xE4, 0x17, 0xE4, 0x17, 0xE4, 0x17, 0xE4, 0x17, 0xE4, 0x17, 0xE4, 0x17,
    0xE4, 0x17, 0xE4, 0x17, 0xE4, 0x17, 0xE4, 0x17, 0xE4, 0x17, 0xE4, 0x17, 0xE4, 0x17, 0xE4, 0x17,
    0xE4, 0x17, 0xE4, 0x17, 0xE4, 0x17, 0xE4, 0x17, 0xE4, 0x17, 0xE4, 0x17, 0xE4, 0x17, 0xE4, 0x17,
    0xE4, 0x17, 0xE4, 0x17, 0xE4, 0x17, 0xE4, 0x17, 0xE4, 0x17, 0xE4, 0x17, 0xE4, 0x17, 0xE4, 0xFF,
    0x17, 0xE4, 0x17, 0xE4, 0x17, 0xE4, 0x17, 0xE4, 0x17, 0xE4, 0x17, 0xE4, 0x17, 0xE4, 0x17, 0xE4,
    0x17, 0xE4, 0x17, 0xE4, 0x17, 0xE4, 0x17, 0xE4, 0x17, 0xE4, 0x17, 0xE4, 0x17, 0xE4, 0x17, 0xE4,
    0x17, 0xE4, 0x17, 0xE4, 0x17, 0xE4, 0x17, 0xE4, 0x17, 0xE4, 0x17, 0xE4, 0x1F, 0xE4, 0x2F, 0xE6,
    0x47, 0xA7, 0x86, 0x6F, 0xEF, 0x1A, 0xFE, 0xDA, 0xFE, 0xD9, 0xF6, 0xD9, 0xF6, 0xB8, 0xCE, 0x14,
    0x7D, 0xEC, 0x47, 0xE9, 0x1F, 0xE6, 0x17, 0xE4, 0x17, 0xE4, 0x17, 0xE4, 0x17, 0xE4, 0x17, 0xE4,
    0x17, 0xE4, 0x17, 0xE4, 0x17, 0xE3, 0x27, 0x24, 0x35, 0xE7, 0x8E, 0x90, 0xDF, 0xDA, 0xF7, 0xBC,
    0xFF, 0x5C, 0xFF, 0x5C, 0xFF, 0x5D, 0xFF, 0x5D, 0xFF, 0x5C, 0xFF, 0x5C, 0xFF, 0x5C, 0xFF, 0x5C,
    0xFF, 0x5C, 0xFF, 0x5C, 0xFF, 0x5C, 0xFF, 0x5C, 0xFF, 0x5C, 0xFF, 0x5C, 0xFF, 0x5C, 0xFF, 0x5C,
    0xFF, 0xFF, 0x5C, 0xFF, 0x5C, 0xFF, 0x5C, 0xFF, 0x5C, 0xFF, 0x5C, 0xFF, 0x3B, 0xFF, 0x1B, 0xFE,
    0xFB, 0xFE, 0xDB, 0xFE, 0xFA, 0xE7, 0x39, 0x86, 0xD0, 0x37, 0xE8, 0x27, 0xE5, 0x47, 0x48, 0xAE,
    0x12, 0xE5, 0xD5, 0xEE, 0x16, 0xF6, 0x98, 0xFF, 0x5A, 0xB6, 0xD4, 0x4E, 0xEA, 0x1F, 0xE6, 0x17,
    0xE4, 0x17, 0xE4, 0x17, 0xE4, 0x17, 0xE4, 0x17, 0xE4, 0x17, 0xE4, 0x17, 0xE4, 0x17, 0xE4, 0x17,
    0xE4, 0x17, 0xE4, 0x17, 0xE4, 0x17, 0xE4, 0x17, 0xE4, 0x17, 0xE4, 0x17, 0xE4, 0x17, 0xE4, 0x17,
    0xE4, 0x17, 0xE4, 0x17, 0xE4, 0x17, 0xE4, 0x17, 0xE4, 0x17, 0xE4, 0x17, 0xE4, 0x17, 0xE4, 0x17,
    0xE4, 0x17, 0xE4, 0x17, 0xE4, 0x17, 0xE4, 0x17, 0xE4, 0x17, 0xE4, 0x17, 0xE4, 0x17, 0xE4, 0x17,
    0xE4, 0x17, 0xE4, 0x17, 0xE4, 0x17, 0xE4, 0x17, 0xE4, 0x17, 0xE4, 0x17, 0xE4, 0x17, 0xE4, 0x17,
    0xE4, 0xFF, 0x17, 0xE4, 0x17, 0xE4, 0x17, 0xE4, 0x17, 0xE4, 0x17, 0xE4, 0x17, 0xE4, 0x17, 0xE4,
    0x17, 0xE4, 0x17, 0xE4, 0x17, 0xE4, 0x17, 0xE4, 0x17, 0xE4, 0x17, 0xE4, 0x17, 0xE4, 0x17, 0xE4,
    0x17, 0xE4, 0x17, 0xE4, 0x17, 0xE4, 0x17, 0xE4, 0x17, 0xE4, 0x17, 0xE4, 0x17, 0xE4, 0x17, 0xE4,
    0x17, 0xE4, 0x17, 0xE4, 0x17, 0xE4, 0x17, 0xE4, 0x17, 0xE4, 0x27, 0xE5, 0x3F, 0xE7, 0x67, 0x0C,
    0xD7, 0x37, 0xFE, 0xDA, 0xFE, 0xBA, 0xF6, 0xDA, 0xEE, 0xD9, 0xC6, 0x74, 0x75, 0xEC, 0x47, 0x28,
    0x2F, 0xE6, 0x17, 0xE4, 0x17, 0xE4, 0x17, 0xE4, 0x17, 0xE4, 0x17, 0xE3, 0x17, 0xE4, 0x17, 0xE3,
    0x17, 0xE3, 0x17, 0xE3, 0x1F, 0xE4, 0x1F, 0xE4, 0x26, 0x85, 0x67, 0x0D, 0xAF, 0xF6, 0xDF, 0xFA,
    0xF7, 0x9C, 0xFF, 0x7D, 0xFF, 0x5D, 0xFF, 0x5C, 0xFF, 0x5C, 0xFF, 0x5C, 0xFF, 0x5C, 0xFF, 0x5C,
    0xFF, 0x5C, 0xFF, 0xFF, 0x5C, 0xFF, 0x5C, 0xFF, 0x5C, 0xFF, 0x5C, 0xFF, 0x5C, 0xFF, 0x5C, 0xFF,
    0x5C, 0xFF, 0x5C, 0xFF, 0x5C, 0xFF, 0x5C, 0xFF, 0x5C, 0xFF, 0x5C, 0xFF, 0x5C, 0xFF, 0x3C, 0xF7,
    0x5B, 0xE7, 0x79, 0x8E, 0xF1, 0x47, 0x8B, 0x27, 0xE7, 0x2F, 0xE6, 0x5E, 0x6B, 0xC5, 0xF4, 0xEE,
    0x16, 0xF6, 0xD8, 0xF7, 0x59, 0xC7, 0x35, 0x66, 0xEC, 0x37, 0xE8, 0x17, 0xE4, 0x17, 0xE4, 0x17,
    0xE4, 0x17, 0xE4, 0x17, 0xE4, 0x17, 0xE4, 0x17, 0xE4, 0x17, 0xE4, 0x17, 0xE4, 0x17, 0xE4, 0x17,
    0xE4, 0x17, 0xE4, 0x17, 0xE4, 0x17, 0xE4, 0x17, 0xE4, 0x17, 0xE4, 0x17, 0xE4, 0x17, 0xE4, 0x17,
    0xE4, 0x17, 0xE4, 0x17, 0xE4, 0x17, 0xE4, 0x17, 0xE4, 0x17, 0xE4, 0x17, 0xE4, 0x17, 0xE4, 0x17,
    0xE4, 0x17, 0xE4, 0x17, 0xE4, 0x17, 0xE4, 0x17, 0xE4, 0x17, 0xE4, 0x17, 0xE4, 0x17, 0xE4, 0x17,
    0xE4, 0x17, 0xE4, 0xFF, 0x17, 0xE4, 0x17, 0xE4, 0x17, 0xE4, 0x17, 0xE4, 0x17, 0xE4, 0x17, 0xE4,
    0x17, 0xE4, 0x17, 0xE4, 0x17, 0xE4, 0x17, 0xE4, 0x17, 0xE4, 0x17, 0xE4, 0x17, 0xE4, 0x17, 0xE4,
    0x17, 0xE4, 0x17, 0xE4, 0x17, 0xE4, 0x17, 0xE4, 0x17, 0xE4, 0x17, 0xE4, 0x17, 0xE4, 0x17, 0xE4,
    0x17, 0xE4, 0x17, 0xE4, 0x17, 0xE4, 0x17, 0xE4, 0x17, 0xE4, 0x17, 0xE4, 0x17, 0xE4, 0x17, 0xE4,
    0x17, 0xE4, 0x17, 0xE4, 0x17, 0xE4, 0x17, 0xE4, 0x1F, 0xE4, 0x37, 0xE6, 0x87, 0xEF, 0xCF, 0x76,
    0xDF, 0x37, 0xD6, 0xF6, 0xCE, 0xD5, 0xAE, 0xB2, 0x66, 0x6B, 0x47, 0xA8, 0x2F, 0xE7, 0x17, 0xE4,
    0x17, 0xE4, 0x17, 0xE4, 0x17, 0xE4, 0x17, 0xE4, 0x17, 0xE4, 0x17, 0xE3, 0x17, 0xE4, 0x17, 0xE4,
    0x17, 0xE3, 0x17, 0xE3, 0x17, 0xE4, 0x1F, 0xE5, 0x1F, 0xE5, 0x2F, 0x88, 0x77, 0xCF, 0xC7, 0xF8,
    0xEF, 0xDB, 0xFF, 0x7C, 0xFF, 0xFF, 0x5C, 0xFF, 0x5C, 0xFF, 0x5C, 0xFF, 0x5C, 0xFF, 0x5C, 0xFF,
    0x5C, 0xFF, 0x5C, 0xFF, 0x5C, 0xFF, 0x5C, 0xFF, 0x5C, 0xFF, 0x5C, 0xFF, 0x5C, 0xFF, 0x5C, 0xFF,
    0x5C, 0xFF, 0x5C, 0xFF, 0x5C, 0xFF, 0x5C, 0xFF, 0x5C, 0xFF, 0x9C, 0xF7, 0x9B, 0xD7, 0x78, 0x7E,
    0xEF, 0x47, 0xAA, 0x2F, 0xE8, 0x27, 0xE6, 0x3E, 0xE7, 0x96, 0x51, 0xDE, 0x77, 0xF6, 0xF9, 0xE7,
    0x98, 0xA6, 0xF1, 0x5E, 0xCA, 0x3F, 0xE8, 0x1F, 0xE5, 0x17, 0xE4, 0x17, 0xE4, 0x17, 0xE4, 0x17,
    0xE4, 0x17, 0xE4, 0x17, 0xE4, 0x17, 0xE4, 0x17, 0xE4, 0x17, 0xE4, 0x17, 0xE4, 0x17, 0xE4, 0x17,
    0xE4, 0x17, 0xE4, 0x17, 0xE4, 0x17, 0xE4, 0x17, 0xE4, 0x17, 0xE4, 0x17, 0xE4, 0x17, 0xE4, 0x17,
    0xE4, 0x17, 0xE4, 0x17, 0xE4, 0x17, 0xE4, 0x17, 0xE4, 0x17, 0xE4, 0x17, 0xE4, 0x17, 0xE4, 0x17,
    0xE4, 0x17, 0xE4, 0x17, 0xE4, 0xFF, 0x17, 0xE4, 0x17, 0xE4, 0x17, 0xE4, 0x17, 0xE4, 0x17, 0xE4,
    0x17, 0xE4, 0x17, 0xE4, 0x17, 0xE4, 0x17, 0xE4, 0x17, 0xE4, 0x17, 0xE4, 0x17, 0xE4, 0x17, 0xE4,
    0x17, 0xE4, 0x17, 0xE4, 0x17, 0xE4, 0x17, 0xE4, 0x17, 0xE4, 0x17, 0xE4, 0x17, 0xE4, 0x17, 0xE4,
    0x17, 0xE4, 0x17, 0xE4, 0x17, 0xE4, 0x17, 0xE4, 0x17, 0xE4, 0x17, 0xE4, 0x17, 0xE4, 0x17, 0xE4,
    0x17, 0xE4, 0x17, 0xE4, 0x17, 0xE4, 0x17, 0xE4, 0x17, 0xE4, 0x17, 0xE4, 0x17, 0xE4, 0x17, 0xE4,
    0x17, 0xE4, 0x17, 0xE4, 0x17, 0xE4, 0x17, 0xE4, 0x1F, 0xE5, 0x3F, 0xC6, 0x67, 0x4A, 0x6F, 0x0B,
    0x66, 0xCA, 0x56, 0xA9, 0x4F, 0x29, 0x37, 0xE7, 0x27, 0xE5, 0x17, 0xE4, 0x17, 0xE4, 0x17, 0xE4,
    0x17, 0xE4, 0x17, 0xE4, 0x17, 0xE4, 0x17, 0xE4, 0x17, 0xE4, 0x17, 0xE3, 0x17, 0xE4, 0x17, 0xE4,
    0x17, 0xE3, 0x17, 0xE3, 0x1F, 0xE4, 0xFF, 0x1F, 0xE4, 0x1F, 0xE5, 0x27, 0xE6, 0x4F, 0x2A, 0x96,
    0xD2, 0xE7, 0x19, 0xFF, 0x5C, 0xFF, 0x5C, 0xFF, 0x5C, 0xFF, 0x5C, 0xFF, 0x5C, 0xFF, 0x5C, 0xFF,
    0x5C, 0xFF, 0x5C, 0xFF, 0x5C, 0xFF, 0x5C, 0xFF, 0x5C, 0xFF, 0x5C, 0xFF, 0x5C, 0xFF, 0x5C, 0xFF,
    0x5C, 0xFF, 0x7C, 0xF7, 0x9C, 0xF7, 0xDB, 0xD7, 0xD8, 0x9F, 0x32, 0x5E, 0xCC, 0x3F, 0xE9, 0x27,
    0xE7, 0x1F, 0xE5, 0x3F, 0xA7, 0x87, 0x90, 0xCF, 0xD9, 0xD7, 0x98, 0xB7, 0x14, 0x6E, 0x8C, 0x47,
    0x68, 0x37, 0xE7, 0x27, 0xE4, 0x1F, 0xE4, 0x17, 0xE4, 0x17, 0xE4, 0x17, 0xE4, 0x17, 0xE4, 0x17,
    0xE4, 0x17, 0xE4, 0x17, 0xE4, 0x17, 0xE4, 0x17, 0xE4, 0x17, 0xE4, 0x17, 0xE4, 0x17, 0xE4, 0x17,
    0xE4, 0x17, 0xE4, 0x17, 0xE4, 0x17, 0xE4, 0x17, 0xE4, 0x17, 0xE4, 0x17, 0xE4, 0x17, 0xE4, 0x17,
    0xE4, 0x17, 0xE4, 0x17, 0xE4, 0x17, 0xE4, 0xFF, 0x17, 0xE4, 0x17, 0xE4, 0x17, 0xE4, 0x17, 0xE4,
    0x17, 0xE4, 0x17, 0xE4, 0x17, 0xE4, 0x17, 0xE4, 0x17, 0xE4, 0x17, 0xE4, 0x17, 0xE4, 0x17, 0xE4,
    0x17, 0xE4, 0x17, 0xE4, 0x17, 0xE4, 0x17, 0xE4, 0x17, 0xE4, 0x17, 0xE4, 0x17, 0xE4, 0x17, 0xE4,
    0x17, 0xE4, 0x17, 0xE4, 0x17, 0xE4, 0x17, 0xE4, 0x17, 0xE4, 0x17, 0xE4, 0x17, 0xE4, 0x17, 0xE4,
    0x17, 0xE4, 0x17, 0xE4, 0x17, 0xE4, 0x17, 0xE4, 0x17, 0xE4, 0x17, 0xE4, 0x17, 0xE4, 0x17, 0xE4,
    0x17, 0xE4, 0x17, 0xE4, 0x17, 0xE4, 0x17, 0xE4, 0x17, 0xE4, 0x17, 0xE4, 0x17, 0xE4, 0x17, 0xE4,
    0x17, 0xE4, 0x17, 0xE4, 0x17, 0xE4, 0x17, 0xE4, 0x27, 0xE4, 0x2F, 0xE5, 0x2F, 0xE5, 0x27, 0xE5,
    0x27, 0xE5, 0x27, 0xE5, 0x1F, 0xE4, 0x17, 0xE3, 0x17, 0xE3, 0x17, 0xE4, 0x17, 0xE4, 0x17, 0xE4,
    0x17, 0xE4, 0x17, 0xE4, 0x17, 0xE4, 0x17, 0xE4, 0xFF, 0x17, 0xE4, 0x1F, 0xE4, 0x1F, 0xE4, 0x1F,
    0xE4, 0x1F, 0xE5, 0x1F, 0xE5, 0x27, 0xE5, 0x27, 0xE5, 0x2F, 0xE6, 0x3F, 0xC9, 0x55, 0x8A, 0x9D,
    0x51, 0xD6, 0x17, 0xEE, 0x99, 0xF6, 0xFB, 0xFF, 0x3C, 0xFF, 0x3C, 0xFF, 0x5C, 0xFF, 0x7C, 0xFF,
    0x9C, 0xFF, 0x9C, 0xFF, 0x9C, 0xF7, 0x9B, 0xF7, 0x9B, 0xF7, 0xBB, 0xEF, 0xDB, 0xE7, 0xDA, 0xD7,
    0xD8, 0xBF, 0xD5, 0x8F, 0x90, 0x57, 0x6A, 0x37, 0xA7, 0x2F, 0xE6, 0x1F, 0xE5, 0x17, 0xE4, 0x0F,
    0xE3, 0x27, 0xC5, 0x47, 0x48, 0x57, 0x4B, 0x57, 0x6B, 0x47, 0x68, 0x37, 0xE6, 0x27, 0xE6, 0x17,
    0xE4, 0x17, 0xE3, 0x17, 0xE3, 0x17, 0xE4, 0x17, 0xE4, 0x17, 0xE4, 0x17, 0xE4, 0x17, 0xE4, 0x17,
    0xE4, 0x17, 0xE4, 0x17, 0xE4, 0x17, 0xE4, 0x17, 0xE4, 0x17, 0xE4, 0x17, 0xE4, 0x17, 0xE4, 0x17,
    0xE4, 0x17, 0xE4, 0x17, 0xE4, 0x17, 0xE4, 0x17, 0xE4, 0xFF, 0x17, 0xE4, 0x17, 0xE4, 0x17, 0xE4,
    0x17, 0xE4, 0x17, 0xE4, 0x17, 0xE4, 0x17, 0xE4, 0x17, 0xE4, 0x17, 0xE4, 0x17, 0xE4, 0x17, 0xE4,
    0x17, 0xE4, 0x17, 0xE4, 0x17, 0xE4, 0x17, 0xE4, 0x17, 0xE4, 0x17, 0xE4, 0x17, 0xE4, 0x17, 0xE4,
    0x17, 0xE4, 0x17, 0xE4, 0x17, 0xE4, 0x17, 0xE4, 0x17, 0xE4, 0x17, 0xE4, 0x17, 0xE4, 0x17, 0xE4,
    0x17, 0xE4, 0x17, 0xE4, 0x17, 0xE4, 0x17, 0xE4, 0x17, 0xE4, 0x17, 0xE4, 0x17, 0xE4, 0x17, 0xE4,
    0x17, 0xE4, 0x17, 0xE4, 0x17, 0xE4, 0x17, 0xE4, 0x17, 0xE4, 0x17, 0xE4, 0x17, 0xE4, 0x17, 0xE4,
    0x17, 0xE4, 0x17, 0xE4, 0x17, 0xE4, 0x17, 0xE4, 0x17, 0xE4, 0x17, 0xE4, 0x17, 0xE4, 0x17, 0xE4,
    0x17, 0xE4, 0x17, 0xE4, 0x17, 0xE4, 0x17, 0xE4, 0x17, 0xE4, 0x17, 0xE4, 0x17, 0xE4, 0x17, 0xE3,
    0x17, 0xE3, 0x17, 0xE3, 0x17, 0xE3, 0x17, 0xE3, 0x17, 0xE4, 0xFF, 0x17, 0xE3, 0x17, 0xE4, 0x17,
    0xE4, 0x17, 0xE4, 0x1F, 0xE4, 0x27, 0xE6, 0x2F, 0xE7, 0x3F, 0xE8, 0x47, 0xE8, 0x4F, 0xE8, 0x57,
    0xE9, 0x57, 0xE9, 0x57, 0xE9, 0x57, 0xE9, 0x4F, 0xE9, 0x56, 0xAB, 0xB7, 0x96, 0xEF, 0x59, 0xE6,
    0x37, 0xD5, 0xB6, 0xD5, 0xB5, 0xD5, 0xB6, 0xDD, 0xD6, 0xD5, 0xD6, 0xD5, 0xD6, 0xDE, 0x37, 0xE6,
    0x98, 0xD6, 0xD7, 0xBF, 0x76, 0xAF, 0xD4, 0x97, 0x91, 0x77, 0x4E, 0x5F, 0x4D, 0x4F, 0x4B, 0x3F,
    0x88, 0x2F, 0xE6, 0x1F, 0xE5, 0x1F, 0xE4, 0x17, 0xE3, 0x17, 0xE4, 0x17, 0xE4, 0x17, 0xE4, 0x17,
    0xE3, 0x17, 0xE3, 0x17, 0xE3, 0x17, 0xE4, 0x17, 0xE4, 0x17, 0xE4, 0x17, 0xE4, 0x17, 0xE4, 0x17,
    0xE3, 0x17, 0xE4, 0x17, 0xE4, 0x17, 0xE4, 0x17, 0xE4, 0x17, 0xE4, 0x17, 0xE4, 0x17, 0xE4, 0x17,
    0xE4, 0x17, 0xE4, 0x17, 0xE4, 0x17, 0xE4, 0x17, 0xE4, 0x17, 0xE4, 0xFF, 0x17, 0xE4, 0x17, 0xE4,
    0x17, 0xE4, 0x17, 0xE4, 0x17, 0xE4, 0x17, 0xE4, 0x17, 0xE4, 0x17, 0xE4, 0x17, 0xE4, 0x17, 0xE4,
    0x17, 0xE4, 0x17, 0xE4, 0x17, 0xE4, 0x17, 0xE4, 0x17, 0xE4, 0x17, 0xE4, 0x17, 0xE4, 0x17, 0xE4,
    0x17, 0xE4, 0x17, 0xE4, 0x17, 0xE4, 0x17, 0xE4, 0x17, 0xE4, 0x17, 0xE4, 0x17, 0xE4, 0x17, 0xE4,
    0x17, 0xE4, 0x17, 0xE4, 0x17, 0xE4, 0x17, 0xE4, 0x17, 0xE4, 0x17, 0xE4, 0x17, 0xE4, 0x17, 0xE4,
    0x17, 0xE4, 0x17, 0xE4, 0x17, 0xE4, 0x17, 0xE4, 0x17, 0xE4, 0x17, 0xE4, 0x17, 0xE4, 0x17, 0xE4,
    0x17, 0xE4, 0x17, 0xE4, 0x17, 0xE4, 0x17, 0xE4, 0x17, 0xE4, 0x17, 0xE4, 0x17, 0xE4, 0x17, 0xE4,
    0x17, 0xE4, 0x17, 0xE4, 0x17, 0xE4, 0x17, 0xE4, 0x17, 0xE4, 0x17, 0xE4, 0x17, 0xE4, 0x17, 0xE4,
    0x17, 0xE4, 0x17, 0xE4, 0x17, 0xE4, 0x17, 0xE4, 0x17, 0xE4, 0x17, 0xE4, 0xFF, 0x17, 0xE4, 0x17,
    0xE4, 0x17, 0xE4, 0x17, 0xE4, 0x17, 0xE4, 0x17, 0xE4, 0x17, 0xE4, 0x17, 0xE4, 0x17, 0xE4, 0x1F,
    0xE5, 0x3F, 0xE7, 0x57, 0x89, 0x66, 0xA9, 0x65, 0xC9, 0x6D, 0x29, 0x6C, 0xA8, 0x74, 0x48, 0x6C,
    0x07, 0x5B, 0x86, 0x53, 0x86, 0x4B, 0x86, 0x63, 0xA9, 0xDE, 0x96, 0xFF, 0xDC, 0xFF, 0xDD, 0xFE,
    0xFB, 0xEE, 0x17, 0xE5, 0xB6, 0xD5, 0x34, 0xBC, 0xB2, 0x82, 0xEB, 0x6A, 0x28, 0x62, 0x07, 0x73,
    0x6A, 0x76, 0x2D, 0x47, 0xAA, 0x2F, 0xE7, 0x27, 0xE6, 0x1F, 0xE7, 0x1F, 0xE6, 0x1F, 0xE6, 0x1F,
    0xE5, 0x17, 0xE4, 0x17, 0xE4, 0x17, 0xE3, 0x17, 0xE3, 0x17, 0xE4, 0x17, 0xE4, 0x17, 0xE4, 0x17,
    0xE3, 0x17, 0xE3, 0x17, 0xE3, 0x17, 0xE3, 0x17, 0xE4, 0x17, 0xE4, 0x17, 0xE4, 0x17, 0xE4, 0x17,
    0xE4, 0x17, 0xE4, 0x17, 0xE4, 0x17, 0xE4, 0x17, 0xE4, 0x17, 0xE4, 0x17, 0xE4, 0xFF, 0x17, 0xE4,
    0x17, 0xE4, 0x17, 0xE4, 0x17, 0xE4, 0x17, 0xE4, 0x17, 0xE4, 0x17, 0xE4, 0x17, 0xE4, 0x17, 0xE4,
    0x17, 0xE4, 0x17, 0xE4, 0x17, 0xE4, 0x17, 0xE4, 0x17, 0xE4, 0x17, 0xE4, 0x17, 0xE4, 0x17, 0xE4,
    0x17, 0xE4, 0x17, 0xE4, 0x17, 0xE4, 0x17, 0xE4, 0x17, 0xE4, 0x17, 0xE4, 0x17, 0xE4, 0x17, 0xE4,
    0x17, 0xE4, 0x17, 0xE4, 0x17, 0xE4, 0x17, 0xE4, 0x17, 0xE4, 0x17, 0xE4, 0x17, 0xE4, 0x17, 0xE4,
    0x17, 0xE4, 0x17, 0xE4, 0x17, 0xE4, 0x17, 0xE3, 0x17, 0xE3, 0x17, 0xE3, 0x17, 0xE4, 0x17, 0xE4,
    0x17, 0xE4, 0x17, 0xE4, 0x17, 0xE4, 0x17, 0xE4, 0x17, 0xE4, 0x17, 0xE4, 0x17, 0xE4, 0x17, 0xE4,
    0x17, 0xE4, 0x17, 0xE4, 0x17, 0xE4, 0x17, 0xE4, 0x17, 0xE4, 0x17, 0xE4, 0x17, 0xE4, 0x17, 0xE4,
    0x17, 0xE4, 0x17, 0xE4, 0x17, 0xE4, 0x17, 0xE4, 0x17, 0xE4, 0x17, 0xE4, 0x17, 0xE4, 0xFF, 0x17,
    0xE4, 0x17, 0xE4, 0x17, 0xE4, 0x17, 0xE4, 0x17, 0xE4, 0x17, 0xE4, 0x17, 0xE4, 0x17, 0xE4, 0x17,
    0xE4, 0x17, 0xE4, 0x17, 0xE4, 0x17, 0xE4, 0x17, 0xE4, 0x17, 0xE4, 0x1F, 0xE5, 0x3F, 0xE8, 0x55,
    0x67, 0x6B, 0x86, 0x6A, 0xE5, 0x7A, 0x86, 0x82, 0x67, 0x82, 0x06, 0x79, 0xC6, 0x69, 0x44, 0x69,
    0x84, 0x69, 0xC5, 0x69, 0xE5, 0x69, 0xE5, 0x82, 0x47, 0xBB, 0xEE, 0xE4, 0xD2, 0xBB, 0x4D, 0xAA,
    0xCB, 0xB3, 0x0C, 0xD4, 0x10, 0xD4, 0x31, 0xA2, 0xEC, 0x71, 0xA7, 0x69, 0x66, 0x7A, 0x07, 0x8C,
    0xCB, 0x67, 0xED, 0x27, 0xE7, 0x17, 0xE5, 0x17, 0xE5, 0x17, 0xE4, 0x17, 0xE4, 0x17, 0xE4, 0x17,
    0xE4, 0x17, 0xE4, 0x17, 0xE3, 0x17, 0xE4, 0x17, 0xE4, 0x17, 0xE4, 0x17, 0xE4, 0x17, 0xE3, 0x17,
    0xE3, 0x17, 0xE4, 0x17, 0xE4, 0x17, 0xE4, 0x17, 0xE4, 0x17, 0xE4, 0x17, 0xE4, 0x17, 0xE4, 0xFF,
    0x17, 0xE4, 0x17, 0xE4, 0x17, 0xE4, 0x17, 0xE4, 0x17, 0xE4, 0x17, 0xE4, 0x17, 0xE4, 0x17, 0xE4,
    0x17, 0xE4, 0x17, 0xE4, 0x17, 0xE4, 0x17, 0xE4, 0x17, 0xE4, 0x17, 0xE4, 0x17, 0xE4, 0x17, 0xE4,
    0x17, 0xE4, 0x17, 0xE4, 0x17, 0xE4, 0x17, 0xE4, 0x17, 0xE4, 0x17, 0xE4, 0x17, 0xE4, 0x17, 0xE4,
    0x17, 0xE4, 0x17, 0xE4, 0x17, 0xE4, 0x17, 0xE4, 0x17, 0xE4, 0x17, 0xE4, 0x17, 0xE4, 0x17, 0xE4,
    0x17, 0xE4, 0x17, 0xE4, 0x17, 0xE4, 0x17, 0xE4, 0x17, 0xE4, 0x17, 0xE4, 0x17, 0xE4, 0x17, 0xE4,
    0x17, 0xE3, 0x17, 0xE3, 0x17, 0xE3, 0x17, 0xE3, 0x17, 0xE3, 0x17, 0xE3, 0x17, 0xE3, 0x17, 0xE3,
    0x17, 0xE4, 0x17, 0xE4, 0x17, 0xE4, 0x17, 0xE4, 0x17, 0xE4, 0x17, 0xE4, 0x17, 0xE4, 0x17, 0xE4,
    0x17, 0xE4, 0x17, 0xE4, 0x17, 0xE4, 0x17, 0xE4, 0x17, 0xE4, 0x17, 0xE4, 0x17, 0xE4, 0x17, 0xE4,
    0xFF, 0x17, 0xE4, 0x17, 0xE4, 0x17, 0xE4, 0x17, 0xE4, 0x17, 0xE4, 0x17, 0xE4, 0x17, 0xE4, 0x17,
    0xE4, 0x17, 0xE4, 0x17, 0xE4, 0x17, 0xE4, 0x17, 0xE4, 0x17, 0xE4, 0x17, 0xE4, 0x17, 0xE4, 0x17,
    0xE4, 0x17, 0xE4, 0x17, 0xE4, 0x17, 0xE3, 0x1F, 0xE5, 0x37, 0x86, 0x44, 0x65, 0x59, 0xC4, 0x68,
    0xC2, 0x69, 0x03, 0x79, 0xA5, 0x92, 0x28, 0x89, 0xA7, 0x68, 0xE4, 0x71, 0x86, 0xBC, 0x71, 0xC5,
    0x13, 0xBC, 0x91, 0x82, 0xEB, 0x71, 0xE7, 0x71, 0x45, 0x89, 0x46, 0xB1, 0xC9, 0xBA, 0x0A, 0xB1,
    0xEA, 0xB1, 0xEA, 0xA9, 0xA8, 0xA1, 0xA8, 0x91, 0x67, 0x91, 0x66, 0x99, 0x66, 0x92, 0x26, 0x7E,
    0x8C, 0x27, 0xE6, 0x0F, 0xE3, 0x17, 0xE4, 0x17, 0xE4, 0x17, 0xE4, 0x17, 0xE4, 0x17, 0xE4, 0x17,
    0xE4, 0x17, 0xE4, 0x17, 0xE4, 0x17, 0xE4, 0x17, 0xE4, 0x17, 0xE4, 0x17, 0xE4, 0x17, 0xE4, 0x17,
    0xE4, 0xFF, 0x17, 0xE4, 0x17, 0xE4, 0x17, 0xE4, 0x17, 0xE4, 0x17, 0xE4, 0x17, 0xE4, 0x17, 0xE4,
    0x17, 0xE4, 0x17, 0xE4, 0x17, 0xE4, 0x17, 0xE4, 0x17, 0xE4, 0x17, 0xE4, 0x17, 0xE4, 0x17, 0xE4,
    0x17, 0xE4, 0x17, 0xE4, 0x17, 0xE4, 0x17, 0xE4, 0x17, 0xE4, 0x17, 0xE4, 0x17, 0xE4, 0x17, 0xE4,
    0x17, 0xE4, 0x17, 0xE4, 0x17, 0xE4, 0x17, 0xE4, 0x17, 0xE4, 0x17, 0xE4, 0x17, 0xE4, 0x17, 0xE4,
    0x17, 0xE4, 0x17, 0xE4, 0x17, 0xE4, 0x17, 0xE4, 0x17, 0xE4, 0x17, 0xE4, 0x17, 0xE4, 0x17, 0xE4,
    0x17, 0xE4, 0x17, 0xE4, 0x17, 0xE4, 0x17, 0xE4, 0x17, 0xE4, 0x17, 0xE4, 0x17, 0xE4, 0x17, 0xE3,
    0x17, 0xE3, 0x17, 0xE3, 0x17, 0xE3, 0x17, 0xE3, 0x17, 0xE3, 0x17, 0xE3, 0x17, 0xE4, 0x17, 0xE4,
    0x17, 0xE4, 0x17, 0xE4, 0x17, 0xE4, 0x17, 0xE4, 0x17, 0xE4, 0x17, 0xE4, 0x17, 0xE4, 0x17, 0xE4,
    0x17, 0xE4, 0xFF, 0x17, 0xE4, 0x17, 0xE4, 0x17, 0xE4, 0x17, 0xE4, 0x17, 0xE4, 0x17, 0xE4, 0x17,
    0xE4, 0x17, 0xE4, 0x17, 0xE4, 0x17, 0xE4, 0x17, 0xE4, 0x17, 0xE4, 0x17, 0xE4, 0x17, 0xE4, 0x17,
    0xE4, 0x17, 0xE4, 0x17, 0xE4, 0x17, 0xE4, 0x17, 0xE4, 0x17, 0xE4, 0x17, 0xE4, 0x17, 0xE4, 0x17,
    0xE4, 0x17, 0xE3, 0x17, 0xE3, 0x27, 0xE6, 0x34, 0xC4, 0x59, 0xE4, 0x71, 0x05, 0x81, 0x26, 0x81,
    0x25, 0x79, 0x25, 0x81, 0x66, 0x71, 0x04, 0x69, 0x25, 0xCD, 0x13, 0xFF, 0x7D, 0xFF, 0xBE, 0xFF,
    0x9D, 0xF6, 0xDB, 0x9B, 0xEF, 0x79, 0xE8, 0x89, 0x87, 0xB1, 0xE9, 0xB2, 0x0A, 0xB1, 0xEA, 0xA9,
    0xC9, 0xA9, 0x88, 0xA1, 0x67, 0xA1, 0x67, 0xA1, 0x46, 0xA1, 0x46, 0x99, 0x86, 0x85, 0x0B, 0x2F,
    0xE8, 0x0F, 0xE3, 0x17, 0xE4, 0x17, 0xE4, 0x17, 0xE4, 0x17, 0xE4, 0x17, 0xE4, 0x17, 0xE4, 0x17,
    0xE4, 0x17, 0xE4, 0xFF, 0x17, 0xE4, 0x17, 0xE4, 0x17, 0xE4, 0x17, 0xE4, 0x17, 0xE4, 0x17, 0xE4,
    0x17, 0xE4, 0x17, 0xE4, 0x17, 0xE4, 0x17, 0xE4, 0x17, 0xE4, 0x17, 0xE4, 0x17, 0xE4, 0x17, 0xE4,
    0x17, 0xE4, 0x17, 0xE4, 0x17, 0xE4, 0x17, 0xE4, 0x17, 0xE4, 0x17, 0xE4, 0x17, 0xE4, 0x17, 0xE4,
    0x17, 0xE4, 0x17, 0xE4, 0x17, 0xE4, 0x17, 0xE4, 0x17, 0xE4, 0x17, 0xE4, 0x17, 0xE4, 0x17, 0xE4,
    0x17, 0xE4, 0x17, 0xE4, 0x17, 0xE4, 0x17, 0xE4, 0x17, 0xE4, 0x17, 0xE4, 0x17, 0xE4, 0x17, 0xE4,
    0x17, 0xE4, 0x17, 0xE4, 0x17, 0xE4, 0x17, 0xE4, 0x17, 0xE4, 0x17, 0xE4, 0x17, 0xE4, 0x17, 0xE4,
    0x17, 0xE4, 0x17, 0xE4, 0x17, 0xE4, 0x17, 0xE4, 0x17, 0xE4, 0x17, 0xE4, 0x17, 0xE4, 0x17, 0xE3,
    0x17, 0xE3, 0x17, 0xE3, 0x17, 0xE3, 0x17, 0xE3, 0x17, 0xE4, 0x17, 0xE4, 0x17, 0xE4, 0x17, 0xE4,
    0x17, 0xE4, 0x17, 0xE4, 0xFF, 0x17, 0xE4, 0x17, 0xE4, 0x17, 0xE4, 0x17, 0xE4, 0x17, 0xE4, 0x17,
    0xE4, 0x17, 0xE4, 0x17, 0xE4, 0x17, 0xE4, 0x17, 0xE4, 0x17, 0xE4, 0x17, 0xE4, 0x17, 0xE4, 0x17,
    0xE4, 0x17, 0xE4, 0x17, 0xE4, 0x17, 0xE4, 0x17, 0xE4, 0x17, 0xE4, 0x17, 0xE4, 0x17, 0xE4, 0x17,
    0xE4, 0x17, 0xE4, 0x17, 0xE4, 0x17, 0xE4, 0x17, 0xE4, 0x17, 0xE4, 0x17, 0xE4, 0x17, 0xE3, 0x17,
    0xE3, 0x1F, 0xE4, 0x2F, 0x05, 0x42, 0xE3, 0x71, 0x45, 0x91, 0x87, 0x99, 0xC8, 0x99, 0xC8, 0x91,
    0xC8, 0x81, 0x67, 0x70, 0xC4, 0x9A, 0xCB, 0xFF, 0x1B, 0xFF, 0x9D, 0xFF, 0xBE, 0xFF, 0xBE, 0xFF,
    0xDF, 0xEE, 0xDB, 0x8B, 0x0C, 0x89, 0xA8, 0xA1, 0xE9, 0xA1, 0xE9, 0x99, 0xA8, 0x99, 0x87, 0xA9,
    0xE9, 0xA9, 0xE9, 0xA1, 0xA7, 0xA9, 0xC8, 0xA9, 0x67, 0x99, 0x86, 0x8C, 0xCC, 0x3F, 0xE9, 0x0F,
    0xE4, 0x1F, 0xE4, 0x1F, 0xE4, 0xFF, 0x17, 0xE4, 0x17, 0xE4, 0x17, 0xE4, 0x17, 0xE4, 0x17, 0xE4,
    0x17, 0xE4, 0x17, 0xE4, 0x17, 0xE4, 0x17, 0xE4, 0x17, 0xE4, 0x17, 0xE4, 0x17, 0xE4, 0x17, 0xE4,
    0x17, 0xE4, 0x17, 0xE4, 0x17, 0xE4, 0x17, 0xE4, 0x17, 0xE4, 0x17, 0xE4, 0x17, 0xE4, 0x17, 0xE4,
    0x17, 0xE4, 0x17, 0xE4, 0x17, 0xE4, 0x17, 0xE4, 0x17, 0xE4, 0x17, 0xE4, 0x17, 0xE4, 0x17, 0xE4,
    0x17, 0xE4, 0x17, 0xE4, 0x17, 0xE4, 0x17, 0xE4, 0x17, 0xE4, 0x17, 0xE4, 0x17, 0xE4, 0x17, 0xE4,
    0x17, 0xE4, 0x17, 0xE4, 0x17, 0xE4, 0x17, 0xE4, 0x17, 0xE4, 0x17, 0xE4, 0x17, 0xE4, 0x17, 0xE4,
    0x17, 0xE4, 0x17, 0xE4, 0x17, 0xE4, 0x17, 0xE4, 0x17, 0xE4, 0x17, 0xE4, 0x17, 0xE4, 0x17, 0xE4,
    0x17, 0xE4, 0x17, 0xE4, 0x17, 0xE4, 0x17, 0xE4, 0x17, 0xE4, 0x17, 0xE4, 0x17, 0xE4, 0x17, 0xE4,
    0x17, 0xE4, 0x17, 0xE4, 0x17, 0xE4, 0xFF, 0x17, 0xE4, 0x17, 0xE4, 0x17, 0xE4, 0x17, 0xE4, 0x17,
    0xE4, 0x17, 0xE4, 0x17, 0xE4, 0x17, 0xE4, 0x17, 0xE4, 0x17, 0xE4, 0x17, 0xE4, 0x17, 0xE4, 0x17,
    0xE4, 0x17, 0xE4, 0x17, 0xE4, 0x17, 0xE4, 0x17, 0xE4, 0x17, 0xE4, 0x17, 0xE4, 0x17, 0xE4, 0x17,
    0xE4, 0x17, 0xE4, 0x17, 0xE4, 0x17, 0xE4, 0x17, 0xE4, 0x17, 0xE4, 0x17, 0xE4, 0x17, 0xE4, 0x17,
    0xE4, 0x17, 0xE4, 0x17, 0xE4, 0x17, 0xE4, 0x17, 0xE4, 0x17, 0xE4, 0x17, 0xE4, 0x17, 0xE3, 0x27,
    0xE5, 0x2D, 0x44, 0x5A, 0x04, 0x91, 0xA7, 0x99, 0xA7, 0xA1, 0xC8, 0xA1, 0xE8, 0x99, 0xC8, 0x91,
    0x87, 0x70, 0xC3, 0xD4, 0xF3, 0xFF, 0xBD, 0xFF, 0xBD, 0xFF, 0xBE, 0xFF, 0xBE, 0xFF, 0xDE, 0xFF,
    0xDE, 0xC5, 0x75, 0x82, 0x2A, 0x91, 0xC9, 0x81, 0x46, 0xB2, 0xCC, 0xA1, 0xE8, 0xA9, 0xA8, 0xCA,
    0xCB, 0xC2, 0xAB, 0xA9, 0xE8, 0xB1, 0xC8, 0xFF, 0xA1, 0xC6, 0x9C, 0x8B, 0x5F, 0xCA, 0x1F, 0xE5,
    0x1F, 0xE4, 0x1F, 0xE4, 0x17, 0xE4, 0x17, 0xE4, 0x17, 0xE4, 0x17, 0xE4, 0x17, 0xE4, 0x17, 0xE4,
    0x17, 0xE4, 0x17, 0xE4, 0x17, 0xE4, 0x17, 0xE4, 0x17, 0xE4, 0x17, 0xE4, 0x17, 0xE4, 0x17, 0xE4,
    0x17, 0xE4, 0x17, 0xE4, 0x17, 0xE4, 0x17, 0xE4, 0x17, 0xE4, 0x17, 0xE4, 0x17, 0xE4, 0x17, 0xE4,
    0x17, 0xE4, 0x17, 0xE4, 0x17, 0xE4, 0x17, 0xE4, 0x17, 0xE4, 0x17, 0xE4, 0x17, 0xE4, 0x17, 0xE4,
    0x17, 0xE4, 0x17, 0xE4, 0x17, 0xE4, 0x17, 0xE4, 0x17, 0xE4, 0x17, 0xE4, 0x17, 0xE4, 0x17, 0xE4,
    0x17, 0xE4, 0x17, 0xE4, 0x17, 0xE4, 0x17, 0xE4, 0x17, 0xE4, 0x17, 0xE4, 0x17, 0xE4, 0x17, 0xE4,
    0x17, 0xE4, 0x17, 0xE4, 0x17, 0xE4, 0x17, 0xE4, 0x17, 0xE4, 0x17, 0xE4, 0x17, 0xE4, 0x17, 0xE4,
    0x17, 0xE4, 0x17, 0xE4, 0x17, 0xE4, 0x17, 0xE4, 0xFF, 0x17, 0xE4, 0x17, 0xE4, 0x17, 0xE4, 0x17,
    0xE4, 0x17, 0xE4, 0x17, 0xE4, 0x17, 0xE4, 0x17, 0xE4, 0x17, 0xE4, 0x17, 0xE4, 0x17, 0xE4, 0x17,
    0xE4, 0x17, 0xE4, 0x17, 0xE4, 0x17, 0xE4, 0x17, 0xE4, 0x17, 0xE4, 0x17, 0xE4, 0x17, 0xE4, 0x17,
    0xE4, 0x17, 0xE4, 0x17, 0xE4, 0x17, 0xE4, 0x17, 0xE4, 0x17, 0xE4, 0x17, 0xE4, 0x17, 0xE4, 0x17,
    0xE4, 0x17, 0xE4, 0x17, 0xE4, 0x17, 0xE4, 0x17, 0xE4, 0x17, 0xE4, 0x17, 0xE4, 0x17, 0xE4, 0x17,
    0xE4, 0x17, 0xE4, 0x17, 0xE4, 0x17, 0xE4, 0x17, 0xE4, 0x17, 0xE4, 0x17, 0xE3, 0x2F, 0xE5, 0x2B,
    0xE3, 0x71, 0xA6, 0x99, 0xA8, 0x99, 0xA8, 0x99, 0xC8, 0x99, 0xC8, 0x99, 0xC8, 0x99, 0xA8, 0x81,
    0x66, 0xED, 0xD6, 0xFF, 0xBD, 0xFF, 0xBD, 0xFF, 0xDE, 0xFF, 0xDE, 0xFF, 0xBE, 0xFF, 0xFE, 0xF7,
    0x5C, 0x9B, 0x8E, 0x79, 0xE8, 0x61, 0x04, 0xA2, 0xCB, 0xFF, 0xA2, 0x49, 0xB1, 0xE9, 0xBA, 0x09,
    0xC2, 0xAB, 0x9A, 0x49, 0xA2, 0x49, 0xB2, 0x08, 0x93, 0x06, 0x76, 0x89, 0x2F, 0xE6, 0x17, 0xE4,
    0x17, 0xE4, 0x17, 0xE4, 0x17, 0xE4, 0x17, 0xE4, 0x17, 0xE4, 0x17, 0xE4, 0x17, 0xE4, 0x17, 0xE4,
    0x17, 0xE4, 0x17, 0xE4, 0x17, 0xE4, 0x17, 0xE4, 0x17, 0xE4, 0x17, 0xE4, 0x17, 0xE4, 0x17, 0xE4,
    0x17, 0xE4, 0x17, 0xE4, 0x17, 0xE4, 0x17, 0xE4, 0x17, 0xE4, 0x17, 0xE4, 0x17, 0xE4, 0x17, 0xE4,
    0x17, 0xE4, 0x17, 0xE4, 0x17, 0xE4, 0x17, 0xE4, 0x17, 0xE4, 0x17, 0xE4, 0x17, 0xE4, 0x17, 0xE4,
    0x17, 0xE4, 0x17, 0xE4, 0x17, 0xE4, 0x17, 0xE4, 0x17, 0xE4, 0x17, 0xE4, 0x17, 0xE4, 0x17, 0xE4,
    0x17, 0xE4, 0x17, 0xE4, 0x17, 0xE4, 0x17, 0xE4, 0x17, 0xE4, 0x17, 0xE4, 0x17, 0xE4, 0x17, 0xE4,
    0x17, 0xE4, 0x17, 0xE4, 0x17, 0xE4, 0x17, 0xE4, 0x17, 0xE4, 0xFF, 0x17, 0xE4, 0x17, 0xE4, 0x17,
    0xE4, 0x17, 0xE4, 0x17, 0xE4, 0x17, 0xE4, 0x17, 0xE4, 0x17, 0xE4, 0x17, 0xE4, 0x17, 0xE4, 0x17,
    0xE4, 0x17, 0xE4, 0x17, 0xE4, 0x17, 0xE4, 0x17, 0xE3, 0x17, 0xE4, 0x17, 0xE4, 0x17, 0xE4, 0x17,
    0xE4, 0x17, 0xE4, 0x17, 0xE4, 0x17, 0xE4, 0x17, 0xE4, 0x17, 0xE4, 0x17, 0xE4, 0x17, 0xE4, 0x17,
    0xE4, 0x17, 0xE4, 0x17, 0xE4, 0x17, 0xE4, 0x17, 0xE4, 0x17, 0xE4, 0x17, 0xE4, 0x17, 0xE4, 0x17,
    0xE4, 0x17, 0xE4, 0x17, 0xE4, 0x17, 0xE4, 0x17, 0xE4, 0x17, 0xE4, 0x17, 0xE4, 0x17, 0xE4, 0x17,
    0xE4, 0x17, 0xE4, 0x17, 0xE4, 0x17, 0xE4, 0x17, 0xE4, 0x17, 0xE4, 0x27, 0xE5, 0x2B, 0x62, 0x71,
    0x65, 0x99, 0x88, 0x99, 0xA8, 0x99, 0xC8, 0x99, 0xC8, 0x99, 0xC8, 0x99, 0xA8, 0x89, 0x87, 0xED,
    0xD6, 0xFF, 0xBD, 0xFF, 0xDD, 0xFF, 0xDE, 0xFF, 0xDE, 0xFF, 0xBE, 0xFF, 0xE6, 0xFB, 0xFF, 0xBE,
    0xCD, 0x55, 0x7A, 0x29, 0x61, 0x24, 0x69, 0x04, 0x99, 0xE8, 0xBA, 0x09, 0xC1, 0xC9, 0x89, 0x25,
    0x59, 0x04, 0x8A, 0x29, 0xB2, 0x49, 0xA9, 0xE5, 0x8C, 0xC8, 0x47, 0xE9, 0x0F, 0xE5, 0x17, 0xE4,
    0x17, 0xE4, 0x17, 0xE4, 0x17, 0xE4, 0x17, 0xE4, 0x17, 0xE4, 0x17, 0xE4, 0x17, 0xE4, 0x17, 0xE4,
    0x17, 0xE4, 0x17, 0xE4, 0x17, 0xE4, 0x17, 0xE4, 0x17, 0xE4, 0x17, 0xE4, 0x17, 0xE4, 0x17, 0xE4,
    0x17, 0xE4, 0x17, 0xE4, 0x17, 0xE4, 0x17, 0xE4, 0x17, 0xE4, 0x17, 0xE4, 0x17, 0xE4, 0x17, 0xE4,
    0x17, 0xE4, 0x17, 0xE4, 0x17, 0xE4, 0x17, 0xE4, 0x17, 0xE4, 0x17, 0xE4, 0x17, 0xE4, 0x17, 0xE4,
    0x17, 0xE4, 0x17, 0xE4, 0x17, 0xE4, 0x17, 0xE4, 0x17, 0xE4, 0x17, 0xE4, 0x17, 0xE4, 0x17, 0xE4,
    0x17, 0xE4, 0x17, 0xE4, 0x17, 0xE4, 0x17, 0xE4, 0x17, 0xE4, 0x17, 0xE4, 0xFF, 0x17, 0xE4, 0x17,
    0xE4, 0x17, 0xE4, 0x17, 0xE4, 0x17, 0xE3, 0x17, 0xE3, 0x17, 0xE3, 0x17, 0xE3, 0x17, 0xE3, 0x17,
    0xE3, 0x17, 0xE3, 0x17, 0xE3, 0x17, 0xE3, 0x17, 0xE4, 0x17, 0xE4, 0x17, 0xE4, 0x17, 0xE4, 0x17,
    0xE4, 0x17, 0xE4, 0x17, 0xE3, 0x17, 0xE3, 0x17, 0xE3, 0x17, 0xE3, 0x17, 0xE3, 0x17, 0xE3, 0x17,
    0xE3, 0x17, 0xE3, 0x17, 0xE3, 0x17, 0xE3, 0x17, 0xE3, 0x17, 0xE3, 0x17, 0xE3, 0x17, 0xE3, 0x17,
    0xE3, 0x17, 0xE3, 0x17, 0xE3, 0x17, 0xE3, 0x17, 0xE4, 0x17, 0xE4, 0x17, 0xE4, 0x17, 0xE4, 0x17,
    0xE4, 0x17, 0xE4, 0x17, 0xE4, 0x17, 0xE4, 0x17, 0xE4, 0x17, 0xE4, 0x17, 0xE4, 0x17, 0xE4, 0x17,
    0xE4, 0x17, 0xE4, 0x17, 0xE4, 0x17, 0xE4, 0x17, 0xE4, 0x27, 0xE5, 0x23, 0x82, 0x71, 0x44, 0x91,
    0x88, 0x91, 0xA8, 0x91, 0xA8, 0x99, 0xC8, 0x99, 0xC8, 0x99, 0xA8, 0x89, 0x87, 0xFF, 0xED, 0xB6,
    0xFF, 0xBD, 0xFF, 0xDE, 0xFF, 0xDE, 0xFF, 0xDE, 0xFF, 0xDE, 0xEF, 0x1B, 0xE6, 0xDA, 0xD5, 0xD7,
    0x7A, 0x69, 0x61, 0x25, 0x60, 0xA3, 0xA1, 0xE8, 0xC2, 0x2A, 0xC1, 0xEA, 0x81, 0x26, 0x48, 0xE4,
    0x69, 0x87, 0xAA, 0x4A, 0xB9, 0xE8, 0xA2, 0xEA, 0x67, 0x6D, 0x17, 0xE6, 0x0F, 0xE3, 0x17, 0xE4,
    0x17, 0xE4, 0x17, 0xE4, 0x17, 0xE4, 0x17, 0xE4, 0x17, 0xE4, 0x17, 0xE4, 0x17, 0xE4, 0x17, 0xE4,
    0x17, 0xE4, 0x17, 0xE4, 0x17, 0xE4, 0x17, 0xE4, 0x17, 0xE4, 0x17, 0xE4, 0x17, 0xE4, 0x17, 0xE4,
    0x17, 0xE4, 0x17, 0xE4, 0x17, 0xE4, 0x17, 0xE4, 0x17, 0xE4, 0x17, 0xE4, 0x17, 0xE4, 0x17, 0xE4,
    0x17, 0xE4, 0x17, 0xE4, 0x17, 0xE4, 0x17, 0xE4, 0x17, 0xE4, 0x17, 0xE4, 0x17, 0xE4, 0x17, 0xE4,
    0x17, 0xE4, 0x17, 0xE4, 0x17, 0xE4, 0x17, 0xE4, 0x17, 0xE4, 0x17, 0xE4, 0x17, 0xE4, 0xFF, 0x17,
    0xE4, 0x17, 0xE4, 0x17, 0xE4, 0x17, 0xE4, 0x17, 0xE4, 0x17, 0xE4, 0x17, 0xE4, 0x17, 0xE4, 0x17,
    0xE3, 0x17, 0xE4, 0x17, 0xE3, 0x17, 0xE3, 0x17, 0xE3, 0x17, 0xE3, 0x17, 0xE3, 0x17, 0xE3, 0x17,
    0xE3, 0x17, 0xE3, 0x17, 0xE3, 0x17, 0xE4, 0x17, 0xE4, 0x17, 0xE4, 0x17, 0xE4, 0x17, 0xE4, 0x17,
    0xE3, 0x17, 0xE3, 0x17, 0xE3, 0x17, 0xE3, 0x17, 0xE3, 0x17, 0xE3, 0x17, 0xE3, 0x17, 0xE3, 0x17,
    0xE3, 0x17, 0xE3, 0x17, 0xE3, 0x17, 0xE3, 0x17, 0xE3, 0x17, 0xE3, 0x17, 0xE3, 0x17, 0xE3, 0x17,
    0xE3, 0x17, 0xE3, 0x17, 0xE3, 0x17, 0xE4, 0x17, 0xE4, 0x17, 0xE4, 0x17, 0xE4, 0x17, 0xE4, 0x17,
    0xE4, 0x17, 0xE4, 0x17, 0xE4, 0x17, 0xE4, 0x17, 0xE4, 0x17, 0xE4, 0x17, 0xE4, 0x17, 0xE4, 0x17,
    0xE4, 0x17, 0xE4, 0x17, 0xE4, 0x17, 0xE4, 0x27, 0xE5, 0x2B, 0x42, 0x79, 0x85, 0x99, 0xC8, 0x95,
    0x99, 0xC8, 0x99, 0xC8, 0x91, 0xA7, 0x91, 0x87, 0x91, 0x67, 0x81, 0x26, 0xE5, 0x55, 0xFF, 0xBD,
    0xFF, 0xBE, 0xFF, 0xDE, 0xFF, 0xDE, 0x04, 0xFF, 0xFF, 0xEF, 0x1B, 0xCD, 0xB6, 0x82, 0xCB, 0x59,
    0x04, 0x71, 0x25, 0xAA, 0x29, 0xC2, 0x2A, 0xC2, 0x0A, 0x81, 0x47, 0x41, 0x25, 0x51, 0x46, 0x9A,
    0x49, 0xBA, 0x08, 0x9A, 0x27, 0x7E, 0x2D, 0x2F, 0xE8, 0x0F, 0xE4, 0x17, 0xE4, 0x17, 0xE4, 0x17,
    0xE3, 0x17, 0xE4, 0x17, 0xE4, 0x17, 0xE4, 0x17, 0xE4, 0x17, 0xE4, 0x17, 0xE4, 0x17, 0xE4, 0x17,
    0xE4, 0x17, 0xE4, 0x17, 0xE4, 0x17, 0xE4, 0x17, 0xE4, 0x17, 0xE4, 0x17, 0xE4, 0x17, 0xE4, 0x17,
    0xE4, 0x17, 0xE4, 0x17, 0xE4, 0x17, 0xE4, 0x17, 0xE4, 0x17, 0xE4, 0x17, 0xE4, 0x17, 0xE4, 0x17,
    0xE4, 0x17, 0xE4, 0x17, 0xE4, 0x17, 0xE4, 0x17, 0xE4, 0x17, 0xE4, 0x17, 0xE4, 0x17, 0xE4, 0x17,
    0xE4, 0x17, 0xE4, 0x17, 0xE4, 0x17, 0xE4, 0x17, 0xE4, 0x17, 0xE4, 0x17, 0xE4, 0x17, 0xE4, 0x17,
    0xE4, 0x17, 0xE4, 0x17, 0xE4, 0x17, 0xE4, 0x17, 0xE4, 0xFF, 0x17, 0xE4, 0x17, 0xE4, 0x17, 0xE4,
    0x17, 0xE4, 0x17, 0xE3, 0x17, 0xE4, 0x17, 0xE3, 0x17, 0xE4, 0x17, 0xE3, 0x17, 0xE4, 0x17, 0xE4,
    0x17, 0xE4, 0x17, 0xE4, 0x17, 0xE4, 0x17, 0xE4, 0x17, 0xE4, 0x17, 0xE4, 0x17, 0xE4, 0x17, 0xE4,
    0x17, 0xE3, 0x17, 0xE3, 0x17, 0xE3, 0x17, 0xE3, 0x17, 0xE3, 0x17, 0xE3, 0x17, 0xE3, 0x17, 0xE3,
    0x17, 0xE3, 0x17, 0xE3, 0x17, 0xE3, 0x17, 0xE3, 0x17, 0xE3, 0x17, 0xE4, 0x17, 0xE4, 0x17, 0xE4,
    0x17, 0xE4, 0x17, 0xE4, 0x17, 0xE4, 0x17, 0xE4, 0x17, 0xE4, 0x17, 0xE4, 0x17, 0xE4, 0x17, 0xE4,
    0x17, 0xE4, 0x17, 0xE4, 0x17, 0xE4, 0x17, 0xE4, 0x17, 0xE4, 0x17, 0xE4, 0x17, 0xE4, 0x17, 0xE4,
    0x17, 0xE4, 0x17, 0xE4, 0x1F, 0xE5, 0x33, 0x23, 0x82, 0x07, 0x9A, 0x08, 0x91, 0xC8, 0x91, 0xC8,
    0x81, 0x46, 0x81, 0x25, 0x89, 0x46, 0x78, 0xE5, 0xD4, 0xF3, 0x87, 0xFF, 0xBD, 0xFF, 0xDE, 0xFF,
    0xDF, 0xFF, 0xDF, 0x05, 0xFF, 0xFF, 0xDF, 0xDE, 0x59, 0x83, 0x0C, 0x50, 0xE4, 0x79, 0x87, 0xB2,
    0x6B, 0xBA, 0x0B, 0xB9, 0xEA, 0x81, 0x67, 0x49, 0x46, 0x51, 0x46, 0x8A, 0x29, 0xB2, 0x28, 0x92,
    0x06, 0x75, 0x8B, 0x37, 0xE8, 0x17, 0xE4, 0x17, 0xE4, 0x17, 0xE4, 0x17, 0xE3, 0x17, 0xE3, 0x17,
    0xE4, 0x17, 0xE4, 0x17, 0xE4, 0x17, 0xE4, 0x17, 0xE4, 0x17, 0xE4, 0x17, 0xE4, 0x17, 0xE4, 0x17,
    0xE4, 0x17, 0xE4, 0x17, 0xE4, 0x17, 0xE4, 0x17, 0xE4, 0x17, 0xE4, 0x17, 0xE4, 0x17, 0xE4, 0x17,
    0xE4, 0x17, 0xE4, 0x17, 0xE4, 0x17, 0xE4, 0x17, 0xE4, 0x17, 0xE4, 0x17, 0xE4, 0x17, 0xE4, 0x17,
    0xE4, 0x17, 0xE4, 0x17, 0xE4, 0x17, 0xE4, 0x17, 0xE4, 0x17, 0xE4, 0x17, 0xE4, 0x17, 0xE4, 0x17,
    0xE4, 0x17, 0xE4, 0x17, 0xE4, 0x17, 0xE4, 0x17, 0xE4, 0x17, 0xE4, 0x17, 0xE4, 0x17, 0xE4, 0x17,
    0xE4, 0x17, 0xE4, 0x17, 0xE4, 0x17, 0xFF, 0xE4, 0x17, 0xE4, 0x17, 0xE4, 0x17, 0xE4, 0x17, 0xE4,
    0x17, 0xE4, 0x17, 0xE4, 0x17, 0xE4, 0x17, 0xE4, 0x17, 0xE4, 0x17, 0xE4, 0x17, 0xE4, 0x17, 0xE4,
    0x17, 0xE4, 0x17, 0xE4, 0x17, 0xE4, 0x17, 0xE4, 0x17, 0xE4, 0x17, 0xE4, 0x17, 0xE4, 0x17, 0xE4,
    0x17, 0xE4, 0x17, 0xE4, 0x17, 0xE4, 0x17, 0xE4, 0x17, 0xE4, 0x17, 0xE4, 0x17, 0xE4, 0x17, 0xE4,
    0x17, 0xE4, 0x17, 0xE4, 0x17, 0xE4, 0x17, 0xE4, 0x17, 0xE4, 0x17, 0xE4, 0x17, 0xE4, 0x17, 0xE4,
    0x17, 0xE4, 0x17, 0xE4, 0x17, 0xE4, 0x17, 0xE4, 0x17, 0xE4, 0x17, 0xE4, 0x17, 0xE4, 0x17, 0xE4,
    0x17, 0xE4, 0x17, 0xE4, 0x17, 0xE4, 0x17, 0xE4, 0x17, 0xE4, 0x17, 0xE4, 0x17, 0xE4, 0x17, 0xE4,
    0x27, 0xE5, 0x3B, 0x23, 0x82, 0x07, 0x81, 0x25, 0x9A, 0x09, 0xB2, 0xAB, 0x81, 0x25, 0x91, 0xA7,
    0x99, 0xC8, 0x81, 0x66, 0xCC, 0x92, 0xFF, 0x82, 0xBD, 0xFF, 0xDE, 0x0B, 0xFF, 0xFF, 0x9D, 0x93,
    0xEF, 0x51, 0x25, 0x89, 0xE9, 0xAA, 0x2B, 0xB9, 0xEB, 0xB1, 0xA9, 0x79, 0x47, 0x49, 0x66, 0x39,
    0x06, 0x71, 0xA8, 0x9A, 0x29, 0x62, 0x44, 0x4E, 0x47, 0x2F, 0xE6, 0x17, 0xE4, 0x17, 0xE4, 0x17,
    0xE4, 0x17, 0xE3, 0x17, 0xE3, 0x17, 0xE4, 0x17, 0xE3, 0x17, 0xE3, 0x17, 0xE4, 0x17, 0xE4, 0x17,
    0xE4, 0x17, 0xE4, 0x17, 0xE4, 0x17, 0xE4, 0x17, 0xE4, 0x17, 0xE4, 0x17, 0xE4, 0x17, 0xE4, 0x17,
    0xE4, 0x17, 0xE4, 0x17, 0xE4, 0x17, 0xE4, 0x17, 0xE4, 0x17, 0xE4, 0x17, 0xE4, 0x17, 0xE4, 0x17,
    0xE4, 0x17, 0xE4, 0x17, 0xE4, 0x17, 0xE4, 0x17, 0xE4, 0x17, 0xE4, 0x17, 0xE4, 0x17, 0xE4, 0x17,
    0xE4, 0x17, 0xE4, 0x17, 0xE4, 0x17, 0xE4, 0x17, 0xE4, 0x17, 0xE4, 0x17, 0xE4, 0x17, 0xE4, 0x17,
    0xE4, 0x17, 0xE4, 0x17, 0xE4, 0x17, 0xE4, 0x17, 0xE4, 0x17, 0xE4, 0x17, 0xE4, 0x17, 0xFF, 0xE4,
    0x17, 0xE4, 0x17, 0xE4, 0x17, 0xE4, 0x17, 0xE4, 0x17, 0xE4, 0x17, 0xE4, 0x17, 0xE4, 0x17, 0xE4,
    0x17, 0xE4, 0x17, 0xE4, 0x17, 0xE4, 0x17, 0xE4, 0x17, 0xE4, 0x17, 0xE4, 0x17, 0xE4, 0x17, 0xE4,
    0x17, 0xE4, 0x17, 0xE4, 0x17, 0xE4, 0x17, 0xE4, 0x17, 0xE4, 0x17, 0xE4, 0x17, 0xE4, 0x17, 0xE4,
    0x17, 0xE4, 0x17, 0xE4, 0x17, 0xE4, 0x17, 0xE4, 0x17, 0xE4, 0x17, 0xE4, 0x17, 0xE4, 0x17, 0xE4,
    0x17, 0xE4, 0x17, 0xE4, 0x17, 0xE4, 0x17, 0xE4, 0x17, 0xE4, 0x17, 0xE4, 0x17, 0xE4, 0x17, 0xE4,
    0x17, 0xE4, 0x17, 0xE4, 0x17, 0xE4, 0x17, 0xE4, 0x17, 0xE4, 0x17, 0xE4, 0x17, 0xE4, 0x17, 0xE4,
    0x17, 0xE4, 0x17, 0xE4, 0x17, 0xE4, 0x2F, 0xE6, 0x3B, 0x23, 0x71, 0x45, 0x78, 0xE4, 0xAA, 0x6A,
    0xB2, 0xAB, 0x89, 0x66, 0x91, 0xC8, 0x99, 0xC8, 0x89, 0x87, 0xC4, 0x51, 0xFF, 0xBD, 0xFF, 0x0D,
    0xFF, 0x89, 0xC5, 0x96, 0x59, 0x86, 0x71, 0xA8, 0x91, 0xEA, 0xA9, 0xEA, 0x02, 0xA9, 0xFF, 0x81,
    0x47, 0x49, 0x66, 0x38, 0xE5, 0x59, 0x66, 0x72, 0x07, 0x64, 0xA8, 0x3F, 0xE8, 0x27, 0xE5, 0x17,
    0xE3, 0x17, 0xE3, 0x17, 0xE3, 0x17, 0xE3, 0x17, 0xE3, 0x17, 0xE4, 0x17, 0xE3, 0x17, 0xE3, 0x17,
    0xE4, 0x17, 0xE4, 0x17, 0xE4, 0x17, 0xE4, 0x17, 0xE4, 0x17, 0xE4, 0x17, 0xE4, 0x17, 0xE4, 0x17,
    0xE4, 0x17, 0xE4, 0x17, 0xE4, 0x17, 0xE4, 0x17, 0xE4, 0x17, 0xE4, 0x17, 0xE4, 0x17, 0xE4, 0x17,
    0xE4, 0x17, 0xE4, 0x17, 0xE4, 0x17, 0xE4, 0x17, 0xE4, 0x17, 0xE4, 0x17, 0xE4, 0x17, 0xE4, 0x17,
    0xE4, 0x17, 0xE4, 0x17, 0xE4, 0x17, 0xE4, 0x17, 0xE4, 0x17, 0xE4, 0x17, 0xE4, 0x17, 0xE4, 0x17,
    0xE4, 0x17, 0xE4, 0x17, 0xE4, 0x17, 0xE4, 0x17, 0xE4, 0x17, 0xE4, 0x17, 0xE4, 0x17, 0xE4, 0x17,
    0xE4, 0x17, 0xE4, 0x17, 0xE4, 0x17, 0xE4, 0x17, 0xE4, 0x17, 0xE4, 0x17, 0xE4, 0x17, 0xE4, 0xF1,
    0x17, 0xE4, 0x17, 0xE4, 0x17, 0xE4, 0x17, 0xE4, 0x17, 0xE4, 0x17, 0xE4, 0x17, 0xE4, 0x17, 0xE4,
    0x17, 0xE4, 0x17, 0xE4, 0x17, 0xE4, 0x17, 0xE4, 0x17, 0xE4, 0x17, 0xE4, 0x17, 0xE4, 0x17, 0xE4,
    0x17, 0xE4, 0x17, 0xE4, 0x17, 0xE4, 0x17, 0xE4, 0x17, 0xE4, 0x17, 0xE4, 0x17, 0xE4, 0x17, 0xE4,
    0x17, 0xE4, 0x17, 0xE4, 0x17, 0xE4, 0x17, 0xE4, 0x17, 0xE4, 0x17, 0xE4, 0x17, 0xE4, 0x17, 0xE4,
    0x17, 0xE4, 0x17, 0xE4, 0x17, 0xE4, 0x17, 0xE4, 0x17, 0xE4, 0x17, 0xE4, 0x17, 0xE4, 0x17, 0xE4,
    0x17, 0xE4, 0x17, 0xE4, 0x17, 0xE4, 0x17, 0xE4, 0x17, 0xE4, 0x27, 0xE5, 0x2B, 0x62, 0x69, 0x64,
    0x89, 0x87, 0x91, 0xA8, 0x91, 0xA7, 0x91, 0xA7, 0x91, 0xC8, 0x91, 0xC8, 0x89, 0xA8, 0xB3, 0xCF,
    0xFF, 0x9D, 0x0E, 0xFF, 0xFF, 0xF7, 0x5D, 0x7B, 0x0C, 0x40, 0xE4, 0x59, 0x26, 0x79, 0x88, 0x89,
    0xA8, 0x69, 0x67, 0x49, 0x67, 0x41, 0x26, 0x40, 0xC4, 0x49, 0xA5, 0x66, 0x8C, 0x37, 0xE8, 0x17,
    0xE5, 0x17, 0xE4, 0x17, 0xE3, 0x17, 0xE4, 0x17, 0xE3, 0x17, 0xE3, 0x17, 0xE3, 0x17, 0xE3, 0x17,
    0xE3, 0x17, 0xE4, 0x17, 0xE4, 0x17, 0xE4, 0x17, 0xE4, 0x17, 0xE4, 0x17, 0xE4, 0x17, 0xE4, 0x17,
    0xE4, 0x17, 0xE4, 0x17, 0xE4, 0x17, 0xE4, 0x17, 0xE4, 0x17, 0xE4, 0x17, 0xE4, 0x17, 0xE4, 0x17,
    0xE4, 0x17, 0xE4, 0x17, 0xE4, 0x17, 0xE4, 0x17, 0xE4, 0x17, 0xE4, 0x17, 0xE4, 0x17, 0xE4, 0x17,
    0xE4, 0x17, 0xE4, 0x17, 0xE4, 0x17, 0xE4, 0x17, 0xE4, 0x17, 0xE4, 0x17, 0xE4, 0x17, 0xE4, 0x17,
    0xE4, 0x17, 0xE4, 0x17, 0xE4, 0x17, 0xE4, 0x17, 0xE4, 0x17, 0xE4, 0x17, 0xE4, 0x17, 0xE4, 0x17,
    0xE4, 0x17, 0xE4, 0x17, 0xE4, 0xFD, 0x17, 0xE4, 0x17, 0xE4, 0x17, 0xE4, 0x17, 0xE4, 0x17, 0xE4,
    0x17, 0xE4, 0x17, 0xE4, 0x17, 0xE4, 0x17, 0xE4, 0x17, 0xE4, 0x17, 0xE4, 0x17, 0xE4, 0x17, 0xE4,
    0x17, 0xE4, 0x17, 0xE4, 0x17, 0xE4, 0x17, 0xE4, 0x17, 0xE4, 0x17, 0xE4, 0x17, 0xE4, 0x17, 0xE4,
    0x17, 0xE4, 0x17, 0xE4, 0x17, 0xE4, 0x17, 0xE4, 0x17, 0xE4, 0x17, 0xE4, 0x17, 0xE4, 0x17, 0xE4,
    0x17, 0xE4, 0x17, 0xE4, 0x17, 0xE4, 0x17, 0xE4, 0x17, 0xE4, 0x17, 0xE4, 0x17, 0xE4, 0x17, 0xE4,
    0x17, 0xE4, 0x17, 0xE4, 0x17, 0xE4, 0x17, 0xE4, 0x17, 0xE4, 0x17, 0xE4, 0x17, 0xE4, 0x17, 0xE4,
    0x17, 0xE4, 0x17, 0xE4, 0x17, 0xE4, 0x17, 0xE4, 0x17, 0xE4, 0x17, 0xE4, 0x1F, 0xE5, 0x24, 0x62,
    0x59, 0xA3, 0x81, 0x87, 0x91, 0xA8, 0x91, 0xC8, 0x91, 0xC8, 0x91, 0xC8, 0x91, 0xC8, 0x89, 0xA7,
    0x92, 0xCB, 0xFF, 0x3C, 0x10, 0xFF, 0xFF, 0xBD, 0x96, 0x30, 0xE5, 0x30, 0x83, 0x38, 0xE5, 0x39,
    0x05, 0x39, 0x05, 0x39, 0x05, 0x38, 0xE5, 0x38, 0x84, 0x49, 0xA6, 0x76, 0x4D, 0x4F, 0xEA, 0x37,
    0xE8, 0x27, 0xE7, 0x1F, 0xE6, 0x1F, 0xE5, 0x17, 0xE3, 0x17, 0xE3, 0x1F, 0xE3, 0x17, 0xE4, 0x0F,
    0xE4, 0x0F, 0xE4, 0x17, 0xE4, 0x17, 0xE4, 0x17, 0xE4, 0x17, 0xE4, 0x17, 0xE4, 0x17, 0xE4, 0x17,
    0xE4, 0x17, 0xE4, 0x17, 0xE4, 0x17, 0xE4, 0x17, 0xE4, 0x17, 0xE4, 0x17, 0xE4, 0x17, 0xE4, 0x17,
    0xE4, 0x17, 0xE4, 0x17, 0xE4, 0x17, 0xE4, 0x17, 0xE4, 0x17, 0xE4, 0x17, 0xE4, 0x17, 0xE4, 0x17,
    0xE4, 0x17, 0xE4, 0x17, 0xE4, 0x17, 0xE4, 0x17, 0xE4, 0x17, 0xE4, 0x17, 0xE4, 0x17, 0xE4, 0x17,
    0xE4, 0x17, 0xE4, 0x17, 0xE4, 0x17, 0xE4, 0x17, 0xE4, 0x17, 0xE4, 0x17, 0xE4, 0x17, 0xE4, 0x17,
    0xE4, 0x17, 0xE4, 0x17, 0xE4, 0x17, 0xE4, 0xFB, 0x17, 0xE4, 0x17, 0xE4, 0x17, 0xE4, 0x17, 0xE4,
    0x17, 0xE4, 0x17, 0xE4, 0x17, 0xE4, 0x17, 0xE4, 0x17, 0xE4, 0x17, 0xE4, 0x17, 0xE4, 0x17, 0xE4,
    0x17, 0xE4, 0x17, 0xE4, 0x17, 0xE4, 0x17, 0xE4, 0x17, 0xE4, 0x17, 0xE4, 0x17, 0xE4, 0x17, 0xE4,
    0x17, 0xE4, 0x17, 0xE4, 0x17, 0xE4, 0x17, 0xE4, 0x17, 0xE4, 0x17, 0xE4, 0x17, 0xE4, 0x17, 0xE4,
    0x17, 0xE4, 0x17, 0xE4, 0x17, 0xE4, 0x17, 0xE4, 0x17, 0xE4, 0x17, 0xE4, 0x17, 0xE4, 0x17, 0xE4,
    0x17, 0xE4, 0x17, 0xE4, 0x17, 0xE4, 0x17, 0xE4, 0x17, 0xE4, 0x17, 0xE4, 0x17, 0xE4, 0x17, 0xE4,
    0x17, 0xE4, 0x17, 0xE4, 0x17, 0xE4, 0x17, 0xE4, 0x17, 0xE4, 0x17, 0xE4, 0x1F, 0xE6, 0x25, 0x03,
    0x51, 0xA3, 0x81, 0x87, 0x91, 0xC8, 0x91, 0xC8, 0x91, 0xC8, 0x91, 0xC8, 0x91, 0xC8, 0x89, 0xA7,
    0x8A, 0x69, 0xF6, 0xFB, 0x10, 0xFF, 0xFF, 0xEF, 0x5D, 0x62, 0xAB, 0x28, 0x63, 0x30, 0xA4, 0x28,
    0xA3, 0x28, 0xA3, 0x28, 0xA3, 0x30, 0x84, 0x38, 0xC5, 0x72, 0xAB, 0x9D, 0x91, 0x86, 0x4F, 0x6E,
    0xAD, 0x5F, 0x8C, 0x47, 0xEA, 0x37, 0xE7, 0x2F, 0xE6, 0x37, 0xE6, 0x3F, 0xE6, 0x2F, 0xE6, 0x1F,
    0xE6, 0x17, 0xE5, 0x17, 0xE5, 0x17, 0xE4, 0x17, 0xE4, 0x17, 0xE4, 0x17, 0xE4, 0x17, 0xE4, 0x17,
    0xE4, 0x17, 0xE4, 0x17, 0xE4, 0x17, 0xE4, 0x17, 0xE4, 0x17, 0xE4, 0x17, 0xE4, 0x17, 0xE4, 0x17,
    0xE4, 0x17, 0xE4, 0x17, 0xE4, 0x17, 0xE4, 0x17, 0xE4, 0x17, 0xE4, 0x17, 0xE4, 0x17, 0xE4, 0x17,
    0xE4, 0x17, 0xE4, 0x17, 0xE4, 0x17, 0xE4, 0x17, 0xE4, 0x17, 0xE4, 0x17, 0xE4, 0x17, 0xE4, 0x17,
    0xE4, 0x17, 0xE4, 0x17, 0xE4, 0x17, 0xE4, 0x17, 0xE4, 0x17, 0xE4, 0x17, 0xE4, 0x17, 0xE4, 0x17,
    0xE4, 0x17, 0xE4, 0x17, 0xE4, 0x17, 0xE4, 0xFB, 0x17, 0xE4, 0x17, 0xE4, 0x17, 0xE4, 0x17, 0xE4,
    0x17, 0xE4, 0x17, 0xE4, 0x17, 0xE4, 0x17, 0xE4, 0x17, 0xE4, 0x17, 0xE4, 0x17, 0xE4, 0x17, 0xE4,
    0x17, 0xE4, 0x17, 0xE4, 0x17, 0xE4, 0x17, 0xE4, 0x17, 0xE4, 0x17, 0xE4, 0x17, 0xE4, 0x17, 0xE4,
    0x17, 0xE4, 0x17, 0xE4, 0x17, 0xE4, 0x17, 0xE4, 0x17, 0xE4, 0x17, 0xE4, 0x17, 0xE4, 0x17, 0xE4,
    0x17, 0xE4, 0x17, 0xE4, 0x17, 0xE4, 0x17, 0xE4, 0x17, 0xE4, 0x17, 0xE4, 0x17, 0xE4, 0x17, 0xE4,
    0x17, 0xE4, 0x17, 0xE4, 0x17, 0xE4, 0x17, 0xE4, 0x17, 0xE4, 0x17, 0xE4, 0x17, 0xE4, 0x17, 0xE4,
    0x17, 0xE4, 0x17, 0xE4, 0x17, 0xE4, 0x17, 0xE4, 0x17, 0xE4, 0x17, 0xE4, 0x1F, 0xE6, 0x26, 0x23,
    0x41, 0xE2, 0x81, 0x67, 0x99, 0xC8, 0x99, 0xC8, 0x91, 0xC7, 0x99, 0xC8, 0x99, 0xA8, 0x91, 0xA7,
    0x81, 0xE8, 0xF6, 0x99, 0x07, 0xFF, 0x9F, 0xDF, 0xF7, 0x9E, 0xF7, 0x7E, 0xF7, 0x7E, 0xF7, 0x9E,
    0xFF, 0xDF, 0xD6, 0x39, 0x51, 0xE8, 0x31, 0x04, 0x39, 0x25, 0x41, 0x46, 0x39, 0x05, 0x30, 0xA4,
    0x49, 0x67, 0xB4, 0xB3, 0xC5, 0x76, 0xC5, 0x02, 0xB5, 0xFF, 0x93, 0x95, 0xB0, 0x7E, 0x6E, 0x77,
    0x0D, 0x6E, 0xCC, 0x6E, 0x8B, 0x76, 0x6B, 0x6E, 0xEB, 0x57, 0xEA, 0x37, 0xE8, 0x1F, 0xE5, 0x17,
    0xE4, 0x17, 0xE4, 0x17, 0xE4, 0x17, 0xE4, 0x17, 0xE4, 0x17, 0xE4, 0x17, 0xE4, 0x17, 0xE4, 0x17,
    0xE4, 0x17, 0xE4, 0x17, 0xE4, 0x17, 0xE4, 0x17, 0xE4, 0x17, 0xE4, 0x17, 0xE4, 0x17, 0xE4, 0x17,
    0xE4, 0x17, 0xE4, 0x17, 0xE4, 0x17, 0xE4, 0x17, 0xE4, 0x17, 0xE4, 0x17, 0xE4, 0x17, 0xE4, 0x17,
    0xE4, 0x17, 0xE4, 0x17, 0xE4, 0x17, 0xE4, 0x17, 0xE4, 0x17, 0xE4, 0x17, 0xE4, 0x17, 0xE4, 0x17,
    0xE4, 0x17, 0xE4, 0x17, 0xE4, 0x17, 0xE4, 0x17, 0xE4, 0x17, 0xE4, 0x17, 0xE4, 0x17, 0xE4, 0x17,
    0xE4, 0x17, 0xE4, 0x17, 0xE4, 0x17, 0xE4, 0x17, 0xE4, 0x17, 0xE4, 0x17, 0xE4, 0x17, 0xE4, 0x17,
    0xE4, 0x17, 0xE4, 0x17, 0xE4, 0x17, 0xE4, 0x17, 0xE4, 0x17, 0xE4, 0xE4, 0x17, 0xE4, 0x17, 0xE4,
    0x17, 0xE4, 0x17, 0xE4, 0x17, 0xE4, 0x17, 0xE4, 0x17, 0xE4, 0x17, 0xE4, 0x17, 0xE4, 0x17, 0xE4,
    0x17, 0xE4, 0x17, 0xE4, 0x17, 0xE4, 0x17, 0xE4, 0x17, 0xE4, 0x17, 0xE4, 0x17, 0xE4, 0x17, 0xE4,
    0x17, 0xE4, 0x17, 0xE4, 0x17, 0xE4, 0x17, 0xE4, 0x17, 0xE4, 0x17, 0xE4, 0x17, 0xE4, 0x17, 0xE4,
    0x17, 0xE4, 0x17, 0xE4, 0x17, 0xE4, 0x17, 0xE4, 0x17, 0xE4, 0x17, 0xE4, 0x17, 0xE4, 0x17, 0xE4,
    0x17, 0xE4, 0x17, 0xE4, 0x17, 0xE4, 0x17, 0xE4, 0x0E, 0xE2, 0x22, 0x41, 0x79, 0x46, 0x99, 0xA7,
    0x99, 0xC7, 0x99, 0xC7, 0x99, 0xA8, 0x99, 0xA8, 0x99, 0xA8, 0x71, 0x25, 0xE5, 0xB7, 0xFF, 0xDF,
    0x05, 0xFF, 0xFF, 0xDF, 0xE6, 0xFC, 0xD6, 0x7A, 0xCE, 0x59, 0xD6, 0x59, 0xEF, 0x1C, 0xFF, 0xBF,
    0xCD, 0xF8, 0x83, 0x8F, 0x5A, 0x29, 0x49, 0x87, 0x49, 0x67, 0x41, 0x46, 0x8B, 0x6F, 0xD5, 0x97,
    0xCD, 0x97, 0xD5, 0xD8, 0xDD, 0xF8, 0xCD, 0x95, 0xAC, 0xF1, 0xA4, 0xD0, 0xB5, 0x11, 0xCD, 0x93,
    0xCD, 0x93, 0xB5, 0x70, 0x7D, 0xCB, 0x57, 0x69, 0x1F, 0xE6, 0x17, 0xE4, 0x17, 0xE4, 0x17, 0xE4,
    0x17, 0xE4, 0x17, 0xE4, 0x17, 0xE4, 0x17, 0xE4, 0x17, 0xE4, 0x17, 0xE4, 0x17, 0xE4, 0x17, 0xE4,
    0x17, 0xE4, 0x17, 0xE4, 0x17, 0xE4, 0x17, 0xE4, 0x17, 0xE4, 0x17, 0xE4, 0x17, 0xE4, 0x17, 0xE4,
    0x17, 0xE4, 0x17, 0xE4, 0x17, 0xE4, 0x17, 0xE4, 0x17, 0xE4, 0x17, 0xE4, 0x17, 0xE4, 0x17, 0xE4,
    0x17, 0xE4, 0x17, 0xE4, 0x17, 0xE4, 0x17, 0xE4, 0x17, 0xE4, 0x17, 0xE4, 0x17, 0xE4, 0x17, 0xE4,
    0x17, 0xE4, 0x17, 0xFF, 0xE4, 0x17, 0xE4, 0x17, 0xE4, 0x17, 0xE4, 0x17, 0xE4, 0x17, 0xE4, 0x17,
    0xE4, 0x17, 0xE4, 0x17, 0xE4, 0x17, 0xE4, 0x17, 0xE4, 0x17, 0xE4, 0x17, 0xE4, 0x17, 0xE4, 0x17,
    0xE4, 0x17, 0xE4, 0x17, 0xE4, 0x17, 0xE4, 0x17, 0xE4, 0x17, 0xE4, 0x17, 0xE4, 0x17, 0xE4, 0x17,
    0xE4, 0x17, 0xE4, 0x17, 0xE4, 0x17, 0xE4, 0x17, 0xE4, 0x17, 0xE4, 0x17, 0xE4, 0x17, 0xE4, 0x17,
    0xE4, 0x17, 0xE4, 0x17, 0xE4, 0x17, 0xE4, 0x17, 0xE4, 0x17, 0xE4, 0x17, 0xE4, 0x17, 0xE4, 0x17,
    0xE4, 0x17, 0xE4, 0x17, 0xE4, 0x17, 0xE4, 0x17, 0xE4, 0x17, 0xE4, 0x17, 0xE4, 0x17, 0xE4, 0x17,
    0xE4, 0x17, 0xE4, 0x17, 0xE4, 0x17, 0xE4, 0x17, 0xE4, 0x17, 0xE4, 0x17, 0xE4, 0x17, 0xE4, 0x17,
    0xE4, 0x17, 0xE4, 0x17, 0xE3, 0x1B, 0x60, 0x71, 0x44, 0x99, 0x66, 0x99, 0xA7, 0x99, 0xC7, 0x99,
    0xA8, 0x99, 0xA8, 0x99, 0x88, 0x88, 0x68, 0xE4, 0xB4, 0x10, 0xFF, 0xBF, 0xFF, 0xDF, 0x05, 0xFF,
    0xFF, 0xDF, 0xEF, 0x5D, 0xDE, 0xBB, 0xCE, 0x39, 0xC5, 0xF8, 0xCE, 0x39, 0xD6, 0x79, 0xC5, 0xF8,
    0xA4, 0xB3, 0x62, 0x6A, 0x49, 0xA8, 0x49, 0x87, 0xAC, 0x93, 0xD5, 0xD8, 0xD5, 0xD8, 0xD5, 0xD7,
    0xD5, 0xF7, 0xD5, 0xD6, 0xCD, 0x74, 0xCD, 0x34, 0xDD, 0x53, 0xED, 0xB5, 0xED, 0xB5, 0xE5, 0x94,
    0xBD, 0x70, 0x6E, 0xAB, 0x27, 0xE5, 0x17, 0xE3, 0x17, 0xE4, 0x17, 0xE4, 0x17, 0xE4, 0x17, 0xE4,
    0x17, 0xE4, 0x17, 0xE4, 0x17, 0xE4, 0x17, 0xE4, 0x17, 0xE4, 0x17, 0xE4, 0x17, 0xE4, 0x17, 0xE4,
    0x17, 0xE4, 0x17, 0xE4, 0x17, 0xE4, 0x17, 0xE4, 0x17, 0xE4, 0x17, 0xE4, 0x17, 0xE4, 0x17, 0xE4,
    0x17, 0xE4, 0x17, 0xE4, 0x17, 0xE4, 0x17, 0xE4, 0x17, 0xE4, 0x17, 0xE4, 0x17, 0xE4, 0x17, 0xE4,
    0x17, 0xE4, 0x17, 0xE4, 0x17, 0xE4, 0x17, 0xE4, 0x17, 0xE4, 0x17, 0xE4, 0x17, 0xE4, 0x17, 0xE4,
    0x17, 0xFF, 0xE4, 0x17, 0xE4, 0x17, 0xE4, 0x17, 0xE4, 0x17, 0xE4, 0x17, 0xE4, 0x17, 0xE4, 0x17,
    0xE4, 0x17, 0xE4, 0x17, 0xE4, 0x17, 0xE4, 0x17, 0xE4, 0x17, 0xE4, 0x17, 0xE4, 0x17, 0xE4, 0x17,
    0xE4, 0x17, 0xE4, 0x17, 0xE4, 0x17, 0xE4, 0x17, 0xE4, 0x17, 0xE4, 0x17, 0xE4, 0x17, 0xE4, 0x17,
    0xE4, 0x17, 0xE4, 0x17, 0xE4, 0x17, 0xE4, 0x17, 0xE4, 0x17, 0xE4, 0x17, 0xE4, 0x17, 0xE4, 0x17,
    0xE4, 0x17, 0xE4, 0x17, 0xE4, 0x17, 0xE4, 0x17, 0xE4, 0x17, 0xE4, 0x17, 0xE4, 0x17, 0xE4, 0x17,
    0xE4, 0x17, 0xE4, 0x17, 0xE4, 0x17, 0xE4, 0x17, 0xE4, 0x17, 0xE4, 0x17, 0xE4, 0x17, 0xE4, 0x17,
    0xE4, 0x17, 0xE4, 0x17, 0xE4, 0x17, 0xE4, 0x17, 0xE4, 0x17, 0xE4, 0x17, 0xE4, 0x0F, 0xE4, 0x1F,
    0xE4, 0x1D, 0x21, 0x61, 0xA3, 0x99, 0x46, 0xA1, 0x87, 0x99, 0xA7, 0x99, 0xA8, 0x99, 0xA8, 0x91,
    0x87, 0x68, 0x84, 0xE4, 0x69, 0xC7, 0xEE, 0x9A, 0x05, 0xFF, 0x80, 0xDF, 0x05, 0xFF, 0xFF, 0xBE,
    0xF7, 0x7E, 0xEF, 0x3D, 0xEF, 0x3C, 0xE6, 0xDB, 0xE6, 0xDB, 0xDE, 0x9A, 0xCD, 0xF8, 0xB5, 0x15,
    0x8B, 0xB0, 0xB5, 0x15, 0xCD, 0xB7, 0xCD, 0x97, 0xD5, 0xD7, 0xCD, 0xD7, 0xCD, 0xF6, 0xD5, 0xB5,
    0xDD, 0x54, 0xD5, 0x53, 0xE5, 0xB4, 0xE5, 0xB4, 0xD5, 0x93, 0xAD, 0xAF, 0x66, 0xCB, 0x1F, 0xE5,
    0x17, 0xE3, 0x17, 0xE4, 0x17, 0xE4, 0x17, 0xE4, 0x17, 0xE4, 0x17, 0xE4, 0x17, 0xE4, 0x17, 0xE4,
    0x17, 0xE4, 0x17, 0xE4, 0x17, 0xE4, 0x17, 0xE4, 0x17, 0xE4, 0x17, 0xE4, 0x17, 0xE4, 0x17, 0xE4,
    0x17, 0xE4, 0x17, 0xE4, 0x17, 0xE4, 0x17, 0xE4, 0x17, 0xE4, 0x17, 0xE4, 0x17, 0xE4, 0x17, 0xE4,
    0x17, 0xE4, 0x17, 0xE4, 0x17, 0xE4, 0x17, 0xE4, 0x17, 0xE4, 0x17, 0xE4, 0x17, 0xE4, 0x17, 0xE4,
    0x17, 0xE4, 0x17, 0xE4, 0x17, 0xE4, 0x17, 0xE4, 0x17, 0xE4, 0x17, 0xE4, 0x17, 0xE4, 0x17, 0xFF,
    0xE4, 0x17, 0xE4, 0x17, 0xE4, 0x17, 0xE4, 0x17, 0xE4, 0x17, 0xE4, 0x17, 0xE4, 0x17, 0xE4, 0x17,
    0xE4, 0x17, 0xE4, 0x17, 0xE4, 0x17, 0xE4, 0x17, 0xE4, 0x17, 0xE4, 0x17, 0xE4, 0x17, 0xE4, 0x17,
    0xE4, 0x17, 0xE4, 0x17, 0xE4, 0x17, 0xE4, 0x17, 0xE4, 0x17, 0xE4, 0x17, 0xE4, 0x17, 0xE4, 0x17,
    0xE4, 0x17, 0xE4, 0x17, 0xE4, 0x17, 0xE4, 0x17, 0xE4, 0x17, 0xE4, 0x17, 0xE4, 0x17, 0xE4, 0x17,
    0xE4, 0x17, 0xE4, 0x17, 0xE4, 0x17, 0xE4, 0x17, 0xE4, 0x17, 0xE4, 0x17, 0xE4, 0x17, 0xE4, 0x17,
    0xE4, 0x17, 0xE4, 0x17, 0xE4, 0x17, 0xE4, 0x17, 0xE4, 0x17, 0xE4, 0x17, 0xE4, 0x17, 0xE4, 0x17,
    0xE4, 0x17, 0xE4, 0x17, 0xE4, 0x17, 0xE4, 0x0F, 0xE3, 0x17, 0xE4, 0x0E, 0x82, 0x4A, 0x63, 0x89,
    0x45, 0x99, 0x87, 0x99, 0xC8, 0x99, 0xC8, 0x99, 0xA8, 0x81, 0x46, 0x68, 0xE4, 0x48, 0xE3, 0x83,
    0x82, 0x4D, 0xE6, 0xDB, 0x03, 0xFF, 0x8E, 0xDF, 0xFF, 0xDF, 0xFF, 0xBF, 0xFF, 0xBF, 0xFF, 0xBE,
    0xFF, 0xBF, 0xFF, 0xBE, 0xFF, 0xDF, 0x09, 0xFF, 0xFF, 0xDF, 0xF7, 0x5E, 0xEE, 0xFC, 0xDE, 0x39,
    0xC5, 0x97, 0xCD, 0xD7, 0xCD, 0xF6, 0xD5, 0xD6, 0xD5, 0x95, 0xD5, 0x95, 0xD5, 0xD4, 0xC5, 0xB1,
    0xA5, 0xCE, 0x76, 0x6C, 0x47, 0x89, 0x1F, 0xE5, 0x17, 0xE4, 0x17, 0xE4, 0x17, 0xE4, 0x17, 0xE4,
    0x17, 0xE4, 0x17, 0xE4, 0x17, 0xE4, 0x17, 0xE4, 0x17, 0xE4, 0x17, 0xE4, 0x17, 0xE4, 0x17, 0xE4,
    0x17, 0xE4, 0x17, 0xE4, 0x17, 0xE4, 0x17, 0xE4, 0x17, 0xE4, 0x17, 0xE4, 0x17, 0xE4, 0x17, 0xE4,
    0x17, 0xE4, 0x17, 0xE4, 0x17, 0xE4, 0x17, 0xE4, 0x17, 0xE4, 0x17, 0xE4, 0x17, 0xE4, 0x17, 0xE4,
    0x17, 0xE4, 0x17, 0xE4, 0x17, 0xE4, 0x17, 0xE4, 0x17, 0xE4, 0x17, 0xE4, 0x17, 0xE4, 0x17, 0xE4,
    0x17, 0xE4, 0x17, 0xE4, 0x17, 0xE4, 0x17, 0xE4, 0x17, 0xE4, 0x17, 0xE4, 0x17, 0xE4, 0x17, 0xE4,
    0x17, 0xE4, 0x17, 0xE4, 0x17, 0xE4, 0x17, 0xE4, 0x17, 0xF2, 0xE4, 0x17, 0xE4, 0x17, 0xE4, 0x17,
    0xE4, 0x17, 0xE4, 0x17, 0xE4, 0x17, 0xE4, 0x17, 0xE4, 0x17, 0xE4, 0x17, 0xE4, 0x17, 0xE4, 0x17,
    0xE4, 0x17, 0xE4, 0x17, 0xE4, 0x17, 0xE4, 0x17, 0xE4, 0x17, 0xE4, 0x17, 0xE4, 0x17, 0xE4, 0x17,
    0xE4, 0x17, 0xE4, 0x17, 0xE4, 0x17, 0xE4, 0x17, 0xE4, 0x17, 0xE4, 0x17, 0xE4, 0x17, 0xE4, 0x17,
    0xE4, 0x17, 0xE4, 0x17, 0xE4, 0x17, 0xE4, 0x17, 0xE4, 0x17, 0xE4, 0x17, 0xE4, 0x17, 0xE4, 0x17,
    0xE4, 0x17, 0xE4, 0x17, 0xE4, 0x17, 0xE4, 0x17, 0xE4, 0x17, 0xE4, 0x17, 0xE4, 0x17, 0xE4, 0x17,
    0xE3, 0x17, 0xE4, 0x17, 0xE4, 0x33, 0xC4, 0x71, 0x65, 0x91, 0x46, 0x91, 0xE8, 0x92, 0x28, 0x79,
    0x66, 0x69, 0x05, 0x59, 0x24, 0x41, 0x04, 0x31, 0x24, 0x7B, 0x8E, 0xE7, 0x1C, 0x03, 0xFF, 0x90,
    0xDF, 0xFF, 0xDF, 0xFF, 0xBF, 0xFF, 0xBF, 0xFF, 0xBF, 0xFF, 0xBF, 0xFF, 0xBF, 0xFF, 0xDF, 0xFF,
    0xDF, 0x0B, 0xFF, 0xFF, 0x9E, 0xD6, 0x18, 0xC5, 0xB6, 0xCE, 0x16, 0xC5, 0xD5, 0xB5, 0xB4, 0xA5,
    0xD2, 0x96, 0x51, 0x76, 0x6D, 0x4E, 0xA9, 0x37, 0x87, 0x2F, 0xE7, 0x1F, 0xE5, 0x17, 0xE4, 0x17,
    0xE4, 0x17, 0xE4, 0x17, 0xE4, 0x17, 0xE4, 0x17, 0xE4, 0x17, 0xE4, 0x17, 0xE4, 0x17, 0xE4, 0x17,
    0xE4, 0x17, 0xE4, 0x17, 0xE4, 0x17, 0xE4, 0x17, 0xE4, 0x17, 0xE4, 0x17, 0xE4, 0x17, 0xE4, 0x17,
    0xE4, 0x17, 0xE4, 0x17, 0xE4, 0x17, 0xE4, 0x17, 0xE4, 0x17, 0xE4, 0x17, 0xE4, 0x17, 0xE4, 0x17,
    0xE4, 0x17, 0xE4, 0x17, 0xE4, 0x17, 0xE4, 0x17, 0xE4, 0x17, 0xE4, 0x17, 0xE4, 0x17, 0xE4, 0x17,
    0xE4, 0x17, 0xE4, 0x17, 0xE4, 0x17, 0xE4, 0x17, 0xE4, 0x17, 0xE4, 0x17, 0xE4, 0x17, 0xE4, 0x17,
    0xE4, 0x17, 0xE4, 0x17, 0xE4, 0x17, 0xE4, 0x17, 0xE4, 0x17, 0xE4, 0x17, 0xE4, 0x17, 0xE4, 0x17,
    0xE4, 0x17, 0xE4, 0x17, 0xEE, 0xE4, 0x17, 0xE4, 0x17, 0xE4, 0x17, 0xE4, 0x17, 0xE4, 0x17, 0xE4,
    0x17, 0xE4, 0x17, 0xE4, 0x17, 0xE4, 0x17, 0xE4, 0x17, 0xE4, 0x17, 0xE4, 0x17, 0xE4, 0x17, 0xE4,
    0x17, 0xE4, 0x17, 0xE4, 0x17, 0xE4, 0x17, 0xE4, 0x17, 0xE4, 0x17, 0xE4, 0x17, 0xE4, 0x17, 0xE4,
    0x17, 0xE4, 0x17, 0xE4, 0x17, 0xE4, 0x17, 0xE4, 0x17, 0xE4, 0x17, 0xE4, 0x17, 0xE4, 0x17, 0xE4,
    0x17, 0xE4, 0x17, 0xE4, 0x17, 0xE4, 0x17, 0xE4, 0x17, 0xE4, 0x17, 0xE4, 0x17, 0xE4, 0x17, 0xE4,
    0x17, 0xE4, 0x17, 0xE4, 0x17, 0xE4, 0x17, 0xE4, 0x17, 0xE5, 0x2D, 0xC5, 0x3A, 0xC2, 0x52, 0x22,
    0x62, 0x66, 0x6A, 0x47, 0x59, 0x66, 0x49, 0x06, 0x41, 0x06, 0x31, 0x26, 0x28, 0xE5, 0x29, 0x26,
    0x7B, 0x90, 0xEF, 0x1D, 0x05, 0xFF, 0x8A, 0xDF, 0xFF, 0xBF, 0xFF, 0xBF, 0xFF, 0xDF, 0xFF, 0xDF,
    0xFF, 0xDF, 0x0D, 0xFF, 0xFF, 0xDF, 0xF7, 0x3D, 0xC5, 0xD7, 0xB5, 0x94, 0x95, 0x71, 0x6D, 0xAD,
    0x4E, 0x6B, 0x47, 0x8B, 0x37, 0xE9, 0x37, 0xE8, 0x2F, 0xE7, 0x1F, 0xE6, 0x17, 0xE5, 0x0F, 0xE4,
    0x17, 0xE3, 0x17, 0xE4, 0x17, 0xE4, 0x17, 0xE4, 0x17, 0xE4, 0x17, 0xE4, 0x17, 0xE4, 0x17, 0xE4,
    0x17, 0xE4, 0x17, 0xE4, 0x17, 0xE4, 0x17, 0xE4, 0x17, 0xE4, 0x17, 0xE4, 0x17, 0xE4, 0x17, 0xE4,
    0x17, 0xE4, 0x17, 0xE4, 0x17, 0xE4, 0x17, 0xE4, 0x17, 0xE4, 0x17, 0xE4, 0x17, 0xE4, 0x17, 0xE4,
    0x17, 0xE4, 0x17, 0xE4, 0x17, 0xE4, 0x17, 0xE4, 0x17, 0xE4, 0x17, 0xE4, 0x17, 0xE4, 0x17, 0xE4,
    0x17, 0xE4, 0x17, 0xE4, 0x17, 0xE4, 0x17, 0xE4, 0x17, 0xE4, 0x17, 0xE4, 0x17, 0xE4, 0x17, 0xE4,
    0x17, 0xE4, 0x17, 0xE4, 0x17, 0xE4, 0x17, 0xE4, 0x17, 0xE4, 0x17, 0xE4, 0x17, 0xE4, 0x17, 0xE4,
    0x17, 0xE4, 0x17, 0xE4, 0x17, 0xF0, 0xE4, 0x17, 0xE4, 0x17, 0xE4, 0x17, 0xE4, 0x17, 0xE4, 0x17,
    0xE4, 0x17, 0xE4, 0x17, 0xE4, 0x17, 0xE4, 0x17, 0xE4, 0x17, 0xE4, 0x17, 0xE4, 0x17, 0xE4, 0x17,
    0xE4, 0x17, 0xE4, 0x17, 0xE4, 0x17, 0xE4, 0x17, 0xE4, 0x17, 0xE4, 0x17, 0xE4, 0x17, 0xE4, 0x17,
    0xE4, 0x17, 0xE4, 0x17, 0xE4, 0x17, 0xE4, 0x17, 0xE4, 0x17, 0xE4, 0x17, 0xE4, 0x17, 0xE4, 0x17,
    0xE4, 0x17, 0xE4, 0x17, 0xE4, 0x17, 0xE4, 0x17, 0xE4, 0x17, 0xE4, 0x17, 0xE4, 0x17, 0xE4, 0x17,
    0xE4, 0x17, 0xE4, 0x17, 0xE4, 0x17, 0xE4, 0x17, 0xE5, 0x17, 0xE5, 0x27, 0xC4, 0x26, 0x83, 0x3E,
    0x06, 0x5D, 0x2A, 0x42, 0xE8, 0x31, 0x87, 0x39, 0x68, 0x31, 0x48, 0x31, 0x69, 0x31, 0x68, 0x28,
    0xE7, 0x29, 0x06, 0x7B, 0x8F, 0xE6, 0xFC, 0x03, 0xFF, 0x84, 0xDF, 0xFF, 0xBF, 0xFF, 0xDF, 0x03,
    0xFF, 0x82, 0xDF, 0xFF, 0xDF, 0x09, 0xFF, 0xFF, 0xDF, 0xFF, 0x9E, 0xF7, 0x7E, 0xF7, 0x7E, 0xBD,
    0xB7, 0x95, 0x32, 0x75, 0xCF, 0x5F, 0x0E, 0x37, 0xEC, 0x2F, 0xEB, 0x37, 0xEA, 0x3F, 0xE9, 0x3F,
    0xE8, 0x3F, 0xE9, 0x2F, 0xE7, 0x1F, 0xE5, 0x17, 0xE3, 0x17, 0xE4, 0x17, 0xE4, 0x17, 0xE4, 0x17,
    0xE4, 0x17, 0xE4, 0x17, 0xE4, 0x17, 0xE4, 0x17, 0xE4, 0x17, 0xE4, 0x17, 0xE4, 0x17, 0xE4, 0x17,
    0xE4, 0x17, 0xE4, 0x17, 0xE4, 0x17, 0xE4, 0x17, 0xE4, 0x17, 0xE4, 0x17, 0xE4, 0x17, 0xE4, 0x17,
    0xE4, 0x17, 0xE4, 0x17, 0xE4, 0x17, 0xE4, 0x17, 0xE4, 0x17, 0xE4, 0x17, 0xE4, 0x17, 0xE4, 0x17,
    0xE4, 0x17, 0xE4, 0x17, 0xE4, 0x17, 0xE4, 0x17, 0xE4, 0x17, 0xE4, 0x17, 0xE4, 0x17, 0xE4, 0x17,
    0xE4, 0x17, 0xE4, 0x17, 0xE4, 0x17, 0xE4, 0x17, 0xE4, 0x17, 0xE4, 0x17, 0xE4, 0x17, 0xE4, 0x17,
    0xE4, 0x17, 0xE4, 0x17, 0xE4, 0x17, 0xE4, 0x17, 0xFC, 0xE4, 0x17, 0xE4, 0x17, 0xE4, 0x17, 0xE4,
    0x17, 0xE4, 0x17, 0xE4, 0x17, 0xE4, 0x17, 0xE4, 0x17, 0xE4, 0x17, 0xE4, 0x17, 0xE4, 0x17, 0xE4,
    0x17, 0xE4, 0x17, 0xE4, 0x17, 0xE4, 0x17, 0xE4, 0x17, 0xE4, 0x17, 0xE4, 0x17, 0xE4, 0x17, 0xE4,
    0x17, 0xE4, 0x17, 0xE4, 0x17, 0xE4, 0x17, 0xE4, 0x17, 0xE4, 0x17, 0xE4, 0x17, 0xE4, 0x17, 0xE4,
    0x17, 0xE4, 0x17, 0xE4, 0x17, 0xE4, 0x17, 0xE4, 0x17, 0xE4, 0x17, 0xE4, 0x17, 0xE4, 0x17, 0xE4,
    0x17, 0xE4, 0x17, 0xE4, 0x17, 0xE4, 0x17, 0xE4, 0x17, 0xE4, 0x17, 0xE4, 0x17, 0xE4, 0x17, 0xE5,
    0x17, 0xE5, 0x1F, 0xE5, 0x27, 0xE6, 0x3F, 0xE9, 0x4D, 0xEC, 0x2A, 0x88, 0x31, 0xC8, 0x39, 0x89,
    0x31, 0x89, 0x39, 0xAA, 0x41, 0xCA, 0x39, 0x89, 0x28, 0xE6, 0x20, 0xC5, 0x6B, 0x2E, 0xD6, 0x7B,
    0xFF, 0xBF, 0xFF, 0xDF, 0xFF, 0xDF, 0x0E, 0xFF, 0xFF, 0xF7, 0x9E, 0xEF, 0x3C, 0xEF, 0x3D, 0xF7,
    0x7E, 0xE6, 0xFC, 0xBE, 0x17, 0x8E, 0x31, 0x66, 0xEE, 0x4F, 0x6E, 0x57, 0x2D, 0x6E, 0xCD, 0x76,
    0x8D, 0x76, 0x6E, 0x76, 0x8E, 0x67, 0x2D, 0x4F, 0xE9, 0x27, 0xE5, 0x17, 0xE3, 0x17, 0xE4, 0x17,
    0xE4, 0x17, 0xE4, 0x17, 0xE4, 0x17, 0xE4, 0x17, 0xE4, 0x17, 0xE4, 0x17, 0xE4, 0x17, 0xE4, 0x17,
    0xE4, 0x17, 0xE4, 0x17, 0xE4, 0x17, 0xE4, 0x17, 0xE4, 0x17, 0xE4, 0x17, 0xE4, 0x17, 0xE4, 0x17,
    0xE4, 0x17, 0xE4, 0x17, 0xE4, 0x17, 0xE4, 0x17, 0xE4, 0x17, 0xE4, 0x17, 0xE4, 0x17, 0xE4, 0x17,
    0xE4, 0x17, 0xE4, 0x17, 0xE4, 0x17, 0xE4, 0x17, 0xE4, 0x17, 0xE4, 0x17, 0xE4, 0x17, 0xE4, 0x17,
    0xE4, 0x17, 0xE4, 0x17, 0xE4, 0x17, 0xE4, 0x17, 0xE4, 0x17, 0xE4, 0x17, 0xE4, 0x17, 0xE4, 0x17,
    0xE4, 0x17, 0xE4, 0x17, 0xE4, 0x17, 0xE4, 0x17, 0xE4, 0xFB, 0x17, 0xE4, 0x17, 0xE4, 0x17, 0xE4,
    0x17, 0xE4, 0x17, 0xE4, 0x17, 0xE4, 0x17, 0xE4, 0x17, 0xE4, 0x17, 0xE4, 0x17, 0xE4, 0x17, 0xE4,
    0x17, 0xE4, 0x17, 0xE4, 0x17, 0xE4, 0x17, 0xE4, 0x17, 0xE4, 0x17, 0xE4, 0x17, 0xE4, 0x17, 0xE4,
    0x17, 0xE4, 0x17, 0xE4, 0x17, 0xE4, 0x17, 0xE4, 0x17, 0xE4, 0x17, 0xE4, 0x17, 0xE4, 0x17, 0xE4,
    0x17, 0xE4, 0x17, 0xE4, 0x17, 0xE4, 0x17, 0xE4, 0x17, 0xE4, 0x17, 0xE4, 0x17, 0xE4, 0x17, 0xE4,
    0x17, 0xE4, 0x17, 0xE4, 0x17, 0xE4, 0x17, 0xE4, 0x17, 0xE4, 0x17, 0xE4, 0x17, 0xE4, 0x17, 0xE4,
    0x17, 0xE5, 0x17, 0xE4, 0x17, 0xE5, 0x27, 0xE7, 0x3F, 0x6A, 0x2B, 0x48, 0x39, 0xC8, 0x41, 0xAA,
    0x41, 0xAA, 0x39, 0xAA, 0x39, 0xCA, 0x41, 0xEB, 0x41, 0xEB, 0x31, 0x69, 0x18, 0xA5, 0x18, 0x84,
    0x52, 0x4B, 0xBD, 0xB8, 0xFF, 0xDF, 0x11, 0xFF, 0xFF, 0xBE, 0xFF, 0xBE, 0xFF, 0xBF, 0xFF, 0xBF,
    0xFF, 0xBF, 0xE6, 0x9A, 0xAD, 0x93, 0x85, 0x4F, 0x85, 0xF0, 0xAE, 0x53, 0xCE, 0xB6, 0xDF, 0x39,
    0xD7, 0x18, 0xC6, 0x96, 0xA6, 0x72, 0x66, 0xEC, 0x37, 0xE7, 0x17, 0xE4, 0x17, 0xE4, 0x17, 0xE4,
    0x17, 0xE4, 0x17, 0xE4, 0x17, 0xE4, 0x17, 0xE4, 0x17, 0xE4, 0x17, 0xE4, 0x17, 0xE4, 0x17, 0xE4,
    0x17, 0xE4, 0x17, 0xE4, 0x17, 0xE4, 0x17, 0xE4, 0x17, 0xE4, 0x17, 0xE4, 0x17, 0xE4, 0x17, 0xE4,
    0x17, 0xE4, 0x17, 0xE4, 0x17, 0xE4, 0x17, 0xE4, 0x17, 0xE4, 0x17, 0xE4, 0x17, 0xE4, 0x17, 0xE4,
    0x17, 0xE4, 0x17, 0xE4, 0x17, 0xE4, 0x17, 0xE4, 0x17, 0xE4, 0x17, 0xE4, 0x17, 0xE4, 0x17, 0xE4,
    0x17, 0xE4, 0x17, 0xE4, 0x17, 0xE4, 0x17, 0xE4, 0x17, 0xE4, 0x17, 0xE4, 0x17, 0xE4, 0x17, 0xE4,
    0x17, 0xE4, 0x17, 0xE4, 0x17, 0xE4, 0x17, 0xE4, 0x17, 0xFC, 0xE4, 0x17, 0xE4, 0x17, 0xE4, 0x17,
    0xE4, 0x17, 0xE4, 0x17, 0xE4, 0x17, 0xE4, 0x17, 0xE4, 0x17, 0xE4, 0x17, 0xE4, 0x17, 0xE4, 0x17,
    0xE4, 0x17, 0xE4, 0x17, 0xE4, 0x17, 0xE4, 0x17, 0xE4, 0x17, 0xE4, 0x17, 0xE4, 0x17, 0xE4, 0x17,
    0xE4, 0x17, 0xE4, 0x17, 0xE4, 0x17, 0xE4, 0x17, 0xE4, 0x17, 0xE4, 0x17, 0xE4, 0x17, 0xE4, 0x17,
    0xE4, 0x17, 0xE4, 0x17, 0xE4, 0x17, 0xE4, 0x17, 0xE4, 0x17, 0xE4, 0x17, 0xE4, 0x17, 0xE4, 0x17,
    0xE4, 0x17, 0xE4, 0x17, 0xE4, 0x17, 0xE4, 0x17, 0xE4, 0x17, 0xE4, 0x17, 0xE4, 0x17, 0xE4, 0x17,
    0xE5, 0x17, 0xE5, 0x1F, 0xE6, 0x2F, 0xE9, 0x24, 0x48, 0x31, 0xC9, 0x41, 0xAB, 0x41, 0xAB, 0x39,
    0xCA, 0x39, 0xCA, 0x39, 0xCA, 0x41, 0xCB, 0x41, 0xCB, 0x31, 0x69, 0x20, 0xE6, 0x18, 0xA5, 0x10,
    0x64, 0x39, 0x88, 0xAD, 0x16, 0xF7, 0x7F, 0x0D, 0xFF, 0x82, 0xDF, 0xFF, 0xDF, 0x03, 0xFF, 0xFF,
    0xDF, 0xFF, 0xBF, 0xD6, 0x59, 0xC5, 0x96, 0xD5, 0xF7, 0xEE, 0x9A, 0xFF, 0x3C, 0xFF, 0x7C, 0xFF,
    0x7C, 0xF7, 0x3C, 0xF7, 0x3C, 0xE6, 0x79, 0xD6, 0xD7, 0x7E, 0xCD, 0x47, 0xE8, 0x1F, 0xE4, 0x17,
    0xE4, 0x17, 0xE4, 0x17, 0xE4, 0x17, 0xE4, 0x17, 0xE4, 0x17, 0xE4, 0x17, 0xE4, 0x17, 0xE4, 0x17,
    0xE4, 0x17, 0xE4, 0x17, 0xE4, 0x17, 0xE4, 0x17, 0xE4, 0x17, 0xE4, 0x17, 0xE4, 0x17, 0xE4, 0x17,
    0xE4, 0x17, 0xE4, 0x17, 0xE4, 0x17, 0xE4, 0x17, 0xE4, 0x17, 0xE4, 0x17, 0xE4, 0x17, 0xE4, 0x17,
    0xE4, 0x17, 0xE4, 0x17, 0xE4, 0x17, 0xE4, 0x17, 0xE4, 0x17, 0xE4, 0x17, 0xE4, 0x17, 0xE4, 0x17,
    0xE4, 0x17, 0xE4, 0x17, 0xE4, 0x17, 0xE4, 0x17, 0xE4, 0x17, 0xE4, 0x17, 0xE4, 0x17, 0xE4, 0x17,
    0xE4, 0x17, 0xE4, 0x17, 0xE4, 0x17, 0xE4, 0x17, 0xE4, 0x17, 0xE4, 0x17, 0xE4, 0x17, 0xE4, 0x17,
    0xFF, 0xE4, 0x17, 0xE4, 0x17, 0xE4, 0x17, 0xE4, 0x17, 0xE4, 0x17, 0xE4, 0x17, 0xE4, 0x17, 0xE4,
    0x17, 0xE4, 0x17, 0xE4, 0x17, 0xE4, 0x17, 0xE4, 0x17, 0xE4, 0x17, 0xE4, 0x17, 0xE4, 0x17, 0xE4,
    0x17, 0xE4, 0x17, 0xE4, 0x17, 0xE4, 0x17, 0xE4, 0x17, 0xE4, 0x17, 0xE4, 0x17, 0xE4, 0x17, 0xE4,
    0x17, 0xE4, 0x17, 0xE4, 0x17, 0xE4, 0x17, 0xE4, 0x17, 0xE4, 0x17, 0xE4, 0x17, 0xE4, 0x17, 0xE4,
    0x17, 0xE4, 0x17, 0xE4, 0x17, 0xE4, 0x17, 0xE4, 0x17, 0xE4, 0x17, 0xE4, 0x17, 0xE4, 0x17, 0xE4,
    0x17, 0xE4, 0x17, 0xE5, 0x17, 0xE5, 0x27, 0xE7, 0x1D, 0x46, 0x21, 0xE7, 0x39, 0x8A, 0x39, 0xAB,
    0x39, 0xAB, 0x39, 0xAB, 0x39, 0xAB, 0x39, 0xAB, 0x39, 0xAB, 0x39, 0x8B, 0x31, 0x6A, 0x31, 0x69,
    0x29, 0x27, 0x20, 0xC6, 0x10, 0x64, 0x31, 0x68, 0x9C, 0xB5, 0xE6, 0xFE, 0xFF, 0xDF, 0xFF, 0xDF,
    0xFF, 0xFF, 0xDF, 0xFF, 0xDF, 0xFF, 0xBF, 0xEF, 0x5D, 0xFF, 0xDF, 0xFF, 0xDF, 0xFF, 0xBF, 0xE6,
    0xDC, 0xC5, 0x97, 0xE6, 0x7A, 0xFF, 0x3D, 0xFF, 0x7D, 0xFF, 0x7D, 0xFF, 0x5C, 0xFF, 0x5C, 0xFF,
    0x5C, 0xE6, 0xBA, 0xE6, 0x99, 0xB6, 0x14, 0x66, 0xAD, 0x37, 0xE8, 0x17, 0xE4, 0x17, 0xE4, 0x17,
    0xE4, 0x17, 0xE4, 0x17, 0xE4, 0x17, 0xE4, 0x17, 0xE4, 0x17, 0xE4, 0x17, 0xE4, 0x17, 0xE4, 0x17,
    0xE4, 0x17, 0xE4, 0x17, 0xE4, 0x17, 0xE4, 0x17, 0xE4, 0x17, 0xE4, 0x17, 0xE4, 0x17, 0xE4, 0x17,
    0xE4, 0x17, 0xE4, 0x17, 0xE4, 0x17, 0xE4, 0x17, 0xE4, 0x17, 0xE4, 0x17, 0xE4, 0x17, 0xE4, 0x17,
    0xE4, 0x17, 0xE4, 0x17, 0xE4, 0x17, 0xE4, 0x17, 0xE4, 0x17, 0xE4, 0x17, 0xE4, 0x17, 0xE4, 0x17,
    0xE4, 0x17, 0xE4, 0x17, 0xE4, 0x17, 0xE4, 0x17, 0xE4, 0x17, 0xE4, 0x17, 0xE4, 0x17, 0xE4, 0x17,
    0xE4, 0x17, 0xFF, 0xE4, 0x17, 0xE4, 0x17, 0xE4, 0x17, 0xE4, 0x17, 0xE4, 0x17, 0xE4, 0x17, 0xE4,
    0x17, 0xE4, 0x17, 0xE4, 0x17, 0xE4, 0x17, 0xE4, 0x17, 0xE4, 0x17, 0xE4, 0x17, 0xE4, 0x17, 0xE4,
    0x17, 0xE4, 0x17, 0xE4, 0x17, 0xE4, 0x17, 0xE4, 0x17, 0xE4, 0x17, 0xE4, 0x17, 0xE4, 0x17, 0xE4,
    0x17, 0xE4, 0x17, 0xE4, 0x17, 0xE4, 0x17, 0xE4, 0x17, 0xE4, 0x17, 0xE4, 0x17, 0xE4, 0x17, 0xE4,
    0x17, 0xE4, 0x17, 0xE4, 0x17, 0xE4, 0x17, 0xE4, 0x17, 0xE4, 0x17, 0xE4, 0x17, 0xE4, 0x17, 0xE4,
    0x17, 0xE4, 0x17, 0xE4, 0x17, 0xE4, 0x17, 0xE4, 0x17, 0xE4, 0x17, 0xE4, 0x1F, 0xE5, 0x27, 0xE6,
    0x37, 0xE8, 0x3F, 0xE9, 0x2D, 0xE8, 0x22, 0xA6, 0x31, 0x89, 0x39, 0x8B, 0x39, 0xAB, 0x39, 0xAB,
    0x39, 0xAB, 0x39, 0xAB, 0x39, 0xAB, 0x39, 0xAB, 0x31, 0x8A, 0x39, 0x8A, 0x41, 0xCB, 0x39, 0xAA,
    0x31, 0x48, 0x20, 0xFF, 0xC6, 0x18, 0x85, 0x31, 0x68, 0x83, 0xD1, 0xCE, 0x3A, 0xF7, 0x5E, 0xFF,
    0x9F, 0xFF, 0xBF, 0xFF, 0x9F, 0xE7, 0x1C, 0xFF, 0x9F, 0xFF, 0xDF, 0xF7, 0x5E, 0xCD, 0xF7, 0xCE,
    0x17, 0xEE, 0xFB, 0xFF, 0x7D, 0xFF, 0x9C, 0xFF, 0x7C, 0xFF, 0x7B, 0xF7, 0x3B, 0xEE, 0xD9, 0xE6,
    0xD9, 0xD6, 0xB7, 0x96, 0x71, 0x57, 0x8B, 0x27, 0xE7, 0x17, 0xE4, 0x17, 0xE4, 0x17, 0xE4, 0x17,
    0xE4, 0x17, 0xE4, 0x17, 0xE4, 0x17, 0xE4, 0x17, 0xE4, 0x17, 0xE4, 0x17, 0xE4, 0x17, 0xE4, 0x17,
    0xE4, 0x17, 0xE4, 0x17, 0xE4, 0x17, 0xE4, 0x17, 0xE4, 0x17, 0xE4, 0x17, 0xE4, 0x17, 0xE4, 0x17,
    0xE4, 0x17, 0xE4, 0x17, 0xE4, 0x17, 0xE4, 0x17, 0xE4, 0x17, 0xE4, 0x17, 0xE4, 0x17, 0xE4, 0x17,
    0xE4, 0x17, 0xE4, 0x17, 0xE4, 0x17, 0xE4, 0x17, 0xE4, 0x17, 0xE4, 0x17, 0xE4, 0x17, 0xE4, 0x17,
    0xE4, 0x17, 0xE4, 0x17, 0xFF, 0xE4, 0x17, 0xE4, 0x17, 0xE4, 0x17, 0xE4, 0x17, 0xE4, 0x17, 0xE4,
    0x17, 0xE4, 0x17, 0xE4, 0x17, 0xE4, 0x17, 0xE4, 0x17, 0xE4, 0x17, 0xE4, 0x17, 0xE4, 0x17, 0xE4,
    0x17, 0xE4, 0x17, 0xE4, 0x17, 0xE4, 0x17, 0xE4, 0x17, 0xE4, 0x17, 0xE4, 0x17, 0xE4, 0x17, 0xE4,
    0x17, 0xE4, 0x17, 0xE4, 0x17, 0xE4, 0x17, 0xE4, 0x17, 0xE4, 0x17, 0xE4, 0x17, 0xE4, 0x17, 0xE4,
    0x17, 0xE4, 0x17, 0xE4, 0x17, 0xE4, 0x17, 0xE4, 0x17, 0xE4, 0x17, 0xE4, 0x17, 0xE4, 0x17, 0xE4,
    0x17, 0xE4, 0x17, 0xE4, 0x17, 0xE4, 0x17, 0xE4, 0x17, 0xE4, 0x17, 0xE4, 0x17, 0xE4, 0x17, 0xE4,
    0x17, 0xE4, 0x17, 0xE4, 0x1F, 0xE5, 0x1F, 0xE6, 0x2F, 0xE6, 0x3F, 0xE9, 0x4F, 0x4B, 0x56, 0x2C,
    0x2B, 0xC7, 0x21, 0xA6, 0x31, 0xA9, 0x39, 0xCB, 0x39, 0xAB, 0x39, 0xAB, 0x39, 0xAB, 0x39, 0xAB,
    0x39, 0xCB, 0x39, 0xAB, 0x39, 0xFF, 0xAB, 0x39, 0x8B, 0x39, 0xAB, 0x39, 0xCB, 0x39, 0xAB, 0x39,
    0xCB, 0x29, 0x49, 0x18, 0xA6, 0x20, 0xC6, 0x29, 0x06, 0x52, 0x4B, 0x83, 0xF1, 0xAD, 0x36, 0xC5,
    0xB8, 0xC5, 0xF9, 0xCE, 0x19, 0xCE, 0x3A, 0xEE, 0xFD, 0xE6, 0xBC, 0xB5, 0xB4, 0xA5, 0xD1, 0xBE,
    0xB5, 0xD7, 0x58, 0xDF, 0xDA, 0xDF, 0xB9, 0xCF, 0x37, 0xDF, 0xB9, 0xC6, 0xD7, 0xB6, 0xB5, 0x9E,
    0xD2, 0x6F, 0x2D, 0x3F, 0xE8, 0x17, 0xE5, 0x17, 0xE4, 0x17, 0xE4, 0x17, 0xE4, 0x17, 0xE4, 0x17,
    0xE4, 0x17, 0xE4, 0x17, 0xE4, 0x17, 0xE4, 0x17, 0xE4, 0x17, 0xE4, 0x17, 0xE4, 0x17, 0xE4, 0x17,
    0xE4, 0x17, 0xE4, 0x17, 0xE4, 0x17, 0xE4, 0x17, 0xE4, 0x17, 0xE4, 0x17, 0xE4, 0x17, 0xE4, 0x17,
    0xE4, 0x17, 0xE4, 0x17, 0xE4, 0x17, 0xE4, 0x17, 0xE4, 0x17, 0xE4, 0x17, 0xE4, 0x17, 0xE4, 0x17,
    0xE4, 0x17, 0xE4, 0x17, 0xE4, 0x17, 0xFF, 0xE4, 0x17, 0xE4, 0x17, 0xE4, 0x17, 0xE4, 0x17, 0xE4,
    0x17, 0xE4, 0x17, 0xE4, 0x17, 0xE4, 0x17, 0xE4, 0x17, 0xE4, 0x17, 0xE4, 0x17, 0xE4, 0x17, 0xE4,
    0x17, 0xE4, 0x17, 0xE4, 0x17, 0xE4, 0x17, 0xE4, 0x17, 0xE4, 0x17, 0xE4, 0x17, 0xE4, 0x17, 0xE4,
    0x17, 0xE4, 0x17, 0xE4, 0x17, 0xE4, 0x17, 0xE4, 0x17, 0xE4, 0x17, 0xE4, 0x17, 0xE4, 0x17, 0xE4,
    0x17, 0xE4, 0x17, 0xE4, 0x17, 0xE4, 0x17, 0xE4, 0x17, 0xE4, 0x17, 0xE4, 0x17, 0xE4, 0x17, 0xE4,
    0x17, 0xE4, 0x17, 0xE4, 0x17, 0xE4, 0x17, 0xE4, 0x17, 0xE4, 0x17, 0xE4, 0x17, 0xE4, 0x17, 0xE4,
    0x17, 0xE4, 0x17, 0xE4, 0x17, 0xE4, 0x17, 0xE4, 0x17, 0xE4, 0x17, 0xE4, 0x17, 0xE4, 0x17, 0xE4,
    0x1F, 0xE6, 0x2F, 0xE7, 0x37, 0x88, 0x46, 0x89, 0x3C, 0x48, 0x2A, 0xC8, 0x21, 0xC8, 0x29, 0x28,
    0x39, 0x8A, 0x39, 0xEB, 0x39, 0xEB, 0x39, 0xFF, 0xCB, 0x39, 0xAC, 0x39, 0xAC, 0x39, 0xAB, 0x39,
    0xAB, 0x39, 0xAB, 0x39, 0x8B, 0x39, 0x8B, 0x39, 0xAB, 0x39, 0xAB, 0x39, 0xAB, 0x39, 0xCB, 0x39,
    0xAB, 0x29, 0x08, 0x20, 0xE7, 0x20, 0xC6, 0x20, 0xC5, 0x20, 0xE5, 0x31, 0x26, 0x39, 0x88, 0x41,
    0xE9, 0x52, 0x4B, 0x4A, 0x0A, 0x5A, 0xAC, 0x8B, 0xF1, 0x8D, 0x70, 0x66, 0x6B, 0x46, 0xE9, 0x47,
    0x0A, 0x4F, 0x2B, 0x46, 0xEA, 0x3E, 0xAA, 0x57, 0x2C, 0x7F, 0xD0, 0x5E, 0xEC, 0x4F, 0x09, 0x3F,
    0xE8, 0x27, 0xE5, 0x17, 0xE3, 0x17, 0xE4, 0x17, 0xE4, 0x17, 0xE4, 0x17, 0xE4, 0x17, 0xE4, 0x17,
    0xE4, 0x17, 0xE4, 0x17, 0xE4, 0x17, 0xE4, 0x17, 0xE4, 0x17, 0xE4, 0x17, 0xE4, 0x17, 0xE4, 0x17,
    0xE4, 0x17, 0xE4, 0x17, 0xE4, 0x17, 0xE4, 0x17, 0xE4, 0x17, 0xE4, 0x17, 0xE4, 0x17, 0xE4, 0x17,
    0xE4, 0x17, 0xE4, 0x17, 0xE4, 0x17, 0xE4, 0x17, 0xFF, 0xE4, 0x17, 0xE4, 0x17, 0xE4, 0x17, 0xE4,
    0x17, 0xE4, 0x17, 0xE4, 0x17, 0xE4, 0x17, 0xE4, 0x17, 0xE4, 0x17, 0xE4, 0x17, 0xE4, 0x17, 0xE4,
    0x17, 0xE4, 0x17, 0xE4, 0x17, 0xE4, 0x17, 0xE4, 0x17, 0xE4, 0x17, 0xE4, 0x17, 0xE4, 0x17, 0xE4,
    0x17, 0xE4, 0x17, 0xE4, 0x17, 0xE4, 0x17, 0xE4, 0x17, 0xE4, 0x17, 0xE4, 0x17, 0xE4, 0x17, 0xE4,
    0x17, 0xE4, 0x17, 0xE4, 0x17, 0xE4, 0x17, 0xE4, 0x17, 0xE4, 0x17, 0xE4, 0x17, 0xE4, 0x17, 0xE4,
    0x17, 0xE4, 0x17, 0xE4, 0x17, 0xE4, 0x17, 0xE4, 0x17, 0xE4, 0x17, 0xE4, 0x17, 0xE4, 0x17, 0xE4,
    0x17, 0xE4, 0x17, 0xE4, 0x17, 0xE4, 0x17, 0xE4, 0x17, 0xE4, 0x17, 0xE4, 0x17, 0xE4, 0x17, 0xE4,
    0x17, 0xE4, 0x17, 0xE4, 0x17, 0xE4, 0x17, 0xE4, 0x17, 0xE4, 0x17, 0xE4, 0x1F, 0xE5, 0x26, 0xA7,
    0x24, 0xA7, 0x23, 0x26, 0x2A, 0x47, 0x39, 0x89, 0x31, 0xFF, 0x6A, 0x39, 0xAB, 0x39, 0x8C, 0x39,
    0xAB, 0x39, 0xCB, 0x39, 0xCB, 0x39, 0xAB, 0x41, 0xAC, 0x39, 0xAC, 0x39, 0xAB, 0x39, 0xAB, 0x39,
    0xAB, 0x39, 0xAB, 0x39, 0xAB, 0x39, 0xAB, 0x39, 0xCB, 0x39, 0xAB, 0x39, 0xAB, 0x39, 0xAB, 0x31,
    0x6A, 0x29, 0x28, 0x29, 0x07, 0x20, 0xC5, 0x20, 0xA5, 0x18, 0xA5, 0x18, 0x84, 0x18, 0x64, 0x18,
    0x84, 0x10, 0x44, 0x10, 0x23, 0x18, 0xC5, 0x4C, 0x29, 0x57, 0xAA, 0x2F, 0xE7, 0x1F, 0xE5, 0x17,
    0xE5, 0x17, 0xE4, 0x17, 0xE5, 0x0F, 0xE3, 0x0F, 0xE4, 0x17, 0xE5, 0x1F, 0xE5, 0x17, 0xE4, 0x17,
    0xE4, 0x17, 0xE3, 0x17, 0xE4, 0x17, 0xE4, 0x17, 0xE4, 0x17, 0xE4, 0x17, 0xE4, 0x17, 0xE4, 0x17,
    0xE4, 0x17, 0xE4, 0x17, 0xE4, 0x17, 0xE4, 0x17, 0xE4, 0x17, 0xE4, 0x17, 0xE4, 0x17, 0xE4, 0x17,
    0xE4, 0x17, 0xE4, 0x17, 0xE4, 0x17, 0xE4, 0x17, 0xE4, 0x17, 0xFF, 0xE4, 0x17, 0xE4, 0x17, 0xE4,
    0x17, 0xE4, 0x17, 0xE4, 0x17, 0xE4, 0x17, 0xE4, 0x17, 0xE4, 0x17, 0xE4, 0x17, 0xE4, 0x17, 0xE4,
    0x17, 0xE4, 0x17, 0xE4, 0x17, 0xE4, 0x17, 0xE4, 0x17, 0xE4, 0x17, 0xE4, 0x17, 0xE4, 0x17, 0xE4,
    0x17, 0xE4, 0x17, 0xE4, 0x17, 0xE4, 0x17, 0xE4, 0x17, 0xE4, 0x17, 0xE4, 0x17, 0xE4, 0x17, 0xE4,
    0x17, 0xE4, 0x17, 0xE4, 0x17, 0xE4, 0x17, 0xE4, 0x17, 0xE4, 0x17, 0xE4, 0x17, 0xE4, 0x17, 0xE4,
    0x17, 0xE4, 0x17, 0xE4, 0x17, 0xE4, 0x17, 0xE4, 0x17, 0xE4, 0x17, 0xE4, 0x17, 0xE4, 0x17, 0xE4,
    0x17, 0xE4, 0x17, 0xE4, 0x17, 0xE4, 0x17, 0xE4, 0x17, 0xE4, 0x17, 0xE4, 0x17, 0xE4, 0x17, 0xE4,
    0x17, 0xE4, 0x17, 0xE4, 0x17, 0xE4, 0x17, 0xE4, 0x17, 0xE4, 0x17, 0xE4, 0x17, 0xE4, 0x17, 0xE4,
    0x17, 0xE4, 0x17, 0xE4, 0x17, 0xE4, 0x17, 0xE4, 0x17, 0xE4, 0x0E, 0xFF, 0x03, 0x0A, 0x64, 0x29,
    0xA8, 0x41, 0xAA, 0x41, 0xAB, 0x39, 0xAB, 0x39, 0x8A, 0x39, 0xAA, 0x31, 0x8A, 0x39, 0x8B, 0x39,
    0xCB, 0x39, 0xAB, 0x39, 0xAC, 0x39, 0xAC, 0x39, 0xAC, 0x39, 0xAC, 0x39, 0xCB, 0x39, 0xAB, 0x39,
    0xAB, 0x39, 0xAB, 0x39, 0xAB, 0x39, 0xAB, 0x39, 0xAB, 0x39, 0xAB, 0x39, 0xAB, 0x31, 0x8A, 0x31,
    0x6A, 0x31, 0x69, 0x31, 0x48, 0x28, 0xE7, 0x20, 0xE6, 0x20, 0xA6, 0x18, 0x85, 0x18, 0x85, 0x18,
    0x85, 0x18, 0x85, 0x10, 0x84, 0x3B, 0xA8, 0x4F, 0xEB, 0x1F, 0xE4, 0x17, 0xE3, 0x17, 0xE3, 0x17,
    0xE3, 0x17, 0xE3, 0x17, 0xE3, 0x17, 0xE3, 0x17, 0xE3, 0x17, 0xE3, 0x17, 0xE4, 0x17, 0xE4, 0x17,
    0xE4, 0x17, 0xE4, 0x17, 0xE4, 0x17, 0xE4, 0x17, 0xE4, 0x17, 0xE4, 0x17, 0xE4, 0x17, 0xE4, 0x17,
    0xE4, 0x17, 0xE4, 0x17, 0xE4, 0x17, 0xE4, 0x17, 0xE4, 0x17, 0xE4, 0x17, 0xFF, 0xE4, 0x17, 0xE4,
    0x17, 0xE4, 0x17, 0xE4, 0x17, 0xE4, 0x17, 0xE4, 0x17, 0xE4, 0x17, 0xE4, 0x17, 0xE4, 0x17, 0xE4,
    0x17, 0xE4, 0x17, 0xE4, 0x17, 0xE4, 0x17, 0xE4, 0x17, 0xE4, 0x17, 0xE4, 0x17, 0xE4, 0x17, 0xE4,
    0x17, 0xE4, 0x17, 0xE4, 0x17, 0xE4, 0x17, 0xE4, 0x17, 0xE4, 0x17, 0xE4, 0x17, 0xE4, 0x17, 0xE4,
    0x17, 0xE4, 0x17, 0xE4, 0x17, 0xE4, 0x17, 0xE4, 0x17, 0xE4, 0x17, 0xE4, 0x17, 0xE4, 0x17, 0xE4,
    0x17, 0xE4, 0x17, 0xE4, 0x17, 0xE4, 0x17, 0xE4, 0x17, 0xE4, 0x17, 0xE4, 0x17, 0xE4, 0x17, 0xE4,
    0x17, 0xE4, 0x17, 0xE4, 0x17, 0xE4, 0x17, 0xE4, 0x17, 0xE4, 0x17, 0xE4, 0x17, 0xE4, 0x17, 0xE4,
    0x17, 0xE4, 0x17, 0xE4, 0x17, 0xE4, 0x17, 0xE4, 0x17, 0xE4, 0x17, 0xE4, 0x17, 0xE4, 0x17, 0xE4,
    0x17, 0xE4, 0x17, 0xE4, 0x17, 0xE4, 0x17, 0xE4, 0x17, 0xE4, 0x17, 0xE4, 0x17, 0xFF, 0xE4, 0x17,
    0xE4, 0x17, 0xE4, 0x1F, 0xE4, 0x17, 0xE4, 0x17, 0xE4, 0x15, 0x44, 0x21, 0xC6, 0x39, 0xAA, 0x41,
    0xAB, 0x39, 0xAB, 0x39, 0x6A, 0x31, 0x69, 0x31, 0x8A, 0x39, 0xAA, 0x39, 0xAB, 0x39, 0xCB, 0x39,
    0xAB, 0x39, 0xAB, 0x39, 0xAC, 0x39, 0xAC, 0x39, 0xAC, 0x39, 0xAB, 0x39, 0xAB, 0x39, 0xAB, 0x39,
    0xAB, 0x39, 0xAB, 0x39, 0xAB, 0x39, 0xAB, 0x39, 0xAB, 0x39, 0xAB, 0x39, 0xAB, 0x39, 0x8A, 0x39,
    0x8A, 0x39, 0x8A, 0x31, 0x69, 0x29, 0x28, 0x20, 0xE7, 0x20, 0xA6, 0x18, 0xA5, 0x18, 0xA6, 0x18,
    0xA6, 0x10, 0x65, 0x22, 0x67, 0x4F, 0xCC, 0x1F, 0xE5, 0x17, 0xE3, 0x17, 0xE3, 0x17, 0xE3, 0x17,
    0xE3, 0x17, 0xE3, 0x17, 0xE3, 0x17, 0xE3, 0x17, 0xE3, 0x17, 0xE4, 0x17, 0xE4, 0x17, 0xE4, 0x17,
    0xE4, 0x17, 0xE4, 0x17, 0xE4, 0x17, 0xE4, 0x17, 0xE4, 0x17, 0xE4, 0x17, 0xE4, 0x17, 0xFF, 0xE4,
    0x17, 0xE4, 0x17, 0xE4, 0x17, 0xE4, 0x17, 0xE4, 0x17, 0xE4, 0x17, 0xE4, 0x17, 0xE4, 0x17, 0xE4,
    0x17, 0xE4, 0x17, 0xE4, 0x17, 0xE4, 0x17, 0xE4, 0x17, 0xE4, 0x17, 0xE4, 0x17, 0xE4, 0x17, 0xE4,
    0x17, 0xE4, 0x17, 0xE4, 0x17, 0xE4, 0x17, 0xE4, 0x17, 0xE4, 0x17, 0xE4, 0x17, 0xE4, 0x17, 0xE4,
    0x17, 0xE4, 0x17, 0xE4, 0x17, 0xE4, 0x17, 0xE4, 0x17, 0xE4, 0x17, 0xE4, 0x17, 0xE4, 0x17, 0xE4,
    0x17, 0xE4, 0x17, 0xE4, 0x17, 0xE4, 0x17, 0xE4, 0x17, 0xE4, 0x17, 0xE4, 0x17, 0xE4, 0x17, 0xE4,
    0x17, 0xE4, 0x17, 0xE4, 0x17, 0xE4, 0x17, 0xE4, 0x17, 0xE4, 0x17, 0xE4, 0x17, 0xE4, 0x17, 0xE4,
    0x17, 0xE4, 0x17, 0xE4, 0x17, 0xE4, 0x17, 0xE4, 0x17, 0xE4, 0x17, 0xE4, 0x17, 0xE4, 0x17, 0xE4,
    0x17, 0xE4, 0x17, 0xE4, 0x17, 0xE4, 0x17, 0xE4, 0x17, 0xE4, 0x17, 0xE4, 0x17, 0xE4, 0x17, 0xFF,
    0xE4, 0x17, 0xE4, 0x17, 0xE4, 0x17, 0xE4, 0x17, 0xE4, 0x17, 0xE4, 0x17, 0xE4, 0x17, 0xE4, 0x17,
    0xE4, 0x17, 0xE4, 0x17, 0xE4, 0x1F, 0xE4, 0x15, 0x23, 0x21, 0xA5, 0x31, 0x69, 0x31, 0x49, 0x29,
    0x49, 0x31, 0x49, 0x31, 0x8A, 0x39, 0xAB, 0x41, 0xCB, 0x41, 0xCB, 0x39, 0xAB, 0x39, 0xAB, 0x39,
    0xAB, 0x39, 0xAB, 0x39, 0xAB, 0x39, 0xAB, 0x39, 0xAB, 0x39, 0xAB, 0x39, 0xAB, 0x39, 0xAB, 0x39,
    0xAB, 0x39, 0xAB, 0x39, 0xAB, 0x39, 0xAB, 0x39, 0xAB, 0x39, 0xAB, 0x39, 0xAB, 0x39, 0xAB, 0x39,
    0xAB, 0x39, 0xAA, 0x31, 0x49, 0x29, 0x08, 0x29, 0x07, 0x29, 0x07, 0x20, 0xE7, 0x20, 0xC7, 0x18,
    0xC6, 0x19, 0xE7, 0x4F, 0x6B, 0x1F, 0xE5, 0x17, 0xE3, 0x17, 0xE4, 0x17, 0xE4, 0x17, 0xE4, 0x17,
    0xE4, 0x17, 0xE4, 0x17, 0xE4, 0x17, 0xE4, 0x17, 0xE4, 0x17, 0xE4, 0x17, 0xE4, 0x17, 0xE4, 0x17,
    0xFF, 0xE4, 0x17, 0xE4, 0x17, 0xE4, 0x17, 0xE4, 0x17, 0xE4, 0x17, 0xE4, 0x17, 0xE4, 0x17, 0xE4,
    0x17, 0xE4, 0x17, 0xE4, 0x17, 0xE4, 0x17, 0xE4, 0x17, 0xE4, 0x17, 0xE4, 0x17, 0xE4, 0x17, 0xE4,
    0x17, 0xE4, 0x17, 0xE4, 0x17, 0xE4, 0x17, 0xE4, 0x17, 0xE4, 0x17, 0xE4, 0x17, 0xE4, 0x17, 0xE4,
    0x17, 0xE4, 0x17, 0xE4, 0x17, 0xE4, 0x17, 0xE4, 0x17, 0xE4, 0x17, 0xE4, 0x17, 0xE4, 0x17, 0xE4,
    0x17, 0xE4, 0x17, 0xE4, 0x17, 0xE4, 0x17, 0xE4, 0x17, 0xE4, 0x17, 0xE4, 0x17, 0xE4, 0x17, 0xE4,
    0x17, 0xE4, 0x17, 0xE4, 0x17, 0xE4, 0x17, 0xE4, 0x17, 0xE4, 0x17, 0xE4, 0x17, 0xE4, 0x17, 0xE4,
    0x17, 0xE4, 0x17, 0xE4, 0x17, 0xE4, 0x17, 0xE4, 0x17, 0xE4, 0x17, 0xE4, 0x17, 0xE4, 0x17, 0xE4,
    0x17, 0xE4, 0x17, 0xE4, 0x17, 0xE4, 0x17, 0xE4, 0x17, 0xE4, 0x17, 0xE4, 0x17, 0xE4, 0x17, 0xE4,
    0x17, 0xFF, 0xE4, 0x17, 0xE4, 0x17, 0xE4, 0x17, 0xE4, 0x17, 0xE4, 0x17, 0xE4, 0x17, 0xE4, 0x17,
    0xE4, 0x17, 0xE4, 0x17, 0xE4, 0x17, 0xE4, 0x17, 0xE4, 0x17, 0xE4, 0x17, 0xE4, 0x17, 0xE4, 0x17,
    0xE4, 0x17, 0xE3, 0x27, 0xE6, 0x15, 0x43, 0x11, 0x63, 0x21, 0x27, 0x29, 0x28, 0x29, 0x48, 0x39,
    0x8A, 0x39, 0xAB, 0x39, 0xCB, 0x39, 0xCB, 0x39, 0xCB, 0x39, 0xCB, 0x39, 0xAB, 0x39, 0x8A, 0x41,
    0xAB, 0x39, 0xAB, 0x39, 0xAB, 0x39, 0xAB, 0x39, 0xAB, 0x39, 0xAB, 0x39, 0xAB, 0x39, 0xAB, 0x39,
    0xAB, 0x39, 0xAB, 0x39, 0xAB, 0x39, 0xAB, 0x39, 0xAB, 0x39, 0xAB, 0x39, 0xAB, 0x39, 0xAB, 0x39,
    0xAB, 0x31, 0x69, 0x31, 0x49, 0x31, 0x89, 0x39, 0xAA, 0x31, 0x69, 0x29, 0x28, 0x20, 0xE8, 0x22,
    0x07, 0x47, 0x4B, 0x1F, 0xE5, 0x17, 0xE3, 0x17, 0xE4, 0x17, 0xE4, 0x17, 0xE4, 0x17, 0xE4, 0x17,
    0xE4, 0x17, 0xFF, 0xE4, 0x17, 0xE4, 0x17, 0xE4, 0x17, 0xE4, 0x17, 0xE4, 0x17, 0xE4, 0x17, 0xE4,
    0x17, 0xE4, 0x17, 0xE4, 0x17, 0xE4, 0x17, 0xE4, 0x17, 0xE4, 0x17, 0xE4, 0x17, 0xE4, 0x17, 0xE4,
    0x17, 0xE4, 0x17, 0xE4, 0x17, 0xE4, 0x17, 0xE4, 0x17, 0xE4, 0x17, 0xE4, 0x17, 0xE4, 0x17, 0xE4,
    0x17, 0xE4, 0x17, 0xE4, 0x17, 0xE4, 0x17, 0xE4, 0x17, 0xE4, 0x17, 0xE4, 0x17, 0xE4, 0x17, 0xE4,
    0x17, 0xE4, 0x17, 0xE4, 0x17, 0xE4, 0x17, 0xE4, 0x17, 0xE4, 0x17, 0xE4, 0x17, 0xE4, 0x17, 0xE4,
    0x17, 0xE4, 0x17, 0xE4, 0x17, 0xE4, 0x17, 0xE4, 0x17, 0xE4, 0x17, 0xE4, 0x17, 0xE4, 0x17, 0xE4,
    0x17, 0xE4, 0x17, 0xE4, 0x17, 0xE4, 0x17, 0xE4, 0x17, 0xE4, 0x17, 0xE4, 0x17, 0xE4, 0x17, 0xE4,
    0x17, 0xE4, 0x17, 0xE4, 0x17, 0xE4, 0x17, 0xE4, 0x17, 0xE4, 0x17, 0xE4, 0x17, 0xE4, 0x17, 0xE4,
    0x17, 0xE4, 0x17, 0xFF, 0xE4, 0x17, 0xE4, 0x17, 0xE4, 0x17, 0xE4, 0x17, 0xE4, 0x17, 0xE4, 0x17,
    0xE4, 0x17, 0xE4, 0x17, 0xE4, 0x17, 0xE4, 0x17, 0xE4, 0x17, 0xE4, 0x17, 0xE4, 0x17, 0xE4, 0x17,
    0xE4, 0x17, 0xE4, 0x17, 0xE4, 0x17, 0xE4, 0x17, 0xE4, 0x17, 0xE4, 0x17, 0xE4, 0x17, 0xE4, 0x17,
    0xE3, 0x27, 0xE7, 0x14, 0xC3, 0x11, 0x63, 0x29, 0x28, 0x31, 0x8A, 0x39, 0xAA, 0x39, 0xAB, 0x41,
    0xCB, 0x39, 0xCB, 0x39, 0xAB, 0x39, 0xCB, 0x41, 0xCB, 0x39, 0x6A, 0x31, 0x48, 0x39, 0xAB, 0x39,
    0xAB, 0x39, 0xAB, 0x39, 0xAB, 0x39, 0xAB, 0x39, 0xAB, 0x39, 0xAB, 0x39, 0xAB, 0x39, 0xCB, 0x39,
    0xAB, 0x39, 0xCB, 0x39, 0xAB, 0x39, 0xAB, 0x39, 0xAB, 0x39, 0xAB, 0x39, 0xAB, 0x39, 0xAB, 0x39,
    0xAA, 0x39, 0xAA, 0x39, 0xCA, 0x39, 0xAA, 0x39, 0xAA, 0x31, 0x89, 0x29, 0x49, 0x2A, 0x28, 0x47,
    0x4A, 0x1F, 0xE5, 0x17, 0xFF, 0xE4, 0x17, 0xE4, 0x17, 0xE4, 0x17, 0xE4, 0x17, 0xE4, 0x17, 0xE4,
    0x17, 0xE4, 0x17, 0xE4, 0x17, 0xE4, 0x17, 0xE4, 0x17, 0xE4, 0x17, 0xE4, 0x17, 0xE4, 0x17, 0xE4,
    0x17, 0xE4, 0x17, 0xE4, 0x17, 0xE4, 0x17, 0xE4, 0x17, 0xE4, 0x17, 0xE4, 0x17, 0xE4, 0x17, 0xE4,
    0x17, 0xE4, 0x17, 0xE4, 0x17, 0xE4, 0x17, 0xE4, 0x17, 0xE4, 0x17, 0xE4, 0x17, 0xE4, 0x17, 0xE4,
    0x17, 0xE4, 0x17, 0xE4, 0x17, 0xE4, 0x17, 0xE4, 0x17, 0xE4, 0x17, 0xE4, 0x17, 0xE4, 0x17, 0xE4,
    0x17, 0xE4, 0x17, 0xE4, 0x17, 0xE4, 0x17, 0xE4, 0x17, 0xE4, 0x17, 0xE4, 0x17, 0xE4, 0x17, 0xE4,
    0x17, 0xE4, 0x17, 0xE4, 0x17, 0xE4, 0x17, 0xE4, 0x17, 0xE4, 0x17, 0xE4, 0x17, 0xE4, 0x17, 0xE4,
    0x17, 0xE4, 0x17, 0xE4, 0x17, 0xE4, 0x17, 0xE4, 0x17, 0xE4, 0x17, 0xE4, 0x17, 0xE4, 0x17, 0xE4,
    0x17, 0xE4, 0x17, 0xE4, 0x17, 0xFF, 0xE4, 0x17, 0xE4, 0x17, 0xE4, 0x17, 0xE4, 0x17, 0xE4, 0x17,
    0xE4, 0x17, 0xE4, 0x17, 0xE4, 0x17, 0xE4, 0x17, 0xE4, 0x17, 0xE4, 0x17, 0xE4, 0x17, 0xE4, 0x17,
    0xE4, 0x17, 0xE4, 0x17, 0xE4, 0x17, 0xE4, 0x17, 0xE4, 0x17, 0xE4, 0x17, 0xE4, 0x17, 0xE4, 0x17,
    0xE4, 0x17, 0xE4, 0x17, 0xE4, 0x17, 0xE4, 0x17, 0xE4, 0x17, 0xE4, 0x17, 0xE4, 0x17, 0xE4, 0x1F,
    0xA4, 0x03, 0x60, 0x19, 0xA5, 0x31, 0x8A, 0x39, 0xCB, 0x39, 0xCB, 0x41, 0xCB, 0x39, 0xCB, 0x41,
    0xCB, 0x39, 0xAB, 0x41, 0xCB, 0x39, 0x8A, 0x29, 0x28, 0x31, 0x69, 0x39, 0xAB, 0x39, 0xAB, 0x39,
    0xAB, 0x39, 0xAB, 0x39, 0xAB, 0x39, 0xAB, 0x39, 0xAB, 0x39, 0xAB, 0x39, 0xAB, 0x39, 0x8B, 0x39,
    0xCB, 0x39, 0xAB, 0x39, 0xAB, 0x39, 0xCB, 0x39, 0xAB, 0x39, 0xAB, 0x39, 0xAB, 0x39, 0xAA, 0x39,
    0xAA, 0x39, 0xAA, 0x39, 0xAA, 0x39, 0xFF, 0xAA, 0x39, 0xAA, 0x31, 0x8A, 0x2A, 0x69, 0x47, 0x2A,
    0x1F, 0xE5, 0x17, 0xE3, 0x17, 0xE4, 0x17, 0xE4, 0x17, 0xE4, 0x17, 0xE4, 0x17, 0xE4, 0x17, 0xE4,
    0x17, 0xE4, 0x17, 0xE4, 0x17, 0xE4, 0x17, 0xE4, 0x17, 0xE4, 0x17, 0xE4, 0x17, 0xE4, 0x17, 0xE4,
    0x17, 0xE4, 0x17, 0xE4, 0x17, 0xE4, 0x17, 0xE4, 0x17, 0xE4, 0x17, 0xE4, 0x17, 0xE4, 0x17, 0xE4,
    0x17, 0xE4, 0x17, 0xE4, 0x17, 0xE4, 0x17, 0xE4, 0x17, 0xE4, 0x17, 0xE4, 0x17, 0xE4, 0x17, 0xE4,
    0x17, 0xE4, 0x17, 0xE4, 0x17, 0xE4, 0x17, 0xE4, 0x17, 0xE4, 0x17, 0xE4, 0x17, 0xE4, 0x17, 0xE4,
    0x17, 0xE4, 0x17, 0xE4, 0x17, 0xE4, 0x17, 0xE4, 0x17, 0xE4, 0x17, 0xE4, 0x17, 0xE4, 0x17, 0xE4,
    0x17, 0xE4, 0x17, 0xE4, 0x17, 0xE4, 0x17, 0xE4, 0x17, 0xE4, 0x17, 0xE4, 0x17, 0xE4, 0x17, 0xE4,
    0x17, 0xE4, 0x17, 0xE4, 0x17, 0xE4, 0x17, 0xDA, 0xE4, 0x17, 0xE4, 0x17, 0xE4, 0x17, 0xE4, 0x17,
    0xE4, 0x17, 0xE4, 0x17, 0xE4, 0x17, 0xE4, 0x17, 0xE4, 0x17, 0xE4, 0x17, 0xE4, 0x17, 0xE4, 0x17,
    0xE4, 0x17, 0xE4, 0x17, 0xE4, 0x17, 0xE4, 0x17, 0xE4, 0x17, 0xE4, 0x17, 0xE4, 0x17, 0xE4, 0x17,
    0xE4, 0x17, 0xE4, 0x17, 0xE4, 0x17, 0xE4, 0x17, 0xE4, 0x17, 0xE4, 0x17, 0xE4, 0x17, 0xE4, 0x17,
    0xE4, 0x17, 0xE4, 0x17, 0xE4, 0x17, 0xE4, 0x17, 0xE4, 0x17, 0xE4, 0x17, 0xE4, 0x17, 0x82, 0x03,
    0x60, 0x22, 0x07, 0x39, 0xCB, 0x39, 0xCC, 0x39, 0xCB, 0x39, 0xCB, 0x41, 0xCB, 0x41, 0xCB, 0x41,
    0xAB, 0x39, 0x8B, 0x04, 0x29, 0xFF, 0x39, 0xAA, 0x39, 0xAB, 0x39, 0xAB, 0x39, 0xAB, 0x39, 0xAB,
    0x39, 0xAB, 0x39, 0xAB, 0x39, 0xAB, 0x39, 0xAB, 0x39, 0x8B, 0x31, 0x6A, 0x39, 0xCB, 0x39, 0xAB,
    0x39, 0xAB, 0x39, 0xCB, 0x39, 0xAB, 0x39, 0xAB, 0x39, 0xAB, 0x39, 0xAB, 0x39, 0xAB, 0x39, 0xAB,
    0x39, 0xAB, 0x39, 0xCB, 0x39, 0xCB, 0x31, 0xAB, 0x32, 0x89, 0x4F, 0x4B, 0x1F, 0xE5, 0x17, 0xE3,
    0x17, 0xE4, 0x17, 0xE4, 0x17, 0xE4, 0x17, 0xE4, 0x17, 0xE4, 0x17, 0xE4, 0x17, 0xE4, 0x17, 0xE4,
    0x17, 0xE4, 0x17, 0xE4, 0x17, 0xE4, 0x17, 0xE4, 0x17, 0xE4, 0x17, 0xE4, 0x17, 0xE4, 0x17, 0xE4,
    0x17, 0xE4, 0x17, 0xE4, 0x17, 0xE4, 0x17, 0xE4, 0x17, 0xE4, 0x17, 0xE4, 0x17, 0xE4, 0x17, 0xE4,
    0x17, 0xE4, 0x17, 0xE4, 0x17, 0xE4, 0x17, 0xE4, 0x17, 0xE4, 0x17, 0xE4, 0x17, 0xE4, 0x17, 0xE4,
    0x17, 0xE4, 0x17, 0xE4, 0x17, 0xE4, 0xFF, 0x17, 0xE4, 0x17, 0xE4, 0x17, 0xE4, 0x17, 0xE4, 0x17,
    0xE4, 0x17, 0xE4, 0x17, 0xE4, 0x17, 0xE4, 0x17, 0xE4, 0x17, 0xE4, 0x17, 0xE4, 0x17, 0xE4, 0x17,
    0xE4, 0x17, 0xE4, 0x17, 0xE4, 0x17, 0xE4, 0x17, 0xE4, 0x17, 0xE4, 0x17, 0xE4, 0x17, 0xE4, 0x17,
    0xE4, 0x17, 0xE4, 0x17, 0xE4, 0x17, 0xE4, 0x17, 0xE4, 0x17, 0xE4, 0x17, 0xE4, 0x17, 0xE4, 0x17,
    0xE4, 0x17, 0xE4, 0x17, 0xE4, 0x17, 0xE4, 0x17, 0xE4, 0x17, 0xE4, 0x17, 0xE4, 0x17, 0xE4, 0x17,
    0xE4, 0x17, 0xE4, 0x17, 0xE4, 0x17, 0xE4, 0x17, 0xE4, 0x17, 0xE4, 0x17, 0xE4, 0x17, 0xE4, 0x17,
    0xE4, 0x17, 0xE4, 0x17, 0xE4, 0x17, 0xE4, 0x17, 0xE4, 0x17, 0xE4, 0x17, 0xE4, 0x17, 0xE4, 0x17,
    0xE4, 0x17, 0xE4, 0x17, 0xE4, 0x17, 0xE4, 0x17, 0xE4, 0x1F, 0xE4, 0x04, 0x80, 0x22, 0x26, 0x39,
    0xCB, 0x39, 0xCC, 0x41, 0xCB, 0x41, 0xCB, 0xFF, 0x41, 0xCB, 0x41, 0xAB, 0x39, 0xAB, 0x31, 0x6A,
    0x20, 0xE8, 0x31, 0x6A, 0x41, 0xAA, 0x39, 0xAB, 0x39, 0xAB, 0x39, 0xAB, 0x39, 0xAB, 0x39, 0xAB,
    0x39, 0xAB, 0x39, 0xAB, 0x39, 0xAB, 0x31, 0x6A, 0x31, 0x8A, 0x39, 0xCB, 0x39, 0xAB, 0x39, 0xAB,
    0x39, 0xCB, 0x39, 0x8B, 0x39, 0x8A, 0x39, 0xAB, 0x39, 0xAA, 0x39, 0xAB, 0x39, 0xAB, 0x39, 0xAB,
    0x39, 0xAB, 0x39, 0xCB, 0x31, 0xAB, 0x32, 0x8A, 0x4F, 0x4B, 0x1F, 0xE5, 0x17, 0xE3, 0x17, 0xE4,
    0x17, 0xE4, 0x17, 0xE4, 0x17, 0xE4, 0x17, 0xE4, 0x17, 0xE4, 0x17, 0xE4, 0x17, 0xE4, 0x17, 0xE4,
    0x17, 0xE4, 0x17, 0xE4, 0x17, 0xE4, 0x17, 0xE4, 0x17, 0xE4, 0x17, 0xE4, 0x17, 0xE4, 0x17, 0xE4,
    0x17, 0xE4, 0x17, 0xE4, 0x17, 0xE4, 0x17, 0xE4, 0x17, 0xE4, 0x17, 0xE4, 0x17, 0xE4, 0x17, 0xE4,
    0x17, 0xE4, 0x17, 0xE4, 0x17, 0xE4, 0x17, 0xE4, 0xFF, 0x17, 0xE4, 0x17, 0xE4, 0x17, 0xE4, 0x17,
    0xE4, 0x17, 0xE4, 0x17, 0xE4, 0x17, 0xE4, 0x17, 0xE4, 0x17, 0xE4, 0x17, 0xE4, 0x17, 0xE4, 0x17,
    0xE4, 0x17, 0xE4, 0x17, 0xE4, 0x17, 0xE4, 0x17, 0xE4, 0x17, 0xE4, 0x17, 0xE4, 0x17, 0xE4, 0x17,
    0xE4, 0x17, 0xE4, 0x17, 0xE4, 0x17, 0xE4, 0x17, 0xE4, 0x17, 0xE4, 0x17, 0xE4, 0x17, 0xE4, 0x17,
    0xE4, 0x17, 0xE4, 0x17, 0xE4, 0x17, 0xE4, 0x17, 0xE4, 0x17, 0xE4, 0x17, 0xE4, 0x17, 0xE4, 0x17,
    0xE4, 0x17, 0xE4, 0x17, 0xE4, 0x17, 0xE4, 0x17, 0xE4, 0x17, 0xE4, 0x17, 0xE4, 0x17, 0xE4, 0x17,
    0xE4, 0x17, 0xE4, 0x17, 0xE4, 0x17, 0xE4, 0x17, 0xE4, 0x17, 0xE4, 0x17, 0xE4, 0x17, 0xE4, 0x17,
    0xE4, 0x17, 0xE4, 0x17, 0xE4, 0x17, 0xE4, 0x17, 0xE4, 0x17, 0xE4, 0x17, 0xE4, 0x17, 0xE4, 0x17,
    0xE4, 0x17, 0xE4, 0x17, 0xE4, 0x17, 0xE4, 0x27, 0xE5, 0xFF, 0x16, 0x83, 0x0A, 0xA2, 0x31, 0xE9,
    0x39, 0xCB, 0x39, 0xCB, 0x41, 0xCB, 0x41, 0xAB, 0x39, 0xAB, 0x31, 0x4A, 0x29, 0x09, 0x31, 0x4A,
    0x39, 0xAB, 0x39, 0xAA, 0x39, 0xAA, 0x39, 0xAA, 0x39, 0xAB, 0x39, 0xAB, 0x39, 0xAB, 0x39, 0xAB,
    0x39, 0xAB, 0x31, 0x6A, 0x31, 0x6A, 0x39, 0xAB, 0x39, 0xAB, 0x39, 0xAB, 0x39, 0xAB, 0x39, 0xAB,
    0x39, 0x8B, 0x39, 0xAB, 0x39, 0x8A, 0x39, 0xAA, 0x39, 0xAB, 0x39, 0xAB, 0x39, 0xAB, 0x39, 0xCB,
    0x39, 0xAB, 0x31, 0xAB, 0x32, 0x8A, 0x4F, 0x4B, 0x1F, 0xE5, 0x17, 0xE3, 0x17, 0xE4, 0x17, 0xE4,
    0x17, 0xE4, 0x17, 0xE4, 0x17, 0xE4, 0x17, 0xE4, 0x17, 0xE4, 0x17, 0xE4, 0x17, 0xE4, 0x17, 0xE4,
    0x17, 0xE4, 0x17, 0xE4, 0x17, 0xE4, 0x17, 0xE4, 0x17, 0xE4, 0x17, 0xE4, 0x17, 0xE4, 0x17, 0xE4,
    0x17, 0xE4, 0x17, 0xE4, 0x17, 0xE4, 0x17, 0xE4, 0x17, 0xE4, 0xFF, 0x17, 0xE4, 0x17, 0xE4, 0x17,
    0xE4, 0x17, 0xE4, 0x17, 0xE4, 0x17, 0xE4, 0x17, 0xE4, 0x17, 0xE4, 0x17, 0xE4, 0x17, 0xE4, 0x17,
    0xE4, 0x17, 0xE4, 0x17, 0xE4, 0x17, 0xE4, 0x17, 0xE4, 0x17, 0xE4, 0x17, 0xE4, 0x17, 0xE4, 0x17,
    0xE4, 0x17, 0xE4, 0x17, 0xE4, 0x17, 0xE4, 0x17, 0xE4, 0x17, 0xE4, 0x17, 0xE4, 0x17, 0xE4, 0x17,
    0xE4, 0x17, 0xE4, 0x17, 0xE4, 0x17, 0xE4, 0x17, 0xE4, 0x17, 0xE4, 0x17, 0xE4, 0x17, 0xE4, 0x17,
    0xE4, 0x17, 0xE4, 0x17, 0xE4, 0x17, 0xE4, 0x17, 0xE4, 0x17, 0xE4, 0x17, 0xE4, 0x17, 0xE4, 0x17,
    0xE4, 0x17, 0xE4, 0x17, 0xE4, 0x17, 0xE4, 0x17, 0xE4, 0x17, 0xE4, 0x17, 0xE4, 0x17, 0xE4, 0x17,
    0xE4, 0x17, 0xE4, 0x17, 0xE4, 0x17, 0xE4, 0x17, 0xE4, 0x17, 0xE4, 0x17, 0xE4, 0x17, 0xE4, 0x17,
    0xE4, 0x17, 0xE4, 0x17, 0xE4, 0x17, 0xE4, 0x17, 0xE4, 0x17, 0xE4, 0xFF, 0x17, 0xE4, 0x17, 0xE4,
    0x17, 0xE4, 0x17, 0xE4, 0x17, 0xE4, 0x1F, 0xE5, 0x27, 0xE6, 0x14, 0xE3, 0x1A, 0x65, 0x31, 0xE9,
    0x41, 0xCB, 0x41, 0xAB, 0x41, 0xAB, 0x31, 0x4A, 0x29, 0x08, 0x31, 0x4A, 0x39, 0xAB, 0x41, 0xCB,
    0x39, 0xAA, 0x39, 0xAB, 0x39, 0xAB, 0x39, 0xAB, 0x39, 0xAB, 0x39, 0xAB, 0x39, 0xAB, 0x31, 0x49,
    0x21, 0x08, 0x39, 0xAB, 0x39, 0xAB, 0x39, 0xCB, 0x39, 0xAB, 0x39, 0xAB, 0x39, 0xAB, 0x39, 0xAB,
    0x39, 0xAB, 0x31, 0x6A, 0x39, 0x8B, 0x39, 0xAB, 0x39, 0xAB, 0x39, 0xCB, 0x39, 0xAB, 0x39, 0x8B,
    0x31, 0x8A, 0x32, 0x89, 0x4F, 0x4B, 0x1F, 0xE5, 0x17, 0xE3, 0x17, 0xE4, 0x17, 0xE4, 0x17, 0xE4,
    0x17, 0xE4, 0x17, 0xE4, 0x17, 0xE4, 0x17, 0xE4, 0x17, 0xE4, 0x17, 0xE4, 0x17, 0xE4, 0x17, 0xE4,
    0x17, 0xE4, 0x17, 0xE4, 0x17, 0xE4, 0x17, 0xE4, 0x17, 0xE4, 0x17, 0xE4, 0xFF, 0x17, 0xE4, 0x17,
    0xE4, 0x17, 0xE4, 0x17, 0xE4, 0x17, 0xE4, 0x17, 0xE4, 0x17, 0xE4, 0x17, 0xE4, 0x17, 0xE4, 0x17,
    0xE4, 0x17, 0xE4, 0x17, 0xE4, 0x17, 0xE4, 0x17, 0xE4, 0x17, 0xE4, 0x17, 0xE4, 0x17, 0xE4, 0x17,
    0xE4, 0x17, 0xE4, 0x17, 0xE4, 0x17, 0xE4, 0x17, 0xE4, 0x17, 0xE4, 0x17, 0xE4, 0x17, 0xE4, 0x17,
    0xE4, 0x17, 0xE4, 0x17, 0xE4, 0x17, 0xE4, 0x17, 0xE4, 0x17, 0xE4, 0x17, 0xE4, 0x17, 0xE4, 0x17,
    0xE4, 0x17, 0xE4, 0x17, 0xE4, 0x17, 0xE4, 0x17, 0xE4, 0x17, 0xE4, 0x17, 0xE4, 0x17, 0xE4, 0x17,
    0xE4, 0x17, 0xE4, 0x17, 0xE4, 0x17, 0xE4, 0x17, 0xE4, 0x17, 0xE4, 0x17, 0xE4, 0x17, 0xE4, 0x17,
    0xE4, 0x17, 0xE4, 0x17, 0xE4, 0x17, 0xE4, 0x17, 0xE4, 0x17, 0xE4, 0x17, 0xE4, 0x17, 0xE4, 0x17,
    0xE4, 0x17, 0xE4, 0x17, 0xE4, 0x17, 0xE4, 0x17, 0xE4, 0x17, 0xE4, 0x17, 0xE4, 0xA7, 0x17, 0xE4,
    0x17, 0xE4, 0x17, 0xE4, 0x17, 0xE4, 0x17, 0xE4, 0x17, 0xE4, 0x17, 0xE4, 0x17, 0xE4, 0x17, 0xE4,
    0x17, 0xE4, 0x17, 0xE4, 0x17, 0xE4, 0x1F, 0xE5, 0x2F, 0xE6, 0x14, 0x82, 0x1A, 0x65, 0x39, 0xEA,
    0x41, 0xAB, 0x39, 0x4A, 0x28, 0xE8, 0x02, 0x29, 0xFF, 0x39, 0x8B, 0x41, 0xAB, 0x41, 0xCB, 0x39,
    0xCB, 0x39, 0xAB, 0x39, 0xAB, 0x39, 0xAB, 0x39, 0xAB, 0x39, 0xAB, 0x31, 0x6A, 0x21, 0x08, 0x29,
    0x28, 0x39, 0xCB, 0x39, 0xAB, 0x39, 0xCB, 0x39, 0xCB, 0x39, 0xAB, 0x39, 0xAB, 0x39, 0xCB, 0x31,
    0x8A, 0x31, 0x6A, 0x39, 0xAB, 0x39, 0xCB, 0x39, 0xAB, 0x39, 0xAB, 0x39, 0xAB, 0x31, 0x8A, 0x31,
    0x8A, 0x32, 0x69, 0x4F, 0x4B, 0x1F, 0xE5, 0x17, 0xE4, 0x17, 0xE3, 0x17, 0xE3, 0x17, 0xE4, 0x17,
    0xE4, 0x17, 0xE4, 0x17, 0xE4, 0x17, 0xE4, 0x17, 0xE4, 0x17, 0xE4, 0x17, 0xE4, 0x17, 0xE4, 0x17,
    0xE4, 0x17, 0xE4, 0x17, 0xE4, 0x17, 0xE4, 0x17, 0xE4, 0x17, 0xE4, 0x17, 0xE4, 0x17, 0xE4, 0x17,
    0xE4, 0x17, 0xE4, 0x17, 0xE4, 0x17, 0xE4, 0x17, 0xE4, 0x17, 0xE4, 0x17, 0xE4, 0x17, 0xE4, 0x17,
    0xE4, 0x17, 0xE4, 0x17, 0xE4, 0x17, 0xE4, 0x17, 0xE4, 0xFF, 0x17, 0xE4, 0x17, 0xE4, 0x17, 0xE4,
    0x17, 0xE4, 0x17, 0xE4, 0x17, 0xE4, 0x17, 0xE4, 0x17, 0xE4, 0x17, 0xE4, 0x17, 0xE4, 0x17, 0xE4,
    0x17, 0xE4, 0x17, 0xE4, 0x17, 0xE4, 0x17, 0xE4, 0x17, 0xE4, 0x17, 0xE4, 0x17, 0xE4, 0x17, 0xE4,
    0x17, 0xE4, 0x17, 0xE4, 0x17, 0xE4, 0x17, 0xE4, 0x17, 0xE4, 0x17, 0xE4, 0x17, 0xE4, 0x17, 0xE4,
    0x17, 0xE4, 0x17, 0xE4, 0x17, 0xE4, 0x17, 0xE4, 0x17, 0xE4, 0x17, 0xE4, 0x17, 0xE4, 0x17, 0xE4,
    0x17, 0xE4, 0x17, 0xE4, 0x17, 0xE4, 0x17, 0xE4, 0x17, 0xE4, 0x17, 0xE4, 0x17, 0xE4, 0x17, 0xE4,
    0x17, 0xE4, 0x17, 0xE4, 0x17, 0xE4, 0x17, 0xE4, 0x17, 0xE4, 0x17, 0xE4, 0x17, 0xE4, 0x17, 0xE4,
    0x17, 0xE4, 0x17, 0xE4, 0x17, 0xE4, 0x17, 0xE4, 0x17, 0xE4, 0x17, 0xE4, 0x17, 0xE4, 0x17, 0xE4,
    0x17, 0xE4, 0x17, 0xE4, 0x17, 0xE4, 0x1F, 0xE5, 0x1F, 0xC4, 0x9D, 0x04, 0x00, 0x1A, 0x44, 0x39,
    0xC9, 0x29, 0x27, 0x20, 0xE8, 0x39, 0x6B, 0x39, 0xAC, 0x39, 0xAB, 0x41, 0xCB, 0x39, 0xAA, 0x39,
    0xAB, 0x41, 0xAB, 0x41, 0xAB, 0x41, 0xAB, 0x39, 0xAB, 0x02, 0x29, 0xFF, 0x20, 0xC7, 0x29, 0x69,
    0x39, 0xAB, 0x39, 0xAB, 0x39, 0xAB, 0x39, 0xAB, 0x39, 0xAB, 0x39, 0xAB, 0x39, 0xAB, 0x31, 0x49,
    0x31, 0x6A, 0x39, 0xCB, 0x39, 0xCB, 0x39, 0xAB, 0x39, 0xAB, 0x39, 0xAB, 0x31, 0x8A, 0x31, 0xAA,
    0x32, 0x69, 0x4F, 0x4B, 0x27, 0xE5, 0x17, 0xE3, 0x17, 0xE3, 0x17, 0xE3, 0x17, 0xE4, 0x17, 0xE4,
    0x17, 0xE4, 0x17, 0xE4, 0x17, 0xE4, 0x17, 0xE4, 0x17, 0xE4, 0x17, 0xE4, 0x17, 0xE4, 0x17, 0xE4,
    0x17, 0xE4, 0x17, 0xE4, 0x17, 0xE4, 0x17, 0xE4, 0x17, 0xE4, 0x17, 0xE4, 0x17, 0xE4, 0x17, 0xE4,
    0x17, 0xE4, 0x17, 0xE4, 0x17, 0xE4, 0x17, 0xE4, 0x17, 0xE4, 0x17, 0xE4, 0x17, 0xE4, 0x17, 0xE4,
    0x17, 0xE4, 0x17, 0xE4, 0x17, 0xE4, 0x17, 0xE4, 0x17, 0xE4, 0x17, 0xE4, 0x17, 0xE4, 0x17, 0xE4,
    0x17, 0xE4, 0x17, 0xE4, 0x17, 0xE4, 0x17, 0xE4, 0x17, 0xE4, 0x17, 0xE4, 0xFF, 0x17, 0xE4, 0x17,
    0xE4, 0x17, 0xE4, 0x17, 0xE4, 0x17, 0xE4, 0x17, 0xE4, 0x17, 0xE4, 0x17, 0xE4, 0x17, 0xE4, 0x17,
    0xE4, 0x17, 0xE4, 0x17, 0xE4, 0x17, 0xE4, 0x17, 0xE4, 0x17, 0xE4, 0x17, 0xE4, 0x17, 0xE4, 0x17,
    0xE4, 0x17, 0xE4, 0x17, 0xE4, 0x17, 0xE4, 0x17, 0xE4, 0x17, 0xE4, 0x17, 0xE4, 0x17, 0xE4, 0x17,
    0xE4, 0x17, 0xE4, 0x17, 0xE4, 0x17, 0xE4, 0x17, 0xE4, 0x17, 0xE4, 0x17, 0xE4, 0x17, 0xE4, 0x17,
    0xE4, 0x17, 0xE4, 0x17, 0xE4, 0x17, 0xE4, 0x17, 0xE4, 0x17, 0xE4, 0x17, 0xE4, 0x17, 0xE4, 0x17,
    0xE4, 0x17, 0xE4, 0x17, 0xE4, 0x17, 0xE4, 0x17, 0xE4, 0x17, 0xE4, 0x17, 0xE4, 0x17, 0xE4, 0x17,
    0xE4, 0x17, 0xE4, 0x17, 0xE4, 0x17, 0xE4, 0x1F, 0xE4, 0x27, 0xA5, 0x04, 0x61, 0x0A, 0x23, 0x19,
    0x24, 0x29, 0x28, 0x39, 0x8B, 0x39, 0xAB, 0x39, 0xAB, 0x39, 0xCB, 0x39, 0xAB, 0xFF, 0x39, 0xAB,
    0x39, 0xAB, 0x39, 0xAB, 0x39, 0xAB, 0x31, 0x6A, 0x20, 0xE7, 0x21, 0x08, 0x31, 0x8A, 0x39, 0xCB,
    0x39, 0xAB, 0x39, 0xAB, 0x39, 0xAB, 0x39, 0xAB, 0x39, 0xAB, 0x39, 0x8B, 0x29, 0x09, 0x31, 0x6A,
    0x39, 0xCC, 0x39, 0xCB, 0x39, 0xAB, 0x39, 0xAB, 0x39, 0xAB, 0x31, 0x8A, 0x31, 0x8B, 0x32, 0x6A,
    0x4F, 0x4B, 0x27, 0xE5, 0x17, 0xE3, 0x17, 0xE3, 0x17, 0xE4, 0x17, 0xE4, 0x17, 0xE4, 0x17, 0xE4,
    0x17, 0xE4, 0x17, 0xE4, 0x17, 0xE4, 0x17, 0xE4, 0x17, 0xE4, 0x17, 0xE4, 0x17, 0xE4, 0x17, 0xE4,
    0x17, 0xE4, 0x17, 0xE4, 0x17, 0xE4, 0x17, 0xE4, 0x17, 0xE4, 0x17, 0xE4, 0x17, 0xE4, 0x17, 0xE4,
    0x17, 0xE4, 0x17, 0xE4, 0x17, 0xE4, 0x17, 0xE4, 0x17, 0xE4, 0x17, 0xE4, 0x17, 0xE4, 0x17, 0xE4,
    0x17, 0xE4, 0x17, 0xE4, 0x17, 0xE4, 0x17, 0xE4, 0x17, 0xE4, 0x17, 0xE4, 0x17, 0xE4, 0xFF, 0x17,
    0xE4, 0x17, 0xE4, 0x17, 0xE4, 0x17, 0xE4, 0x17, 0xE4, 0x17, 0xE4, 0x17, 0xE4, 0x17, 0xE4, 0x17,
    0xE4, 0x17, 0xE4, 0x17, 0xE4, 0x17, 0xE4, 0x17, 0xE4, 0x17, 0xE4, 0x17, 0xE4, 0x17, 0xE4, 0x17,
    0xE4, 0x17, 0xE4, 0x17, 0xE4, 0x17, 0xE4, 0x17, 0xE4, 0x17, 0xE4, 0x17, 0xE4, 0x17, 0xE4, 0x17,
    0xE4, 0x17, 0xE4, 0x17, 0xE4, 0x17, 0xE4, 0x17, 0xE4, 0x17, 0xE4, 0x17, 0xE4, 0x17, 0xE4, 0x17,
    0xE4, 0x17, 0xE4, 0x17, 0xE4, 0x17, 0xE4, 0x17, 0xE4, 0x17, 0xE4, 0x17, 0xE4, 0x17, 0xE4, 0x17,
    0xE4, 0x17, 0xE4, 0x17, 0xE4, 0x17, 0xE4, 0x17, 0xE4, 0x17, 0xE4, 0x17, 0xE4, 0x17, 0xE4, 0x17,
    0xE4, 0x17, 0xE4, 0x17, 0xE4, 0x17, 0xE4, 0x17, 0xE4, 0x17, 0xE4, 0x17, 0xE4, 0x17, 0xE4, 0x17,
    0xE4, 0x17, 0xE4, 0x17, 0xE4, 0x17, 0xE4, 0x1F, 0xE5, 0x27, 0xE6, 0x0C, 0x82, 0x01, 0xC0, 0xFF,
    0x21, 0xC7, 0x39, 0xCB, 0x39, 0xCB, 0x39, 0xCA, 0x39, 0xCA, 0x39, 0xCB, 0x39, 0xAB, 0x41, 0xAB,
    0x39, 0xAB, 0x31, 0x8A, 0x29, 0x08, 0x20, 0xE7, 0x31, 0x68, 0x39, 0xAA, 0x39, 0xCA, 0x39, 0xAA,
    0x39, 0xAA, 0x39, 0xAB, 0x39, 0xAB, 0x39, 0xAB, 0x31, 0x6A, 0x21, 0x08, 0x31, 0x8B, 0x39, 0xCB,
    0x39, 0xAB, 0x39, 0xAB, 0x39, 0xAB, 0x39, 0x8B, 0x31, 0x6A, 0x31, 0x8B, 0x32, 0x6A, 0x4F, 0x4B,
    0x27, 0xE5, 0x17, 0xE3, 0x17, 0xE4, 0x17, 0xE4, 0x17, 0xE4, 0x17, 0xE4, 0x17, 0xE4, 0x17, 0xE4,
    0x17, 0xE4, 0x17, 0xE4, 0x17, 0xE4, 0x17, 0xE4, 0x17, 0xE4, 0x17, 0xE4, 0x17, 0xE4, 0x17, 0xE4,
    0x17, 0xE4, 0x17, 0xE4, 0x17, 0xE4, 0x17, 0xE4, 0x17, 0xE4, 0x17, 0xE4, 0x17, 0xE4, 0x17, 0xE4,
    0x17, 0xE4, 0x17, 0xE4, 0x17, 0xE4, 0x17, 0xE4, 0x17, 0xE4, 0x17, 0xE4, 0x17, 0xE4, 0x17, 0xE4,
    0xFF, 0x17, 0xE4, 0x17, 0xE4, 0x17, 0xE4, 0x17, 0xE4, 0x17, 0xE4, 0x17, 0xE4, 0x17, 0xE4, 0x17,
    0xE4, 0x17, 0xE4, 0x17, 0xE4, 0x17, 0xE4, 0x17, 0xE4, 0x17, 0xE4, 0x17, 0xE4, 0x17, 0xE4, 0x17,
    0xE4, 0x17, 0xE4, 0x17, 0xE4, 0x17, 0xE4, 0x17, 0xE4, 0x17, 0xE4, 0x17, 0xE4, 0x17, 0xE4, 0x17,
    0xE4, 0x17, 0xE4, 0x17, 0xE4, 0x17, 0xE4, 0x17, 0xE4, 0x17, 0xE4, 0x17, 0xE4, 0x17, 0xE4, 0x17,
    0xE4, 0x17, 0xE4, 0x17, 0xE4, 0x17, 0xE4, 0x17, 0xE4, 0x17, 0xE4, 0x17, 0xE4, 0x17, 0xE4, 0x17,
    0xE4, 0x17, 0xE4, 0x17, 0xE4, 0x17, 0xE4, 0x17, 0xE4, 0x17, 0xE4, 0x17, 0xE4, 0x17, 0xE4, 0x17,
    0xE4, 0x17, 0xE4, 0x17, 0xE4, 0x17, 0xE4, 0x17, 0xE4, 0x17, 0xE4, 0x17, 0xE4, 0x17, 0xE4, 0x17,
    0xE4, 0x17, 0xE4, 0x17, 0xE4, 0x17, 0xE4, 0x17, 0xE4, 0x17, 0xE4, 0x17, 0xE4, 0x17, 0xE4, 0x17,
    0xE4, 0xB5, 0x17, 0xE4, 0x17, 0xE4, 0x17, 0xE4, 0x1F, 0xE5, 0x27, 0xC5, 0x04, 0x60, 0x03, 0x42,
    0x12, 0xA4, 0x1A, 0x45, 0x29, 0xE7, 0x39, 0x88, 0x41, 0x89, 0x41, 0xAA, 0x41, 0xAA, 0x39, 0x89,
    0x29, 0x08, 0x20, 0xE7, 0x29, 0x28, 0x39, 0x8A, 0x41, 0xAA, 0x39, 0xAA, 0x41, 0xAA, 0x41, 0xAA,
    0x39, 0xAB, 0x39, 0xAB, 0x31, 0x6A, 0x21, 0x08, 0x02, 0x29, 0xFF, 0x39, 0xAB, 0x39, 0xCB, 0x39,
    0xAB, 0x39, 0xAB, 0x39, 0xAB, 0x39, 0x8B, 0x31, 0x6A, 0x31, 0x6B, 0x2A, 0x09, 0x4F, 0x0B, 0x27,
    0xE5, 0x17, 0xE3, 0x17, 0xE4, 0x17, 0xE4, 0x17, 0xE4, 0x17, 0xE4, 0x17, 0xE4, 0x17, 0xE4, 0x17,
    0xE4, 0x17, 0xE4, 0x17, 0xE4, 0x17, 0xE4, 0x17, 0xE4, 0x17, 0xE4, 0x17, 0xE4, 0x17, 0xE4, 0x17,
    0xE4, 0x17, 0xE4, 0x17, 0xE4, 0x17, 0xE4, 0x17, 0xE4, 0x17, 0xE4, 0x17, 0xE4, 0x17, 0xE4, 0x17,
    0xE4, 0x17, 0xE4, 0x17, 0xE4, 0x17, 0xE4, 0x17, 0xE4, 0x17, 0xE4, 0x17, 0xE4, 0x17, 0xE4, 0x17,
    0xE4, 0x17, 0xE4, 0x17, 0xE4, 0x17, 0xE4, 0x17, 0xE4, 0x17, 0xE4, 0x17, 0xE4, 0x17, 0xE4, 0x17,
    0xE4, 0x17, 0xE4, 0x17, 0xE4, 0x17, 0xE4, 0x17, 0xE4, 0x17, 0xE4, 0x17, 0xE4, 0x17, 0xE4, 0x17,
    0xE4, 0x17, 0xE4, 0x17, 0xE4, 0x17, 0xE4, 0x17, 0xE4, 0x17, 0xE4, 0xFF, 0x17, 0xE4, 0x17, 0xE4,
    0x17, 0xE4, 0x17, 0xE4, 0x17, 0xE4, 0x17, 0xE4, 0x17, 0xE4, 0x17, 0xE4, 0x17, 0xE4, 0x17, 0xE4,
    0x17, 0xE4, 0x17, 0xE4, 0x17, 0xE4, 0x17, 0xE4, 0x17, 0xE4, 0x17, 0xE4, 0x17, 0xE4, 0x17, 0xE4,
    0x17, 0xE4, 0x17, 0xE4, 0x17, 0xE4, 0x17, 0xE4, 0x17, 0xE4, 0x17, 0xE4, 0x17, 0xE4, 0x17, 0xE4,
    0x17, 0xE4, 0x17, 0xE4, 0x17, 0xE4, 0x17, 0xE4, 0x17, 0xE4, 0x17, 0xE4, 0x17, 0xE4, 0x17, 0xE4,
    0x17, 0xE4, 0x17, 0xE4, 0x17, 0xE4, 0x17, 0xE4, 0x17, 0xE4, 0x17, 0xE4, 0x17, 0xE4, 0x17, 0xE4,
    0x17, 0xE4, 0x17, 0xE4, 0x17, 0xE4, 0x17, 0xE4, 0x1F, 0xE5, 0x1F, 0xE5, 0x1F, 0x64, 0x16, 0x43,
    0x1D, 0x43, 0x23, 0x44, 0x5A, 0x68, 0x59, 0xE7, 0x41, 0x86, 0x39, 0x47, 0x31, 0x07, 0x28, 0xC6,
    0x28, 0xE7, 0x39, 0x6A, 0x39, 0xAA, 0x39, 0xAA, 0x39, 0xAB, 0x39, 0xAB, 0x97, 0x41, 0xAB, 0x39,
    0xAB, 0x39, 0x8A, 0x29, 0x08, 0x20, 0xE7, 0x31, 0x69, 0x39, 0xCB, 0x39, 0xAB, 0x39, 0xAB, 0x39,
    0xAB, 0x41, 0xCB, 0x31, 0x6A, 0x02, 0x29, 0xFF, 0x31, 0x4A, 0x29, 0xC8, 0x4E, 0xCB, 0x27, 0xE5,
    0x17, 0xE3, 0x17, 0xE4, 0x17, 0xE4, 0x17, 0xE4, 0x17, 0xE4, 0x17, 0xE4, 0x17, 0xE4, 0x17, 0xE4,
    0x17, 0xE4, 0x17, 0xE4, 0x17, 0xE4, 0x17, 0xE4, 0x17, 0xE4, 0x17, 0xE4, 0x17, 0xE4, 0x17, 0xE4,
    0x17, 0xE4, 0x17, 0xE4, 0x17, 0xE4, 0x17, 0xE4, 0x17, 0xE4, 0x17, 0xE4, 0x17, 0xE4, 0x17, 0xE4,
    0x17, 0xE4, 0x17, 0xE4, 0x17, 0xE4, 0x17, 0xE4, 0x17, 0xE4, 0x17, 0xE4, 0x17, 0xE4, 0x17, 0xE4,
    0x17, 0xE4, 0x17, 0xE4, 0x17, 0xE4, 0x17, 0xE4, 0x17, 0xE4, 0x17, 0xE4, 0x17, 0xE4, 0x17, 0xE4,
    0x17, 0xE4, 0x17, 0xE4, 0x17, 0xE4, 0x17, 0xE4, 0x17, 0xE4, 0x17, 0xE4, 0x17, 0xE4, 0x17, 0xE4,
    0x17, 0xE4, 0x17, 0xE4, 0x17, 0xE4, 0x17, 0xE4, 0x17, 0xE4, 0x17, 0xE4, 0x17, 0xE4, 0x17, 0xE4,
    0x17, 0xE4, 0x17, 0xE4, 0x17, 0xE4, 0x17, 0xE4, 0xFF, 0x17, 0xE4, 0x17, 0xE4, 0x17, 0xE4, 0x17,
    0xE4, 0x17, 0xE4, 0x17, 0xE4, 0x17, 0xE4, 0x17, 0xE4, 0x17, 0xE4, 0x17, 0xE4, 0x17, 0xE4, 0x17,
    0xE4, 0x17, 0xE4, 0x17, 0xE4, 0x17, 0xE4, 0x17, 0xE4, 0x17, 0xE4, 0x17, 0xE4, 0x17, 0xE4, 0x17,
    0xE4, 0x17, 0xE4, 0x17, 0xE4, 0x17, 0xE4, 0x17, 0xE4, 0x17, 0xE4, 0x17, 0xE4, 0x17, 0xE4, 0x17,
    0xE4, 0x17, 0xE4, 0x17, 0xE4, 0x17, 0xE4, 0x17, 0xE4, 0x17, 0xE4, 0x17, 0xE4, 0x17, 0xE4, 0x17,
    0xE4, 0x17, 0xE4, 0x17, 0xE4, 0x17, 0xE4, 0x17, 0xE4, 0x17, 0xE4, 0x17, 0xE4, 0x1F, 0xE5, 0x2F,
    0xE5, 0x46, 0x67, 0xB5, 0xD1, 0xC5, 0x10, 0xB4, 0x6F, 0x9B, 0xAF, 0x49, 0x27, 0x28, 0xA5, 0x31,
    0x28, 0x41, 0xAA, 0x41, 0x8B, 0x41, 0xAB, 0x41, 0xAB, 0x41, 0xAB, 0x41, 0xAA, 0x39, 0xAA, 0x29,
    0x69, 0x20, 0xE7, 0x29, 0x08, 0x39, 0x8A, 0x39, 0xCA, 0x88, 0x39, 0xAA, 0x41, 0xAA, 0x41, 0xAA,
    0x41, 0xAA, 0x31, 0x02, 0x28, 0xFF, 0xC7, 0x31, 0x2A, 0x29, 0xC7, 0x4E, 0xEA, 0x27, 0xE5, 0x17,
    0xE4, 0x17, 0xE4, 0x17, 0xE4, 0x17, 0xE4, 0x17, 0xE4, 0x17, 0xE4, 0x17, 0xE4, 0x17, 0xE4, 0x17,
    0xE4, 0x17, 0xE4, 0x17, 0xE4, 0x17, 0xE4, 0x17, 0xE4, 0x17, 0xE4, 0x17, 0xE4, 0x17, 0xE4, 0x17,
    0xE4, 0x17, 0xE4, 0x17, 0xE4, 0x17, 0xE4, 0x17, 0xE4, 0x17, 0xE4, 0x17, 0xE4, 0x17, 0xE4, 0x17,
    0xE4, 0x17, 0xE4, 0x17, 0xE4, 0x17, 0xE4, 0x17, 0xE4, 0x17, 0xE4, 0x17, 0xE4, 0x17, 0xE4, 0x17,
    0xE4, 0x17, 0xE4, 0x17, 0xE4, 0x17, 0xE4, 0x17, 0xE4, 0x17, 0xE4, 0x17, 0xE4, 0x17, 0xE4, 0x17,
    0xE4, 0x17, 0xE4, 0x17, 0xE4, 0x17, 0xE4, 0x17, 0xE4, 0x17, 0xE4, 0x17, 0xE4, 0x17, 0xE4, 0x17,
    0xE4, 0x17, 0xE4, 0x17, 0xE4, 0x17, 0xE4, 0x17, 0xE4, 0x17, 0xE4, 0x17, 0xE4, 0x17, 0xE4, 0x17,
    0xE4, 0x17, 0xE4, 0x17, 0xE4, 0x17, 0xFF, 0xE4, 0x17, 0xE4, 0x17, 0xE4, 0x17, 0xE4, 0x17, 0xE4,
    0x17, 0xE4, 0x17, 0xE4, 0x17, 0xE4, 0x17, 0xE4, 0x17, 0xE4, 0x17, 0xE4, 0x17, 0xE4, 0x17, 0xE4,
    0x17, 0xE4, 0x17, 0xE4, 0x17, 0xE4, 0x17, 0xE4, 0x17, 0xE4, 0x17, 0xE4, 0x17, 0xE4, 0x17, 0xE4,
    0x17, 0xE4, 0x17, 0xE4, 0x17, 0xE4, 0x17, 0xE4, 0x17, 0xE4, 0x17, 0xE4, 0x17, 0xE4, 0x17, 0xE4,
    0x17, 0xE4, 0x17, 0xE4, 0x17, 0xE4, 0x17, 0xE4, 0x17, 0xE4, 0x17, 0xE4, 0x17, 0xE4, 0x17, 0xE4,
    0x17, 0xE4, 0x17, 0xE4, 0x17, 0xE4, 0x17, 0xE4, 0x17, 0xE3, 0x0F, 0xE3, 0x0F, 0xE4, 0x2F, 0xE6,
    0x66, 0x29, 0xD5, 0xF3, 0xE5, 0xB3, 0xED, 0xD4, 0xF5, 0xF6, 0x82, 0xAB, 0x28, 0x84, 0x39, 0x48,
    0x41, 0xAB, 0x41, 0xAC, 0x39, 0xAB, 0x39, 0xCA, 0x31, 0xC8, 0x29, 0xC7, 0x19, 0xE6, 0x11, 0x65,
    0x20, 0xE7, 0x31, 0x48, 0x41, 0xA9, 0x41, 0x82, 0xA9, 0x41, 0x89, 0x02, 0x49, 0xFF, 0x41, 0x48,
    0x51, 0xA9, 0x59, 0xC9, 0x39, 0x26, 0x21, 0x66, 0x23, 0x66, 0x3F, 0xC9, 0x1F, 0xE5, 0x17, 0xE4,
    0x17, 0xE4, 0x17, 0xE4, 0x17, 0xE4, 0x17, 0xE4, 0x17, 0xE4, 0x17, 0xE4, 0x17, 0xE4, 0x17, 0xE4,
    0x17, 0xE4, 0x17, 0xE4, 0x17, 0xE4, 0x17, 0xE4, 0x17, 0xE4, 0x17, 0xE4, 0x17, 0xE4, 0x17, 0xE4,
    0x17, 0xE4, 0x17, 0xE4, 0x17, 0xE4, 0x17, 0xE4, 0x17, 0xE4, 0x17, 0xE4, 0x17, 0xE4, 0x17, 0xE4,
    0x17, 0xE4, 0x17, 0xE4, 0x17, 0xE4, 0x17, 0xE4, 0x17, 0xE4, 0x17, 0xE4, 0x17, 0xE4, 0x17, 0xE4,
    0x17, 0xE4, 0x17, 0xE4, 0x17, 0xE4, 0x17, 0xE4, 0x17, 0xE4, 0x17, 0xE4, 0x17, 0xE4, 0x17, 0xE4,
    0x17, 0xE4, 0x17, 0xE4, 0x17, 0xE4, 0x17, 0xE4, 0x17, 0xE4, 0x17, 0xE4, 0x17, 0xE4, 0x17, 0xE4,
    0x17, 0xE4, 0x17, 0xE4, 0x17, 0xE4, 0x17, 0xE4, 0x17, 0xE4, 0x17, 0xE4, 0x17, 0xE4, 0xFF, 0x17,
    0xE4, 0x17, 0xE4, 0x17, 0xE4, 0x17, 0xE4, 0x17, 0xE4, 0x17, 0xE4, 0x17, 0xE4, 0x17, 0xE4, 0x17,
    0xE4, 0x17, 0xE4, 0x17, 0xE4, 0x17, 0xE4, 0x17, 0xE4, 0x17, 0xE4, 0x17, 0xE4, 0x17, 0xE4, 0x17,
    0xE4, 0x17, 0xE4, 0x17, 0xE4, 0x17, 0xE4, 0x17, 0xE4, 0x17, 0xE4, 0x17, 0xE4, 0x17, 0xE4, 0x17,
    0xE4, 0x17, 0xE4, 0x17, 0xE4, 0x17, 0xE4, 0x17, 0xE4, 0x17, 0xE4, 0x17, 0xE4, 0x17, 0xE4, 0x17,
    0xE4, 0x17, 0xE4, 0x17, 0xE4, 0x17, 0xE4, 0x17, 0xE4, 0x17, 0xE4, 0x17, 0xE4, 0x17, 0xE4, 0x17,
    0xE4, 0x17, 0xE4, 0x17, 0xE4, 0x17, 0xE4, 0x17, 0xE3, 0x17, 0xE3, 0x1F, 0xE5, 0x4F, 0xAA, 0x9D,
    0xEF, 0xE5, 0x94, 0xF5, 0x75, 0xF5, 0x94, 0xFD, 0xD5, 0xBC, 0x30, 0x40, 0xE4, 0x41, 0x47, 0x31,
    0xA8, 0x19, 0xE8, 0x1A, 0x46, 0x1B, 0x05, 0x1B, 0xE3, 0x1C, 0xC4, 0x1D, 0x85, 0x0B, 0x84, 0xFF,
    0x11, 0x65, 0x39, 0x67, 0x49, 0x87, 0x49, 0x87, 0x61, 0xE9, 0x7A, 0x8B, 0x9B, 0x6F, 0xCC, 0xF4,
    0xE5, 0x76, 0x73, 0x6A, 0x34, 0x46, 0x3F, 0x69, 0x27, 0xE7, 0x17, 0xE4, 0x17, 0xE4, 0x17, 0xE4,
    0x17, 0xE4, 0x17, 0xE4, 0x17, 0xE4, 0x17, 0xE4, 0x17, 0xE4, 0x17, 0xE4, 0x17, 0xE4, 0x17, 0xE4,
    0x17, 0xE4, 0x17, 0xE4, 0x17, 0xE4, 0x17, 0xE4, 0x17, 0xE4, 0x17, 0xE4, 0x17, 0xE4, 0x17, 0xE4,
    0x17, 0xE4, 0x17, 0xE4, 0x17, 0xE4, 0x17, 0xE4, 0x17, 0xE4, 0x17, 0xE4, 0x17, 0xE4, 0x17, 0xE4,
    0x17, 0xE4, 0x17, 0xE4, 0x17, 0xE4, 0x17, 0xE4, 0x17, 0xE4, 0x17, 0xE4, 0x17, 0xE4, 0x17, 0xE4,
    0x17, 0xE4, 0x17, 0xE4, 0x17, 0xE4, 0x17, 0xE4, 0x17, 0xE4, 0x17, 0xE4, 0x17, 0xE4, 0x17, 0xE4,
    0x17, 0xE4, 0x17, 0xE4, 0x17, 0xE4, 0x17, 0xE4, 0x17, 0xE4, 0x17, 0xE4, 0x17, 0xE4, 0x17, 0xE4,
    0xFF, 0x17, 0xE4, 0x17, 0xE4, 0x17, 0xE4, 0x17, 0xE4, 0x17, 0xE4, 0x17, 0xE4, 0x17, 0xE4, 0x17,
    0xE4, 0x17, 0xE4, 0x17, 0xE4, 0x17, 0xE4, 0x17, 0xE4, 0x17, 0xE4, 0x17, 0xE4, 0x17, 0xE4, 0x17,
    0xE4, 0x17, 0xE4, 0x17, 0xE4, 0x17, 0xE4, 0x17, 0xE4, 0x17, 0xE4, 0x17, 0xE4, 0x17, 0xE4, 0x17,
    0xE4, 0x17, 0xE4, 0x17, 0xE4, 0x17, 0xE4, 0x17, 0xE4, 0x17, 0xE4, 0x17, 0xE4, 0x17, 0xE4, 0x17,
    0xE4, 0x17, 0xE4, 0x17, 0xE4, 0x17, 0xE4, 0x17, 0xE4, 0x17, 0xE4, 0x17, 0xE4, 0x17, 0xE4, 0x17,
    0xE4, 0x17, 0xE4, 0x17, 0xE4, 0x17, 0xE4, 0x17, 0xE4, 0x17, 0xE4, 0x17, 0xE4, 0x17, 0xE4, 0x17,
    0xE4, 0x17, 0xE4, 0x17, 0xE4, 0x17, 0xE3, 0x1F, 0xE4, 0x2F, 0xE4, 0x7F, 0x4F, 0xCE, 0x77, 0xED,
    0x96, 0xF5, 0x75, 0xF5, 0x94, 0xF5, 0x95, 0xE5, 0x34, 0xAB, 0xAF, 0x9B, 0x8E, 0x5B, 0xAB, 0x45,
    0x2A, 0xFF, 0x36, 0x07, 0x37, 0x06, 0x37, 0xE6, 0x2F, 0xE7, 0x37, 0xE7, 0x26, 0x86, 0x1B, 0x26,
    0x63, 0x0A, 0x93, 0xAE, 0xBC, 0xB2, 0xD5, 0x34, 0xE5, 0x76, 0xF5, 0xF7, 0xF6, 0x18, 0xED, 0xB6,
    0x8D, 0x4D, 0x47, 0xE8, 0x27, 0xE6, 0x0F, 0xE4, 0x17, 0xE4, 0x17, 0xE4, 0x17, 0xE4, 0x17, 0xE4,
    0x17, 0xE4, 0x17, 0xE4, 0x17, 0xE4, 0x17, 0xE4, 0x17, 0xE4, 0x17, 0xE4, 0x17, 0xE4, 0x17, 0xE4,
    0x17, 0xE4, 0x17, 0xE4, 0x17, 0xE4, 0x17, 0xE4, 0x17, 0xE4, 0x17, 0xE4, 0x17, 0xE4, 0x17, 0xE4,
    0x17, 0xE4, 0x17, 0xE4, 0x17, 0xE4, 0x17, 0xE4, 0x17, 0xE4, 0x17, 0xE4, 0x17, 0xE4, 0x17, 0xE4,
    0x17, 0xE4, 0x17, 0xE4, 0x17, 0xE4, 0x17, 0xE4, 0x17, 0xE4, 0x17, 0xE4, 0x17, 0xE4, 0x17, 0xE4,
    0x17, 0xE4, 0x17, 0xE4, 0x17, 0xE4, 0x17, 0xE4, 0x17, 0xE4, 0x17, 0xE4, 0x17, 0xE4, 0x17, 0xE4,
    0x17, 0xE4, 0xFF, 0x17, 0xE4, 0x17, 0xE4, 0x17, 0xE4, 0x17, 0xE4, 0x17, 0xE4, 0x17, 0xE4, 0x17,
    0xE4, 0x17, 0xE4, 0x17, 0xE4, 0x17, 0xE4, 0x17, 0xE4, 0x17, 0xE4, 0x17, 0xE4, 0x17, 0xE4, 0x17,
    0xE4, 0x17, 0xE4, 0x17, 0xE4, 0x17, 0xE4, 0x17, 0xE4, 0x17, 0xE4, 0x17, 0xE4, 0x17, 0xE4, 0x17,
    0xE4, 0x17, 0xE4, 0x17, 0xE4, 0x17, 0xE4, 0x17, 0xE4, 0x17, 0xE4, 0x17, 0xE4, 0x17, 0xE4, 0x17,
    0xE4, 0x17, 0xE4, 0x17, 0xE4, 0x17, 0xE4, 0x17, 0xE4, 0x17, 0xE4, 0x17, 0xE4, 0x17, 0xE4, 0x17,
    0xE4, 0x17, 0xE4, 0x17, 0xE4, 0x17, 0xE4, 0x17, 0xE4, 0x17, 0xE4, 0x17, 0xE4, 0x17, 0xE4, 0x17,
    0xE4, 0x17, 0xE4, 0x17, 0xE4, 0x17, 0xE4, 0x17, 0xE4, 0x17, 0xE4, 0x17, 0xE4, 0x17, 0xE4, 0x17,
    0xE4, 0x17, 0xE3, 0x17, 0xE4, 0x27, 0xE6, 0x57, 0x6A, 0xC7, 0x77, 0xF7, 0x3B, 0xF6, 0x78, 0xED,
    0xB5, 0xF5, 0x94, 0xFF, 0xF5, 0x95, 0xF5, 0x95, 0xFD, 0xB6, 0xDD, 0x95, 0x86, 0x6E, 0x4F, 0xEA,
    0x2F, 0xE7, 0x27, 0xE6, 0x1F, 0xE5, 0x17, 0xE4, 0x17, 0xE3, 0x1F, 0xE5, 0x3E, 0xC9, 0xB6, 0x12,
    0xED, 0xD6, 0xF5, 0xF6, 0xF5, 0xD6, 0xED, 0xD6, 0xF5, 0xF7, 0xF5, 0xF7, 0xD5, 0x94, 0x76, 0x2D,
    0x27, 0xE6, 0x0F, 0xE3, 0x17, 0xE4, 0x17, 0xE4, 0x17, 0xE4, 0x17, 0xE4, 0x17, 0xE4, 0x17, 0xE4,
    0x17, 0xE4, 0x17, 0xE4, 0x17, 0xE4, 0x17, 0xE4, 0x17, 0xE4, 0x17, 0xE4, 0x17, 0xE4, 0x17, 0xE4,
    0x17, 0xE4, 0x17, 0xE4, 0x17, 0xE4, 0x17, 0xE4, 0x17, 0xE4, 0x17, 0xE4, 0x17, 0xE4, 0x17, 0xE4,
    0x17, 0xE4, 0x17, 0xE4, 0x17, 0xE4, 0x17, 0xE4, 0x17, 0xE4, 0x17, 0xE4, 0x17, 0xE4, 0x17, 0xE4,
    0x17, 0xE4, 0x17, 0xE4, 0x17, 0xE4, 0x17, 0xE4, 0x17, 0xE4, 0x17, 0xE4, 0x17, 0xE4, 0x17, 0xE4,
    0x17, 0xE4, 0x17, 0xE4, 0xFF, 0x17, 0xE4, 0x17, 0xE4, 0x17, 0xE4, 0x17, 0xE4, 0x17, 0xE4, 0x17,
    0xE4, 0x17, 0xE4, 0x17, 0xE4, 0x17, 0xE4, 0x17, 0xE4, 0x17, 0xE4, 0x17, 0xE4, 0x17, 0xE4, 0x17,
    0xE4, 0x17, 0xE4, 0x17, 0xE4, 0x17, 0xE4, 0x17, 0xE4, 0x17, 0xE4, 0x17, 0xE4, 0x17, 0xE4, 0x17,
    0xE4, 0x17, 0xE4, 0x17, 0xE4, 0x17, 0xE4, 0x17, 0xE4, 0x17, 0xE4, 0x17, 0xE4, 0x17, 0xE4, 0x17,
    0xE4, 0x17, 0xE4, 0x17, 0xE4, 0x17, 0xE4, 0x17, 0xE4, 0x17, 0xE4, 0x17, 0xE4, 0x17, 0xE4, 0x17,
    0xE4, 0x17, 0xE4, 0x17, 0xE4, 0x17, 0xE4, 0x17, 0xE4, 0x17, 0xE4, 0x17, 0xE4, 0x17, 0xE4, 0x17,
    0xE4, 0x17, 0xE4, 0x17, 0xE4, 0x17, 0xE4, 0x17, 0xE4, 0x17, 0xE4, 0x17, 0xE4, 0x17, 0xE4, 0x17,
    0xE4, 0x17, 0xE4, 0x17, 0xE4, 0x17, 0xE4, 0x17, 0xE4, 0x17, 0xE4, 0x17, 0xE4, 0x17, 0xE3, 0x17,
    0xE4, 0x1F, 0xE5, 0x3F, 0x8A, 0x88, 0xAF, 0x74, 0xF7, 0x9B, 0xFF, 0x7C, 0xFE, 0xFA, 0xED, 0x02,
    0xF5, 0xFF, 0x94, 0xF5, 0x94, 0xF5, 0x94, 0xF5, 0x75, 0xBD, 0x31, 0x5F, 0x2B, 0x27, 0xE6, 0x0F,
    0xE4, 0x17, 0xE4, 0x17, 0xE4, 0x17, 0xE4, 0x17, 0xE3, 0x17, 0xE4, 0x2F, 0x86, 0xB6, 0x11, 0xF5,
    0x95, 0xF5, 0x95, 0xED, 0x95, 0xED, 0xB6, 0xF5, 0xD7, 0xF5, 0xF7, 0xBD, 0x93, 0x66, 0xAC, 0x1F,
    0xE5, 0x0F, 0xE3, 0x17, 0xE3, 0x17, 0xE4, 0x17, 0xE4, 0x17, 0xE4, 0x17, 0xE4, 0x17, 0xE4, 0x17,
    0xE4, 0x17, 0xE4, 0x17, 0xE4, 0x17, 0xE4, 0x17, 0xE4, 0x17, 0xE4, 0x17, 0xE4, 0x17, 0xE4, 0x17,
    0xE4, 0x17, 0xE4, 0x17, 0xE4, 0x17, 0xE4, 0x17, 0xE4, 0x17, 0xE4, 0x17, 0xE4, 0x17, 0xE4, 0x17,
    0xE4, 0x17, 0xE4, 0x17, 0xE4, 0x17, 0xE4, 0x17, 0xE4, 0x17, 0xE4, 0x17, 0xE4, 0x17, 0xE4, 0x17,
    0xE4, 0x17, 0xE4, 0x17, 0xE4, 0x17, 0xE4, 0x17, 0xE4, 0x17, 0xE4, 0x17, 0xE4, 0x17, 0xE4, 0x17,
    0xE4, 0x17, 0xFF, 0xE4, 0x17, 0xE4, 0x17, 0xE4, 0x17, 0xE4, 0x17, 0xE4, 0x17, 0xE4, 0x17, 0xE4,
    0x17, 0xE4, 0x17, 0xE4, 0x17, 0xE4, 0x17, 0xE4, 0x17, 0xE4, 0x17, 0xE4, 0x17, 0xE4, 0x17, 0xE4,
    0x17, 0xE4, 0x17, 0xE4, 0x17, 0xE4, 0x17, 0xE4, 0x17, 0xE4, 0x17, 0xE4, 0x17, 0xE4, 0x17, 0xE4,
    0x17, 0xE4, 0x17, 0xE4, 0x17, 0xE4, 0x17, 0xE4, 0x17, 0xE4, 0x17, 0xE4, 0x17, 0xE4, 0x17, 0xE4,
    0x17, 0xE4, 0x17, 0xE4, 0x17, 0xE4, 0x17, 0xE4, 0x17, 0xE4, 0x17, 0xE4, 0x17, 0xE4, 0x17, 0xE4,
    0x17, 0xE4, 0x17, 0xE4, 0x17, 0xE4, 0x17, 0xE4, 0x17, 0xE4, 0x17, 0xE4, 0x17, 0xE4, 0x17, 0xE4,
    0x17, 0xE4, 0x17, 0xE4, 0x17, 0xE4, 0x17, 0xE4, 0x17, 0xE4, 0x17, 0xE4, 0x17, 0xE4, 0x17, 0xE4,
    0x17, 0xE4, 0x17, 0xE4, 0x17, 0xE4, 0x17, 0xE4, 0x17, 0xE4, 0x17, 0xE4, 0x17, 0xE3, 0x1F, 0xE5,
    0x37, 0xE7, 0x8F, 0x91, 0x10, 0xF7, 0x7A, 0xFF, 0x5C, 0xFF, 0x7C, 0xFE, 0xFA, 0xED, 0xD5, 0xF5,
    0xB4, 0xF5, 0x94, 0xF5, 0x95, 0xED, 0x02, 0x95, 0xFF, 0x6E, 0x3F, 0xE9, 0x17, 0xE4, 0x0F, 0xE4,
    0x17, 0xE4, 0x17, 0xE4, 0x17, 0xE3, 0x17, 0xE3, 0x17, 0xE4, 0x37, 0x46, 0xBD, 0xF1, 0xF5, 0x95,
    0xED, 0xB5, 0xEE, 0x16, 0xF6, 0x78, 0xF6, 0x99, 0xF6, 0x9B, 0xA5, 0x92, 0x5F, 0x6B, 0x1F, 0xE5,
    0x17, 0xE3, 0x17, 0xE4, 0x17, 0xE4, 0x17, 0xE4, 0x17, 0xE4, 0x17, 0xE4, 0x17, 0xE4, 0x17, 0xE4,
    0x17, 0xE4, 0x17, 0xE4, 0x17, 0xE4, 0x17, 0xE4, 0x17, 0xE4, 0x17, 0xE4, 0x17, 0xE4, 0x17, 0xE4,
    0x17, 0xE4, 0x17, 0xE4, 0x17, 0xE4, 0x17, 0xE4, 0x17, 0xE4, 0x17, 0xE4, 0x17, 0xE4, 0x17, 0xE4,
    0x17, 0xE4, 0x17, 0xE4, 0x17, 0xE4, 0x17, 0xE4, 0x17, 0xE4, 0x17, 0xE4, 0x17, 0xE4, 0x17, 0xE4,
    0x17, 0xE4, 0x17, 0xE4, 0x17, 0xE4, 0x17, 0xE4, 0x17, 0xE4, 0x17, 0xE4, 0x17, 0xE4, 0x17, 0xE4,
    0x17, 0xE4, 0x17, 0xE4, 0x17, 0xE4, 0x17, 0xE4, 0x17, 0xFF, 0xE4, 0x17, 0xE4, 0x17, 0xE4, 0x17,
    0xE4, 0x17, 0xE4, 0x17, 0xE4, 0x17, 0xE4, 0x17, 0xE4, 0x17, 0xE4, 0x17, 0xE4, 0x17, 0xE4, 0x17,
    0xE4, 0x17, 0xE4, 0x17, 0xE4, 0x17, 0xE4, 0x17, 0xE4, 0x17, 0xE4, 0x17, 0xE4, 0x17, 0xE4, 0x17,
    0xE4, 0x17, 0xE4, 0x17, 0xE4, 0x17, 0xE4, 0x17, 0xE4, 0x17, 0xE4, 0x17, 0xE4, 0x17, 0xE4, 0x17,
    0xE4, 0x17, 0xE4, 0x17, 0xE4, 0x17, 0xE4, 0x17, 0xE4, 0x17, 0xE4, 0x17, 0xE4, 0x17, 0xE4, 0x17,
    0xE4, 0x17, 0xE4, 0x17, 0xE4, 0x17, 0xE4, 0x17, 0xE4, 0x17, 0xE4, 0x17, 0xE4, 0x17, 0xE4, 0x17,
    0xE4, 0x17, 0xE4, 0x17, 0xE4, 0x17, 0xE4, 0x17, 0xE4, 0x17, 0xE4, 0x17, 0xE4, 0x17, 0xE4, 0x17,
    0xE4, 0x17, 0xE4, 0x17, 0xE4, 0x17, 0xE4, 0x17, 0xE4, 0x17, 0xE4, 0x17, 0xE4, 0x27, 0xE6, 0x67,
    0x2D, 0xDF, 0x79, 0xFF, 0x5C, 0xFF, 0x5C, 0xFF, 0x1B, 0xE6, 0xFF, 0x58, 0xE5, 0xD5, 0xED, 0x74,
    0xF5, 0x94, 0xF5, 0xB5, 0xC5, 0xB1, 0x6E, 0xAB, 0x27, 0xE6, 0x17, 0xE3, 0x17, 0xE3, 0x17, 0xE4,
    0x17, 0xE4, 0x17, 0xE4, 0x17, 0xE3, 0x17, 0xE5, 0x37, 0x27, 0xBD, 0xF2, 0xED, 0xB5, 0xEE, 0x17,
    0xF6, 0x99, 0xFF, 0x1B, 0xFF, 0x5C, 0xFE, 0xFC, 0x9D, 0x92, 0x57, 0xCA, 0x17, 0xE4, 0x17, 0xE4,
    0x17, 0xE4, 0x17, 0xE4, 0x17, 0xE4, 0x17, 0xE4, 0x17, 0xE4, 0x17, 0xE4, 0x17, 0xE4, 0x17, 0xE4,
    0x17, 0xE4, 0x17, 0xE4, 0x17, 0xE4, 0x17, 0xE4, 0x17, 0xE4, 0x17, 0xE4, 0x17, 0xE4, 0x17, 0xE4,
    0x17, 0xE4, 0x17, 0xE4, 0x17, 0xE4, 0x17, 0xE4, 0x17, 0xE4, 0x17, 0xE4, 0x17, 0xE4, 0x17, 0xE4,
    0x17, 0xE4, 0x17, 0xE4, 0x17, 0xE4, 0x17, 0xE4, 0x17, 0xE4, 0x17, 0xE4, 0x17, 0xE4, 0x17, 0xE4,
    0x17, 0xE4, 0x17, 0xE4, 0x17, 0xE4, 0x17, 0xE4, 0x17, 0xE4, 0x17, 0xFF, 0xE4, 0x17, 0xE4, 0x17,
    0xE4, 0x17, 0xE4, 0x17, 0xE4, 0x17, 0xE4, 0x17, 0xE4, 0x17, 0xE4, 0x17, 0xE4, 0x17, 0xE4, 0x17,
    0xE4, 0x17, 0xE4, 0x17, 0xE4, 0x17, 0xE4, 0x17, 0xE4, 0x17, 0xE4, 0x17, 0xE4, 0x17, 0xE4, 0x17,
    0xE4, 0x17, 0xE4, 0x17, 0xE4, 0x17, 0xE4, 0x17, 0xE4, 0x17, 0xE4, 0x17, 0xE4, 0x17, 0xE4, 0x17,
    0xE4, 0x17, 0xE4, 0x17, 0xE4, 0x17, 0xE4, 0x17, 0xE4, 0x17, 0xE4, 0x17, 0xE4, 0x17, 0xE4, 0x17,
    0xE4, 0x17, 0xE4, 0x17, 0xE4, 0x17, 0xE4, 0x17, 0xE4, 0x17, 0xE4, 0x17, 0xE4, 0x17, 0xE4, 0x17,
    0xE4, 0x17, 0xE4, 0x17, 0xE4, 0x17, 0xE4, 0x17, 0xE4, 0x17, 0xE4, 0x17, 0xE4, 0x17, 0xE4, 0x17,
    0xE4, 0x17, 0xE4, 0x17, 0xE4, 0x17, 0xE4, 0x17, 0xE4, 0x17, 0xE4, 0x17, 0xE4, 0x17, 0xE4, 0x17,
    0xE4, 0x17, 0xE4, 0x17, 0xE4, 0x17, 0xE4, 0x17, 0xE4, 0x1F, 0xE5, 0x37, 0xFF, 0x68, 0xAF, 0x34,
    0xFF, 0x9C, 0xFF, 0x5C, 0xFF, 0x5C, 0xEE, 0xDA, 0xDE, 0x17, 0xEE, 0x58, 0xD4, 0xF2, 0xE5, 0x53,
    0xC5, 0xB2, 0x6E, 0x6B, 0x3F, 0xE7, 0x1F, 0xE4, 0x17, 0xE3, 0x17, 0xE4, 0x17, 0xE4, 0x17, 0xE4,
    0x17, 0xE4, 0x17, 0xE4, 0x1F, 0xE5, 0x3E, 0xE8, 0xBE, 0x13, 0xF6, 0x37, 0xFE, 0xFA, 0xFF, 0x3C,
    0xFF, 0x5C, 0xFF, 0x7C, 0xF6, 0xFB, 0x9D, 0x92, 0x4F, 0xEA, 0x17, 0xE4, 0x17, 0xE4, 0x17, 0xE4,
    0x17, 0xE4, 0x17, 0xE4, 0x17, 0xE4, 0x17, 0xE4, 0x17, 0xE4, 0x17, 0xE4, 0x17, 0xE4, 0x17, 0xE4,
    0x17, 0xE4, 0x17, 0xE4, 0x17, 0xE4, 0x17, 0xE4, 0x17, 0xE4, 0x17, 0xE4, 0x17, 0xE4, 0x17, 0xE4,
    0x17, 0xE4, 0x17, 0xE4, 0x17, 0xE4, 0x17, 0xE4, 0x17, 0xE4, 0x17, 0xE4, 0x17, 0xE4, 0x17, 0xE4,
    0x17, 0xE4, 0x17, 0xE4, 0x17, 0xE4, 0x17, 0xE4, 0x17, 0xE4, 0x17, 0xE4, 0x17, 0xFF, 0xE4, 0x17,
    0xE4, 0x17, 0xE4, 0x17, 0xE4, 0x17, 0xE4, 0x17, 0xE4, 0x17, 0xE4, 0x17, 0xE4, 0x17, 0xE4, 0x17,
    0xE4, 0x17, 0xE4, 0x17, 0xE4, 0x17, 0xE4, 0x17, 0xE4, 0x17, 0xE4, 0x17, 0xE4, 0x17, 0xE4, 0x17,
    0xE4, 0x17, 0xE4, 0x17, 0xE4, 0x17, 0xE4, 0x17, 0xE4, 0x17, 0xE4, 0x17, 0xE4, 0x17, 0xE4, 0x17,
    0xE4, 0x17, 0xE4, 0x17, 0xE4, 0x17, 0xE4, 0x17, 0xE4, 0x17, 0xE4, 0x17, 0xE4, 0x17, 0xE4, 0x17,
    0xE4, 0x17, 0xE4, 0x17, 0xE4, 0x17, 0xE4, 0x17, 0xE4, 0x17, 0xE4, 0x17, 0xE4, 0x17, 0xE4, 0x17,
    0xE4, 0x17, 0xE4, 0x17, 0xE4, 0x17, 0xE4, 0x17, 0xE4, 0x17, 0xE4, 0x17, 0xE4, 0x17, 0xE4, 0x17,
    0xE4, 0x17, 0xE4, 0x17, 0xE4, 0x17, 0xE4, 0x17, 0xE4, 0x17, 0xE4, 0x17, 0xE4, 0x17, 0xE4, 0x17,
    0xE4, 0x17, 0xE4, 0x17, 0xE4, 0x17, 0xE4, 0x17, 0xE4, 0x17, 0xE4, 0x17, 0xE4, 0x17, 0xFF, 0xE4,
    0x17, 0xE3, 0x17, 0xE4, 0x17, 0xE4, 0x17, 0xE4, 0x27, 0xE6, 0x6E, 0xEE, 0xDF, 0x79, 0xFF, 0x7C,
    0xFF, 0x5C, 0xFF, 0x5C, 0xFF, 0x5C, 0xE6, 0x79, 0xE6, 0x17, 0xCD, 0x53, 0xAD, 0x0F, 0x6E, 0x2B,
    0x3F, 0xE8, 0x1F, 0xE5, 0x17, 0xE4, 0x17, 0xE4, 0x17, 0xE4, 0x17, 0xE4, 0x17, 0xE4, 0x17, 0xE4,
    0x17, 0xE4, 0x1F, 0xE5, 0x4E, 0xA9, 0xD6, 0x96, 0xFE, 0xFA, 0xFF, 0x5C, 0xFF, 0x7C, 0xFF, 0x7D,
    0xFF, 0x7D, 0xF6, 0xFB, 0x95, 0xB2, 0x47, 0xEA, 0x17, 0xE4, 0x17, 0xE4, 0x17, 0xE4, 0x17, 0xE4,
    0x17, 0xE4, 0x17, 0xE4, 0x17, 0xE4, 0x17, 0xE4, 0x17, 0xE4, 0x17, 0xE4, 0x17, 0xE4, 0x17, 0xE4,
    0x17, 0xE4, 0x17, 0xE4, 0x17, 0xE4, 0x17, 0xE4, 0x17, 0xE4, 0x17, 0xE4, 0x17, 0xE4, 0x17, 0xE4,
    0x17, 0xE4, 0x17, 0xE4, 0x17, 0xE4, 0x17, 0xE4, 0x17, 0xE4, 0x17, 0xE4, 0x17, 0xE4, 0x17, 0xFF,
    0xE4, 0x17, 0xE4, 0x17, 0xE4, 0x17, 0xE4, 0x17, 0xE4, 0x17, 0xE4, 0x17, 0xE4, 0x17, 0xE4, 0x17,
    0xE4, 0x17, 0xE4, 0x17, 0xE4, 0x17, 0xE4, 0x17, 0xE4, 0x17, 0xE4, 0x17, 0xE4, 0x17, 0xE4, 0x17,
    0xE4, 0x17, 0xE4, 0x17, 0xE4, 0x17, 0xE4, 0x17, 0xE4, 0x17, 0xE4, 0x17, 0xE4, 0x17, 0xE4, 0x17,
    0xE4, 0x17, 0xE4, 0x17, 0xE4, 0x17, 0xE4, 0x17, 0xE4, 0x17, 0xE4, 0x17, 0xE4, 0x17, 0xE4, 0x17,
    0xE4, 0x17, 0xE4, 0x17, 0xE4, 0x17, 0xE4, 0x17, 0xE4, 0x17, 0xE4, 0x17, 0xE4, 0x17, 0xE4, 0x17,
    0xE4, 0x17, 0xE4, 0x17, 0xE4, 0x17, 0xE4, 0x17, 0xE4, 0x17, 0xE4, 0x17, 0xE4, 0x17, 0xE4, 0x17,
    0xE4, 0x17, 0xE4, 0x17, 0xE4, 0x17, 0xE4, 0x17, 0xE4, 0x17, 0xE4, 0x17, 0xE4, 0x17, 0xE4, 0x17,
    0xE4, 0x17, 0xE4, 0x17, 0xE4, 0x17, 0xE4, 0x17, 0xE4, 0x17, 0xE4, 0x17, 0xE4, 0x17, 0xE4, 0x17,
    0xFF, 0xE4, 0x17, 0xE4, 0x17, 0xE4, 0x17, 0xE4, 0x17, 0xE4, 0x17, 0xE4, 0x17, 0xE4, 0x17, 0xE3,
    0x17, 0xE4, 0x17, 0xE4, 0x1F, 0xE5, 0x3F, 0xA9, 0xBF, 0x96, 0xE7, 0x5B, 0xEF, 0x5B, 0xFF, 0x7C,
    0xFF, 0x5C, 0xFF, 0x5C, 0xFF, 0x3C, 0xEE, 0x78, 0xB5, 0x51, 0x6D, 0x8C, 0x47, 0x8A, 0x2F, 0xE7,
    0x17, 0xE4, 0x17, 0xE4, 0x17, 0xE4, 0x17, 0xE4, 0x17, 0xE4, 0x17, 0xE4, 0x17, 0xE4, 0x17, 0xE4,
    0x17, 0xE4, 0x4E, 0xEA, 0xCE, 0xD7, 0xEE, 0xFA, 0xF7, 0x1A, 0xF7, 0x1B, 0xF7, 0x1B, 0xEF, 0x1B,
    0xE6, 0xB9, 0x8D, 0xB1, 0x3F, 0xEA, 0x17, 0xE4, 0x17, 0xE4, 0x17, 0xE4, 0x17, 0xE4, 0x17, 0xE4,
    0x17, 0xE4, 0x17, 0xE4, 0x17, 0xE4, 0x17, 0xE4, 0x17, 0xE4, 0x17, 0xE4, 0x17, 0xE4, 0x17, 0xE4,
    0x17, 0xE4, 0x17, 0xE4, 0x17, 0xE4, 0x17, 0xE4, 0x17, 0xE4, 0x17, 0xE4, 0x17, 0xE4, 0x17, 0xE4,
    0x17, 0xFF, 0xE4, 0x17, 0xE4, 0x17, 0xE4, 0x17, 0xE4, 0x17, 0xE4, 0x17, 0xE4, 0x17, 0xE4, 0x17,
    0xE4, 0x17, 0xE4, 0x17, 0xE4, 0x17, 0xE4, 0x17, 0xE4, 0x17, 0xE4, 0x17, 0xE4, 0x17, 0xE4, 0x17,
    0xE4, 0x17, 0xE4, 0x17, 0xE4, 0x17, 0xE4, 0x17, 0xE4, 0x17, 0xE4, 0x17, 0xE4, 0x17, 0xE4, 0x17,
    0xE4, 0x17, 0xE4, 0x17, 0xE4, 0x17, 0xE4, 0x17, 0xE4, 0x17, 0xE4, 0x17, 0xE4, 0x17, 0xE4, 0x17,
    0xE4, 0x17, 0xE4, 0x17, 0xE4, 0x17, 0xE4, 0x17, 0xE4, 0x17, 0xE4, 0x17, 0xE4, 0x17, 0xE4, 0x17,
    0xE4, 0x17, 0xE4, 0x17, 0xE4, 0x17, 0xE4, 0x17, 0xE4, 0x17, 0xE4, 0x17, 0xE4, 0x17, 0xE4, 0x17,
    0xE4, 0x17, 0xE4, 0x17, 0xE4, 0x17, 0xE4, 0x17, 0xE4, 0x17, 0xE4, 0x17, 0xE4, 0x17, 0xE4, 0x17,
    0xE4, 0x17, 0xE4, 0x17, 0xE4, 0x17, 0xE4, 0x17, 0xE4, 0x17, 0xE4, 0x17, 0xE4, 0x17, 0xE4, 0x17,
    0xE4, 0x17, 0xFF, 0xE4, 0x17, 0xE4, 0x17, 0xE4, 0x17, 0xE4, 0x17, 0xE4, 0x17, 0xE4, 0x17, 0xE4,
    0x17, 0xE4, 0x17, 0xE4, 0x17, 0xE4, 0x17, 0xE4, 0x17, 0xE4, 0x17, 0xE4, 0x17, 0xE4, 0x17, 0xE4,
    0x17, 0xE3, 0x1F, 0xE5, 0x5F, 0x4C, 0xE7, 0xDC, 0xEF, 0x7D, 0xE6, 0xDB, 0xF7, 0x5C, 0xFF, 0x7D,
    0xFF, 0x5C, 0xFF, 0x7D, 0xDE, 0xD7, 0x75, 0xCC, 0x47, 0x68, 0x27, 0xE6, 0x1F, 0xE5, 0x1F, 0xE4,
    0x17, 0xE4, 0x17, 0xE4, 0x17, 0xE4, 0x17, 0xE4, 0x17, 0xE4, 0x17, 0xE4, 0x17, 0xE3, 0x17, 0xE4,
    0x3E, 0xE9, 0xC6, 0xB6, 0xE6, 0xB9, 0xE6, 0xD9, 0xDE, 0xD9, 0xDE, 0xDA, 0xE6, 0xFA, 0xE7, 0x1A,
    0x8E, 0x33, 0x37, 0xEA, 0x0F, 0xE4, 0x17, 0xE4, 0x17, 0xE4, 0x17, 0xE4, 0x17, 0xE4, 0x17, 0xE4,
    0x17, 0xE4, 0x17, 0xE4, 0x17, 0xE4, 0x17, 0xE4, 0x17, 0xE4, 0x17, 0xE4, 0x17, 0xE4, 0x17, 0xE4,
    0x17, 0xE4, 0x17, 0xFF, 0xE4, 0x17, 0xE4, 0x17, 0xE4, 0x17, 0xE4, 0x17, 0xE4, 0x17, 0xE4, 0x17,
    0xE4, 0x17, 0xE4, 0x17, 0xE4, 0x17, 0xE4, 0x17, 0xE4, 0x17, 0xE4, 0x17, 0xE4, 0x17, 0xE4, 0x17,
    0xE4, 0x17, 0xE4, 0x17, 0xE4, 0x17, 0xE4, 0x17, 0xE4, 0x17, 0xE4, 0x17, 0xE4, 0x17, 0xE4, 0x17,
    0xE4, 0x17, 0xE4, 0x17, 0xE4, 0x17, 0xE4, 0x17, 0xE4, 0x17, 0xE4, 0x17, 0xE4, 0x17, 0xE4, 0x17,
    0xE4, 0x17, 0xE4, 0x17, 0xE4, 0x17, 0xE4, 0x17, 0xE4, 0x17, 0xE4, 0x17, 0xE4, 0x17, 0xE4, 0x17,
    0xE4, 0x17, 0xE4, 0x17, 0xE4, 0x17, 0xE4, 0x17, 0xE4, 0x17, 0xE4, 0x17, 0xE4, 0x17, 0xE4, 0x17,
    0xE4, 0x17, 0xE4, 0x17, 0xE4, 0x17, 0xE4, 0x17, 0xE4, 0x17, 0xE4, 0x17, 0xE4, 0x17, 0xE4, 0x17,
    0xE4, 0x17, 0xE4, 0x17, 0xE4, 0x17, 0xE4, 0x17, 0xE4, 0x17, 0xE4, 0x17, 0xE4, 0x17, 0xE4, 0x17,
    0xE4, 0x17, 0xE4, 0x17, 0xAE, 0xE4, 0x17, 0xE4, 0x17, 0xE4, 0x17, 0xE4, 0x17, 0xE4, 0x17, 0xE4,
    0x17, 0xE4, 0x17, 0xE4, 0x17, 0xE4, 0x17, 0xE4, 0x17, 0xE4, 0x17, 0xE4, 0x17, 0xE4, 0x17, 0xE4,
    0x17, 0xE4, 0x17, 0xE4, 0x17, 0xE4, 0x17, 0xE4, 0x17, 0xE4, 0x17, 0xE4, 0x17, 0xE4, 0x17, 0xE4,
    0x1F, 0xE5, 0x8F, 0xB1, 0x03, 0xFF, 0xB2, 0xDF, 0xEF, 0x5D, 0xDE, 0x9A, 0xEE, 0xDB, 0xFF, 0x3D,
    0xFF, 0x7C, 0x9E, 0xB0, 0x4F, 0x67, 0x2F, 0xE6, 0x17, 0xE4, 0x17, 0xE4, 0x17, 0xE4, 0x17, 0xE4,
    0x17, 0xE4, 0x17, 0xE4, 0x17, 0xE4, 0x17, 0xE4, 0x17, 0xE4, 0x17, 0xE4, 0x17, 0xE4, 0x3E, 0xE8,
    0xC7, 0x17, 0xFF, 0xBD, 0xFF, 0xFE, 0xFF, 0xFE, 0xFF, 0xFE, 0x02, 0xFF, 0xFF, 0xF7, 0x9D, 0x96,
    0x74, 0x37, 0xEA, 0x0F, 0xE3, 0x17, 0xE4, 0x17, 0xE4, 0x17, 0xE4, 0x17, 0xE4, 0x17, 0xE4, 0x17,
    0xE4, 0x17, 0xE4, 0x17, 0xE4, 0x17, 0xE4, 0x17, 0xE4, 0x17, 0xE4, 0x17, 0xE4, 0x17, 0xE4, 0x17,
    0xE4, 0x17, 0xE4, 0x17, 0xE4, 0x17, 0xE4, 0x17, 0xE4, 0x17, 0xE4, 0x17, 0xE4, 0x17, 0xE4, 0x17,
    0xE4, 0x17, 0xE4, 0x17, 0xE4, 0x17, 0xE4, 0x17, 0xE4, 0x17, 0xE4, 0x17, 0xE4, 0x17, 0xE4, 0x17,
    0xE4, 0x17, 0xE4, 0x17, 0xE4, 0x17, 0xE4, 0x17, 0xE4, 0x17, 0xE4, 0x17, 0xE4, 0x17, 0xE4, 0x17,
    0xE4, 0x17, 0xE4, 0x17, 0xE4, 0x17, 0xE4, 0x17, 0xE4, 0x17, 0xE4, 0x17, 0xE4, 0x17, 0xE4, 0x17,
    0xE4, 0x17, 0xE4, 0x17, 0xE4, 0x17, 0xE4, 0x17, 0xE4, 0x17, 0xE4, 0x17, 0xE4, 0x17, 0xE4, 0x17,
    0xE4, 0x17, 0xE4, 0x17, 0xE4, 0x17, 0xE4, 0x17, 0xE4, 0x17, 0xE4, 0x17, 0xE4, 0xD3, 0x17, 0xE4,
    0x17, 0xE4, 0x17, 0xE4, 0x17, 0xE4, 0x17, 0xE4, 0x17, 0xE4, 0x17, 0xE4, 0x17, 0xE4, 0x17, 0xE4,
    0x17, 0xE4, 0x17, 0xE4, 0x17, 0xE4, 0x17, 0xE4, 0x17, 0xE4, 0x17, 0xE4, 0x17, 0xE4, 0x17, 0xE4,
    0x17, 0xE4, 0x17, 0xE4, 0x17, 0xE4, 0x17, 0xE4, 0x17, 0xE4, 0x17, 0xE4, 0x17, 0xE4, 0x17, 0xE4,
    0x17, 0xE4, 0x17, 0xE4, 0x17, 0xE4, 0x17, 0xE4, 0x17, 0xE4, 0x17, 0xE4, 0x17, 0xE4, 0x17, 0xE4,
    0x17, 0xE4, 0x17, 0xE4, 0x17, 0xE4, 0x17, 0xE4, 0x17, 0xE4, 0x17, 0xE4, 0x17, 0xE4, 0x2F, 0xE6,
    0xB7, 0xF6, 0x05, 0xFF, 0x87, 0xDF, 0xF7, 0x7D, 0xEE, 0xDB, 0xEE, 0xBB, 0xC6, 0x02, 0x56, 0xA0,
    0xEA, 0x2F, 0xE6, 0x1F, 0xE5, 0x17, 0xE4, 0x17, 0xE4, 0x17, 0xE4, 0x17, 0xE4, 0x17, 0xE4, 0x17,
    0xE4, 0x17, 0xE4, 0x17, 0xE4, 0x17, 0xE4, 0x17, 0xE4, 0x17, 0xE5, 0x37, 0x08, 0xC7, 0x56, 0xFF,
    0xFD, 0x03, 0xFF, 0xFF, 0xFE, 0xFF, 0xFE, 0xFF, 0xFE, 0xEF, 0x5C, 0x8E, 0x33, 0x37, 0xEA, 0x0F,
    0xE3, 0x17, 0xE4, 0x17, 0xE4, 0x17, 0xE4, 0x17, 0xE4, 0x17, 0xE4, 0x17, 0xE4, 0x17, 0xE4, 0x17,
    0xE4, 0x17, 0xE4, 0x17, 0xE4, 0x17, 0xE4, 0x17, 0xE4, 0x17, 0xE4, 0x17, 0xE4, 0x17, 0xE4, 0x17,
    0xE4, 0x17, 0xE4, 0x17, 0xE4, 0x17, 0xE4, 0x17, 0xE4, 0x17, 0xE4, 0x17, 0xE4, 0x17, 0xE4, 0x17,
    0xE4, 0x17, 0xE4, 0x17, 0xE4, 0x17, 0xE4, 0x17, 0xE4, 0x17, 0xE4, 0x17, 0xE4, 0x17, 0xE4, 0x17,
    0xE4, 0x17, 0xE4, 0x17, 0xE4, 0x17, 0xE4, 0x17, 0xE4, 0x17, 0xE4, 0x17, 0xE4, 0x17, 0xE4, 0x17,
    0xE4, 0x17, 0xE4, 0x17, 0xE4, 0x17, 0xE4, 0x17, 0xE4, 0x17, 0xE4, 0x17, 0xE4, 0x17, 0xE4, 0x17,
    0xE4, 0x17, 0xE4, 0x17, 0xE4, 0x17, 0xE4, 0x17, 0xE4, 0x17, 0xE4, 0x17, 0xE4, 0x17, 0xE4, 0x17,
    0xE4, 0x17, 0xE4, 0x17, 0xD8, 0xE4, 0x17, 0xE4, 0x17, 0xE4, 0x17, 0xE4, 0x17, 0xE4, 0x17, 0xE4,
    0x17, 0xE4, 0x17, 0xE4, 0x17, 0xE4, 0x17, 0xE4, 0x17, 0xE4, 0x17, 0xE4, 0x17, 0xE4, 0x17, 0xE4,
    0x17, 0xE4, 0x17, 0xE4, 0x17, 0xE4, 0x17, 0xE4, 0x17, 0xE4, 0x17, 0xE4, 0x17, 0xE4, 0x17, 0xE4,
    0x17, 0xE4, 0x17, 0xE4, 0x17, 0xE4, 0x17, 0xE4, 0x17, 0xE4, 0x17, 0xE4, 0x17, 0xE4, 0x17, 0xE4,
    0x17, 0xE4, 0x17, 0xE4, 0x17, 0xE4, 0x17, 0xE4, 0x17, 0xE4, 0x17, 0xE4, 0x17, 0xE4, 0x17, 0xE4,
    0x17, 0xE3, 0x17, 0xE4, 0x17, 0xE4, 0x17, 0xE4, 0x17, 0xE5, 0x37, 0xE8, 0xC7, 0xF8, 0x03, 0xFF,
    0x82, 0xDF, 0xFF, 0xDF, 0x03, 0xFF, 0xAC, 0xDF, 0xF7, 0x5D, 0x8E, 0x11, 0x37, 0xE7, 0x1F, 0xE4,
    0x1F, 0xE4, 0x17, 0xE4, 0x17, 0xE4, 0x17, 0xE4, 0x17, 0xE4, 0x17, 0xE4, 0x17, 0xE4, 0x17, 0xE4,
    0x17, 0xE4, 0x17, 0xE4, 0x17, 0xE4, 0x17, 0xE5, 0x2F, 0x48, 0xB7, 0x55, 0xF7, 0xFD, 0xFF, 0xDF,
    0xFF, 0xFE, 0xFF, 0xFE, 0x02, 0xFF, 0xFF, 0xEF, 0x5C, 0x8E, 0x33, 0x3F, 0xE9, 0x0F, 0xE3, 0x17,
    0xE4, 0x17, 0xE4, 0x17, 0xE4, 0x17, 0xE4, 0x17, 0xE4, 0x17, 0xE4, 0x17, 0xE4, 0x17, 0xE4, 0x17,
    0xE4, 0x17, 0xE4, 0x17, 0xE4, 0x17, 0xE4, 0x17, 0xE4, 0x17, 0xE4, 0x17, 0xE4, 0x17, 0xE4, 0x17,
    0xE4, 0x17, 0xE4, 0x17, 0xE4, 0x17, 0xE4, 0x17, 0xE4, 0x17, 0xE4, 0x17, 0xE4, 0x17, 0xE4, 0x17,
    0xE4, 0x17, 0xE4, 0x17, 0xE4, 0x17, 0xE4, 0x17, 0xE4, 0x17, 0xE4, 0x17, 0xE4, 0x17, 0xE4, 0x17,
    0xE4, 0x17, 0xE4, 0x17, 0xE4, 0x17, 0xE4, 0x17, 0xE4, 0x17, 0xE4, 0x17, 0xE4, 0x17, 0xE4, 0x17,
    0xE4, 0x17, 0xE4, 0x17, 0xE4, 0x17, 0xE4, 0x17, 0xE4, 0x17, 0xE4, 0x17, 0xE4, 0x17, 0xE4, 0x17,
    0xE4, 0x17, 0xE4, 0x17, 0xE4, 0x17, 0xE4, 0x17, 0xE4, 0x17, 0xE4, 0x17, 0xE4, 0x17, 0xE4, 0x17,
    0xE4, 0x17, 0xE4, 0x17, 0xE4, 0x17, 0xE4, 0xD3, 0x17, 0xE4, 0x17, 0xE4, 0x17, 0xE4, 0x17, 0xE4,
    0x17, 0xE4, 0x17, 0xE4, 0x17, 0xE4, 0x17, 0xE4, 0x17, 0xE4, 0x17, 0xE4, 0x17, 0xE4, 0x17, 0xE4,
    0x17, 0xE4, 0x17, 0xE4, 0x17, 0xE4, 0x17, 0xE4, 0x17, 0xE4, 0x17, 0xE4, 0x17, 0xE4, 0x17, 0xE4,
    0x17, 0xE4, 0x17, 0xE4, 0x17, 0xE4, 0x17, 0xE4, 0x17, 0xE4, 0x17, 0xE4, 0x17, 0xE4, 0x17, 0xE4,
    0x17, 0xE4, 0x17, 0xE4, 0x17, 0xE4, 0x17, 0xE4, 0x17, 0xE4, 0x17, 0xE4, 0x17, 0xE4, 0x17, 0xE3,
    0x17, 0xE4, 0x17, 0xE4, 0x17, 0xE4, 0x17, 0xE4, 0x3F, 0xC9, 0xD7, 0xFA, 0x03, 0xFF, 0x80, 0xDF,
    0x06, 0xFF, 0xA5, 0xBE, 0x97, 0x5E, 0xAD, 0x27, 0xE6, 0x17, 0xE4, 0x1F, 0xE4, 0x17, 0xE4, 0x0F,
    0xE4, 0x17, 0xE4, 0x17, 0xE4, 0x17, 0xE4, 0x17, 0xE4, 0x17, 0xE4, 0x17, 0xE4, 0x17, 0xE4, 0x17,
    0xE4, 0x17, 0xE5, 0x37, 0xA8, 0xA7, 0x13, 0xF7, 0xFC, 0x03, 0xFF, 0x82, 0xDE, 0xFF, 0xFE, 0x02,
    0xFF, 0xFF, 0xEF, 0x5D, 0x8E, 0x33, 0x3F, 0xE9, 0x0F, 0xE3, 0x17, 0xE4, 0x17, 0xE4, 0x17, 0xE4,
    0x17, 0xE4, 0x17, 0xE4, 0x17, 0xE4, 0x17, 0xE4, 0x17, 0xE4, 0x17, 0xE4, 0x17, 0xE4, 0x17, 0xE4,
    0x17, 0xE4, 0x17, 0xE4, 0x17, 0xE4, 0x17, 0xE4, 0x17, 0xE4, 0x17, 0xE4, 0x17, 0xE4, 0x17, 0xE4,
    0x17, 0xE4, 0x17, 0xE4, 0x17, 0xE4, 0x17, 0xE4, 0x17, 0xE4, 0x17, 0xE4, 0x17, 0xE4, 0x17, 0xE4,
    0x17, 0xE4, 0x17, 0xE4, 0x17, 0xE4, 0x17, 0xE4, 0x17, 0xE4, 0x17, 0xE4, 0x17, 0xE4, 0x17, 0xE4,
    0x17, 0xE4, 0x17, 0xE4, 0x17, 0xE4, 0x17, 0xE4, 0x17, 0xE4, 0x17, 0xE4, 0x17, 0xE4, 0x17, 0xE4,
    0x17, 0xE4, 0x17, 0xE4, 0x17, 0xE4, 0x17, 0xE4, 0x17, 0xE4, 0x17, 0xE4, 0x17, 0xE4, 0x17, 0xE4,
    0x17, 0xE4, 0x17, 0xE4, 0x17, 0xE4, 0x17, 0xE4, 0x17, 0xE4, 0x17, 0xE4, 0x17, 0xE4, 0x17, 0xE4,
    0x17, 0xE4, 0xD3, 0x17, 0xE4, 0x17, 0xE4, 0x17, 0xE4, 0x17, 0xE4, 0x17, 0xE4, 0x17, 0xE4, 0x17,
    0xE4, 0x17, 0xE4, 0x17, 0xE4, 0x17, 0xE4, 0x17, 0xE4, 0x17, 0xE4, 0x17, 0xE4, 0x17, 0xE4, 0x17,
    0xE4, 0x17, 0xE4, 0x17, 0xE4, 0x17, 0xE4, 0x17, 0xE4, 0x17, 0xE4, 0x17, 0xE4, 0x17, 0xE4, 0x17,
    0xE4, 0x17, 0xE4, 0x17, 0xE4, 0x17, 0xE4, 0x17, 0xE4, 0x17, 0xE4, 0x17, 0xE4, 0x17, 0xE4, 0x17,
    0xE4, 0x17, 0xE4, 0x17, 0xE4, 0x17, 0xE4, 0x17, 0xE4, 0x17, 0xE4, 0x17, 0xE4, 0x17, 0xE4, 0x17,
    0xE4, 0x17, 0xE4, 0x57, 0xEC, 0xE7, 0xFD, 0x08, 0xFF, 0xA7, 0xDF, 0x3B, 0x76, 0x4E, 0x3F, 0xE9,
    0x17, 0xE4, 0x17, 0xE4, 0x17, 0xE4, 0x17, 0xE4, 0x17, 0xE4, 0x17, 0xE4, 0x17, 0xE4, 0x17, 0xE4,
    0x17, 0xE4, 0x17, 0xE4, 0x17, 0xE4, 0x17, 0xE4, 0x17, 0xE4, 0x17, 0xE4, 0x27, 0xE6, 0x87, 0x70,
    0xE7, 0xDC, 0x03, 0xFF, 0x82, 0xDE, 0xFF, 0xDE, 0x02, 0xFF, 0xFF, 0xEF, 0x5D, 0x8E, 0x33, 0x3F,
    0xE9, 0x0F, 0xE3, 0x17, 0xE4, 0x17, 0xE4, 0x17, 0xE4, 0x17, 0xE4, 0x17, 0xE4, 0x17, 0xE4, 0x17,
    0xE4, 0x17, 0xE4, 0x17, 0xE4, 0x17, 0xE4, 0x17, 0xE4, 0x17, 0xE4, 0x17, 0xE4, 0x17, 0xE4, 0x17,
    0xE4, 0x17, 0xE4, 0x17, 0xE4, 0x17, 0xE4, 0x17, 0xE4, 0x17, 0xE4, 0x17, 0xE4, 0x17, 0xE4, 0x17,
    0xE4, 0x17, 0xE4, 0x17, 0xE4, 0x17, 0xE4, 0x17, 0xE4, 0x17, 0xE4, 0x17, 0xE4, 0x17, 0xE4, 0x17,
    0xE4, 0x17, 0xE4, 0x17, 0xE4, 0x17, 0xE4, 0x17, 0xE4, 0x17, 0xE4, 0x17, 0xE4, 0x17, 0xE4, 0x17,
    0xE4, 0x17, 0xE4, 0x17, 0xE4, 0x17, 0xE4, 0x17, 0xE4, 0x17, 0xE4, 0x17, 0xE4, 0x17, 0xE4, 0x17,
    0xE4, 0x17, 0xE4, 0x17, 0xE4, 0x17, 0xE4, 0x17, 0xE4, 0x17, 0xE4, 0x17, 0xE4, 0x17, 0xE4, 0x17,
    0xE4, 0x17, 0xE4, 0x17, 0xE4, 0x17, 0xE4, 0x17, 0xE4, 0x17, 0xE4, 0xD3, 0x17, 0xE4, 0x17, 0xE4,
    0x17, 0xE4, 0x17, 0xE4, 0x17, 0xE4, 0x17, 0xE4, 0x17, 0xE4, 0x17, 0xE4, 0x17, 0xE4, 0x17, 0xE4,
    0x17, 0xE4, 0x17, 0xE4, 0x17, 0xE4, 0x17, 0xE4, 0x17, 0xE4, 0x17, 0xE4, 0x17, 0xE4, 0x17, 0xE4,
    0x17, 0xE4, 0x17, 0xE4, 0x17, 0xE4, 0x17, 0xE4, 0x17, 0xE4, 0x17, 0xE4, 0x17, 0xE4, 0x17, 0xE4,
    0x17, 0xE4, 0x17, 0xE4, 0x17, 0xE4, 0x17, 0xE4, 0x17, 0xE4, 0x17, 0xE4, 0x17, 0xE4, 0x17, 0xE4,
    0x17, 0xE4, 0x17, 0xE4, 0x17, 0xE4, 0x17, 0xE4, 0x17, 0xE4, 0x0F, 0xE4, 0x5F, 0xED, 0xE7, 0xFD,
    0x08, 0xFF, 0xA7, 0xA6, 0x54, 0x4F, 0x2A, 0x27, 0xE6, 0x17, 0xE3, 0x17, 0xE3, 0x17, 0xE4, 0x17,
    0xE4, 0x17, 0xE4, 0x17, 0xE4, 0x17, 0xE4, 0x17, 0xE4, 0x17, 0xE4, 0x17, 0xE4, 0x17, 0xE4, 0x17,
    0xE4, 0x17, 0xE4, 0x17, 0xE4, 0x17, 0xE4, 0x5F, 0xED, 0xCF, 0xDB, 0x03, 0xFF, 0xFF, 0xFE, 0xFF,
    0xFE, 0xFF, 0xFE, 0xEF, 0x5D, 0x8E, 0x33, 0x3F, 0xE9, 0x0F, 0xE3, 0x17, 0xE4, 0x17, 0xE4, 0x17,
    0xE4, 0x17, 0xE4, 0x17, 0xE4, 0x17, 0xE4, 0x17, 0xE4, 0x17, 0xE4, 0x17, 0xE4, 0x17, 0xE4, 0x17,
    0xE4, 0x17, 0xE4, 0x17, 0xE4, 0x17, 0xE4, 0x17, 0xE4, 0x17, 0xE4, 0x17, 0xE4, 0x17, 0xE4, 0x17,
    0xE4, 0x17, 0xE4, 0x17, 0xE4, 0x17, 0xE4, 0x17, 0xE4, 0x17, 0xE4, 0x17, 0xE4, 0x17, 0xE4, 0x17,
    0xE4, 0x17, 0xE4, 0x17, 0xE4, 0x17, 0xE4, 0x17, 0xE4, 0x17, 0xE4, 0x17, 0xE4, 0x17, 0xE4, 0x17,
    0xE4, 0x17, 0xE4, 0x17, 0xE4, 0x17, 0xE4, 0x17, 0xE4, 0x17, 0xE4, 0x17, 0xE4, 0x17, 0xE4, 0x17,
    0xE4, 0x17, 0xE4, 0x17, 0xE4, 0x17, 0xE4, 0x17, 0xE4, 0x17, 0xE4, 0x17, 0xE4, 0x17, 0xE4, 0x17,
    0xE4, 0x17, 0xE4, 0x17, 0xE4, 0x17, 0xE4, 0x17, 0xE4, 0x17, 0xE4, 0x17, 0xE4, 0x17, 0xD8, 0xE4,
    0x17, 0xE4, 0x17, 0xE4, 0x17, 0xE4, 0x17, 0xE4, 0x17, 0xE4, 0x17, 0xE4, 0x17, 0xE4, 0x17, 0xE4,
    0x17, 0xE4, 0x17, 0xE4, 0x17, 0xE4, 0x17, 0xE4, 0x17, 0xE4, 0x17, 0xE4, 0x17, 0xE4, 0x17, 0xE4,
    0x17, 0xE4, 0x17, 0xE4, 0x17, 0xE4, 0x17, 0xE4, 0x17, 0xE4, 0x17, 0xE4, 0x17, 0xE4, 0x17, 0xE4,
    0x17, 0xE4, 0x17, 0xE4, 0x17, 0xE4, 0x17, 0xE4, 0x17, 0xE4, 0x17, 0xE4, 0x17, 0xE4, 0x17, 0xE4,
    0x17, 0xE4, 0x17, 0xE4, 0x17, 0xE4, 0x17, 0xE4, 0x17, 0xE4, 0x17, 0xE4, 0x17, 0xE4, 0x17, 0xE4,
    0x17, 0xE4, 0x17, 0xE4, 0x67, 0xEF, 0xF7, 0xFE, 0x06, 0xFF, 0xAF, 0xE7, 0x3B, 0x6D, 0xEE, 0x3F,
    0xE9, 0x1F, 0xE5, 0x17, 0xE4, 0x17, 0xE4, 0x17, 0xE4, 0x17, 0xE4, 0x17, 0xE4, 0x17, 0xE4, 0x17,
    0xE4, 0x17, 0xE4, 0x17, 0xE4, 0x17, 0xE4, 0x17, 0xE4, 0x17, 0xE4, 0x17, 0xE4, 0x17, 0xE4, 0x17,
    0xE4, 0x2F, 0xE7, 0xA7, 0x95, 0xFF, 0xFE, 0xFF, 0xFE, 0xFF, 0xFE, 0x02, 0xFF, 0xFF, 0xEF, 0x5D,
    0x8E, 0x33, 0x3F, 0xE9, 0x0F, 0xE3, 0x17, 0xE4, 0x17, 0xE4, 0x17, 0xE4, 0x17, 0xE4, 0x17, 0xE4,
    0x17, 0xE4, 0x17, 0xE4, 0x17, 0xE4, 0x17, 0xE4, 0x17, 0xE4, 0x17, 0xE4, 0x17, 0xE4, 0x17, 0xE4,
    0x17, 0xE4, 0x17, 0xE4, 0x17, 0xE4, 0x17, 0xE4, 0x17, 0xE4, 0x17, 0xE4, 0x17, 0xE4, 0x17, 0xE4,
    0x17, 0xE4, 0x17, 0xE4, 0x17, 0xE4, 0x17, 0xE4, 0x17, 0xE4, 0x17, 0xE4, 0x17, 0xE4, 0x17, 0xE4,
    0x17, 0xE4, 0x17, 0xE4, 0x17, 0xE4, 0x17, 0xE4, 0x17, 0xE4, 0x17, 0xE4, 0x17, 0xE4, 0x17, 0xE4,
    0x17, 0xE4, 0x17, 0xE4, 0x17, 0xE4, 0x17, 0xE4, 0x17, 0xE4, 0x17, 0xE4, 0x17, 0xE4, 0x17, 0xE4,
    0x17, 0xE4, 0x17, 0xE4, 0x17, 0xE4, 0x17, 0xE4, 0x17, 0xE4, 0x17, 0xE4, 0x17, 0xE4, 0x17, 0xE4,
    0x17, 0xE4, 0x17, 0xE4, 0x17, 0xE4, 0x17, 0xE4, 0x17, 0xE4, 0x17, 0xE4, 0x17, 0xE4, 0xD1, 0x17,
    0xE4, 0x17, 0xE4, 0x17, 0xE4, 0x17, 0xE4, 0x17, 0xE4, 0x17, 0xE4, 0x17, 0xE4, 0x17, 0xE4, 0x17,
    0xE4, 0x17, 0xE4, 0x17, 0xE4, 0x17, 0xE4, 0x17, 0xE4, 0x17, 0xE4, 0x17, 0xE4, 0x17, 0xE4, 0x17,
    0xE4, 0x17, 0xE4, 0x17, 0xE4, 0x17, 0xE4, 0x17, 0xE4, 0x17, 0xE4, 0x17, 0xE4, 0x17, 0xE4, 0x17,
    0xE4, 0x17, 0xE4, 0x17, 0xE4, 0x17, 0xE4, 0x17, 0xE4, 0x17, 0xE4, 0x17, 0xE4, 0x17, 0xE4, 0x17,
    0xE4, 0x17, 0xE4, 0x17, 0xE4, 0x17, 0xE4, 0x17, 0xE4, 0x17, 0xE3, 0x17, 0xE3, 0x27, 0xE5, 0x97,
    0xD3, 0x07, 0xFF, 0xB0, 0xBF, 0xA6, 0x14, 0x56, 0xAB, 0x2F, 0xE7, 0x17, 0xE4, 0x17, 0xE4, 0x17,
    0xE4, 0x17, 0xE4, 0x17, 0xE4, 0x17, 0xE4, 0x17, 0xE4, 0x17, 0xE4, 0x17, 0xE4, 0x17, 0xE4, 0x17,
    0xE4, 0x17, 0xE4, 0x17, 0xE4, 0x17, 0xE4, 0x17, 0xE4, 0x17, 0xE4, 0x17, 0xE5, 0x5F, 0x8C, 0xEF,
    0xFC, 0xFF, 0xFE, 0xFF, 0xFE, 0x02, 0xFF, 0xFF, 0xEF, 0x5D, 0x8E, 0x33, 0x3F, 0xE9, 0x0F, 0xE3,
    0x17, 0xE4, 0x17, 0xE4, 0x17, 0xE4, 0x17, 0xE4, 0x17, 0xE4, 0x17, 0xE4, 0x17, 0xE4, 0x17, 0xE4,
    0x17, 0xE4, 0x17, 0xE4, 0x17, 0xE4, 0x17, 0xE4, 0x17, 0xE4, 0x17, 0xE4, 0x17, 0xE4, 0x17, 0xE4,
    0x17, 0xE4, 0x17, 0xE4, 0x17, 0xE4, 0x17, 0xE4, 0x17, 0xE4, 0x17, 0xE4, 0x17, 0xE4, 0x17, 0xE4,
    0x17, 0xE4, 0x17, 0xE4, 0x17, 0xE4, 0x17, 0xE4, 0x17, 0xE4, 0x17, 0xE4, 0x17, 0xE4, 0x17, 0xE4,
    0x17, 0xE4, 0x17, 0xE4, 0x17, 0xE4, 0x17, 0xE4, 0x17, 0xE4, 0x17, 0xE4, 0x17, 0xE4, 0x17, 0xE4,
    0x17, 0xE4, 0x17, 0xE4, 0x17, 0xE4, 0x17, 0xE4, 0x17, 0xE4, 0x17, 0xE4, 0x17, 0xE4, 0x17, 0xE4,
    0x17, 0xE4, 0x17, 0xE4, 0x17, 0xE4, 0x17, 0xE4, 0x17, 0xE4, 0x17, 0xE4, 0x17, 0xE4, 0x17, 0xE4,
    0x17, 0xE4, 0x17, 0xE4, 0x17, 0xE4, 0x17, 0xE4, 0xD1, 0x17, 0xE4, 0x17, 0xE4, 0x17, 0xE4, 0x17,
    0xE4, 0x17, 0xE4, 0x17, 0xE4, 0x17, 0xE4, 0x17, 0xE4, 0x17, 0xE4, 0x17, 0xE4, 0x17, 0xE4, 0x17,
    0xE4, 0x17, 0xE4, 0x17, 0xE4, 0x17, 0xE4, 0x17, 0xE4, 0x17, 0xE4, 0x17, 0xE4, 0x17, 0xE4, 0x17,
    0xE4, 0x17, 0xE4, 0x17, 0xE4, 0x17, 0xE4, 0x17, 0xE4, 0x17, 0xE4, 0x17, 0xE4, 0x17, 0xE4, 0x17,
    0xE4, 0x17, 0xE4, 0x17, 0xE4, 0x17, 0xE4, 0x17, 0xE4, 0x17, 0xE4, 0x17, 0xE4, 0x17, 0xE4, 0x17,
    0xE4, 0x17, 0xE4, 0x0F, 0xE3, 0x0F, 0xE3, 0x2F, 0xE6, 0xB7, 0xD7, 0x06, 0xFF, 0xB1, 0xE6, 0xFC,
    0x7D, 0x8F, 0x4F, 0xCA, 0x1F, 0xE5, 0x17, 0xE3, 0x17, 0xE4, 0x17, 0xE4, 0x17, 0xE4, 0x17, 0xE4,
    0x17, 0xE4, 0x17, 0xE4, 0x17, 0xE4, 0x17, 0xE4, 0x17, 0xE4, 0x17, 0xE4, 0x17, 0xE4, 0x17, 0xE4,
    0x17, 0xE4, 0x17, 0xE4, 0x17, 0xE4, 0x17, 0xE4, 0x2F, 0xA7, 0xCF, 0xD8, 0xFF, 0xDE, 0xFF, 0xFE,
    0x02, 0xFF, 0xFF, 0xEF, 0x7D, 0x8E, 0x33, 0x37, 0xE9, 0x0F, 0xE3, 0x17, 0xE4, 0x17, 0xE4, 0x17,
    0xE4, 0x17, 0xE4, 0x17, 0xE4, 0x17, 0xE4, 0x17, 0xE4, 0x17, 0xE4, 0x17, 0xE4, 0x17, 0xE4, 0x17,
    0xE4, 0x17, 0xE4, 0x17, 0xE4, 0x17, 0xE4, 0x17, 0xE4, 0x17, 0xE4, 0x17, 0xE4, 0x17, 0xE4, 0x17,
    0xE4, 0x17, 0xE4, 0x17, 0xE4, 0x17, 0xE4, 0x17, 0xE4, 0x17, 0xE4, 0x17, 0xE4, 0x17, 0xE4, 0x17,
    0xE4, 0x17, 0xE4, 0x17, 0xE4, 0x17, 0xE4, 0x17, 0xE4, 0x17, 0xE4, 0x17, 0xE4, 0x17, 0xE4, 0x17,
    0xE4, 0x17, 0xE4, 0x17, 0xE4, 0x17, 0xE4, 0x17, 0xE4, 0x17, 0xE4, 0x17, 0xE4, 0x17, 0xE4, 0x17,
    0xE4, 0x17, 0xE4, 0x17, 0xE4, 0x17, 0xE4, 0x17, 0xE4, 0x17, 0xE4, 0x17, 0xE4, 0x17, 0xE4, 0x17,
    0xE4, 0x17, 0xE4, 0x17, 0xE4, 0x17, 0xE4, 0x17, 0xE4, 0x17, 0xE4, 0x17, 0xE4, 0x17, 0xE4, 0x17,
    0xE4, 0x17, 0xE4, 0xD1, 0x17, 0xE4, 0x17, 0xE4, 0x17, 0xE4, 0x17, 0xE4, 0x17, 0xE4, 0x17, 0xE4,
    0x17, 0xE4, 0x17, 0xE4, 0x17, 0xE4, 0x17, 0xE4, 0x17, 0xE4, 0x17, 0xE4, 0x17, 0xE4, 0x17, 0xE4,
    0x17, 0xE4, 0x17, 0xE4, 0x17, 0xE4, 0x17, 0xE4, 0x17, 0xE4, 0x17, 0xE4, 0x17, 0xE4, 0x17, 0xE4,
    0x17, 0xE4, 0x17, 0xE4, 0x17, 0xE4, 0x17, 0xE4, 0x17, 0xE4, 0x17, 0xE4, 0x17, 0xE4, 0x17, 0xE4,
    0x17, 0xE4, 0x17, 0xE4, 0x17, 0xE4, 0x17, 0xE4, 0x17, 0xE4, 0x17, 0xE4, 0x17, 0xE4, 0x17, 0xE4,
    0x17, 0xE4, 0x2F, 0xE8, 0xC7, 0xF9, 0x05, 0xFF, 0xB0, 0xDF, 0xC6, 0x38, 0x6E, 0x0E, 0x47, 0xE9,
    0x1F, 0xE4, 0x17, 0xE3, 0x17, 0xE4, 0x17, 0xE4, 0x17, 0xE4, 0x17, 0xE4, 0x17, 0xE4, 0x17, 0xE4,
    0x17, 0xE4, 0x17, 0xE4, 0x17, 0xE4, 0x17, 0xE4, 0x17, 0xE4, 0x17, 0xE4, 0x17, 0xE4, 0x17, 0xE4,
    0x17, 0xE4, 0x17, 0xE4, 0x1F, 0xE5, 0x9F, 0xB2, 0xFF, 0xFD, 0x04, 0xFF, 0xFF, 0xF7, 0x7E, 0x8E,
    0x13, 0x3F, 0xEA, 0x0F, 0xE3, 0x17, 0xE4, 0x17, 0xE4, 0x17, 0xE4, 0x17, 0xE4, 0x17, 0xE4, 0x17,
    0xE4, 0x17, 0xE4, 0x17, 0xE4, 0x17, 0xE4, 0x17, 0xE4, 0x17, 0xE4, 0x17, 0xE4, 0x17, 0xE4, 0x17,
    0xE4, 0x17, 0xE4, 0x17, 0xE4, 0x17, 0xE4, 0x17, 0xE4, 0x17, 0xE4, 0x17, 0xE4, 0x17, 0xE4, 0x17,
    0xE4, 0x17, 0xE4, 0x17, 0xE4, 0x17, 0xE4, 0x17, 0xE4, 0x17, 0xE4, 0x17, 0xE4, 0x17, 0xE4, 0x17,
    0xE4, 0x17, 0xE4, 0x17, 0xE4, 0x17, 0xE4, 0x17, 0xE4, 0x17, 0xE4, 0x17, 0xE4, 0x17, 0xE4, 0x17,
    0xE4, 0x17, 0xE4, 0x17, 0xE4, 0x17, 0xE4, 0x17, 0xE4, 0x17, 0xE4, 0x17, 0xE4, 0x17, 0xE4, 0x17,
    0xE4, 0x17, 0xE4, 0x17, 0xE4, 0x17, 0xE4, 0x17, 0xE4, 0x17, 0xE4, 0x17, 0xE4, 0x17, 0xE4, 0x17,
    0xE4, 0x17, 0xE4, 0x17, 0xE4, 0x17, 0xE4, 0x17, 0xE4, 0x17, 0xE4, 0x17, 0xE4, 0xD1, 0x17, 0xE4,
    0x17, 0xE4, 0x17, 0xE4, 0x17, 0xE4, 0x17, 0xE4, 0x17, 0xE4, 0x17, 0xE4, 0x17, 0xE4, 0x17, 0xE4,
    0x17, 0xE4, 0x17, 0xE4, 0x17, 0xE4, 0x17, 0xE4, 0x17, 0xE4, 0x17, 0xE4, 0x17, 0xE4, 0x17, 0xE4,
    0x17, 0xE4, 0x17, 0xE4, 0x17, 0xE4, 0x17, 0xE4, 0x17, 0xE4, 0x17, 0xE4, 0x17, 0xE4, 0x17, 0xE4,
    0x17, 0xE4, 0x17, 0xE4, 0x17, 0xE4, 0x17, 0xE4, 0x17, 0xE4, 0x17, 0xE4, 0x17, 0xE4, 0x17, 0xE4,
    0x17, 0xE4, 0x17, 0xE4, 0x17, 0xE4, 0x17, 0xE4, 0x17, 0xE4, 0x0F, 0xE4, 0x47, 0xAB, 0xDF, 0xFC,
    0x04, 0xFF, 0xB1, 0xEF, 0x3D, 0x8D, 0xB3, 0x4F, 0x6B, 0x27, 0xE6, 0x17, 0xE4, 0x17, 0xE4, 0x17,
    0xE4, 0x17, 0xE4, 0x17, 0xE4, 0x17, 0xE4, 0x17, 0xE4, 0x17, 0xE4, 0x17, 0xE4, 0x17, 0xE4, 0x17,
    0xE4, 0x17, 0xE4, 0x17, 0xE4, 0x17, 0xE4, 0x17, 0xE4, 0x17, 0xE4, 0x17, 0xE4, 0x0F, 0xE3, 0x17,
    0xE3, 0x5F, 0x6A, 0xE7, 0xFB, 0x05, 0xFF, 0xFF, 0x9F, 0xA5, 0xF5, 0x4F, 0xAC, 0x17, 0xE4, 0x17,
    0xE3, 0x17, 0xE4, 0x17, 0xE4, 0x17, 0xE4, 0x17, 0xE4, 0x17, 0xE4, 0x17, 0xE4, 0x17, 0xE4, 0x17,
    0xE4, 0x17, 0xE4, 0x17, 0xE4, 0x17, 0xE4, 0x17, 0xE4, 0x17, 0xE4, 0x17, 0xE4, 0x17, 0xE4, 0x17,
    0xE4, 0x17, 0xE4, 0x17, 0xE4, 0x17, 0xE4, 0x17, 0xE4, 0x17, 0xE4, 0x17, 0xE4, 0x17, 0xE4, 0x17,
    0xE4, 0x17, 0xE4, 0x17, 0xE4, 0x17, 0xE4, 0x17, 0xE4, 0x17, 0xE4, 0x17, 0xE4, 0x17, 0xE4, 0x17,
    0xE4, 0x17, 0xE4, 0x17, 0xE4, 0x17, 0xE4, 0x17, 0xE4, 0x17, 0xE4, 0x17, 0xE4, 0x17, 0xE4, 0x17,
    0xE4, 0x17, 0xE4, 0x17, 0xE4, 0x17, 0xE4, 0x17, 0xE4, 0x17, 0xE4, 0x17, 0xE4, 0x17, 0xE4, 0x17,
    0xE4, 0x17, 0xE4, 0x17, 0xE4, 0x17, 0xE4, 0x17, 0xE4, 0x17, 0xE4, 0x17, 0xE4, 0x17, 0xE4, 0x17,
    0xE4, 0x17, 0xE4, 0x17, 0xE4, 0x17, 0xE4, 0x17, 0xCE, 0xE4, 0x17, 0xE4, 0x17, 0xE4, 0x17, 0xE4,
    0x17, 0xE4, 0x17, 0xE4, 0x17, 0xE4, 0x17, 0xE4, 0x17, 0xE4, 0x17, 0xE4, 0x17, 0xE4, 0x17, 0xE4,
    0x17, 0xE4, 0x17, 0xE4, 0x17, 0xE4, 0x17, 0xE4, 0x17, 0xE4, 0x17, 0xE4, 0x17, 0xE4, 0x17, 0xE4,
    0x17, 0xE4, 0x17, 0xE4, 0x17, 0xE4, 0x17, 0xE4, 0x17, 0xE4, 0x17, 0xE4, 0x17, 0xE4, 0x17, 0xE4,
    0x17, 0xE4, 0x17, 0xE4, 0x17, 0xE4, 0x17, 0xE4, 0x17, 0xE4, 0x17, 0xE4, 0x17, 0xE4, 0x17, 0xE4,
    0x17, 0xE4, 0x17, 0xE5, 0x17, 0xE5, 0x6F, 0x8F, 0x03, 0xFF, 0xB4, 0xDF, 0xFF, 0xDF, 0xDE, 0x9A,
    0x75, 0xAF, 0x37, 0xE9, 0x17, 0xE4, 0x17, 0xE4, 0x17, 0xE4, 0x17, 0xE3, 0x17, 0xE4, 0x17, 0xE4,
    0x17, 0xE4, 0x17, 0xE4, 0x17, 0xE4, 0x17, 0xE4, 0x17, 0xE4, 0x17, 0xE4, 0x17, 0xE4, 0x17, 0xE4,
    0x17, 0xE4, 0x17, 0xE4, 0x17, 0xE4, 0x17, 0xE4, 0x0F, 0xE3, 0x17, 0xE2, 0x3F, 0xA7, 0xCF, 0xF9,
    0x05, 0xFF, 0xFF, 0xDF, 0xAD, 0xD6, 0x56, 0xCC, 0x1F, 0xE6, 0x17, 0xE3, 0x17, 0xE4, 0x17, 0xE4,
    0x17, 0xE4, 0x17, 0xE4, 0x17, 0xE4, 0x17, 0xE4, 0x17, 0xE4, 0x17, 0xE4, 0x17, 0xE4, 0x17, 0xE4,
    0x17, 0xE4, 0x17, 0xE4, 0x17, 0xE4, 0x17, 0xE4, 0x17, 0xE4, 0x17, 0xE4, 0x17, 0xE4, 0x17, 0xE4,
    0x17, 0xE4, 0x17, 0xE4, 0x17, 0xE4, 0x17, 0xE4, 0x17, 0xE4, 0x17, 0xE4, 0x17, 0xE4, 0x17, 0xE4,
    0x17, 0xE4, 0x17, 0xE4, 0x17, 0xE4, 0x17, 0xE4, 0x17, 0xE4, 0x17, 0xE4, 0x17, 0xE4, 0x17, 0xE4,
    0x17, 0xE4, 0x17, 0xE4, 0x17, 0xE4, 0x17, 0xE4, 0x17, 0xE4, 0x17, 0xE4, 0x17, 0xE4, 0x17, 0xE4,
    0x17, 0xE4, 0x17, 0xE4, 0x17, 0xE4, 0x17, 0xE4, 0x17, 0xE4, 0x17, 0xE4, 0x17, 0xE4, 0x17, 0xE4,
    0x17, 0xE4, 0x17, 0xE4, 0x17, 0xE4, 0x17, 0xE4, 0x17, 0xE4, 0x17, 0xE4, 0x17, 0xE4, 0x17, 0xE4,
    0x17, 0xE4, 0x17, 0xCE, 0xE4, 0x17, 0xE4, 0x17, 0xE4, 0x17, 0xE4, 0x17, 0xE4, 0x17, 0xE4, 0x17,
    0xE4, 0x17, 0xE4, 0x17, 0xE4, 0x17, 0xE4, 0x17, 0xE4, 0x17, 0xE4, 0x17, 0xE4, 0x17, 0xE4, 0x17,
    0xE4, 0x17, 0xE4, 0x17, 0xE4, 0x17, 0xE4, 0x17, 0xE4, 0x17, 0xE4, 0x17, 0xE4, 0x17, 0xE4, 0x17,
    0xE4, 0x17, 0xE4, 0x17, 0xE4, 0x17, 0xE4, 0x17, 0xE4, 0x17, 0xE4, 0x17, 0xE4, 0x17, 0xE4, 0x17,
    0xE4, 0x17, 0xE4, 0x17, 0xE4, 0x17, 0xE4, 0x17, 0xE4, 0x17, 0xE4, 0x17, 0xE4, 0x1F, 0xE5, 0x2F,
    0xE7, 0xA7, 0xB5, 0x03, 0xFF, 0xB4, 0xDF, 0xFF, 0x9F, 0xCE, 0x59, 0x66, 0x2D, 0x37, 0xE7, 0x17,
    0xE4, 0x17, 0xE4, 0x17, 0xE4, 0x17, 0xE4, 0x17, 0xE4, 0x17, 0xE4, 0x17, 0xE4, 0x17, 0xE4, 0x17,
    0xE4, 0x17, 0xE4, 0x17, 0xE4, 0x17, 0xE4, 0x17, 0xE4, 0x17, 0xE4, 0x17, 0xE4, 0x17, 0xE4, 0x17,
    0xE4, 0x17, 0xE4, 0x17, 0xE3, 0x1F, 0xE4, 0x27, 0xE6, 0xB7, 0x76, 0x05, 0xFF, 0xFF, 0xDF, 0xCE,
    0x59, 0x66, 0x6D, 0x27, 0xE7, 0x0F, 0xE3, 0x17, 0xE4, 0x17, 0xE4, 0x17, 0xE4, 0x17, 0xE4, 0x17,
    0xE4, 0x17, 0xE4, 0x17, 0xE4, 0x17, 0xE4, 0x17, 0xE4, 0x17, 0xE4, 0x17, 0xE4, 0x17, 0xE4, 0x17,
    0xE4, 0x17, 0xE4, 0x17, 0xE4, 0x17, 0xE4, 0x17, 0xE4, 0x17, 0xE4, 0x17, 0xE4, 0x17, 0xE4, 0x17,
    0xE4, 0x17, 0xE4, 0x17, 0xE4, 0x17, 0xE4, 0x17, 0xE4, 0x17, 0xE4, 0x17, 0xE4, 0x17, 0xE4, 0x17,
    0xE4, 0x17, 0xE4, 0x17, 0xE4, 0x17, 0xE4, 0x17, 0xE4, 0x17, 0xE4, 0x17, 0xE4, 0x17, 0xE4, 0x17,
    0xE4, 0x17, 0xE4, 0x17, 0xE4, 0x17, 0xE4, 0x17, 0xE4, 0x17, 0xE4, 0x17, 0xE4, 0x17, 0xE4, 0x17,
    0xE4, 0x17, 0xE4, 0x17, 0xE4, 0x17, 0xE4, 0x17, 0xE4, 0x17, 0xE4, 0x17, 0xE4, 0x17, 0xE4, 0x17,
    0xE4, 0x17, 0xE4, 0x17, 0xE4, 0x17, 0xE4, 0x17, 0xE4, 0x17, 0xE4, 0x17, 0xE4, 0x17, 0xCE, 0xE4,
    0x17, 0xE4, 0x17, 0xE4, 0x17, 0xE4, 0x17, 0xE4, 0x17, 0xE4, 0x17, 0xE4, 0x17, 0xE4, 0x17, 0xE4,
    0x17, 0xE4, 0x17, 0xE4, 0x17, 0xE4, 0x17, 0xE4, 0x17, 0xE4, 0x17, 0xE4, 0x17, 0xE4, 0x17, 0xE4,
    0x17, 0xE4, 0x17, 0xE4, 0x17, 0xE4, 0x17, 0xE4, 0x17, 0xE4, 0x17, 0xE4, 0x17, 0xE4, 0x17, 0xE4,
    0x17, 0xE4, 0x17, 0xE4, 0x17, 0xE3, 0x17, 0xE4, 0x17, 0xE4, 0x17, 0xE4, 0x17, 0xE4, 0x17, 0xE4,
    0x17, 0xE4, 0x17, 0xE4, 0x17, 0xE3, 0x17, 0xE4, 0x1F, 0xE5, 0x3E, 0xA9, 0xCF, 0xB9, 0x05, 0xFF,
    0xB6, 0x9E, 0xAD, 0xB5, 0x66, 0x6D, 0x2F, 0xE7, 0x17, 0xE3, 0x17, 0xE4, 0x17, 0xE4, 0x17, 0xE4,
    0x17, 0xE4, 0x17, 0xE4, 0x17, 0xE4, 0x17, 0xE4, 0x17, 0xE4, 0x17, 0xE4, 0x17, 0xE4, 0x17, 0xE4,
    0x17, 0xE4, 0x17, 0xE4, 0x17, 0xE4, 0x17, 0xE4, 0x17, 0xE4, 0x17, 0xE4, 0x17, 0xE4, 0x1F, 0xE4,
    0x0F, 0xE5, 0x8F, 0x12, 0xFF, 0xDE, 0xFF, 0xDE, 0x02, 0xFF, 0xFF, 0xE7, 0x1C, 0x76, 0x4F, 0x2F,
    0xE9, 0x0F, 0xE4, 0x17, 0xE4, 0x17, 0xE4, 0x17, 0xE4, 0x17, 0xE4, 0x17, 0xE4, 0x17, 0xE4, 0x17,
    0xE4, 0x17, 0xE4, 0x17, 0xE4, 0x17, 0xE4, 0x17, 0xE4, 0x17, 0xE4, 0x17, 0xE4, 0x17, 0xE4, 0x17,
    0xE4, 0x17, 0xE4, 0x17, 0xE4, 0x17, 0xE4, 0x17, 0xE4, 0x17, 0xE4, 0x17, 0xE4, 0x17, 0xE4, 0x17,
    0xE4, 0x17, 0xE4, 0x17, 0xE4, 0x17, 0xE4, 0x17, 0xE4, 0x17, 0xE4, 0x17, 0xE4, 0x17, 0xE4, 0x17,
    0xE4, 0x17, 0xE4, 0x17, 0xE4, 0x17, 0xE4, 0x17, 0xE4, 0x17, 0xE4, 0x17, 0xE4, 0x17, 0xE4, 0x17,
    0xE4, 0x17, 0xE4, 0x17, 0xE4, 0x17, 0xE4, 0x17, 0xE4, 0x17, 0xE4, 0x17, 0xE4, 0x17, 0xE4, 0x17,
    0xE4, 0x17, 0xE4, 0x17, 0xE4, 0x17, 0xE4, 0x17, 0xE4, 0x17, 0xE4, 0x17, 0xE4, 0x17, 0xE4, 0x17,
    0xE4, 0x17, 0xE4, 0x17, 0xE4, 0x17, 0xE4, 0x17, 0xE4, 0x17, 0xE4, 0xC9, 0x17, 0xE4, 0x17, 0xE4,
    0x17, 0xE4, 0x17, 0xE4, 0x17, 0xE4, 0x17, 0xE4, 0x17, 0xE4, 0x17, 0xE4, 0x17, 0xE4, 0x17, 0xE4,
    0x17, 0xE4, 0x17, 0xE4, 0x17, 0xE4, 0x17, 0xE4, 0x17, 0xE4, 0x17, 0xE4, 0x17, 0xE4, 0x17, 0xE4,
    0x17, 0xE4, 0x17, 0xE4, 0x17, 0xE4, 0x17, 0xE4, 0x17, 0xE4, 0x17, 0xE4, 0x17, 0xE4, 0x17, 0xE3,
    0x17, 0xE3, 0x17, 0xE3, 0x17, 0xE4, 0x17, 0xE3, 0x17, 0xE4, 0x17, 0xE4, 0x17, 0xE4, 0x17, 0xE3,
    0x17, 0xE3, 0x17, 0xE4, 0x2F, 0xE7, 0x02, 0x6E, 0x81, 0xE7, 0xBC, 0x04, 0xFF, 0xFF, 0xF7, 0x3D,
    0x9D, 0x53, 0x5E, 0xAC, 0x2F, 0xE6, 0x17, 0xE3, 0x17, 0xE4, 0x17, 0xE4, 0x17, 0xE4, 0x17, 0xE4,
    0x17, 0xE4, 0x17, 0xE4, 0x17, 0xE4, 0x17, 0xE4, 0x17, 0xE4, 0x17, 0xE4, 0x17, 0xE4, 0x17, 0xE4,
    0x17, 0xE4, 0x17, 0xE4, 0x17, 0xE4, 0x17, 0xE4, 0x17, 0xE4, 0x1F, 0xE5, 0x17, 0xE5, 0x07, 0xE5,
    0x77, 0x2F, 0xEF, 0x7C, 0xFF, 0xDF, 0xFF, 0xDF, 0xF7, 0x5E, 0x8E, 0x12, 0x47, 0xEC, 0x1F, 0xE5,
    0x17, 0xE4, 0x17, 0xE4, 0x17, 0xE4, 0x17, 0xE4, 0x17, 0xE4, 0x17, 0xE4, 0x17, 0xE4, 0x17, 0xE4,
    0x17, 0xE4, 0x17, 0xE4, 0x17, 0xE4, 0x17, 0xE4, 0x17, 0xE4, 0x17, 0xE4, 0x17, 0xE4, 0x17, 0xE4,
    0x17, 0xE4, 0x17, 0xE4, 0x17, 0xE4, 0x17, 0xE4, 0x17, 0xE4, 0x17, 0xE4, 0x17, 0xE4, 0x17, 0xE4,
    0x17, 0xE4, 0x17, 0xE4, 0x17, 0xE4, 0x17, 0xE4, 0x17, 0xE4, 0x17, 0xE4, 0x17, 0xE4, 0xFF, 0x17,
    0xE4, 0x17, 0xE4, 0x17, 0xE4, 0x17, 0xE4, 0x17, 0xE4, 0x17, 0xE4, 0x17, 0xE4, 0x17, 0xE4, 0x17,
    0xE4, 0x17, 0xE4, 0x17, 0xE4, 0x17, 0xE4, 0x17, 0xE4, 0x17, 0xE4, 0x17, 0xE4, 0x17, 0xE4, 0x17,
    0xE4, 0x17, 0xE4, 0x17, 0xE4, 0x17, 0xE4, 0x17, 0xE4, 0x17, 0xE4, 0x17, 0xE4, 0x17, 0xE4, 0x17,
    0xE4, 0x17, 0xE4, 0x17, 0xE4, 0x17, 0xE4, 0x17, 0xE4, 0x17, 0xE4, 0x17, 0xE4, 0x17, 0xE4, 0x17,
    0xE4, 0x17, 0xE4, 0x17, 0xE4, 0x17, 0xE4, 0x17, 0xE4, 0x17, 0xE4, 0x17, 0xE4, 0x17, 0xE4, 0x17,
    0xE4, 0x17, 0xE4, 0x17, 0xE4, 0x17, 0xE4, 0x17, 0xE4, 0x17, 0xE4, 0x17, 0xE4, 0x17, 0xE4, 0x17,
    0xE4, 0x17, 0xE4, 0x17, 0xE4, 0x17, 0xE4, 0x17, 0xE4, 0x17, 0xE4, 0x17, 0xE3, 0x17, 0xE3, 0x17,
    0xE3, 0x17, 0xE3, 0x17, 0xE4, 0x17, 0xE4, 0x17, 0xE4, 0x17, 0xE4, 0x17, 0xE3, 0x17, 0xE3, 0x85,
    0x1F, 0xE5, 0x47, 0x2B, 0xAF, 0x16, 0x05, 0xFF, 0xFF, 0xBE, 0xE6, 0xDB, 0x95, 0x32, 0x5E, 0xCC,
    0x2F, 0xE6, 0x17, 0xE3, 0x17, 0xE3, 0x17, 0xE4, 0x17, 0xE4, 0x17, 0xE4, 0x17, 0xE4, 0x17, 0xE4,
    0x17, 0xE4, 0x17, 0xE4, 0x17, 0xE4, 0x17, 0xE4, 0x17, 0xE4, 0x17, 0xE4, 0x17, 0xE4, 0x17, 0xE4,
    0x17, 0xE4, 0x17, 0xE4, 0x17, 0xE4, 0x17, 0xE5, 0x17, 0xE5, 0x0F, 0xE6, 0x5E, 0xCC, 0xDF, 0x3A,
    0xFF, 0xBE, 0xFF, 0xBF, 0xFF, 0xBF, 0xA6, 0x15, 0x66, 0xED, 0x3F, 0xE9, 0x27, 0xE5, 0x1F, 0xE4,
    0x17, 0xE4, 0x17, 0xE4, 0x17, 0xE4, 0x17, 0xE4, 0x17, 0xE4, 0x17, 0xE4, 0x17, 0xE4, 0x17, 0xE4,
    0x17, 0xE4, 0x17, 0xE4, 0x17, 0xE4, 0x17, 0xE4, 0x17, 0xE4, 0x17, 0xE4, 0x17, 0xE4, 0x17, 0xE4,
    0x17, 0xE4, 0x17, 0xE4, 0x17, 0xE4, 0x17, 0xE4, 0x17, 0xE4, 0x17, 0xE4, 0x17, 0xE4, 0x17, 0xE4,
    0x17, 0xE4, 0x17, 0xE4, 0x17, 0xE4, 0x17, 0xE4, 0x17, 0xFF, 0xE4, 0x17, 0xE4, 0x17, 0xE4, 0x17,
    0xE4, 0x17, 0xE4, 0x17, 0xE4, 0x17, 0xE4, 0x17, 0xE4, 0x17, 0xE4, 0x17, 0xE4, 0x17, 0xE4, 0x17,
    0xE4, 0x17, 0xE4, 0x17, 0xE4, 0x17, 0xE4, 0x17, 0xE4, 0x17, 0xE4, 0x17, 0xE4, 0x17, 0xE4, 0x17,
    0xE4, 0x17, 0xE4, 0x17, 0xE4, 0x17, 0xE4, 0x17, 0xE4, 0x17, 0xE4, 0x17, 0xE4, 0x17, 0xE4, 0x17,
    0xE4, 0x17, 0xE4, 0x17, 0xE4, 0x17, 0xE4, 0x17, 0xE4, 0x17, 0xE4, 0x17, 0xE4, 0x17, 0xE4, 0x17,
    0xE4, 0x17, 0xE4, 0x17, 0xE4, 0x17, 0xE4, 0x17, 0xE4, 0x17, 0xE4, 0x17, 0xE4, 0x17, 0xE4, 0x17,
    0xE4, 0x17, 0xE4, 0x17, 0xE4, 0x17, 0xE4, 0x17, 0xE4, 0x17, 0xE4, 0x17, 0xE4, 0x17, 0xE4, 0x17,
    0xE4, 0x17, 0xE4, 0x17, 0xE4, 0x17, 0xE4, 0x17, 0xE3, 0x17, 0xE3, 0x17, 0xE3, 0x17, 0xE3, 0x17,
    0xE3, 0x17, 0xE4, 0x17, 0xE4, 0x17, 0xE4, 0x17, 0xE3, 0x1F, 0xFF, 0xE4, 0x27, 0xE6, 0x7E, 0xB0,
    0xCE, 0xD9, 0xDE, 0x9A, 0xD6, 0x79, 0xCE, 0x18, 0xBD, 0x96, 0x84, 0x8F, 0x66, 0x8B, 0x37, 0xE6,
    0x17, 0xE4, 0x17, 0xE4, 0x17, 0xE4, 0x17, 0xE4, 0x17, 0xE4, 0x17, 0xE4, 0x17, 0xE4, 0x17, 0xE4,
    0x17, 0xE4, 0x17, 0xE4, 0x17, 0xE4, 0x17, 0xE4, 0x17, 0xE4, 0x17, 0xE4, 0x17, 0xE4, 0x17, 0xE4,
    0x17, 0xE4, 0x17, 0xE4, 0x17, 0xE4, 0x17, 0xE5, 0x1F, 0xE6, 0x56, 0x2A, 0xD6, 0xB8, 0xFF, 0x9F,
    0xFF, 0xBF, 0xDE, 0x9B, 0xB5, 0xD5, 0x8D, 0xB0, 0x5E, 0x2B, 0x4F, 0xA9, 0x37, 0xE8, 0x27, 0xE5,
    0x1F, 0xE4, 0x1F, 0xE4, 0x17, 0xE4, 0x17, 0xE4, 0x17, 0xE4, 0x17, 0xE4, 0x17, 0xE4, 0x17, 0xE4,
    0x17, 0xE4, 0x17, 0xE4, 0x17, 0xE4, 0x17, 0xE4, 0x17, 0xE4, 0x17, 0xE4, 0x17, 0xE4, 0x17, 0xE4,
    0x17, 0xE4, 0x17, 0xE4, 0x17, 0xE4, 0x17, 0xE4, 0x17, 0xE4, 0x17, 0xFF, 0xE4, 0x17, 0xE4, 0x17,
    0xE4, 0x17, 0xE4, 0x17, 0xE4, 0x17, 0xE4, 0x17, 0xE4, 0x17, 0xE4, 0x17, 0xE4, 0x17, 0xE4, 0x17,
    0xE4, 0x17, 0xE4, 0x17, 0xE4, 0x17, 0xE4, 0x17, 0xE4, 0x17, 0xE4, 0x17, 0xE4, 0x17, 0xE4, 0x17,
    0xE4, 0x17, 0xE4, 0x17, 0xE4, 0x17, 0xE4, 0x17, 0xE4, 0x17, 0xE4, 0x17, 0xE4, 0x17, 0xE4, 0x17,
    0xE4, 0x17, 0xE4, 0x17, 0xE4, 0x17, 0xE4, 0x17, 0xE4, 0x17, 0xE4, 0x17, 0xE4, 0x17, 0xE4, 0x17,
    0xE4, 0x17, 0xE4, 0x17, 0xE4, 0x17, 0xE4, 0x17, 0xE4, 0x17, 0xE4, 0x17, 0xE4, 0x17, 0xE4, 0x17,
    0xE4, 0x17, 0xE4, 0x17, 0xE4, 0x17, 0xE4, 0x17, 0xE4, 0x17, 0xE4, 0x17, 0xE4, 0x17, 0xE4, 0x17,
    0xE4, 0x17, 0xE4, 0x17, 0xE4, 0x17, 0xE4, 0x17, 0xE4, 0x17, 0xE4, 0x17, 0xE4, 0x17, 0xE4, 0x17,
    0xE4, 0x17, 0xE4, 0x17, 0xE4, 0x17, 0xE4, 0x17, 0xE3, 0x17, 0xE3, 0x17, 0xFF, 0xE3, 0x17, 0xE4,
    0x17, 0xE4, 0x17, 0xE4, 0x17, 0xE4, 0x17, 0xE3, 0x1F, 0xE5, 0x2F, 0x27, 0xB6, 0xD5, 0xC5, 0xF8,
    0xDE, 0xBA, 0xDE, 0xBA, 0xE6, 0xDB, 0xDE, 0x59, 0x9C, 0xD1, 0x75, 0xEC, 0x47, 0xE8, 0x17, 0xE4,
    0x17, 0xE4, 0x17, 0xE4, 0x17, 0xE4, 0x17, 0xE4, 0x17, 0xE4, 0x17, 0xE4, 0x17, 0xE4, 0x17, 0xE4,
    0x17, 0xE4, 0x17, 0xE4, 0x17, 0xE4, 0x17, 0xE4, 0x17, 0xE4, 0x17, 0xE4, 0x17, 0xE4, 0x17, 0xE4,
    0x17, 0xE4, 0x1F, 0xE4, 0x1F, 0xE5, 0x1F, 0xE5, 0x55, 0xA9, 0xDE, 0xB8, 0xFF, 0x7E, 0xD6, 0x5A,
    0xC5, 0xD8, 0xD6, 0x58, 0xBD, 0x93, 0x84, 0x6C, 0x75, 0x2A, 0x76, 0x8B, 0x5F, 0x49, 0x4F, 0xE9,
    0x2F, 0xE6, 0x17, 0xE4, 0x17, 0xE4, 0x17, 0xE4, 0x17, 0xE4, 0x17, 0xE4, 0x17, 0xE4, 0x17, 0xE4,
    0x17, 0xE4, 0x17, 0xE4, 0x17, 0xE4, 0x17, 0xE4, 0x17, 0xE4, 0x17, 0xE4, 0x17, 0xFF, 0xE4, 0x17,
    0xE4, 0x17, 0xE4, 0x17, 0xE4, 0x17, 0xE4, 0x17, 0xE4, 0x17, 0xE4, 0x17, 0xE4, 0x17, 0xE4, 0x17,
    0xE4, 0x17, 0xE4, 0x17, 0xE4, 0x17, 0xE4, 0x17, 0xE4, 0x17, 0xE4, 0x17, 0xE4, 0x17, 0xE4, 0x17,
    0xE4, 0x17, 0xE4, 0x17, 0xE4, 0x17, 0xE4, 0x17, 0xE4, 0x17, 0xE4, 0x17, 0xE4, 0x17, 0xE4, 0x17,
    0xE4, 0x17, 0xE4, 0x17, 0xE4, 0x17, 0xE4, 0x17, 0xE4, 0x17, 0xE4, 0x17, 0xE4, 0x17, 0xE4, 0x17,
    0xE4, 0x17, 0xE4, 0x17, 0xE4, 0x17, 0xE4, 0x17, 0xE4, 0x17, 0xE4, 0x17, 0xE4, 0x17, 0xE4, 0x17,
    0xE4, 0x17, 0xE4, 0x17, 0xE4, 0x17, 0xE4, 0x17, 0xE4, 0x17, 0xE4, 0x17, 0xE4, 0x17, 0xE4, 0x17,
    0xE4, 0x17, 0xE4, 0x17, 0xE4, 0x17, 0xE4, 0x17, 0xE4, 0x17, 0xE4, 0x17, 0xE4, 0x17, 0xE4, 0x17,
    0xE4, 0x17, 0xE4, 0x17, 0xE4, 0x17, 0xE4, 0x17, 0xE4, 0x17, 0xE4, 0x17, 0xE4, 0x17, 0xFF, 0xE4,
    0x17, 0xE4, 0x17, 0xE4, 0x17, 0xE4, 0x17, 0xE4, 0x17, 0xE3, 0x17, 0xE3, 0x17, 0xE3, 0x17, 0xE4,
    0x17, 0xE4, 0x17, 0xE4, 0x17, 0xE3, 0x1F, 0xE5, 0x47, 0x2A, 0xE7, 0x9C, 0xDE, 0x7A, 0xC5, 0xD6,
    0xBD, 0x96, 0xC5, 0xB7, 0xCD, 0xD7, 0xAC, 0xD3, 0x74, 0xCC, 0x57, 0xEA, 0x1F, 0xE5, 0x17, 0xE4,
    0x17, 0xE4, 0x17, 0xE4, 0x17, 0xE4, 0x17, 0xE4, 0x17, 0xE4, 0x17, 0xE4, 0x17, 0xE4, 0x17, 0xE4,
    0x17, 0xE4, 0x17, 0xE4, 0x17, 0xE4, 0x17, 0xE4, 0x17, 0xE4, 0x17, 0xE4, 0x17, 0xE4, 0x17, 0xE4,
    0x1F, 0xE4, 0x1F, 0xE4, 0x17, 0xA4, 0x4D, 0x28, 0xC5, 0xD5, 0xCD, 0xF8, 0xCE, 0x39, 0xC5, 0x97,
    0xAC, 0xD2, 0xB4, 0x90, 0xA3, 0x8C, 0x9A, 0xA9, 0x8A, 0xA8, 0x7B, 0x46, 0x7D, 0x6A, 0x57, 0xE9,
    0x1F, 0xE5, 0x17, 0xE4, 0x17, 0xE4, 0x17, 0xE4, 0x17, 0xE4, 0x17, 0xE4, 0x17, 0xE4, 0x17, 0xFF,
    0xE4, 0x17, 0xE4, 0x17, 0xE4, 0x17, 0xE4, 0x17, 0xE4, 0x17, 0xE4, 0x17, 0xE4, 0x17, 0xE4, 0x17,
    0xE4, 0x17, 0xE4, 0x17, 0xE4, 0x17, 0xE4, 0x17, 0xE4, 0x17, 0xE4, 0x17, 0xE4, 0x17, 0xE4, 0x17,
    0xE4, 0x17, 0xE4, 0x17, 0xE4, 0x17, 0xE4, 0x17, 0xE4, 0x17, 0xE4, 0x17, 0xE4, 0x17, 0xE4, 0x17,
    0xE4, 0x17, 0xE4, 0x17, 0xE4, 0x17, 0xE4, 0x17, 0xE4, 0x17, 0xE4, 0x17, 0xE4, 0x17, 0xE4, 0x17,
    0xE4, 0x17, 0xE4, 0x17, 0xE4, 0x17, 0xE4, 0x17, 0xE4, 0x17, 0xE4, 0x17, 0xE4, 0x17, 0xE4, 0x17,
    0xE4, 0x17, 0xE4, 0x17, 0xE4, 0x17, 0xE4, 0x17, 0xE4, 0x17, 0xE4, 0x17, 0xE4, 0x17, 0xE4, 0x17,
    0xE4, 0x17, 0xE4, 0x17, 0xE4, 0x17, 0xE4, 0x17, 0xE4, 0x17, 0xE4, 0x17, 0xE4, 0x17, 0xE4, 0x17,
    0xE4, 0x17, 0xE4, 0x17, 0xE4, 0x17, 0xE4, 0x17, 0xE4, 0x17, 0xE4, 0x17, 0xE4, 0x17, 0xE4, 0x17,
    0xFF, 0xE4, 0x17, 0xE4, 0x17, 0xE4, 0x17, 0xE4, 0x17, 0xE4, 0x17, 0xE4, 0x17, 0xE4, 0x17, 0xE4,
    0x17, 0xE4, 0x17, 0xE4, 0x17, 0xE3, 0x17, 0xE3, 0x17, 0xE3, 0x17, 0xE3, 0x17, 0xE4, 0x17, 0xE4,
    0x17, 0xE4, 0x17, 0xE4, 0x17, 0xE5, 0x4F, 0x8B, 0xF7, 0xDD, 0xD6, 0x59, 0xBD, 0x95, 0xDE, 0x79,
    0xEE, 0xBA, 0xFE, 0xBB, 0xCD, 0x75, 0x6B, 0xEB, 0x5F, 0x4B, 0x2F, 0xE6, 0x17, 0xE4, 0x17, 0xE4,
    0x17, 0xE4, 0x17, 0xE4, 0x17, 0xE4, 0x17, 0xE4, 0x17, 0xE4, 0x17, 0xE4, 0x17, 0xE4, 0x17, 0xE4,
    0x17, 0xE4, 0x17, 0xE4, 0x17, 0xE4, 0x17, 0xE4, 0x17, 0xE4, 0x17, 0xE4, 0x17, 0xE4, 0x17, 0xE4,
    0x1F, 0xE4, 0x1F, 0xA4, 0x76, 0x2D, 0xD6, 0x17, 0xE6, 0x9A, 0xEF, 0x1C, 0xE6, 0x9B, 0xDD, 0x96,
    0xB3, 0xAE, 0xA2, 0x8A, 0xA2, 0x09, 0xA1, 0xE8, 0x9A, 0x08, 0x92, 0x68, 0x76, 0x0A, 0x2F, 0xE7,
    0x17, 0xFF, 0xE4, 0x17, 0xE4, 0x17, 0xE4, 0x17, 0xE4, 0x17, 0xE4, 0x17, 0xE4, 0x17, 0xE4, 0x17,
    0xE4, 0x17, 0xE4, 0x17, 0xE4, 0x17, 0xE4, 0x17, 0xE4, 0x17, 0xE4, 0x17, 0xE4, 0x17, 0xE4, 0x17,
    0xE4, 0x17, 0xE4, 0x17, 0xE4, 0x17, 0xE4, 0x17, 0xE4, 0x17, 0xE4, 0x17, 0xE4, 0x17, 0xE4, 0x17,
    0xE4, 0x17, 0xE4, 0x17, 0xE4, 0x17, 0xE4, 0x17, 0xE4, 0x17, 0xE4, 0x17, 0xE4, 0x17, 0xE4, 0x17,
    0xE4, 0x17, 0xE4, 0x17, 0xE4, 0x17, 0xE4, 0x17, 0xE4, 0x17, 0xE4, 0x17, 0xE4, 0x17, 0xE4, 0x17,
    0xE4, 0x17, 0xE4, 0x17, 0xE4, 0x17, 0xE4, 0x17, 0xE4, 0x17, 0xE4, 0x17, 0xE4, 0x17, 0xE4, 0x17,
    0xE4, 0x17, 0xE4, 0x17, 0xE4, 0x17, 0xE4, 0x17, 0xE4, 0x17, 0xE4, 0x17, 0xE4, 0x17, 0xE4, 0x17,
    0xE4, 0x17, 0xE4, 0x17, 0xE4, 0x17, 0xE4, 0x17, 0xE4, 0x17, 0xE4, 0x17, 0xE4, 0x17, 0xE4, 0x17,
    0xE4, 0x17, 0xB2, 0xE4, 0x17, 0xE4, 0x17, 0xE4, 0x17, 0xE4, 0x17, 0xE4, 0x17, 0xE4, 0x17, 0xE4,
    0x17, 0xE4, 0x17, 0xE4, 0x17, 0xE4, 0x17, 0xE4, 0x17, 0xE4, 0x17, 0xE4, 0x17, 0xE4, 0x17, 0xE4,
    0x17, 0xE4, 0x17, 0xE4, 0x17, 0xE4, 0x17, 0xE4, 0x17, 0xE4, 0x17, 0xE4, 0x17, 0xE4, 0x17, 0xE4,
    0x17, 0xE4, 0x17, 0xE4, 0x4F, 0x8C, 0x03, 0xFF, 0xFF, 0xDF, 0xFF, 0x5C, 0xE6, 0x18, 0xDD, 0x35,
    0xD4, 0x93, 0xD4, 0x92, 0xAC, 0x2E, 0x75, 0x6B, 0x47, 0xE8, 0x1F, 0xE5, 0x17, 0xE4, 0x17, 0xE4,
    0x17, 0xE4, 0x17, 0xE4, 0x17, 0xE4, 0x17, 0xE4, 0x17, 0xE4, 0x17, 0xE4, 0x17, 0xE4, 0x17, 0xE4,
    0x17, 0xE4, 0x17, 0xE4, 0x17, 0xE4, 0x17, 0xE4, 0x17, 0xE4, 0x17, 0xE4, 0x17, 0xE3, 0x17, 0xE4,
    0x27, 0x85, 0x8E, 0x90, 0xF7, 0x1B, 0xFF, 0xDE, 0xFF, 0xDF, 0xFF, 0x5E, 0xA3, 0xD0, 0x92, 0x69,
    0xAA, 0x69, 0xAA, 0x6A, 0xAA, 0x6A, 0xAA, 0x4A, 0xA2, 0x09, 0x7C, 0x69, 0x3F, 0xE8, 0x17, 0xE4,
    0x17, 0xE4, 0x17, 0xE4, 0x17, 0xE4, 0x17, 0xE4, 0x17, 0xE4, 0x17, 0xE4, 0x17, 0xE4, 0x17, 0xE4,
    0x17, 0xE4, 0x17, 0xE4, 0x17, 0xE4, 0x17, 0xE4, 0x17, 0xE4, 0x17, 0xE4, 0x17, 0xE4, 0x17, 0xE4,
    0x17, 0xE4, 0x17, 0xE4, 0x17, 0xE4, 0x17, 0xE4, 0x17, 0xFF, 0xE4, 0x17, 0xE4, 0x17, 0xE4, 0x17,
    0xE4, 0x17, 0xE4, 0x17, 0xE4, 0x17, 0xE4, 0x17, 0xE4, 0x17, 0xE4, 0x17, 0xE4, 0x17, 0xE4, 0x17,
    0xE4, 0x17, 0xE4, 0x17, 0xE4, 0x17, 0xE4, 0x17, 0xE4, 0x17, 0xE4, 0x17, 0xE4, 0x17, 0xE4, 0x17,
    0xE4, 0x17, 0xE4, 0x17, 0xE4, 0x17, 0xE4, 0x17, 0xE4, 0x17, 0xE4, 0x17, 0xE4, 0x17, 0xE4, 0x17,
    0xE4, 0x17, 0xE4, 0x17, 0xE4, 0x17, 0xE4, 0x17, 0xE4, 0x17, 0xE4, 0x17, 0xE4, 0x17, 0xE4, 0x17,
    0xE4, 0x17, 0xE4, 0x17, 0xE4, 0x17, 0xE4, 0x17, 0xE4, 0x17, 0xE4, 0x17, 0xE4, 0x17, 0xE4, 0x17,
    0xE4, 0x17, 0xE4, 0x17, 0xE4, 0x17, 0xE4, 0x17, 0xE4, 0x17, 0xE4, 0x17, 0xE4, 0x17, 0xE4, 0x17,
    0xE4, 0x17, 0xE4, 0x17, 0xE4, 0x17, 0xE4, 0x17, 0xE4, 0x17, 0xE4, 0x17, 0xE4, 0x17, 0xE4, 0x17,
    0xE4, 0x17, 0xE4, 0x17, 0xE4, 0x17, 0xE4, 0x17, 0xE4, 0x17, 0xFF, 0xE4, 0x17, 0xE4, 0x17, 0xE4,
    0x17, 0xE4, 0x47, 0x8A, 0xF7, 0xFD, 0xFF, 0xBF, 0xDD, 0x96, 0xB3, 0x8E, 0xA2, 0xAC, 0xAA, 0x8B,
    0xAA, 0x8B, 0xAA, 0x6B, 0x72, 0xC7, 0x5F, 0x09, 0x27, 0xE5, 0x17, 0xE4, 0x17, 0xE4, 0x17, 0xE4,
    0x17, 0xE4, 0x17, 0xE4, 0x17, 0xE4, 0x17, 0xE4, 0x17, 0xE4, 0x17, 0xE4, 0x17, 0xE4, 0x17, 0xE4,
    0x17, 0xE4, 0x17, 0xE4, 0x17, 0xE4, 0x17, 0xE4, 0x17, 0xE4, 0x17, 0xE4, 0x1F, 0xE4, 0x2F, 0x44,
    0x8E, 0x8F, 0xE6, 0x78, 0xFF, 0x5D, 0xFF, 0xDF, 0xDD, 0xD8, 0x8A, 0x8B, 0x9A, 0x69, 0xAA, 0x6A,
    0xA2, 0x69, 0xAA, 0x49, 0xAA, 0x29, 0x9A, 0x08, 0x74, 0x08, 0x47, 0xE8, 0x17, 0xE4, 0x17, 0xE4,
    0x17, 0xE4, 0x17, 0xE4, 0x17, 0xE4, 0x17, 0xE4, 0x17, 0xE4, 0x17, 0xE4, 0x17, 0xE4, 0x17, 0xE4,
    0x17, 0xE4, 0x17, 0xE4, 0x17, 0xE4, 0x17, 0xE4, 0x17, 0xE4, 0x17, 0xFF, 0xE4, 0x17, 0xE4, 0x17,
    0xE4, 0x17, 0xE4, 0x17, 0xE4, 0x17, 0xE4, 0x17, 0xE4, 0x17, 0xE4, 0x17, 0xE4, 0x17, 0xE4, 0x17,
    0xE4, 0x17, 0xE4, 0x17, 0xE4, 0x17, 0xE4, 0x17, 0xE4, 0x17, 0xE4, 0x17, 0xE4, 0x17, 0xE4, 0x17,
    0xE4, 0x17, 0xE4, 0x17, 0xE4, 0x17, 0xE4, 0x17, 0xE4, 0x17, 0xE4, 0x17, 0xE4, 0x17, 0xE4, 0x17,
    0xE4, 0x17, 0xE4, 0x17, 0xE4, 0x17, 0xE4, 0x17, 0xE4, 0x17, 0xE4, 0x17, 0xE4, 0x17, 0xE4, 0x17,
    0xE4, 0x17, 0xE4, 0x17, 0xE4, 0x17, 0xE4, 0x17, 0xE4, 0x17, 0xE4, 0x17, 0xE4, 0x17, 0xE4, 0x17,
    0xE4, 0x17, 0xE4, 0x17, 0xE4, 0x17, 0xE4, 0x17, 0xE4, 0x17, 0xE4, 0x17, 0xE4, 0x17, 0xE4, 0x17,
    0xE4, 0x17, 0xE4, 0x17, 0xE4, 0x17, 0xE4, 0x17, 0xE4, 0x17, 0xE4, 0x17, 0xE4, 0x17, 0xE4, 0x17,
    0xE4, 0x17, 0xE4, 0x17, 0xE4, 0x17, 0xE4, 0x17, 0xE4, 0x17, 0xE4, 0x17, 0x99, 0xE4, 0x17, 0xE4,
    0x17, 0xE4, 0x17, 0xE4, 0x17, 0xE4, 0x17, 0xE4, 0x17, 0xE4, 0x17, 0xE4, 0x17, 0xE4, 0x17, 0xE4,
    0x27, 0x05, 0xC7, 0x17, 0xC4, 0xF3, 0xA2, 0x02, 0xAA, 0xFF, 0x6A, 0xAA, 0x6A, 0xB2, 0x4B, 0xB2,
    0x6B, 0xB2, 0x2A, 0x8A, 0x48, 0x66, 0x49, 0x2F, 0xE6, 0x17, 0xE4, 0x17, 0xE4, 0x17, 0xE4, 0x17,
    0xE4, 0x17, 0xE4, 0x17, 0xE4, 0x17, 0xE4, 0x17, 0xE4, 0x17, 0xE4, 0x17, 0xE4, 0x17, 0xE4, 0x17,
    0xE4, 0x17, 0xE4, 0x17, 0xE4, 0x17, 0xE4, 0x17, 0xE4, 0x17, 0xE3, 0x1F, 0xE4, 0x0F, 0xC2, 0x86,
    0x8D, 0xDD, 0xB5, 0xED, 0x76, 0xE5, 0x56, 0xAB, 0x4E, 0x92, 0x29, 0x9A, 0x49, 0xA2, 0x29, 0x92,
    0x28, 0x92, 0x27, 0x8A, 0x48, 0x72, 0xA6, 0x4D, 0x47, 0x2F, 0xE7, 0x17, 0xE4, 0x17, 0xE4, 0x17,
    0xE4, 0x17, 0xE4, 0x17, 0xE4, 0x17, 0xE4, 0x17, 0xE4, 0x17, 0xE4, 0x17, 0xE4, 0x17, 0xE4, 0x17,
    0xE4, 0x17, 0xE4, 0x17, 0xE4, 0x17, 0xE4, 0x17, 0xE4, 0x17, 0xE4, 0x17, 0xE4, 0x17, 0xE4, 0x17,
    0xE4, 0x17, 0xE4, 0x17, 0xE4, 0x17, 0xE4, 0x17, 0xE4, 0x17, 0xFF, 0xE4, 0x17, 0xE4, 0x17, 0xE4,
    0x17, 0xE4, 0x17, 0xE4, 0x17, 0xE4, 0x17, 0xE4, 0x17, 0xE4, 0x17, 0xE4, 0x17, 0xE4, 0x17, 0xE4,
    0x17, 0xE4, 0x17, 0xE4, 0x17, 0xE4, 0x17, 0xE4, 0x17, 0xE4, 0x17, 0xE4, 0x17, 0xE4, 0x17, 0xE4,
    0x17, 0xE4, 0x17, 0xE4, 0x17, 0xE4, 0x17, 0xE4, 0x17, 0xE4, 0x17, 0xE4, 0x17, 0xE4, 0x17, 0xE4,
    0x17, 0xE4, 0x17, 0xE4, 0x17, 0xE4, 0x17, 0xE4, 0x17, 0xE4, 0x17, 0xE4, 0x17, 0xE4, 0x17, 0xE4,
    0x17, 0xE4, 0x17, 0xE4, 0x17, 0xE4, 0x17, 0xE4, 0x17, 0xE4, 0x17, 0xE4, 0x17, 0xE4, 0x17, 0xE4,
    0x17, 0xE4, 0x17, 0xE4, 0x17, 0xE4, 0x17, 0xE4, 0x17, 0xE4, 0x17, 0xE4, 0x17, 0xE4, 0x17, 0xE4,
    0x17, 0xE4, 0x17, 0xE4, 0x17, 0xE4, 0x17, 0xE4, 0x17, 0xE4, 0x17, 0xE4, 0x17, 0xE4, 0x17, 0xE4,
    0x17, 0xE4, 0x17, 0xE4, 0x17, 0xE4, 0x17, 0xE4, 0x17, 0xE4, 0x17, 0x87, 0xE4, 0x1F, 0xE4, 0x16,
    0xE2, 0x54, 0x08, 0x8A, 0x02, 0xAA, 0xFF, 0x6A, 0xBA, 0x6A, 0xAA, 0x49, 0xB2, 0x09, 0xB2, 0x09,
    0xB2, 0x0A, 0x8A, 0x48, 0x6E, 0x2A, 0x2F, 0xE6, 0x17, 0xE3, 0x17, 0xE3, 0x17, 0xE4, 0x17, 0xE4,
    0x17, 0xE4, 0x17, 0xE4, 0x17, 0xE4, 0x17, 0xE4, 0x17, 0xE4, 0x17, 0xE4, 0x17, 0xE4, 0x17, 0xE4,
    0x17, 0xE4, 0x17, 0xE4, 0x1F, 0xE4, 0x17, 0xE3, 0x17, 0xE3, 0x1F, 0xE4, 0x1F, 0xE4, 0x4D, 0x87,
    0x83, 0x29, 0x92, 0x08, 0x81, 0xA7, 0x81, 0xA7, 0x89, 0xE7, 0x79, 0xC5, 0x71, 0xC5, 0x62, 0x03,
    0x4A, 0xA2, 0x43, 0x82, 0x44, 0xE4, 0x47, 0x68, 0x27, 0xE6, 0x17, 0xE4, 0x17, 0xE4, 0x17, 0xE4,
    0x17, 0xE4, 0x17, 0xE4, 0x17, 0xE4, 0x17, 0xE4, 0x17, 0xE4, 0x17, 0xE4, 0x17, 0xE4, 0x17, 0xE4,
    0x17, 0xE4, 0x17, 0xE4, 0x17, 0xE4, 0x17, 0xE4, 0x17, 0xE4, 0x17, 0xE4, 0x17, 0xE4, 0x17, 0xE4,
    0x17, 0xE4, 0x17, 0xE4, 0x17, 0xE4, 0x17, 0xFF, 0xE4, 0x17, 0xE4, 0x17, 0xE4, 0x17, 0xE4, 0x17,
    0xE4, 0x17, 0xE4, 0x17, 0xE4, 0x17, 0xE4, 0x17, 0xE4, 0x17, 0xE4, 0x17, 0xE4, 0x17, 0xE4, 0x17,
    0xE4, 0x17, 0xE4, 0x17, 0xE4, 0x17, 0xE4, 0x17, 0xE4, 0x17, 0xE4, 0x17, 0xE4, 0x17, 0xE4, 0x17,
    0xE4, 0x17, 0xE4, 0x17, 0xE4, 0x17, 0xE4, 0x17, 0xE4, 0x17, 0xE4, 0x17, 0xE4, 0x17, 0xE4, 0x17,
    0xE4, 0x17, 0xE4, 0x17, 0xE4, 0x17, 0xE4, 0x17, 0xE4, 0x17, 0xE4, 0x17, 0xE4, 0x17, 0xE4, 0x17,
    0xE4, 0x17, 0xE4, 0x17, 0xE4, 0x17, 0xE4, 0x17, 0xE4, 0x17, 0xE4, 0x17, 0xE4, 0x17, 0xE4, 0x17,
    0xE4, 0x17, 0xE4, 0x17, 0xE4, 0x17, 0xE4, 0x17, 0xE4, 0x17, 0xE4, 0x17, 0xE4, 0x17, 0xE4, 0x17,
    0xE4, 0x17, 0xE4, 0x17, 0xE4, 0x17, 0xE4, 0x17, 0xE4, 0x17, 0xE4, 0x17, 0xE4, 0x17, 0xE4, 0x17,
    0xE4, 0x17, 0xE4, 0x17, 0xE4, 0x17, 0xE4, 0x17, 0xFF, 0xE4, 0x17, 0xE4, 0x1F, 0xE4, 0x1F, 0xE4,
    0x2B, 0xE2, 0x72, 0xE7, 0x8A, 0xA7, 0x92, 0x87, 0x92, 0x47, 0x92, 0x47, 0x92, 0x48, 0x8A, 0x47,
    0x6A, 0xA6, 0x56, 0x68, 0x2F, 0xE6, 0x17, 0xE4, 0x17, 0xE4, 0x17, 0xE4, 0x17, 0xE4, 0x17, 0xE4,
    0x17, 0xE4, 0x17, 0xE4, 0x17, 0xE4, 0x17, 0xE4, 0x17, 0xE4, 0x17, 0xE4, 0x17, 0xE4, 0x17, 0xE4,
    0x17, 0xE4, 0x17, 0xE4, 0x17, 0xE3, 0x17, 0xE3, 0x1F, 0xE4, 0x27, 0xE6, 0x15, 0xE3, 0x2A, 0xE0,
    0x51, 0xC1, 0x52, 0x03, 0x52, 0x43, 0x4A, 0xA1, 0x3B, 0x61, 0x3C, 0x02, 0x35, 0x03, 0x36, 0x85,
    0x37, 0xA6, 0x3F, 0xE7, 0x2F, 0xE7, 0x17, 0xE5, 0x17, 0xE4, 0x17, 0xE4, 0x17, 0xE4, 0x17, 0xE4,
    0x17, 0xE4, 0x17, 0xE4, 0x17, 0xE4, 0x17, 0xE4, 0x17, 0xE4, 0x17, 0xE4, 0x17, 0xE4, 0x17, 0xE4,
    0x17, 0xE4, 0x17, 0xE4, 0x17, 0xE4, 0x17, 0xE4, 0x17, 0xFF, 0xE4, 0x17, 0xE4, 0x17, 0xE4, 0x17,
    0xE4, 0x17, 0xE4, 0x17, 0xE4, 0x17, 0xE4, 0x17, 0xE4, 0x17, 0xE4, 0x17, 0xE4, 0x17, 0xE4, 0x17,
    0xE4, 0x17, 0xE4, 0x17, 0xE4, 0x17, 0xE4, 0x17, 0xE4, 0x17, 0xE4, 0x17, 0xE4, 0x17, 0xE4, 0x17,
    0xE4, 0x17, 0xE4, 0x17, 0xE4, 0x17, 0xE4, 0x17, 0xE4, 0x17, 0xE4, 0x17, 0xE4, 0x17, 0xE4, 0x17,
    0xE4, 0x17, 0xE4, 0x17, 0xE4, 0x17, 0xE4, 0x17, 0xE4, 0x17, 0xE4, 0x17, 0xE4, 0x17, 0xE4, 0x17,
    0xE4, 0x17, 0xE4, 0x17, 0xE4, 0x17, 0xE4, 0x17, 0xE4, 0x17, 0xE4, 0x17, 0xE4, 0x17, 0xE4, 0x17,
    0xE4, 0x17, 0xE4, 0x17, 0xE4, 0x17, 0xE4, 0x17, 0xE4, 0x17, 0xE4, 0x17, 0xE4, 0x17, 0xE4, 0x17,
    0xE4, 0x17, 0xE4, 0x17, 0xE4, 0x17, 0xE4, 0x17, 0xE4, 0x17, 0xE4, 0x17, 0xE4, 0x17, 0xE4, 0x17,
    0xE4, 0x17, 0xE4, 0x17, 0xE4, 0x17, 0xE4, 0x17, 0xE4, 0x17, 0xFF, 0xE4, 0x17, 0xE4, 0x17, 0xE4,
    0x17, 0xE4, 0x17, 0xE4, 0x17, 0xE4, 0x17, 0xE4, 0x17, 0xE4, 0x17, 0xE4, 0x27, 0xE5, 0x26, 0xE4,
    0x2C, 0xE2, 0x3C, 0x83, 0x4C, 0x24, 0x4C, 0x04, 0x54, 0x25, 0x54, 0x45, 0x4C, 0x65, 0x3D, 0x65,
    0x37, 0xE7, 0x27, 0xE5, 0x1F, 0xE4, 0x17, 0xE4, 0x17, 0xE4, 0x17, 0xE4, 0x17, 0xE4, 0x17, 0xE4,
    0x17, 0xE4, 0x17, 0xE4, 0x17, 0xE4, 0x17, 0xE4, 0x17, 0xE4, 0x17, 0xE4, 0x17, 0xE4, 0x17, 0xE4,
    0x17, 0xE4, 0x17, 0xE4, 0x17, 0xE3, 0x17, 0xE4, 0x17, 0xE5, 0x1F, 0xE5, 0x26, 0xA4, 0x35, 0x62,
    0x35, 0x83, 0x36, 0x25, 0x36, 0xC5, 0x2F, 0xE5, 0x2F, 0xE5, 0x2F, 0xE5, 0x27, 0xE5, 0x1F, 0xE5,
    0x1F, 0xE4, 0x17, 0xE4, 0x17, 0xE4, 0x17, 0xE4, 0x17, 0xE4, 0x17, 0xE4, 0x17, 0xE4, 0x17, 0xE4,
    0x17, 0xE4, 0x17, 0xE4, 0x17, 0xE4, 0x17, 0xE4, 0x17, 0xE4, 0x17, 0xFF, 0xE4, 0x17, 0xE4, 0x17,
    0xE4, 0x17, 0xE4, 0x17, 0xE4, 0x17, 0xE4, 0x17, 0xE4, 0x17, 0xE4, 0x17, 0xE4, 0x17, 0xE4, 0x17,
    0xE4, 0x17, 0xE4, 0x17, 0xE4, 0x17, 0xE4, 0x17, 0xE4, 0x17, 0xE4, 0x17, 0xE4, 0x17, 0xE4, 0x17,
    0xE4, 0x17, 0xE4, 0x17, 0xE4, 0x17, 0xE4, 0x17, 0xE4, 0x17, 0xE4, 0x17, 0xE4, 0x17, 0xE4, 0x17,
    0xE4, 0x17, 0xE4, 0x17, 0xE4, 0x17, 0xE4, 0x17, 0xE4, 0x17, 0xE4, 0x17, 0xE4, 0x17, 0xE4, 0x17,
    0xE4, 0x17, 0xE4, 0x17, 0xE4, 0x17, 0xE4, 0x17, 0xE4, 0x17, 0xE4, 0x17, 0xE4, 0x17, 0xE4, 0x17,
    0xE4, 0x17, 0xE4, 0x17, 0xE4, 0x17, 0xE4, 0x17, 0xE4, 0x17, 0xE4, 0x17, 0xE4, 0x17, 0xE4, 0x17,
    0xE4, 0x17, 0xE4, 0x17, 0xE4, 0x17, 0xE4, 0x17, 0xE4, 0x17, 0xE4, 0x17, 0xE4, 0x17, 0xE4, 0x17,
    0xE4, 0x17, 0xE4, 0x17, 0xE4, 0x17, 0xE4, 0x17, 0xE4, 0x17, 0xE4, 0x17, 0xFF, 0xE4, 0x17, 0xE4,
    0x17, 0xE4, 0x17, 0xE4, 0x17, 0xE4, 0x17, 0xE4, 0x17, 0xE4, 0x17, 0xE4, 0x17, 0xE4, 0x17, 0xE4,
    0x17, 0xE4, 0x17, 0xE4, 0x17, 0xE4, 0x17, 0xE4, 0x17, 0xE4, 0x17, 0xE4, 0x1F, 0xE5, 0x27, 0xE5,
    0x2F, 0xE5, 0x2F, 0xC5, 0x2F, 0xA5, 0x2F, 0xC6, 0x37, 0xE6, 0x37, 0xE6, 0x2F, 0xE6, 0x1F, 0xE5,
    0x17, 0xE4, 0x17, 0xE4, 0x17, 0xE4, 0x17, 0xE4, 0x17, 0xE4, 0x17, 0xE4, 0x17, 0xE4, 0x17, 0xE4,
    0x17, 0xE4, 0x17, 0xE4, 0x17, 0xE4, 0x17, 0xE4, 0x17, 0xE4, 0x17, 0xE4, 0x17, 0xE4, 0x17, 0xE4,
    0x17, 0xE4, 0x17, 0xE3, 0x17, 0xE4, 0x17, 0xE4, 0x17, 0xE4, 0x1F, 0xE5, 0x2F, 0xE5, 0x2F, 0xE6,
    0x2F, 0xE6, 0x27, 0xE5, 0x1F, 0xE5, 0x1F, 0xE4, 0x1F, 0xE4, 0x17, 0xE4, 0x17, 0xE4, 0x17, 0xE4,
    0x1F, 0xE4, 0x1F, 0xE4, 0x17, 0xE4, 0x17, 0xE4, 0x17, 0xE4, 0x17, 0xE4, 0x17, 0xC4, 0xE4, 0x17,
    0xE4, 0x17, 0xE4, 0x17, 0xE4, 0x17, 0xE4, 0x17, 0xE4, 0x17, 0xE4, 0x17, 0xE4, 0x17, 0xE4, 0x17,
    0xE4, 0x17, 0xE4, 0x17, 0xE4, 0x17, 0xE4, 0x17, 0xE4, 0x17, 0xE4, 0x17, 0xE4, 0x17, 0xE4, 0x17,
    0xE4, 0x17, 0xE4, 0x17, 0xE4, 0x17, 0xE4, 0x17, 0xE4, 0x17, 0xE4, 0x17, 0xE4, 0x17, 0xE4, 0x17,
    0xE4, 0x17, 0xE4, 0x17, 0xE4, 0x17, 0xE4, 0x17, 0xE4, 0x17, 0xE4, 0x17, 0xE4, 0x17, 0xE4, 0x17,
    0xE4, 0x17, 0xE4, 0x7F, 0x00, 0x7F, 0x00, 0x7F, 0x00, 0x7F, 0x00, 0x7F, 0x00, 0x7F, 0x00, 0x7F,
    0x00, 0x7F, 0x00, 0x7F, 0x00, 0x7F, 0x00, 0x7F, 0x00, 0x7F, 0x00, 0x7F, 0x00, 0x7F, 0x00, 0x7F,
    0x00, 0x7F, 0x00, 0x7F, 0x00, 0x7F, 0x00, 0x7F, 0x00, 0x7F, 0x00, 0x7F, 0x00, 0x7F, 0x00, 0x7F,
    0x00, 0x7F, 0x00, 0x7F, 0x00, 0x7F, 0x00, 0x7F, 0x00, 0x7F, 0x00, 0x7F, 0x00, 0x7F, 0x00, 0x7F,
    0x00, 0x7F, 0x00, 0x7F, 0x00, 0x7F, 0x00, 0x7F, 0x00, 0x7F, 0x00, 0x7F, 0x00, 0x7F, 0x00, 0x7F,
    0x00, 0x7F, 0x00, 0x7F, 0x00, 0x7F, 0x00, 0x7F, 0x00, 0x7F, 0x00, 0x7F, 0x00, 0x7F, 0x00, 0x7F,
    0x00, 0x7F, 0x00, 0x7F, 0x00, 0x7F, 0x00, 0x7F, 0x00, 0x7F, 0x00, 0x7F, 0x00, 0x7F, 0x00, 0x7F,
    0x00, 0x7F, 0x00, 0x7F, 0x00, 0x7F, 0x00, 0x7F, 0x00, 0x7F, 0x00, 0x7F, 0x00, 0x7F, 0x00, 0x7F,
    0x00, 0x7F, 0x00, 0x7F, 0x00, 0x7F, 0x00, 0x7F, 0x00, 0x7F, 0x00, 0x7F, 0x00, 0x7F, 0x00, 0x7F,
    0x00, 0x7F, 0x00, 0x7F, 0x00, 0x7F, 0x00, 0x7F, 0x00, 0x7F, 0x00, 0x7F, 0x00, 0x7F, 0x00, 0x7F,
    0x00, 0x7F, 0x00, 0x7F, 0x00, 0x7F, 0x00, 0x7F, 0x00, 0x7F, 0x00, 0x7F, 0x00, 0x7F, 0x00, 0x42,
    0x00,
};
// clang-format on
